TARGET_CLASS,criterion,Coverage,Total_Goals,Covered_Goals
com.fasterxml.jackson.dataformat.xml.deser.FromXmlParser,LINE;BRANCH;EXCEPTION;WEAKMUTATION;OUTPUT;METHOD;METHODNOEXCEPTION;CBRANCH,0.13126367453695767,1489,38
org.jfree.chart.renderer.category.AbstractCategoryItemRenderer,LINE;BRANCH;EXCEPTION;WEAKMUTATION;OUTPUT;METHOD;METHODNOEXCEPTION;CBRANCH,0.2975185330767831,2392,462
com.fasterxml.jackson.dataformat.xml.deser.XmlTokenStream,LINE;BRANCH;EXCEPTION;WEAKMUTATION;OUTPUT;METHOD;METHODNOEXCEPTION;CBRANCH,0.12378342680507622,1217,15
com.fasterxml.jackson.dataformat.xml.deser.FromXmlParser,LINE;BRANCH;EXCEPTION;WEAKMUTATION;OUTPUT;METHOD;METHODNOEXCEPTION;CBRANCH,0.1311763121637856,1499,38
com.fasterxml.jackson.dataformat.xml.ser.XmlSerializerProvider,LINE;BRANCH;EXCEPTION;WEAKMUTATION;OUTPUT;METHOD;METHODNOEXCEPTION;CBRANCH,0.5190463211284163,379,137
org.jfree.data.time.TimeSeries,LINE;BRANCH;EXCEPTION;WEAKMUTATION;OUTPUT;METHOD;METHODNOEXCEPTION;CBRANCH,0.5364128801578804,1890,937
org.jfree.data.category.DefaultIntervalCategoryDataset,LINE;BRANCH;EXCEPTION;WEAKMUTATION;OUTPUT;METHOD;METHODNOEXCEPTION;CBRANCH,0.45872020729224044,1213,496
org.jfree.data.time.TimeSeries,LINE;BRANCH;EXCEPTION;WEAKMUTATION;OUTPUT;METHOD;METHODNOEXCEPTION;CBRANCH,0.5477440413058375,1515,794
org.jfree.data.xy.XYSeries,LINE;BRANCH;EXCEPTION;WEAKMUTATION;OUTPUT;METHOD;METHODNOEXCEPTION;CBRANCH,0.7390938158942477,1084,766
org.jfree.data.DefaultKeyedValues,LINE;BRANCH;EXCEPTION;WEAKMUTATION;OUTPUT;METHOD;METHODNOEXCEPTION;CBRANCH,0.7653829473501604,647,467
org.apache.commons.jxpath.ri.model.dom.DOMNodePointer,LINE;BRANCH;EXCEPTION;WEAKMUTATION;OUTPUT;METHOD;METHODNOEXCEPTION;CBRANCH,0.5290231797014195,2180,907
org.jfree.chart.util.ShapeList,LINE;BRANCH;EXCEPTION;WEAKMUTATION;OUTPUT;METHOD;METHODNOEXCEPTION;CBRANCH,0.6469490242309716,162,58
org.jfree.data.DefaultKeyedValues2D,LINE;BRANCH;EXCEPTION;WEAKMUTATION;OUTPUT;METHOD;METHODNOEXCEPTION;CBRANCH,0.6979919447263462,780,515
org.apache.commons.jxpath.ri.model.jdom.JDOMNodePointer,LINE;BRANCH;EXCEPTION;WEAKMUTATION;OUTPUT;METHOD;METHODNOEXCEPTION;CBRANCH,0.4736712135539892,1898,515
org.jfree.data.time.TimePeriodValues,LINE;BRANCH;EXCEPTION;WEAKMUTATION;OUTPUT;METHOD;METHODNOEXCEPTION;CBRANCH,0.8727365982175757,940,830
org.apache.commons.jxpath.ri.compiler.Expression,LINE;BRANCH;EXCEPTION;WEAKMUTATION;OUTPUT;METHOD;METHODNOEXCEPTION;CBRANCH,0.700453153084732,133,88
org.apache.commons.jxpath.ri.model.beans.NullPropertyPointer,LINE;BRANCH;EXCEPTION;WEAKMUTATION;OUTPUT;METHOD;METHODNOEXCEPTION;CBRANCH,0.7369633066564013,511,300
org.jfree.data.time.Week,LINE;BRANCH;EXCEPTION;WEAKMUTATION;OUTPUT;METHOD;METHODNOEXCEPTION;CBRANCH,0.7544854308578732,1422,1120
org.jfree.chart.plot.ValueMarker,LINE;BRANCH;EXCEPTION;WEAKMUTATION;OUTPUT;METHOD;METHODNOEXCEPTION;CBRANCH,0.9038763705430372,85,76
org.jfree.data.time.TimeSeries,LINE;BRANCH;EXCEPTION;WEAKMUTATION;OUTPUT;METHOD;METHODNOEXCEPTION;CBRANCH,0.5176177807306682,1512,671
org.jfree.data.statistics.DefaultBoxAndWhiskerCategoryDataset,LINE;BRANCH;EXCEPTION;WEAKMUTATION;OUTPUT;METHOD;METHODNOEXCEPTION;CBRANCH,0.4603160907508733,1099,361
org.apache.commons.jxpath.ri.model.jdom.JDOMNodePointer,LINE;BRANCH;EXCEPTION;WEAKMUTATION;OUTPUT;METHOD;METHODNOEXCEPTION;CBRANCH,0.47275638796584324,1886,519
org.jfree.chart.imagemap.StandardToolTipTagFragmentGenerator,LINE;BRANCH;EXCEPTION;WEAKMUTATION;OUTPUT;METHOD;METHODNOEXCEPTION;CBRANCH,0.925925925925926,16,14
org.jfree.data.KeyedObjects2D,LINE;BRANCH;EXCEPTION;WEAKMUTATION;OUTPUT;METHOD;METHODNOEXCEPTION;CBRANCH,0.6715399052678852,646,432
org.jfree.chart.util.ShapeUtilities,LINE;BRANCH;EXCEPTION;WEAKMUTATION;OUTPUT;METHOD;METHODNOEXCEPTION;CBRANCH,0.7402303617983266,1401,1111
org.apache.commons.jxpath.ri.compiler.CoreOperationCompare,LINE;BRANCH;EXCEPTION;WEAKMUTATION;OUTPUT;METHOD;METHODNOEXCEPTION;CBRANCH,0.8103541079731555,308,221
org.jfree.chart.renderer.category.MinMaxCategoryRenderer,LINE;BRANCH;EXCEPTION;WEAKMUTATION;OUTPUT;METHOD;METHODNOEXCEPTION;CBRANCH,0.5813951811225777,687,290
org.apache.commons.jxpath.ri.compiler.CoreOperationGreaterThan,LINE;BRANCH;EXCEPTION;WEAKMUTATION;OUTPUT;METHOD;METHODNOEXCEPTION;CBRANCH,0.8925925925925926,41,29
org.jfree.chart.plot.MultiplePiePlot,LINE;BRANCH;EXCEPTION;WEAKMUTATION;OUTPUT;METHOD;METHODNOEXCEPTION;CBRANCH,0.6510773802698467,649,344
org.jfree.chart.renderer.GrayPaintScale,LINE;BRANCH;EXCEPTION;WEAKMUTATION;OUTPUT;METHOD;METHODNOEXCEPTION;CBRANCH,0.9478147423352902,158,149
org.apache.commons.jxpath.ri.compiler.CoreOperationGreaterThanOrEqual,LINE;BRANCH;EXCEPTION;WEAKMUTATION;OUTPUT;METHOD;METHODNOEXCEPTION;CBRANCH,0.8925925925925926,39,29
org.apache.commons.jxpath.ri.compiler.CoreOperationLessThan,LINE;BRANCH;EXCEPTION;WEAKMUTATION;OUTPUT;METHOD;METHODNOEXCEPTION;CBRANCH,0.7648148148148147,42,23
org.apache.commons.jxpath.ri.compiler.CoreOperationLessThanOrEqual,LINE;BRANCH;EXCEPTION;WEAKMUTATION;OUTPUT;METHOD;METHODNOEXCEPTION;CBRANCH,0.8814814814814815,42,28
org.jfree.chart.block.BorderArrangement,LINE;BRANCH;EXCEPTION;WEAKMUTATION;OUTPUT;METHOD;METHODNOEXCEPTION;CBRANCH,0.6736181135567696,791,420
org.jfree.chart.renderer.category.StatisticalBarRenderer,LINE;BRANCH;EXCEPTION;WEAKMUTATION;OUTPUT;METHOD;METHODNOEXCEPTION;CBRANCH,0.49578202413488665,709,231
org.apache.commons.jxpath.ri.compiler.CoreOperationRelationalExpression,LINE;BRANCH;EXCEPTION;WEAKMUTATION;OUTPUT;METHOD;METHODNOEXCEPTION;CBRANCH,0.9333333333333333,25,22
org.apache.commons.jxpath.ri.compiler.CoreOperationRelationalExpression,LINE;BRANCH;EXCEPTION;WEAKMUTATION;OUTPUT;METHOD;METHODNOEXCEPTION;CBRANCH,0.6408345277910494,196,102
org.jfree.chart.axis.Axis,LINE;BRANCH;EXCEPTION;WEAKMUTATION;OUTPUT;METHOD;METHODNOEXCEPTION;CBRANCH,0.4005860439987039,1430,476
org.apache.commons.jxpath.ri.compiler.CoreOperationCompare,LINE;BRANCH;EXCEPTION;WEAKMUTATION;OUTPUT;METHOD;METHODNOEXCEPTION;CBRANCH,0.8556410256410256,319,257
org.apache.commons.jxpath.ri.compiler.CoreOperationEqual,LINE;BRANCH;EXCEPTION;WEAKMUTATION;OUTPUT;METHOD;METHODNOEXCEPTION;CBRANCH,0.911111111111111,32,23
org.apache.commons.jxpath.ri.compiler.CoreOperationNotEqual,LINE;BRANCH;EXCEPTION;WEAKMUTATION;OUTPUT;METHOD;METHODNOEXCEPTION;CBRANCH,0.911111111111111,33,23
org.apache.commons.cli.PosixParser,LINE;BRANCH;EXCEPTION;WEAKMUTATION;OUTPUT;METHOD;METHODNOEXCEPTION;CBRANCH,0.8997315217679424,263,231
org.apache.commons.jxpath.ri.compiler.CoreOperationRelationalExpression,LINE;BRANCH;EXCEPTION;WEAKMUTATION;OUTPUT;METHOD;METHODNOEXCEPTION;CBRANCH,0.6664387148883273,210,117
org.apache.commons.cli.Parser,LINE;BRANCH;EXCEPTION;WEAKMUTATION;OUTPUT;METHOD;METHODNOEXCEPTION;CBRANCH,0.7147266313932981,351,215
org.apache.commons.cli.HelpFormatter,LINE;BRANCH;EXCEPTION;WEAKMUTATION;OUTPUT;METHOD;METHODNOEXCEPTION;CBRANCH,0.6671374819477633,1125,822
org.apache.commons.cli.Util,LINE;BRANCH;EXCEPTION;WEAKMUTATION;OUTPUT;METHOD;METHODNOEXCEPTION;CBRANCH,0.9486260454002389,74,66
org.apache.commons.jxpath.ri.model.dom.DOMAttributeIterator,LINE;BRANCH;EXCEPTION;WEAKMUTATION;OUTPUT;METHOD;METHODNOEXCEPTION;CBRANCH,0.5503664091899386,376,143
org.apache.commons.jxpath.ri.model.jdom.JDOMAttributeIterator,LINE;BRANCH;EXCEPTION;WEAKMUTATION;OUTPUT;METHOD;METHODNOEXCEPTION;CBRANCH,0.7278788837137983,199,146
org.apache.commons.cli.HelpFormatter,LINE;BRANCH;EXCEPTION;WEAKMUTATION;OUTPUT;METHOD;METHODNOEXCEPTION;CBRANCH,0.734146673141031,1152,910
org.apache.commons.cli.HelpFormatter,LINE;BRANCH;EXCEPTION;WEAKMUTATION;OUTPUT;METHOD;METHODNOEXCEPTION;CBRANCH,0.7549579094824765,1097,877
org.apache.commons.jxpath.ri.model.dom.DOMNodePointer,LINE;BRANCH;EXCEPTION;WEAKMUTATION;OUTPUT;METHOD;METHODNOEXCEPTION;CBRANCH,0.4923254402150389,2170,890
org.apache.commons.cli.HelpFormatter,LINE;BRANCH;EXCEPTION;WEAKMUTATION;OUTPUT;METHOD;METHODNOEXCEPTION;CBRANCH,0.745772839203848,1159,927
org.apache.commons.cli.Parser,LINE;BRANCH;EXCEPTION;WEAKMUTATION;OUTPUT;METHOD;METHODNOEXCEPTION;CBRANCH,0.6732777280191073,404,230
org.apache.commons.jxpath.ri.NamespaceResolver,LINE;BRANCH;EXCEPTION;WEAKMUTATION;OUTPUT;METHOD;METHODNOEXCEPTION;CBRANCH,0.8716422466422465,216,172
org.apache.commons.cli.OptionBuilder,LINE;BRANCH;EXCEPTION;WEAKMUTATION;OUTPUT;METHOD;METHODNOEXCEPTION;CBRANCH,0.9388858514063545,285,242
org.apache.commons.cli.Parser,LINE;BRANCH;EXCEPTION;WEAKMUTATION;OUTPUT;METHOD;METHODNOEXCEPTION;CBRANCH,0.7034274161292251,414,266
org.apache.commons.jxpath.ri.model.dom.DOMNodePointer,LINE;BRANCH;EXCEPTION;WEAKMUTATION;OUTPUT;METHOD;METHODNOEXCEPTION;CBRANCH,0.5295747638878714,2179,864
org.apache.commons.cli.OptionGroup,LINE;BRANCH;EXCEPTION;WEAKMUTATION;OUTPUT;METHOD;METHODNOEXCEPTION;CBRANCH,0.9345679012345679,125,116
org.apache.commons.cli.HelpFormatter,LINE;BRANCH;EXCEPTION;WEAKMUTATION;OUTPUT;METHOD;METHODNOEXCEPTION;CBRANCH,0.46862670475004975,1102,603
org.apache.commons.cli.Parser,LINE;BRANCH;EXCEPTION;WEAKMUTATION;OUTPUT;METHOD;METHODNOEXCEPTION;CBRANCH,0.6957995402714875,382,251
org.apache.commons.jxpath.ri.compiler.CoreFunction,LINE;BRANCH;EXCEPTION;WEAKMUTATION;OUTPUT;METHOD;METHODNOEXCEPTION;CBRANCH,0.39698471760248627,1918,548
org.apache.commons.cli.GnuParser,LINE;BRANCH;EXCEPTION;WEAKMUTATION;OUTPUT;METHOD;METHODNOEXCEPTION;CBRANCH,0.9051161261150162,120,101
org.apache.commons.cli.Util,LINE;BRANCH;EXCEPTION;WEAKMUTATION;OUTPUT;METHOD;METHODNOEXCEPTION;CBRANCH,0.9680134680134681,82,76
org.apache.commons.jxpath.ri.axes.UnionContext,LINE;BRANCH;EXCEPTION;WEAKMUTATION;OUTPUT;METHOD;METHODNOEXCEPTION;CBRANCH,0.9481481481481482,93,84
org.apache.commons.cli.DefaultParser,LINE;BRANCH;EXCEPTION;WEAKMUTATION;OUTPUT;METHOD;METHODNOEXCEPTION;CBRANCH,0.6124908505343288,1025,449
org.apache.commons.cli.PosixParser,LINE;BRANCH;EXCEPTION;WEAKMUTATION;OUTPUT;METHOD;METHODNOEXCEPTION;CBRANCH,0.9084016311357863,283,259
org.apache.commons.jxpath.ri.model.dom.DOMNodePointer,LINE;BRANCH;EXCEPTION;WEAKMUTATION;OUTPUT;METHOD;METHODNOEXCEPTION;CBRANCH,0.5674392220605423,2246,1088
org.apache.commons.cli.Parser,LINE;BRANCH;EXCEPTION;WEAKMUTATION;OUTPUT;METHOD;METHODNOEXCEPTION;CBRANCH,0.7181021139354473,384,262
org.apache.commons.cli.PosixParser,LINE;BRANCH;EXCEPTION;WEAKMUTATION;OUTPUT;METHOD;METHODNOEXCEPTION;CBRANCH,0.8980820992620403,280,252
org.apache.commons.jxpath.ri.model.jdom.JDOMNodePointer,LINE;BRANCH;EXCEPTION;WEAKMUTATION;OUTPUT;METHOD;METHODNOEXCEPTION;CBRANCH,0.46496631031342417,1977,587
org.apache.commons.cli.PosixParser,LINE;BRANCH;EXCEPTION;WEAKMUTATION;OUTPUT;METHOD;METHODNOEXCEPTION;CBRANCH,0.9071289248280399,277,254
org.apache.commons.jxpath.ri.model.dom.DOMAttributeIterator,LINE;BRANCH;EXCEPTION;WEAKMUTATION;OUTPUT;METHOD;METHODNOEXCEPTION;CBRANCH,0.5802535155476333,376,144
org.apache.commons.cli.PosixParser,LINE;BRANCH;EXCEPTION;WEAKMUTATION;OUTPUT;METHOD;METHODNOEXCEPTION;CBRANCH,0.9112567414558566,276,254
org.apache.commons.cli.Option,LINE;BRANCH;EXCEPTION;WEAKMUTATION;OUTPUT;METHOD;METHODNOEXCEPTION;CBRANCH,0.8428480839534631,774,622
org.apache.commons.jxpath.ri.model.jdom.JDOMAttributeIterator,LINE;BRANCH;EXCEPTION;WEAKMUTATION;OUTPUT;METHOD;METHODNOEXCEPTION;CBRANCH,0.8619201561125234,209,174
org.apache.commons.cli.OptionBuilder,LINE;BRANCH;EXCEPTION;WEAKMUTATION;OUTPUT;METHOD;METHODNOEXCEPTION;CBRANCH,0.9664884344947803,287,259
org.apache.commons.jxpath.ri.axes.AttributeContext,LINE;BRANCH;EXCEPTION;WEAKMUTATION;OUTPUT;METHOD;METHODNOEXCEPTION;CBRANCH,0.8667851421401117,132,107
org.apache.commons.codec.language.Caverphone,LINE;BRANCH;EXCEPTION;WEAKMUTATION;OUTPUT;METHOD;METHODNOEXCEPTION;CBRANCH,0.9301587301587302,143,136
org.apache.commons.jxpath.ri.model.dom.DOMNodePointer,LINE;BRANCH;EXCEPTION;WEAKMUTATION;OUTPUT;METHOD;METHODNOEXCEPTION;CBRANCH,0.5531582565107155,2065,1020
org.apache.commons.codec.language.Metaphone,LINE;BRANCH;EXCEPTION;WEAKMUTATION;OUTPUT;METHOD;METHODNOEXCEPTION;CBRANCH,0.8785550062007202,813,692
org.apache.commons.codec.language.SoundexUtils,LINE;BRANCH;EXCEPTION;WEAKMUTATION;OUTPUT;METHOD;METHODNOEXCEPTION;CBRANCH,0.9463022893443606,186,173
org.apache.commons.jxpath.ri.model.jdom.JDOMNodePointer,LINE;BRANCH;EXCEPTION;WEAKMUTATION;OUTPUT;METHOD;METHODNOEXCEPTION;CBRANCH,0.4689171904323009,1847,487
org.apache.commons.cli.Option,LINE;BRANCH;EXCEPTION;WEAKMUTATION;OUTPUT;METHOD;METHODNOEXCEPTION;CBRANCH,0.8655644749847027,773,653
org.apache.commons.jxpath.ri.compiler.CoreOperationRelationalExpression,LINE;BRANCH;EXCEPTION;WEAKMUTATION;OUTPUT;METHOD;METHODNOEXCEPTION;CBRANCH,0.5638174271895202,210,109
org.apache.commons.codec.binary.Base64,LINE;BRANCH;EXCEPTION;WEAKMUTATION;OUTPUT;METHOD;METHODNOEXCEPTION;CBRANCH,0.845276195670063,1439,1283
org.apache.commons.cli.OptionBuilder,LINE;BRANCH;EXCEPTION;WEAKMUTATION;OUTPUT;METHOD;METHODNOEXCEPTION;CBRANCH,0.9652936913645535,286,258
org.apache.commons.jxpath.ri.model.beans.PropertyPointer,LINE;BRANCH;EXCEPTION;WEAKMUTATION;OUTPUT;METHOD;METHODNOEXCEPTION;CBRANCH,0.5256083214344427,595,268
org.apache.commons.codec.language.DoubleMetaphone,LINE;BRANCH;EXCEPTION;WEAKMUTATION;OUTPUT;METHOD;METHODNOEXCEPTION;CBRANCH,0.689681844498269,2252,1268
org.apache.commons.cli.Options,LINE;BRANCH;EXCEPTION;WEAKMUTATION;OUTPUT;METHOD;METHODNOEXCEPTION;CBRANCH,0.9289978942152854,316,272
org.apache.commons.jxpath.ri.model.dom.DOMNodePointer,LINE;BRANCH;EXCEPTION;WEAKMUTATION;OUTPUT;METHOD;METHODNOEXCEPTION;CBRANCH,0.5472581811430796,2072,930
org.apache.commons.cli.OptionGroup,LINE;BRANCH;EXCEPTION;WEAKMUTATION;OUTPUT;METHOD;METHODNOEXCEPTION;CBRANCH,0.9423001949317739,131,123
org.apache.commons.codec.binary.Base64,LINE;BRANCH;EXCEPTION;WEAKMUTATION;OUTPUT;METHOD;METHODNOEXCEPTION;CBRANCH,0.839449895446176,1613,1401
org.apache.commons.cli.Options,LINE;BRANCH;EXCEPTION;WEAKMUTATION;OUTPUT;METHOD;METHODNOEXCEPTION;CBRANCH,0.9245385854081507,331,288
org.apache.commons.codec.binary.Base64,LINE;BRANCH;EXCEPTION;WEAKMUTATION;OUTPUT;METHOD;METHODNOEXCEPTION;CBRANCH,0.8383623191482829,1612,1424
org.apache.commons.cli.DefaultParser,LINE;BRANCH;EXCEPTION;WEAKMUTATION;OUTPUT;METHOD;METHODNOEXCEPTION;CBRANCH,0.5841441449616211,1051,388
org.apache.commons.codec.binary.Base64InputStream,LINE;BRANCH;EXCEPTION;WEAKMUTATION;OUTPUT;METHOD;METHODNOEXCEPTION;CBRANCH,0.9076193270735524,268,240
org.apache.commons.cli.DefaultParser,LINE;BRANCH;EXCEPTION;WEAKMUTATION;OUTPUT;METHOD;METHODNOEXCEPTION;CBRANCH,0.5834503077131071,1060,399
org.apache.commons.codec.binary.Base64,LINE;BRANCH;EXCEPTION;WEAKMUTATION;OUTPUT;METHOD;METHODNOEXCEPTION;CBRANCH,0.8259217511340887,1622,1403
org.apache.commons.cli.TypeHandler,LINE;BRANCH;EXCEPTION;WEAKMUTATION;OUTPUT;METHOD;METHODNOEXCEPTION;CBRANCH,0.7695982666570902,244,154
org.apache.commons.cli.TypeHandler,LINE;BRANCH;EXCEPTION;WEAKMUTATION;OUTPUT;METHOD;METHODNOEXCEPTION;CBRANCH,0.7696003471800966,257,159
org.apache.commons.codec.binary.Base64,LINE;BRANCH;EXCEPTION;WEAKMUTATION;OUTPUT;METHOD;METHODNOEXCEPTION;CBRANCH,0.8326734538459485,1567,1343
org.apache.commons.codec.binary.Base64InputStream,LINE;BRANCH;EXCEPTION;WEAKMUTATION;OUTPUT;METHOD;METHODNOEXCEPTION;CBRANCH,0.9105450533879174,285,250
org.apache.commons.csv.ExtendedBufferedReader,LINE;BRANCH;EXCEPTION;WEAKMUTATION;OUTPUT;METHOD;METHODNOEXCEPTION;CBRANCH,0.8040454529816232,410,297
com.google.gson.TypeInfoFactory,LINE;BRANCH;EXCEPTION;WEAKMUTATION;OUTPUT;METHOD;METHODNOEXCEPTION;CBRANCH,0.2569444444444444,187,10
org.apache.commons.codec.binary.Base64,LINE;BRANCH;EXCEPTION;WEAKMUTATION;OUTPUT;METHOD;METHODNOEXCEPTION;CBRANCH,0.8008235807953203,1555,1307
org.apache.commons.csv.CSVRecord,LINE;BRANCH;EXCEPTION;WEAKMUTATION;OUTPUT;METHOD;METHODNOEXCEPTION;CBRANCH,0.9235249042145592,156,140
org.apache.commons.codec.language.Caverphone,LINE;BRANCH;EXCEPTION;WEAKMUTATION;OUTPUT;METHOD;METHODNOEXCEPTION;CBRANCH,0.9238095238095239,143,134
com.google.gson.internal.bind.TypeAdapters,LINE;BRANCH;EXCEPTION;WEAKMUTATION;OUTPUT;METHOD;METHODNOEXCEPTION;CBRANCH,0.43584397639109884,1305,312
org.apache.commons.csv.Lexer,LINE;BRANCH;EXCEPTION;WEAKMUTATION;OUTPUT;METHOD;METHODNOEXCEPTION;CBRANCH,0.8839120136377363,425,355
org.apache.commons.codec.net.QuotedPrintableCodec,LINE;BRANCH;EXCEPTION;WEAKMUTATION;OUTPUT;METHOD;METHODNOEXCEPTION;CBRANCH,0.9657238689652716,399,374
com.google.gson.internal.ConstructorConstructor,LINE;BRANCH;EXCEPTION;WEAKMUTATION;OUTPUT;METHOD;METHODNOEXCEPTION;CBRANCH,0.1111111111111111,232,0
org.apache.commons.csv.CSVParser,LINE;BRANCH;EXCEPTION;WEAKMUTATION;OUTPUT;METHOD;METHODNOEXCEPTION;CBRANCH,0.7902882195457669,385,282
org.apache.commons.codec.binary.BaseNCodecInputStream,LINE;BRANCH;EXCEPTION;WEAKMUTATION;OUTPUT;METHOD;METHODNOEXCEPTION;CBRANCH,0.8886528737839222,237,203
com.google.gson.stream.JsonReader,LINE;BRANCH;EXCEPTION;WEAKMUTATION;OUTPUT;METHOD;METHODNOEXCEPTION;CBRANCH,0.3037591105489026,2848,390
com.google.gson.stream.JsonWriter,LINE;BRANCH;EXCEPTION;WEAKMUTATION;OUTPUT;METHOD;METHODNOEXCEPTION;CBRANCH,0.797516837584683,1020,779
org.apache.commons.csv.CSVPrinter,LINE;BRANCH;EXCEPTION;WEAKMUTATION;OUTPUT;METHOD;METHODNOEXCEPTION;CBRANCH,0.7211042407466501,906,551
org.apache.commons.codec.binary.StringUtils,LINE;BRANCH;EXCEPTION;WEAKMUTATION;OUTPUT;METHOD;METHODNOEXCEPTION;CBRANCH,0.9766714766714766,162,149
org.apache.commons.csv.CSVRecord,LINE;BRANCH;EXCEPTION;WEAKMUTATION;OUTPUT;METHOD;METHODNOEXCEPTION;CBRANCH,0.8496922467510702,229,172
com.google.gson.internal.bind.util.ISO8601Utils,LINE;BRANCH;EXCEPTION;WEAKMUTATION;OUTPUT;METHOD;METHODNOEXCEPTION;CBRANCH,0.7330750024064822,830,628
org.apache.commons.codec.language.DoubleMetaphone,LINE;BRANCH;EXCEPTION;WEAKMUTATION;OUTPUT;METHOD;METHODNOEXCEPTION;CBRANCH,0.6704134787805623,2178,1188
org.apache.commons.csv.CSVParser,LINE;BRANCH;EXCEPTION;WEAKMUTATION;OUTPUT;METHOD;METHODNOEXCEPTION;CBRANCH,0.7935906141788495,392,286
com.google.gson.internal.bind.JsonAdapterAnnotationTypeAdapterFactory,LINE;BRANCH;EXCEPTION;WEAKMUTATION;OUTPUT;METHOD;METHODNOEXCEPTION;CBRANCH,0.6068783068783069,53,27
org.apache.commons.codec.language.bm.PhoneticEngine,LINE;BRANCH;EXCEPTION;WEAKMUTATION;OUTPUT;METHOD;METHODNOEXCEPTION;CBRANCH,0.26970075975275565,558,84
com.google.gson.stream.JsonReader,LINE;BRANCH;EXCEPTION;WEAKMUTATION;OUTPUT;METHOD;METHODNOEXCEPTION;CBRANCH,0.38060888111459046,2837,746
org.apache.commons.codec.language.Soundex,LINE;BRANCH;EXCEPTION;WEAKMUTATION;OUTPUT;METHOD;METHODNOEXCEPTION;CBRANCH,0.9572940287226002,468,450
org.apache.commons.csv.CSVFormat,LINE;BRANCH;EXCEPTION;WEAKMUTATION;OUTPUT;METHOD;METHODNOEXCEPTION;CBRANCH,0.8203510565037523,1302,1026
org.apache.commons.csv.CSVRecord,LINE;BRANCH;EXCEPTION;WEAKMUTATION;OUTPUT;METHOD;METHODNOEXCEPTION;CBRANCH,0.9189749414574939,244,216
org.apache.commons.codec.binary.Base32,LINE;BRANCH;EXCEPTION;WEAKMUTATION;OUTPUT;METHOD;METHODNOEXCEPTION;CBRANCH,0.8797292391507795,753,688
com.google.gson.internal.bind.JsonTreeWriter,LINE;BRANCH;EXCEPTION;WEAKMUTATION;OUTPUT;METHOD;METHODNOEXCEPTION;CBRANCH,0.9106101244017053,438,382
org.apache.commons.codec.binary.StringUtils,LINE;BRANCH;EXCEPTION;WEAKMUTATION;OUTPUT;METHOD;METHODNOEXCEPTION;CBRANCH,0.9318394024276377,248,209
com.google.gson.internal.bind.TypeAdapters,LINE;BRANCH;EXCEPTION;WEAKMUTATION;OUTPUT;METHOD;METHODNOEXCEPTION;CBRANCH,0.4254612568483134,1455,329
com.google.gson.stream.JsonWriter,LINE;BRANCH;EXCEPTION;WEAKMUTATION;OUTPUT;METHOD;METHODNOEXCEPTION;CBRANCH,0.7777726292309626,995,740
org.apache.commons.codec.binary.StringUtils,LINE;BRANCH;EXCEPTION;WEAKMUTATION;OUTPUT;METHOD;METHODNOEXCEPTION;CBRANCH,0.9356652062534416,248,208
org.apache.commons.csv.CSVParser,LINE;BRANCH;EXCEPTION;WEAKMUTATION;OUTPUT;METHOD;METHODNOEXCEPTION;CBRANCH,0.6417497625830959,437,266
com.google.gson.internal.bind.ReflectiveTypeAdapterFactory,LINE;BRANCH;EXCEPTION;WEAKMUTATION;OUTPUT;METHOD;METHODNOEXCEPTION;CBRANCH,0.3538929939792009,383,66
org.apache.commons.csv.CSVFormat,LINE;BRANCH;EXCEPTION;WEAKMUTATION;OUTPUT;METHOD;METHODNOEXCEPTION;CBRANCH,0.8209494558345518,1404,1095
com.google.gson.internal.bind.TypeAdapters,LINE;BRANCH;EXCEPTION;WEAKMUTATION;OUTPUT;METHOD;METHODNOEXCEPTION;CBRANCH,0.419744924853818,1449,310
org.apache.commons.csv.CSVFormat,LINE;BRANCH;EXCEPTION;WEAKMUTATION;OUTPUT;METHOD;METHODNOEXCEPTION;CBRANCH,0.7704923415719499,1846,1351
com.google.gson.internal.bind.JsonTreeReader,LINE;BRANCH;EXCEPTION;WEAKMUTATION;OUTPUT;METHOD;METHODNOEXCEPTION;CBRANCH,0.6365220657618318,889,498
org.apache.commons.csv.CSVPrinter,LINE;BRANCH;EXCEPTION;WEAKMUTATION;OUTPUT;METHOD;METHODNOEXCEPTION;CBRANCH,0.7247968929160724,944,581
com.google.gson.stream.JsonReader,LINE;BRANCH;EXCEPTION;WEAKMUTATION;OUTPUT;METHOD;METHODNOEXCEPTION;CBRANCH,0.4137888035377663,2879,833
org.apache.commons.csv.CSVFormat,LINE;BRANCH;EXCEPTION;WEAKMUTATION;OUTPUT;METHOD;METHODNOEXCEPTION;CBRANCH,0.7094352461348062,2858,1873
com.google.gson.internal.$Gson$Types,LINE;BRANCH;EXCEPTION;WEAKMUTATION;OUTPUT;METHOD;METHODNOEXCEPTION;CBRANCH,0.5725963975077785,1212,645
org.apache.commons.csv.CSVFormat,LINE;BRANCH;EXCEPTION;WEAKMUTATION;OUTPUT;METHOD;METHODNOEXCEPTION;CBRANCH,0.668501722223353,3010,1827
com.google.gson.stream.JsonWriter,LINE;BRANCH;EXCEPTION;WEAKMUTATION;OUTPUT;METHOD;METHODNOEXCEPTION;CBRANCH,0.7762417776775332,1024,782
com.google.gson.internal.$Gson$Types,LINE;BRANCH;EXCEPTION;WEAKMUTATION;OUTPUT;METHOD;METHODNOEXCEPTION;CBRANCH,0.5662691715188687,1228,626
org.apache.commons.csv.CSVParser,LINE;BRANCH;EXCEPTION;WEAKMUTATION;OUTPUT;METHOD;METHODNOEXCEPTION;CBRANCH,0.5900065733266325,535,304
com.google.gson.DefaultDateTypeAdapter,LINE;BRANCH;EXCEPTION;WEAKMUTATION;OUTPUT;METHOD;METHODNOEXCEPTION;CBRANCH,0.6259974950796207,163,97
com.google.gson.internal.$Gson$Types,LINE;BRANCH;EXCEPTION;WEAKMUTATION;OUTPUT;METHOD;METHODNOEXCEPTION;CBRANCH,0.5508669688521467,1233,602
com.fasterxml.jackson.core.io.NumberInput,LINE;BRANCH;EXCEPTION;WEAKMUTATION;OUTPUT;METHOD;METHODNOEXCEPTION;CBRANCH,0.6573273852654711,1217,800
com.fasterxml.jackson.dataformat.xml.ser.XmlSerializerProvider,LINE;BRANCH;EXCEPTION;WEAKMUTATION;OUTPUT;METHOD;METHODNOEXCEPTION;CBRANCH,0.5600307459956583,345,172
com.fasterxml.jackson.core.util.TextBuffer,LINE;BRANCH;EXCEPTION;WEAKMUTATION;OUTPUT;METHOD;METHODNOEXCEPTION;CBRANCH,0.750776611171077,1340,1026
com.fasterxml.jackson.core.io.NumberInput,LINE;BRANCH;EXCEPTION;WEAKMUTATION;OUTPUT;METHOD;METHODNOEXCEPTION;CBRANCH,0.6573273852654711,1217,800
com.fasterxml.jackson.core.json.ReaderBasedJsonParser,LINE;BRANCH;EXCEPTION;WEAKMUTATION;OUTPUT;METHOD;METHODNOEXCEPTION;CBRANCH,0.2967387460151871,3441,678
org.apache.commons.jxpath.ri.model.dom.DOMNodePointer,LINE;BRANCH;EXCEPTION;WEAKMUTATION;OUTPUT;METHOD;METHODNOEXCEPTION;CBRANCH,0.5436466094529693,2121,898
org.apache.commons.jxpath.ri.model.jdom.JDOMNodePointer,LINE;BRANCH;EXCEPTION;WEAKMUTATION;OUTPUT;METHOD;METHODNOEXCEPTION;CBRANCH,0.4857602902184617,1886,535
com.fasterxml.jackson.core.json.ReaderBasedJsonParser,LINE;BRANCH;EXCEPTION;WEAKMUTATION;OUTPUT;METHOD;METHODNOEXCEPTION;CBRANCH,0.31015922567114584,3443,714
org.apache.commons.jxpath.ri.model.NodePointer,LINE;BRANCH;EXCEPTION;WEAKMUTATION;OUTPUT;METHOD;METHODNOEXCEPTION;CBRANCH,0.5449999471160449,1448,664
com.fasterxml.jackson.core.json.UTF8StreamJsonParser,LINE;BRANCH;EXCEPTION;WEAKMUTATION;OUTPUT;METHOD;METHODNOEXCEPTION;CBRANCH,0.20131944724102305,5191,569
com.fasterxml.jackson.core.json.UTF8StreamJsonParser,LINE;BRANCH;EXCEPTION;WEAKMUTATION;OUTPUT;METHOD;METHODNOEXCEPTION;CBRANCH,0.19024779498979683,5323,442
org.apache.commons.jxpath.ri.model.dom.DOMNodePointer,LINE;BRANCH;EXCEPTION;WEAKMUTATION;OUTPUT;METHOD;METHODNOEXCEPTION;CBRANCH,0.5474586465557028,2168,920
org.apache.commons.jxpath.ri.NamespaceResolver,LINE;BRANCH;EXCEPTION;WEAKMUTATION;OUTPUT;METHOD;METHODNOEXCEPTION;CBRANCH,0.8716422466422465,217,173
com.fasterxml.jackson.core.util.TextBuffer,LINE;BRANCH;EXCEPTION;WEAKMUTATION;OUTPUT;METHOD;METHODNOEXCEPTION;CBRANCH,0.7471549553930155,1437,1018
org.apache.commons.math3.fraction.BigFraction,LINE;BRANCH;EXCEPTION;WEAKMUTATION;OUTPUT;METHOD;METHODNOEXCEPTION;CBRANCH,0.5798238756463949,1825,1058
com.fasterxml.jackson.core.JsonPointer,LINE;BRANCH;EXCEPTION;WEAKMUTATION;OUTPUT;METHOD;METHODNOEXCEPTION;CBRANCH,0.8340356440481077,724,589
com.fasterxml.jackson.core.JsonPointer,LINE;BRANCH;EXCEPTION;WEAKMUTATION;OUTPUT;METHOD;METHODNOEXCEPTION;CBRANCH,0.8094964574456976,722,557
org.apache.commons.jxpath.ri.model.jdom.JDOMNodePointer,LINE;BRANCH;EXCEPTION;WEAKMUTATION;OUTPUT;METHOD;METHODNOEXCEPTION;CBRANCH,0.45891969620046996,1978,523
com.fasterxml.jackson.core.json.JsonWriteContext,LINE;BRANCH;EXCEPTION;WEAKMUTATION;OUTPUT;METHOD;METHODNOEXCEPTION;CBRANCH,0.9365831578605265,576,511
org.apache.commons.jxpath.ri.model.jdom.JDOMNodePointer,LINE;BRANCH;EXCEPTION;WEAKMUTATION;OUTPUT;METHOD;METHODNOEXCEPTION;CBRANCH,0.4473476446508023,1846,444
com.fasterxml.jackson.core.util.TextBuffer,LINE;BRANCH;EXCEPTION;WEAKMUTATION;OUTPUT;METHOD;METHODNOEXCEPTION;CBRANCH,0.7504182224524324,1484,1099
org.apache.commons.math3.util.MathArrays,LINE;BRANCH;EXCEPTION;WEAKMUTATION;OUTPUT;METHOD;METHODNOEXCEPTION;CBRANCH,0.718587299587619,2127,1523
com.fasterxml.jackson.core.base.ParserMinimalBase,LINE;BRANCH;EXCEPTION;WEAKMUTATION;OUTPUT;METHOD;METHODNOEXCEPTION;CBRANCH,0.3322557574888938,1645,490
org.apache.commons.math3.geometry.euclidean.threed.SubLine,LINE;BRANCH;EXCEPTION;WEAKMUTATION;OUTPUT;METHOD;METHODNOEXCEPTION;CBRANCH,0.9024154589371981,123,104
com.fasterxml.jackson.core.json.ReaderBasedJsonParser,LINE;BRANCH;EXCEPTION;WEAKMUTATION;OUTPUT;METHOD;METHODNOEXCEPTION;CBRANCH,0.26778829515911445,4152,579
org.apache.commons.math3.geometry.euclidean.twod.SubLine,LINE;BRANCH;EXCEPTION;WEAKMUTATION;OUTPUT;METHOD;METHODNOEXCEPTION;CBRANCH,0.948559670781893,300,273
com.fasterxml.jackson.core.json.UTF8StreamJsonParser,LINE;BRANCH;EXCEPTION;WEAKMUTATION;OUTPUT;METHOD;METHODNOEXCEPTION;CBRANCH,0.19263890462881073,6296,468
com.fasterxml.jackson.core.sym.ByteQuadsCanonicalizer,LINE;BRANCH;EXCEPTION;WEAKMUTATION;OUTPUT;METHOD;METHODNOEXCEPTION;CBRANCH,0.505770900811748,2193,740
org.apache.commons.math3.optim.BaseOptimizer,LINE;BRANCH;EXCEPTION;WEAKMUTATION;OUTPUT;METHOD;METHODNOEXCEPTION;CBRANCH,0.7017775797187561,126,88
com.fasterxml.jackson.core.sym.ByteQuadsCanonicalizer,LINE;BRANCH;EXCEPTION;WEAKMUTATION;OUTPUT;METHOD;METHODNOEXCEPTION;CBRANCH,0.4831694279879523,2205,728
org.apache.commons.math3.optim.nonlinear.scalar.gradient.NonLinearConjugateGradientOptimizer,LINE;BRANCH;EXCEPTION;WEAKMUTATION;OUTPUT;METHOD;METHODNOEXCEPTION;CBRANCH,0.41505427263941197,487,95
com.fasterxml.jackson.core.json.ReaderBasedJsonParser,LINE;BRANCH;EXCEPTION;WEAKMUTATION;OUTPUT;METHOD;METHODNOEXCEPTION;CBRANCH,0.23870165838765103,4998,631
org.apache.commons.math3.optim.nonlinear.scalar.noderiv.CMAESOptimizer,LINE;BRANCH;EXCEPTION;WEAKMUTATION;OUTPUT;METHOD;METHODNOEXCEPTION;CBRANCH,0.3383276278170315,1870,168
org.apache.commons.math3.optim.nonlinear.scalar.noderiv.PowellOptimizer,LINE;BRANCH;EXCEPTION;WEAKMUTATION;OUTPUT;METHOD;METHODNOEXCEPTION;CBRANCH,0.3774226641414141,477,133
com.fasterxml.jackson.core.json.UTF8StreamJsonParser,LINE;BRANCH;EXCEPTION;WEAKMUTATION;OUTPUT;METHOD;METHODNOEXCEPTION;CBRANCH,0.1720121814084314,6331,417
org.apache.commons.math3.optim.nonlinear.scalar.noderiv.SimplexOptimizer,LINE;BRANCH;EXCEPTION;WEAKMUTATION;OUTPUT;METHOD;METHODNOEXCEPTION;CBRANCH,0.48567557104142467,195,77
org.apache.commons.math3.optim.nonlinear.vector.jacobian.GaussNewtonOptimizer,LINE;BRANCH;EXCEPTION;WEAKMUTATION;OUTPUT;METHOD;METHODNOEXCEPTION;CBRANCH,0.378512269983019,187,35
com.fasterxml.jackson.core.json.JsonGeneratorImpl,LINE;BRANCH;EXCEPTION;WEAKMUTATION;OUTPUT;METHOD;METHODNOEXCEPTION;CBRANCH,0.8908583459312194,271,216
org.apache.commons.math3.optim.nonlinear.vector.jacobian.LevenbergMarquardtOptimizer,LINE;BRANCH;EXCEPTION;WEAKMUTATION;OUTPUT;METHOD;METHODNOEXCEPTION;CBRANCH,0.34035066614883447,1494,101
org.apache.commons.math.optimization.direct.BOBYQAOptimizer,LINE;BRANCH;EXCEPTION;WEAKMUTATION;OUTPUT;METHOD;METHODNOEXCEPTION;CBRANCH,0.3129605810242786,3170,111
com.fasterxml.jackson.core.io.IOContext,LINE;BRANCH;EXCEPTION;WEAKMUTATION;OUTPUT;METHOD;METHODNOEXCEPTION;CBRANCH,0.8756980056980057,463,388
com.fasterxml.jackson.core.filter.FilteringParserDelegate,LINE;BRANCH;EXCEPTION;WEAKMUTATION;OUTPUT;METHOD;METHODNOEXCEPTION;CBRANCH,0.30643310049667766,1722,268
org.apache.commons.math3.geometry.euclidean.threed.Line,LINE;BRANCH;EXCEPTION;WEAKMUTATION;OUTPUT;METHOD;METHODNOEXCEPTION;CBRANCH,0.9579148772076577,532,460
org.apache.commons.math.stat.descriptive.moment.Variance,LINE;BRANCH;EXCEPTION;WEAKMUTATION;OUTPUT;METHOD;METHODNOEXCEPTION;CBRANCH,0.7896159830613921,949,805
com.fasterxml.jackson.core.base.GeneratorBase,LINE;BRANCH;EXCEPTION;WEAKMUTATION;OUTPUT;METHOD;METHODNOEXCEPTION;CBRANCH,0.50241306195237,1153,659
com.fasterxml.jackson.core.json.UTF8JsonGenerator,LINE;BRANCH;EXCEPTION;WEAKMUTATION;OUTPUT;METHOD;METHODNOEXCEPTION;CBRANCH,0.2714196084918217,3018,468
org.apache.commons.math.optimization.linear.SimplexTableau,LINE;BRANCH;EXCEPTION;WEAKMUTATION;OUTPUT;METHOD;METHODNOEXCEPTION;CBRANCH,0.8025255805798248,1198,977
com.fasterxml.jackson.core.json.WriterBasedJsonGenerator,LINE;BRANCH;EXCEPTION;WEAKMUTATION;OUTPUT;METHOD;METHODNOEXCEPTION;CBRANCH,0.32633024477177386,2663,529
org.apache.commons.math3.distribution.MultivariateNormalDistribution,LINE;BRANCH;EXCEPTION;WEAKMUTATION;OUTPUT;METHOD;METHODNOEXCEPTION;CBRANCH,0.8998442916740115,422,378
org.apache.commons.math.stat.descriptive.SummaryStatistics,LINE;BRANCH;EXCEPTION;WEAKMUTATION;OUTPUT;METHOD;METHODNOEXCEPTION;CBRANCH,0.8752400130560243,842,732
com.fasterxml.jackson.core.json.ReaderBasedJsonParser,LINE;BRANCH;EXCEPTION;WEAKMUTATION;OUTPUT;METHOD;METHODNOEXCEPTION;CBRANCH,0.24266514734428649,5000,675
com.fasterxml.jackson.core.json.UTF8StreamJsonParser,LINE;BRANCH;EXCEPTION;WEAKMUTATION;OUTPUT;METHOD;METHODNOEXCEPTION;CBRANCH,0.175246804591863,6331,440
org.apache.commons.math3.random.BitsStreamGenerator,LINE;BRANCH;EXCEPTION;WEAKMUTATION;OUTPUT;METHOD;METHODNOEXCEPTION;CBRANCH,0.9294094794094794,572,544
org.apache.commons.math.ode.AbstractIntegrator,LINE;BRANCH;EXCEPTION;WEAKMUTATION;OUTPUT;METHOD;METHODNOEXCEPTION;CBRANCH,0.6353848694940649,492,318
com.fasterxml.jackson.core.JsonGenerator,LINE;BRANCH;EXCEPTION;WEAKMUTATION;OUTPUT;METHOD;METHODNOEXCEPTION;CBRANCH,0.21793940502100176,1533,189
org.apache.commons.math3.optimization.general.AbstractLeastSquaresOptimizer,LINE;BRANCH;EXCEPTION;WEAKMUTATION;OUTPUT;METHOD;METHODNOEXCEPTION;CBRANCH,0.1111111111111111,763,0
com.fasterxml.jackson.core.filter.FilteringParserDelegate,LINE;BRANCH;EXCEPTION;WEAKMUTATION;OUTPUT;METHOD;METHODNOEXCEPTION;CBRANCH,0.299904592157431,1808,283
org.apache.commons.math3.optim.nonlinear.vector.jacobian.AbstractLeastSquaresOptimizer,LINE;BRANCH;EXCEPTION;WEAKMUTATION;OUTPUT;METHOD;METHODNOEXCEPTION;CBRANCH,0.52002002002002,218,72
org.apache.commons.math3.optim.nonlinear.vector.Weight,LINE;BRANCH;EXCEPTION;WEAKMUTATION;OUTPUT;METHOD;METHODNOEXCEPTION;CBRANCH,0.9379084967320261,71,63
com.fasterxml.jackson.core.filter.FilteringParserDelegate,LINE;BRANCH;EXCEPTION;WEAKMUTATION;OUTPUT;METHOD;METHODNOEXCEPTION;CBRANCH,0.3040521581926606,1805,277
com.fasterxml.jackson.core.util.DefaultPrettyPrinter,LINE;BRANCH;EXCEPTION;WEAKMUTATION;OUTPUT;METHOD;METHODNOEXCEPTION;CBRANCH,0.8153040057548656,516,411
org.apache.commons.math.analysis.solvers.BaseSecantSolver,LINE;BRANCH;EXCEPTION;WEAKMUTATION;OUTPUT;METHOD;METHODNOEXCEPTION;CBRANCH,0.78441940623679,503,414
com.fasterxml.jackson.core.base.ParserBase,LINE;BRANCH;EXCEPTION;WEAKMUTATION;OUTPUT;METHOD;METHODNOEXCEPTION;CBRANCH,0.18686185925546855,2265,220
com.fasterxml.jackson.core.base.ParserMinimalBase,LINE;BRANCH;EXCEPTION;WEAKMUTATION;OUTPUT;METHOD;METHODNOEXCEPTION;CBRANCH,0.24519312760591636,1259,219
com.fasterxml.jackson.core.json.ReaderBasedJsonParser,LINE;BRANCH;EXCEPTION;WEAKMUTATION;OUTPUT;METHOD;METHODNOEXCEPTION;CBRANCH,0.20270877456039127,5511,663
org.apache.commons.math.analysis.solvers.BaseSecantSolver,LINE;BRANCH;EXCEPTION;WEAKMUTATION;OUTPUT;METHOD;METHODNOEXCEPTION;CBRANCH,0.7870763504767398,508,419
org.apache.commons.math3.optimization.direct.CMAESOptimizer,LINE;BRANCH;EXCEPTION;WEAKMUTATION;OUTPUT;METHOD;METHODNOEXCEPTION;CBRANCH,0.2821781662304029,2027,81
org.apache.commons.math.analysis.solvers.BaseSecantSolver,LINE;BRANCH;EXCEPTION;WEAKMUTATION;OUTPUT;METHOD;METHODNOEXCEPTION;CBRANCH,0.7791740597710747,496,409
org.apache.commons.math3.optimization.direct.CMAESOptimizer,LINE;BRANCH;EXCEPTION;WEAKMUTATION;OUTPUT;METHOD;METHODNOEXCEPTION;CBRANCH,0.28878245835938077,2010,82
org.apache.commons.math3.optimization.direct.CMAESOptimizer,LINE;BRANCH;EXCEPTION;WEAKMUTATION;OUTPUT;METHOD;METHODNOEXCEPTION;CBRANCH,0.3017025879787684,2001,1110
org.apache.commons.math3.linear.RectangularCholeskyDecomposition,LINE;BRANCH;EXCEPTION;WEAKMUTATION;OUTPUT;METHOD;METHODNOEXCEPTION;CBRANCH,0.9296296296296297,277,266
org.apache.commons.math3.distribution.FDistribution,LINE;BRANCH;EXCEPTION;WEAKMUTATION;OUTPUT;METHOD;METHODNOEXCEPTION;CBRANCH,0.9405210295040803,701,675
org.apache.commons.math.dfp.Dfp,LINE;BRANCH;EXCEPTION;WEAKMUTATION;OUTPUT;METHOD;METHODNOEXCEPTION;CBRANCH,0.22148897340070173,3994,662
org.apache.commons.math3.distribution.UniformRealDistribution,LINE;BRANCH;EXCEPTION;WEAKMUTATION;OUTPUT;METHOD;METHODNOEXCEPTION;CBRANCH,0.9624437521633783,354,339
org.apache.commons.math3.optimization.univariate.BrentOptimizer,LINE;BRANCH;EXCEPTION;WEAKMUTATION;OUTPUT;METHOD;METHODNOEXCEPTION;CBRANCH,0.9082414096242785,458,426
org.apache.commons.math3.optimization.univariate.BrentOptimizer,LINE;BRANCH;EXCEPTION;WEAKMUTATION;OUTPUT;METHOD;METHODNOEXCEPTION;CBRANCH,0.8675903821071826,457,375
org.apache.commons.math.stat.clustering.KMeansPlusPlusClusterer,LINE;BRANCH;EXCEPTION;WEAKMUTATION;OUTPUT;METHOD;METHODNOEXCEPTION;CBRANCH,0.7398732103246622,490,327
org.apache.commons.math3.optimization.fitting.HarmonicFitter,LINE;BRANCH;EXCEPTION;WEAKMUTATION;OUTPUT;METHOD;METHODNOEXCEPTION;CBRANCH,0.862458707643814,805,785
org.apache.commons.math.optimization.fitting.GaussianFitter,LINE;BRANCH;EXCEPTION;WEAKMUTATION;OUTPUT;METHOD;METHODNOEXCEPTION;CBRANCH,0.8389633116446266,732,652
org.apache.commons.math3.fraction.Fraction,LINE;BRANCH;EXCEPTION;WEAKMUTATION;OUTPUT;METHOD;METHODNOEXCEPTION;CBRANCH,0.8755585966590334,1549,1308
org.apache.commons.math3.optimization.linear.SimplexSolver,LINE;BRANCH;EXCEPTION;WEAKMUTATION;OUTPUT;METHOD;METHODNOEXCEPTION;CBRANCH,0.4340020870196452,382,122
org.apache.commons.math.ode.nonstiff.RungeKuttaIntegrator,LINE;BRANCH;EXCEPTION;WEAKMUTATION;OUTPUT;METHOD;METHODNOEXCEPTION;CBRANCH,0.8087816015146453,223,166
org.apache.commons.math.distribution.PoissonDistributionImpl,LINE;BRANCH;EXCEPTION;WEAKMUTATION;OUTPUT;METHOD;METHODNOEXCEPTION;CBRANCH,0.945163164816344,298,279
org.apache.commons.math.analysis.solvers.BrentSolver,LINE;BRANCH;EXCEPTION;WEAKMUTATION;OUTPUT;METHOD;METHODNOEXCEPTION;CBRANCH,0.8547194864398034,1093,977
org.apache.commons.math3.stat.inference.MannWhitneyUTest,LINE;BRANCH;EXCEPTION;WEAKMUTATION;OUTPUT;METHOD;METHODNOEXCEPTION;CBRANCH,0.9244829244829246,311,304
org.apache.commons.math.analysis.solvers.BrentSolver,LINE;BRANCH;EXCEPTION;WEAKMUTATION;OUTPUT;METHOD;METHODNOEXCEPTION;CBRANCH,0.7335774117211243,1086,853
org.apache.commons.math3.util.ContinuedFraction,LINE;BRANCH;EXCEPTION;WEAKMUTATION;OUTPUT;METHOD;METHODNOEXCEPTION;CBRANCH,0.1111111111111111,464,0
org.apache.commons.math.optimization.general.LevenbergMarquardtOptimizer,LINE;BRANCH;EXCEPTION;WEAKMUTATION;OUTPUT;METHOD;METHODNOEXCEPTION;CBRANCH,0.354813793074004,1667,184
org.apache.commons.math3.geometry.euclidean.twod.PolygonsSet,LINE;BRANCH;EXCEPTION;WEAKMUTATION;OUTPUT;METHOD;METHODNOEXCEPTION;CBRANCH,0.7469785453173515,664,528
org.apache.commons.math3.optimization.linear.SimplexTableau,LINE;BRANCH;EXCEPTION;WEAKMUTATION;OUTPUT;METHOD;METHODNOEXCEPTION;CBRANCH,0.7495688420985034,1205,927
org.apache.commons.math.linear.SingularValueDecompositionImpl,LINE;BRANCH;EXCEPTION;WEAKMUTATION;OUTPUT;METHOD;METHODNOEXCEPTION;CBRANCH,0.8220522194584413,775,697
org.apache.commons.math.optimization.univariate.BrentOptimizer,LINE;BRANCH;EXCEPTION;WEAKMUTATION;OUTPUT;METHOD;METHODNOEXCEPTION;CBRANCH,0.8883092140804804,503,479
org.apache.commons.math3.genetics.ListPopulation,LINE;BRANCH;EXCEPTION;WEAKMUTATION;OUTPUT;METHOD;METHODNOEXCEPTION;CBRANCH,0.8352818750259038,259,210
org.apache.commons.math.linear.ArrayRealVector,LINE;BRANCH;EXCEPTION;WEAKMUTATION;OUTPUT;METHOD;METHODNOEXCEPTION;CBRANCH,0.49019375714842855,2098,862
org.apache.commons.math3.genetics.ElitisticListPopulation,LINE;BRANCH;EXCEPTION;WEAKMUTATION;OUTPUT;METHOD;METHODNOEXCEPTION;CBRANCH,0.9275862068965517,127,110
org.apache.commons.math.optimization.general.LevenbergMarquardtOptimizer,LINE;BRANCH;EXCEPTION;WEAKMUTATION;OUTPUT;METHOD;METHODNOEXCEPTION;CBRANCH,0.44710022046874787,1632,566
org.apache.commons.math.ode.events.EventState,LINE;BRANCH;EXCEPTION;WEAKMUTATION;OUTPUT;METHOD;METHODNOEXCEPTION;CBRANCH,0.8607354441577817,478,396
org.apache.commons.math.stat.correlation.PearsonsCorrelation,LINE;BRANCH;EXCEPTION;WEAKMUTATION;OUTPUT;METHOD;METHODNOEXCEPTION;CBRANCH,0.9128843995510663,706,663
org.apache.commons.math.util.MathUtils,LINE;BRANCH;EXCEPTION;WEAKMUTATION;OUTPUT;METHOD;METHODNOEXCEPTION;CBRANCH,0.6222072162467362,2305,1212
org.apache.commons.math.analysis.solvers.BisectionSolver,LINE;BRANCH;EXCEPTION;WEAKMUTATION;OUTPUT;METHOD;METHODNOEXCEPTION;CBRANCH,0.9613603988603988,294,275
org.apache.commons.math.optimization.linear.SimplexSolver,LINE;BRANCH;EXCEPTION;WEAKMUTATION;OUTPUT;METHOD;METHODNOEXCEPTION;CBRANCH,0.7775037699069477,374,256
org.apache.commons.math.optimization.linear.SimplexTableau,LINE;BRANCH;EXCEPTION;WEAKMUTATION;OUTPUT;METHOD;METHODNOEXCEPTION;CBRANCH,0.7932455793095259,1378,1179
org.apache.commons.math.optimization.direct.MultiDirectional,LINE;BRANCH;EXCEPTION;WEAKMUTATION;OUTPUT;METHOD;METHODNOEXCEPTION;CBRANCH,0.8904314895234753,216,193
org.apache.commons.math.analysis.solvers.UnivariateRealSolverUtils,LINE;BRANCH;EXCEPTION;WEAKMUTATION;OUTPUT;METHOD;METHODNOEXCEPTION;CBRANCH,0.9604497354497354,291,278
org.apache.commons.math.linear.CholeskyDecompositionImpl,LINE;BRANCH;EXCEPTION;WEAKMUTATION;OUTPUT;METHOD;METHODNOEXCEPTION;CBRANCH,0.45872732598137717,780,262
org.apache.commons.math.optimization.linear.SimplexTableau,LINE;BRANCH;EXCEPTION;WEAKMUTATION;OUTPUT;METHOD;METHODNOEXCEPTION;CBRANCH,0.8112799576979979,1314,1154
org.apache.commons.math.optimization.linear.SimplexTableau,LINE;BRANCH;EXCEPTION;WEAKMUTATION;OUTPUT;METHOD;METHODNOEXCEPTION;CBRANCH,0.8303732330048119,1349,1169
org.apache.commons.math.stat.Frequency,LINE;BRANCH;EXCEPTION;WEAKMUTATION;OUTPUT;METHOD;METHODNOEXCEPTION;CBRANCH,0.9420087134563231,485,440
org.apache.commons.math.stat.Frequency,LINE;BRANCH;EXCEPTION;WEAKMUTATION;OUTPUT;METHOD;METHODNOEXCEPTION;CBRANCH,0.9340455142341936,478,428
org.apache.commons.lang3.math.NumberUtils,LINE;BRANCH;EXCEPTION;WEAKMUTATION;OUTPUT;METHOD;METHODNOEXCEPTION;CBRANCH,0.6100895358231092,2240,1281
org.apache.commons.math.fraction.Fraction,LINE;BRANCH;EXCEPTION;WEAKMUTATION;OUTPUT;METHOD;METHODNOEXCEPTION;CBRANCH,0.8873763237190953,1523,1269
org.apache.commons.lang3.math.NumberUtils,LINE;BRANCH;EXCEPTION;WEAKMUTATION;OUTPUT;METHOD;METHODNOEXCEPTION;CBRANCH,0.6253995300413212,2230,1289
org.apache.commons.lang3.builder.HashCodeBuilder,LINE;BRANCH;EXCEPTION;WEAKMUTATION;OUTPUT;METHOD;METHODNOEXCEPTION;CBRANCH,0.808749307411387,1102,865
org.apache.commons.lang3.text.translate.LookupTranslator,LINE;BRANCH;EXCEPTION;WEAKMUTATION;OUTPUT;METHOD;METHODNOEXCEPTION;CBRANCH,0.9242295730845349,197,189
org.apache.commons.math.util.MathUtils,LINE;BRANCH;EXCEPTION;WEAKMUTATION;OUTPUT;METHOD;METHODNOEXCEPTION;CBRANCH,0.7462917529626367,1875,1292
org.apache.commons.lang3.ClassUtils,LINE;BRANCH;EXCEPTION;WEAKMUTATION;OUTPUT;METHOD;METHODNOEXCEPTION;CBRANCH,0.6461007061754396,1556,896
org.apache.commons.lang3.LocaleUtils,LINE;BRANCH;EXCEPTION;WEAKMUTATION;OUTPUT;METHOD;METHODNOEXCEPTION;CBRANCH,0.7927863529014845,395,217
org.apache.commons.lang3.builder.ToStringStyle,LINE;BRANCH;EXCEPTION;WEAKMUTATION;OUTPUT;METHOD;METHODNOEXCEPTION;CBRANCH,0.5865149858428803,1926,1203
org.apache.commons.lang3.text.translate.CharSequenceTranslator,LINE;BRANCH;EXCEPTION;WEAKMUTATION;OUTPUT;METHOD;METHODNOEXCEPTION;CBRANCH,0.882041537487082,191,167
org.apache.commons.math.util.MathUtils,LINE;BRANCH;EXCEPTION;WEAKMUTATION;OUTPUT;METHOD;METHODNOEXCEPTION;CBRANCH,0.7257635297750132,1836,1258
org.apache.commons.lang3.ArrayUtils,LINE;BRANCH;EXCEPTION;WEAKMUTATION;OUTPUT;METHOD;METHODNOEXCEPTION;CBRANCH,0.2995588965597096,4322,961
org.apache.commons.lang3.math.NumberUtils,LINE;BRANCH;EXCEPTION;WEAKMUTATION;OUTPUT;METHOD;METHODNOEXCEPTION;CBRANCH,0.6087342368801462,2287,1364
org.apache.commons.math.distribution.FDistributionImpl,LINE;BRANCH;EXCEPTION;WEAKMUTATION;OUTPUT;METHOD;METHODNOEXCEPTION;CBRANCH,0.9217171717171717,240,218
org.apache.commons.lang3.math.NumberUtils,LINE;BRANCH;EXCEPTION;WEAKMUTATION;OUTPUT;METHOD;METHODNOEXCEPTION;CBRANCH,0.5971318243617547,2221,1299
org.apache.commons.math.complex.Complex,LINE;BRANCH;EXCEPTION;WEAKMUTATION;OUTPUT;METHOD;METHODNOEXCEPTION;CBRANCH,0.9243325584991466,1546,1402
org.apache.commons.lang3.ArrayUtils,LINE;BRANCH;EXCEPTION;WEAKMUTATION;OUTPUT;METHOD;METHODNOEXCEPTION;CBRANCH,0.2937306738121853,4294,951
org.apache.commons.lang3.time.FastDateParser,LINE;BRANCH;EXCEPTION;WEAKMUTATION;OUTPUT;METHOD;METHODNOEXCEPTION;CBRANCH,0.5768411284121666,1580,853
org.apache.commons.math.analysis.BrentSolver,LINE;BRANCH;EXCEPTION;WEAKMUTATION;OUTPUT;METHOD;METHODNOEXCEPTION;CBRANCH,0.9075356270087922,1163,1116
org.apache.commons.lang3.time.FastDateFormat,LINE;BRANCH;EXCEPTION;WEAKMUTATION;OUTPUT;METHOD;METHODNOEXCEPTION;CBRANCH,0.5240036750457349,2534,1396
org.apache.commons.lang3.time.FastDateParser,LINE;BRANCH;EXCEPTION;WEAKMUTATION;OUTPUT;METHOD;METHODNOEXCEPTION;CBRANCH,0.5565367352822267,1607,842
org.apache.commons.math.linear.BigMatrixImpl,LINE;BRANCH;EXCEPTION;WEAKMUTATION;OUTPUT;METHOD;METHODNOEXCEPTION;CBRANCH,0.3557171596744747,2369,765
org.apache.commons.lang3.RandomStringUtils,LINE;BRANCH;EXCEPTION;WEAKMUTATION;OUTPUT;METHOD;METHODNOEXCEPTION;CBRANCH,0.7962754837754837,473,356
org.apache.commons.math.linear.RealMatrixImpl,LINE;BRANCH;EXCEPTION;WEAKMUTATION;OUTPUT;METHOD;METHODNOEXCEPTION;CBRANCH,0.4059193265685544,2046,666
org.apache.commons.math.util.MathUtils,LINE;BRANCH;EXCEPTION;WEAKMUTATION;OUTPUT;METHOD;METHODNOEXCEPTION;CBRANCH,0.7401477583734528,1645,1107
org.apache.commons.lang.ClassUtils,LINE;BRANCH;EXCEPTION;WEAKMUTATION;OUTPUT;METHOD;METHODNOEXCEPTION;CBRANCH,0.6603530076232471,1411,837
org.apache.commons.lang3.SerializationUtils,LINE;BRANCH;EXCEPTION;WEAKMUTATION;OUTPUT;METHOD;METHODNOEXCEPTION;CBRANCH,0.6181790123456791,168,98
org.apache.commons.math.estimation.AbstractEstimator,LINE;BRANCH;EXCEPTION;WEAKMUTATION;OUTPUT;METHOD;METHODNOEXCEPTION;CBRANCH,0.8719087194221284,797,712
org.apache.commons.lang.Entities,LINE;BRANCH;EXCEPTION;WEAKMUTATION;OUTPUT;METHOD;METHODNOEXCEPTION;CBRANCH,0.7976209746142763,1328,1113
org.apache.commons.math.complex.ComplexFormat,LINE;BRANCH;EXCEPTION;WEAKMUTATION;OUTPUT;METHOD;METHODNOEXCEPTION;CBRANCH,0.8224049208375754,696,552
org.apache.commons.lang.text.ExtendedMessageFormat,LINE;BRANCH;EXCEPTION;WEAKMUTATION;OUTPUT;METHOD;METHODNOEXCEPTION;CBRANCH,0.5024145447230555,768,239
org.apache.commons.lang3.reflect.TypeUtils,LINE;BRANCH;EXCEPTION;WEAKMUTATION;OUTPUT;METHOD;METHODNOEXCEPTION;CBRANCH,0.49527713435283033,1406,356
org.apache.commons.math.stat.inference.ChiSquareTestImpl,LINE;BRANCH;EXCEPTION;WEAKMUTATION;OUTPUT;METHOD;METHODNOEXCEPTION;CBRANCH,0.7199243100914301,863,728
org.apache.commons.lang.NumberUtils,LINE;BRANCH;EXCEPTION;WEAKMUTATION;OUTPUT;METHOD;METHODNOEXCEPTION;CBRANCH,0.6256880111303403,1311,815
org.apache.commons.lang3.math.NumberUtils,LINE;BRANCH;EXCEPTION;WEAKMUTATION;OUTPUT;METHOD;METHODNOEXCEPTION;CBRANCH,0.6006658809937055,2268,1282
org.apache.commons.math.distribution.NormalDistributionImpl,LINE;BRANCH;EXCEPTION;WEAKMUTATION;OUTPUT;METHOD;METHODNOEXCEPTION;CBRANCH,0.9824808935920046,261,253
org.apache.commons.lang.WordUtils,LINE;BRANCH;EXCEPTION;WEAKMUTATION;OUTPUT;METHOD;METHODNOEXCEPTION;CBRANCH,0.9894873220356312,977,949
org.apache.commons.lang3.text.translate.CharSequenceTranslator,LINE;BRANCH;EXCEPTION;WEAKMUTATION;OUTPUT;METHOD;METHODNOEXCEPTION;CBRANCH,0.8754044510142072,218,197
org.apache.commons.math.special.Gamma,LINE;BRANCH;EXCEPTION;WEAKMUTATION;OUTPUT;METHOD;METHODNOEXCEPTION;CBRANCH,0.964076084225338,701,685
org.apache.commons.lang.StringEscapeUtils,LINE;BRANCH;EXCEPTION;WEAKMUTATION;OUTPUT;METHOD;METHODNOEXCEPTION;CBRANCH,0.7645377916372555,855,560
org.apache.commons.lang3.text.translate.NumericEntityUnescaper,LINE;BRANCH;EXCEPTION;WEAKMUTATION;OUTPUT;METHOD;METHODNOEXCEPTION;CBRANCH,0.4909753808389286,237,62
org.apache.commons.math.stat.regression.SimpleRegression,LINE;BRANCH;EXCEPTION;WEAKMUTATION;OUTPUT;METHOD;METHODNOEXCEPTION;CBRANCH,0.9070255376768546,674,627
org.apache.commons.math.fraction.ProperFractionFormat,LINE;BRANCH;EXCEPTION;WEAKMUTATION;OUTPUT;METHOD;METHODNOEXCEPTION;CBRANCH,0.7401168672991365,256,176
org.apache.commons.lang.math.Fraction,LINE;BRANCH;EXCEPTION;WEAKMUTATION;OUTPUT;METHOD;METHODNOEXCEPTION;CBRANCH,0.7890136172867929,1875,1339
org.apache.commons.lang3.math.Fraction,LINE;BRANCH;EXCEPTION;WEAKMUTATION;OUTPUT;METHOD;METHODNOEXCEPTION;CBRANCH,0.8177378048788876,1886,1394
org.apache.commons.lang.BooleanUtils,LINE;BRANCH;EXCEPTION;WEAKMUTATION;OUTPUT;METHOD;METHODNOEXCEPTION;CBRANCH,0.7593506680616842,1337,979
org.apache.commons.lang3.text.ExtendedMessageFormat,LINE;BRANCH;EXCEPTION;WEAKMUTATION;OUTPUT;METHOD;METHODNOEXCEPTION;CBRANCH,0.49150751735448583,763,241
org.apache.commons.compress.archivers.cpio.CpioArchiveOutputStream,LINE;BRANCH;EXCEPTION;WEAKMUTATION;OUTPUT;METHOD;METHODNOEXCEPTION;CBRANCH,0.8720609593614604,1023,910
org.apache.commons.lang.StringEscapeUtils,LINE;BRANCH;EXCEPTION;WEAKMUTATION;OUTPUT;METHOD;METHODNOEXCEPTION;CBRANCH,0.8073548067700114,665,465
org.apache.commons.lang3.math.NumberUtils,LINE;BRANCH;EXCEPTION;WEAKMUTATION;OUTPUT;METHOD;METHODNOEXCEPTION;CBRANCH,0.5654872412784587,2257,1168
org.apache.commons.compress.archivers.ar.ArArchiveInputStream,LINE;BRANCH;EXCEPTION;WEAKMUTATION;OUTPUT;METHOD;METHODNOEXCEPTION;CBRANCH,0.642697583185588,469,252
org.apache.commons.lang.time.DateUtils,LINE;BRANCH;EXCEPTION;WEAKMUTATION;OUTPUT;METHOD;METHODNOEXCEPTION;CBRANCH,0.676983792689908,1724,1206
org.apache.commons.compress.archivers.tar.TarArchiveOutputStream,LINE;BRANCH;EXCEPTION;WEAKMUTATION;OUTPUT;METHOD;METHODNOEXCEPTION;CBRANCH,0.6803135888501742,501,229
org.apache.commons.lang.LocaleUtils,LINE;BRANCH;EXCEPTION;WEAKMUTATION;OUTPUT;METHOD;METHODNOEXCEPTION;CBRANCH,0.8023816089281507,454,362
org.apache.commons.compress.archivers.cpio.CpioArchiveOutputStream,LINE;BRANCH;EXCEPTION;WEAKMUTATION;OUTPUT;METHOD;METHODNOEXCEPTION;CBRANCH,0.7866631436775322,927,661
org.apache.commons.lang3.math.NumberUtils,LINE;BRANCH;EXCEPTION;WEAKMUTATION;OUTPUT;METHOD;METHODNOEXCEPTION;CBRANCH,0.6264841304685345,2240,1373
org.apache.commons.compress.archivers.tar.TarArchiveOutputStream,LINE;BRANCH;EXCEPTION;WEAKMUTATION;OUTPUT;METHOD;METHODNOEXCEPTION;CBRANCH,0.6985890721290865,515,272
org.apache.commons.lang.time.StopWatch,LINE;BRANCH;EXCEPTION;WEAKMUTATION;OUTPUT;METHOD;METHODNOEXCEPTION;CBRANCH,0.9143078942470638,360,336
org.apache.commons.lang3.text.translate.NumericEntityUnescaper,LINE;BRANCH;EXCEPTION;WEAKMUTATION;OUTPUT;METHOD;METHODNOEXCEPTION;CBRANCH,0.4930727023319616,222,42
org.apache.commons.compress.archivers.zip.ZipArchiveOutputStream,LINE;BRANCH;EXCEPTION;WEAKMUTATION;OUTPUT;METHOD;METHODNOEXCEPTION;CBRANCH,0.6539101474547873,1587,1000
org.apache.commons.compress.changes.ChangeSetPerformer,LINE;BRANCH;EXCEPTION;WEAKMUTATION;OUTPUT;METHOD;METHODNOEXCEPTION;CBRANCH,0.4820274494960116,235,45
org.apache.commons.lang3.SystemUtils,LINE;BRANCH;EXCEPTION;WEAKMUTATION;OUTPUT;METHOD;METHODNOEXCEPTION;CBRANCH,0.8032743710495753,614,427
org.apache.commons.lang.time.FastDateFormat,LINE;BRANCH;EXCEPTION;WEAKMUTATION;OUTPUT;METHOD;METHODNOEXCEPTION;CBRANCH,0.5086268672068227,2550,1377
org.apache.commons.compress.archivers.zip.ZipArchiveInputStream,LINE;BRANCH;EXCEPTION;WEAKMUTATION;OUTPUT;METHOD;METHODNOEXCEPTION;CBRANCH,0.5131624004901147,794,267
org.apache.commons.lang.LocaleUtils,LINE;BRANCH;EXCEPTION;WEAKMUTATION;OUTPUT;METHOD;METHODNOEXCEPTION;CBRANCH,0.7983075057117074,455,363
org.apache.commons.compress.archivers.zip.ZipArchiveEntry,LINE;BRANCH;EXCEPTION;WEAKMUTATION;OUTPUT;METHOD;METHODNOEXCEPTION;CBRANCH,0.8486576669193,621,523
org.apache.commons.lang.math.NumberUtils,LINE;BRANCH;EXCEPTION;WEAKMUTATION;OUTPUT;METHOD;METHODNOEXCEPTION;CBRANCH,0.5853760601887499,2175,1154
org.apache.commons.compress.archivers.tar.TarUtils,LINE;BRANCH;EXCEPTION;WEAKMUTATION;OUTPUT;METHOD;METHODNOEXCEPTION;CBRANCH,0.8046414591130038,861,592
org.apache.commons.compress.archivers.tar.TarUtils,LINE;BRANCH;EXCEPTION;WEAKMUTATION;OUTPUT;METHOD;METHODNOEXCEPTION;CBRANCH,0.7252313893678797,931,630
org.apache.commons.compress.archivers.tar.TarArchiveOutputStream,LINE;BRANCH;EXCEPTION;WEAKMUTATION;OUTPUT;METHOD;METHODNOEXCEPTION;CBRANCH,0.7255611672278338,566,319
org.apache.commons.compress.archivers.zip.ZipFile,LINE;BRANCH;EXCEPTION;WEAKMUTATION;OUTPUT;METHOD;METHODNOEXCEPTION;CBRANCH,0.2208456046903908,1391,191
org.apache.commons.compress.archivers.ArchiveStreamFactory,LINE;BRANCH;EXCEPTION;WEAKMUTATION;OUTPUT;METHOD;METHODNOEXCEPTION;CBRANCH,0.8268222680803624,341,282
org.apache.commons.lang.Entities,LINE;BRANCH;EXCEPTION;WEAKMUTATION;OUTPUT;METHOD;METHODNOEXCEPTION;CBRANCH,0.6968610748499402,1537,999
org.apache.commons.compress.archivers.tar.TarArchiveInputStream,LINE;BRANCH;EXCEPTION;WEAKMUTATION;OUTPUT;METHOD;METHODNOEXCEPTION;CBRANCH,0.5175334566810859,1126,337
org.apache.commons.lang.time.DurationFormatUtils,LINE;BRANCH;EXCEPTION;WEAKMUTATION;OUTPUT;METHOD;METHODNOEXCEPTION;CBRANCH,0.7775050298249413,1359,971
org.apache.commons.compress.archivers.zip.ZipArchiveEntry,LINE;BRANCH;EXCEPTION;WEAKMUTATION;OUTPUT;METHOD;METHODNOEXCEPTION;CBRANCH,0.7736104878802966,874,692
org.apache.commons.lang.enums.ValuedEnum,LINE;BRANCH;EXCEPTION;WEAKMUTATION;OUTPUT;METHOD;METHODNOEXCEPTION;CBRANCH,0.20521885521885525,90,10
org.apache.commons.compress.archivers.tar.TarUtils,LINE;BRANCH;EXCEPTION;WEAKMUTATION;OUTPUT;METHOD;METHODNOEXCEPTION;CBRANCH,0.7113451882525681,1278,837
org.apache.commons.lang.time.DateUtils,LINE;BRANCH;EXCEPTION;WEAKMUTATION;OUTPUT;METHOD;METHODNOEXCEPTION;CBRANCH,0.7473317305836074,1641,1327
org.apache.commons.compress.archivers.zip.ZipArchiveEntry,LINE;BRANCH;EXCEPTION;WEAKMUTATION;OUTPUT;METHOD;METHODNOEXCEPTION;CBRANCH,0.7510301615408209,1373,1130
org.apache.commons.compress.archivers.ArchiveStreamFactory,LINE;BRANCH;EXCEPTION;WEAKMUTATION;OUTPUT;METHOD;METHODNOEXCEPTION;CBRANCH,0.7896331182045467,346,294
org.apache.commons.compress.archivers.tar.TarUtils,LINE;BRANCH;EXCEPTION;WEAKMUTATION;OUTPUT;METHOD;METHODNOEXCEPTION;CBRANCH,0.6304051339057849,1187,727
org.apache.commons.compress.archivers.tar.TarArchiveOutputStream,LINE;BRANCH;EXCEPTION;WEAKMUTATION;OUTPUT;METHOD;METHODNOEXCEPTION;CBRANCH,0.6653086419753086,1253,759
org.apache.commons.compress.archivers.zip.Zip64ExtendedInformationExtraField,LINE;BRANCH;EXCEPTION;WEAKMUTATION;OUTPUT;METHOD;METHODNOEXCEPTION;CBRANCH,0.8482338644782703,719,557
org.apache.commons.compress.compressors.bzip2.BZip2CompressorInputStream,LINE;BRANCH;EXCEPTION;WEAKMUTATION;OUTPUT;METHOD;METHODNOEXCEPTION;CBRANCH,0.21579514945925132,2071,121
org.apache.commons.compress.archivers.sevenz.Coders,LINE;BRANCH;EXCEPTION;WEAKMUTATION;OUTPUT;METHOD;METHODNOEXCEPTION;CBRANCH,0.5796254740095022,543,204
org.apache.commons.compress.archivers.tar.TarUtils,LINE;BRANCH;EXCEPTION;WEAKMUTATION;OUTPUT;METHOD;METHODNOEXCEPTION;CBRANCH,0.5603518919207379,1197,567
com.fasterxml.jackson.databind.ser.BeanPropertyWriter,LINE;BRANCH;EXCEPTION;WEAKMUTATION;OUTPUT;METHOD;METHODNOEXCEPTION;CBRANCH,0.14408756128541922,968,47
com.fasterxml.jackson.databind.deser.std.UntypedObjectDeserializer,LINE;BRANCH;EXCEPTION;WEAKMUTATION;OUTPUT;METHOD;METHODNOEXCEPTION;CBRANCH,0.3611323340551642,1135,297
com.fasterxml.jackson.databind.deser.BeanDeserializerFactory,LINE;BRANCH;EXCEPTION;WEAKMUTATION;OUTPUT;METHOD;METHODNOEXCEPTION;CBRANCH,0.2817019269006473,1057,145
com.fasterxml.jackson.databind.deser.std.CollectionDeserializer,LINE;BRANCH;EXCEPTION;WEAKMUTATION;OUTPUT;METHOD;METHODNOEXCEPTION;CBRANCH,0.44474787067284716,524,198
com.fasterxml.jackson.databind.jsontype.impl.SubTypeValidator,LINE;BRANCH;EXCEPTION;WEAKMUTATION;OUTPUT;METHOD;METHODNOEXCEPTION;CBRANCH,0.5952380952380952,88,33
com.fasterxml.jackson.databind.introspect.JacksonAnnotationIntrospector,LINE;BRANCH;EXCEPTION;WEAKMUTATION;OUTPUT;METHOD;METHODNOEXCEPTION;CBRANCH,0.2886415256563275,1777,364
com.fasterxml.jackson.databind.deser.std.StringArrayDeserializer,LINE;BRANCH;EXCEPTION;WEAKMUTATION;OUTPUT;METHOD;METHODNOEXCEPTION;CBRANCH,0.36383731211317416,227,54
com.fasterxml.jackson.databind.jsontype.impl.SubTypeValidator,LINE;BRANCH;EXCEPTION;WEAKMUTATION;OUTPUT;METHOD;METHODNOEXCEPTION;CBRANCH,0.6095057906203417,100,40
com.fasterxml.jackson.databind.ser.std.NumberSerializer,LINE;BRANCH;EXCEPTION;WEAKMUTATION;OUTPUT;METHOD;METHODNOEXCEPTION;CBRANCH,0.8555261610817166,130,102
com.fasterxml.jackson.databind.ser.PropertyBuilder,LINE;BRANCH;EXCEPTION;WEAKMUTATION;OUTPUT;METHOD;METHODNOEXCEPTION;CBRANCH,0.13462962962962963,434,11
com.fasterxml.jackson.databind.jsontype.impl.AsWrapperTypeDeserializer,LINE;BRANCH;EXCEPTION;WEAKMUTATION;OUTPUT;METHOD;METHODNOEXCEPTION;CBRANCH,0.536250828833949,134,60
com.fasterxml.jackson.databind.util.StdDateFormat,LINE;BRANCH;EXCEPTION;WEAKMUTATION;OUTPUT;METHOD;METHODNOEXCEPTION;CBRANCH,0.7350069687115154,1341,1012
com.fasterxml.jackson.databind.deser.std.StdKeyDeserializer,LINE;BRANCH;EXCEPTION;WEAKMUTATION;OUTPUT;METHOD;METHODNOEXCEPTION;CBRANCH,0.37516401404833705,798,233
com.fasterxml.jackson.databind.type.TypeParser,LINE;BRANCH;EXCEPTION;WEAKMUTATION;OUTPUT;METHOD;METHODNOEXCEPTION;CBRANCH,0.8400196406358378,315,237
com.fasterxml.jackson.databind.util.StdDateFormat,LINE;BRANCH;EXCEPTION;WEAKMUTATION;OUTPUT;METHOD;METHODNOEXCEPTION;CBRANCH,0.6644027951669156,977,616
com.fasterxml.jackson.databind.deser.BasicDeserializerFactory,LINE;BRANCH;EXCEPTION;WEAKMUTATION;OUTPUT;METHOD;METHODNOEXCEPTION;CBRANCH,0.1642560304978794,3287,89
com.fasterxml.jackson.databind.deser.BeanDeserializerBase,LINE;BRANCH;EXCEPTION;WEAKMUTATION;OUTPUT;METHOD;METHODNOEXCEPTION;CBRANCH,0.1138547320999963,2353,0
com.fasterxml.jackson.databind.ser.std.StdKeySerializer,LINE;BRANCH;EXCEPTION;WEAKMUTATION;OUTPUT;METHOD;METHODNOEXCEPTION;CBRANCH,0.9287037037037036,59,40
com.fasterxml.jackson.databind.deser.impl.CreatorCollector,LINE;BRANCH;EXCEPTION;WEAKMUTATION;OUTPUT;METHOD;METHODNOEXCEPTION;CBRANCH,0.4782522004744227,956,364
com.fasterxml.jackson.databind.deser.impl.ExternalTypeHandler,LINE;BRANCH;EXCEPTION;WEAKMUTATION;OUTPUT;METHOD;METHODNOEXCEPTION;CBRANCH,0.34838118419944764,698,134
com.fasterxml.jackson.databind.ser.AnyGetterWriter,LINE;BRANCH;EXCEPTION;WEAKMUTATION;OUTPUT;METHOD;METHODNOEXCEPTION;CBRANCH,0.4894179894179895,87,24
com.fasterxml.jackson.databind.ser.BeanSerializerFactory,LINE;BRANCH;EXCEPTION;WEAKMUTATION;OUTPUT;METHOD;METHODNOEXCEPTION;CBRANCH,0.2963858345450567,898,100
com.fasterxml.jackson.databind.deser.std.NullifyingDeserializer,LINE;BRANCH;EXCEPTION;WEAKMUTATION;OUTPUT;METHOD;METHODNOEXCEPTION;CBRANCH,0.8095238095238095,46,29
com.fasterxml.jackson.databind.deser.std.StdKeyDeserializer,LINE;BRANCH;EXCEPTION;WEAKMUTATION;OUTPUT;METHOD;METHODNOEXCEPTION;CBRANCH,0.4109805021172149,779,252
com.fasterxml.jackson.databind.deser.BeanDeserializer,LINE;BRANCH;EXCEPTION;WEAKMUTATION;OUTPUT;METHOD;METHODNOEXCEPTION;CBRANCH,0.14156470152020764,1366,14
com.fasterxml.jackson.databind.introspect.POJOPropertiesCollector,LINE;BRANCH;EXCEPTION;WEAKMUTATION;OUTPUT;METHOD;METHODNOEXCEPTION;CBRANCH,0.1111111111111111,2040,0
com.fasterxml.jackson.databind.deser.DefaultDeserializationContext,LINE;BRANCH;EXCEPTION;WEAKMUTATION;OUTPUT;METHOD;METHODNOEXCEPTION;CBRANCH,0.6048817536503733,356,199
com.fasterxml.jackson.databind.introspect.POJOPropertyBuilder,LINE;BRANCH;EXCEPTION;WEAKMUTATION;OUTPUT;METHOD;METHODNOEXCEPTION;CBRANCH,0.19185361766269252,2068,185
com.fasterxml.jackson.databind.deser.impl.ObjectIdValueProperty,LINE;BRANCH;EXCEPTION;WEAKMUTATION;OUTPUT;METHOD;METHODNOEXCEPTION;CBRANCH,0.5020207328356734,142,57
com.fasterxml.jackson.databind.ser.std.DateTimeSerializerBase,LINE;BRANCH;EXCEPTION;WEAKMUTATION;OUTPUT;METHOD;METHODNOEXCEPTION;CBRANCH,0.47818692928239087,274,104
com.fasterxml.jackson.databind.deser.std.FromStringDeserializer,LINE;BRANCH;EXCEPTION;WEAKMUTATION;OUTPUT;METHOD;METHODNOEXCEPTION;CBRANCH,0.6046168798746119,595,316
com.fasterxml.jackson.databind.jsontype.impl.AsPropertyTypeDeserializer,LINE;BRANCH;EXCEPTION;WEAKMUTATION;OUTPUT;METHOD;METHODNOEXCEPTION;CBRANCH,0.5790123456790124,206,90
com.fasterxml.jackson.databind.deser.impl.ObjectIdValueProperty,LINE;BRANCH;EXCEPTION;WEAKMUTATION;OUTPUT;METHOD;METHODNOEXCEPTION;CBRANCH,0.5030993042378242,147,65
com.fasterxml.jackson.databind.DatabindContext,LINE;BRANCH;EXCEPTION;WEAKMUTATION;OUTPUT;METHOD;METHODNOEXCEPTION;CBRANCH,0.4578102605948383,491,166
com.fasterxml.jackson.databind.ser.std.EnumSerializer,LINE;BRANCH;EXCEPTION;WEAKMUTATION;OUTPUT;METHOD;METHODNOEXCEPTION;CBRANCH,0.37031110558567254,295,87
com.fasterxml.jackson.databind.deser.BuilderBasedDeserializer,LINE;BRANCH;EXCEPTION;WEAKMUTATION;OUTPUT;METHOD;METHODNOEXCEPTION;CBRANCH,0.15658456486042693,959,12
com.fasterxml.jackson.databind.ser.std.BeanSerializerBase,LINE;BRANCH;EXCEPTION;WEAKMUTATION;OUTPUT;METHOD;METHODNOEXCEPTION;CBRANCH,0.36628877921037545,1318,349
com.fasterxml.jackson.databind.ser.std.DateTimeSerializerBase,LINE;BRANCH;EXCEPTION;WEAKMUTATION;OUTPUT;METHOD;METHODNOEXCEPTION;CBRANCH,0.5143305069775658,206,91
com.fasterxml.jackson.databind.ser.std.StdSerializer,LINE;BRANCH;EXCEPTION;WEAKMUTATION;OUTPUT;METHOD;METHODNOEXCEPTION;CBRANCH,0.4592154156669967,448,168
com.fasterxml.jackson.databind.deser.BeanDeserializerFactory,LINE;BRANCH;EXCEPTION;WEAKMUTATION;OUTPUT;METHOD;METHODNOEXCEPTION;CBRANCH,0.3820359871267732,1023,382
com.fasterxml.jackson.databind.type.ReferenceType,LINE;BRANCH;EXCEPTION;WEAKMUTATION;OUTPUT;METHOD;METHODNOEXCEPTION;CBRANCH,0.9188854840540235,578,427
com.fasterxml.jackson.databind.deser.DeserializerCache,LINE;BRANCH;EXCEPTION;WEAKMUTATION;OUTPUT;METHOD;METHODNOEXCEPTION;CBRANCH,0.3853553209400793,680,200
com.fasterxml.jackson.databind.deser.SettableAnyProperty,LINE;BRANCH;EXCEPTION;WEAKMUTATION;OUTPUT;METHOD;METHODNOEXCEPTION;CBRANCH,0.48510721547710517,290,115
com.fasterxml.jackson.databind.introspect.AnnotationMap,LINE;BRANCH;EXCEPTION;WEAKMUTATION;OUTPUT;METHOD;METHODNOEXCEPTION;CBRANCH,0.9320175438596492,193,176
com.fasterxml.jackson.databind.deser.BeanDeserializerFactory,LINE;BRANCH;EXCEPTION;WEAKMUTATION;OUTPUT;METHOD;METHODNOEXCEPTION;CBRANCH,0.3253460739636889,1067,156
com.fasterxml.jackson.databind.deser.SettableBeanProperty,LINE;BRANCH;EXCEPTION;WEAKMUTATION;OUTPUT;METHOD;METHODNOEXCEPTION;CBRANCH,0.3099116586864098,957,263
com.fasterxml.jackson.databind.deser.std.StdDeserializer,LINE;BRANCH;EXCEPTION;WEAKMUTATION;OUTPUT;METHOD;METHODNOEXCEPTION;CBRANCH,0.14348435703406223,2139,102
com.fasterxml.jackson.databind.deser.std.StdKeyDeserializer,LINE;BRANCH;EXCEPTION;WEAKMUTATION;OUTPUT;METHOD;METHODNOEXCEPTION;CBRANCH,0.3954933456661237,854,226
com.fasterxml.jackson.databind.introspect.ObjectIdInfo,LINE;BRANCH;EXCEPTION;WEAKMUTATION;OUTPUT;METHOD;METHODNOEXCEPTION;CBRANCH,0.9305685237057786,213,182
com.fasterxml.jackson.databind.MappingIterator,LINE;BRANCH;EXCEPTION;WEAKMUTATION;OUTPUT;METHOD;METHODNOEXCEPTION;CBRANCH,0.6408932375402546,308,177
com.fasterxml.jackson.databind.ser.impl.WritableObjectId,LINE;BRANCH;EXCEPTION;WEAKMUTATION;OUTPUT;METHOD;METHODNOEXCEPTION;CBRANCH,0.828042328042328,80,66
com.fasterxml.jackson.databind.ser.DefaultSerializerProvider,LINE;BRANCH;EXCEPTION;WEAKMUTATION;OUTPUT;METHOD;METHODNOEXCEPTION;CBRANCH,0.3703714107623521,741,160
com.fasterxml.jackson.databind.ser.PropertyBuilder,LINE;BRANCH;EXCEPTION;WEAKMUTATION;OUTPUT;METHOD;METHODNOEXCEPTION;CBRANCH,0.14697412723728515,433,10
com.fasterxml.jackson.databind.jsontype.impl.StdSubtypeResolver,LINE;BRANCH;EXCEPTION;WEAKMUTATION;OUTPUT;METHOD;METHODNOEXCEPTION;CBRANCH,0.24293361963066173,416,55
com.fasterxml.jackson.databind.deser.BeanDeserializer,LINE;BRANCH;EXCEPTION;WEAKMUTATION;OUTPUT;METHOD;METHODNOEXCEPTION;CBRANCH,0.1446716232961586,1249,14
com.fasterxml.jackson.databind.jsontype.impl.TypeDeserializerBase,LINE;BRANCH;EXCEPTION;WEAKMUTATION;OUTPUT;METHOD;METHODNOEXCEPTION;CBRANCH,0.6235809338750515,373,211
com.fasterxml.jackson.databind.util.StdDateFormat,LINE;BRANCH;EXCEPTION;WEAKMUTATION;OUTPUT;METHOD;METHODNOEXCEPTION;CBRANCH,0.6709687306694981,1433,1027
com.fasterxml.jackson.databind.deser.BeanDeserializerFactory,LINE;BRANCH;EXCEPTION;WEAKMUTATION;OUTPUT;METHOD;METHODNOEXCEPTION;CBRANCH,0.3455442064060865,1097,259
com.fasterxml.jackson.databind.deser.BeanDeserializerBase,LINE;BRANCH;EXCEPTION;WEAKMUTATION;OUTPUT;METHOD;METHODNOEXCEPTION;CBRANCH,0.11168188736681889,2342,3
com.fasterxml.jackson.databind.deser.impl.ExternalTypeHandler,LINE;BRANCH;EXCEPTION;WEAKMUTATION;OUTPUT;METHOD;METHODNOEXCEPTION;CBRANCH,0.16395868063824723,567,25
com.fasterxml.jackson.databind.deser.std.JdkDeserializers,LINE;BRANCH;EXCEPTION;WEAKMUTATION;OUTPUT;METHOD;METHODNOEXCEPTION;CBRANCH,0.8286528286528286,53,40
com.fasterxml.jackson.databind.deser.std.FromStringDeserializer,LINE;BRANCH;EXCEPTION;WEAKMUTATION;OUTPUT;METHOD;METHODNOEXCEPTION;CBRANCH,0.6496346773305305,786,487
com.fasterxml.jackson.databind.type.TypeBindings,LINE;BRANCH;EXCEPTION;WEAKMUTATION;OUTPUT;METHOD;METHODNOEXCEPTION;CBRANCH,0.6497330744931701,976,530
com.fasterxml.jackson.databind.ser.std.NumberSerializers,LINE;BRANCH;EXCEPTION;WEAKMUTATION;OUTPUT;METHOD;METHODNOEXCEPTION;CBRANCH,0.7306553362060983,195,116
com.fasterxml.jackson.databind.type.ResolvedRecursiveType,LINE;BRANCH;EXCEPTION;WEAKMUTATION;OUTPUT;METHOD;METHODNOEXCEPTION;CBRANCH,0.8815796071515025,427,282
com.fasterxml.jackson.databind.cfg.BaseSettings,LINE;BRANCH;EXCEPTION;WEAKMUTATION;OUTPUT;METHOD;METHODNOEXCEPTION;CBRANCH,0.0,324,0
com.fasterxml.jackson.databind.ser.PropertyBuilder,LINE;BRANCH;EXCEPTION;WEAKMUTATION;OUTPUT;METHOD;METHODNOEXCEPTION;CBRANCH,0.13523391812865498,407,8
com.fasterxml.jackson.databind.ser.std.DateTimeSerializerBase,LINE;BRANCH;EXCEPTION;WEAKMUTATION;OUTPUT;METHOD;METHODNOEXCEPTION;CBRANCH,0.48638607301397996,223,92
com.fasterxml.jackson.databind.ser.std.StdKeySerializers,LINE;BRANCH;EXCEPTION;WEAKMUTATION;OUTPUT;METHOD;METHODNOEXCEPTION;CBRANCH,0.7656332117349067,261,186
com.fasterxml.jackson.databind.type.ResolvedRecursiveType,LINE;BRANCH;EXCEPTION;WEAKMUTATION;OUTPUT;METHOD;METHODNOEXCEPTION;CBRANCH,0.8836220908116332,427,287
com.fasterxml.jackson.databind.deser.DeserializerCache,LINE;BRANCH;EXCEPTION;WEAKMUTATION;OUTPUT;METHOD;METHODNOEXCEPTION;CBRANCH,0.4495524565262719,664,286
com.fasterxml.jackson.databind.ser.std.NumberSerializer,LINE;BRANCH;EXCEPTION;WEAKMUTATION;OUTPUT;METHOD;METHODNOEXCEPTION;CBRANCH,0.8162763748970645,162,117
com.fasterxml.jackson.databind.jsontype.impl.TypeDeserializerBase,LINE;BRANCH;EXCEPTION;WEAKMUTATION;OUTPUT;METHOD;METHODNOEXCEPTION;CBRANCH,0.5149388920752009,328,176
com.fasterxml.jackson.databind.module.SimpleAbstractTypeResolver,LINE;BRANCH;EXCEPTION;WEAKMUTATION;OUTPUT;METHOD;METHODNOEXCEPTION;CBRANCH,0.6966026488796887,131,59
com.fasterxml.jackson.databind.util.StdDateFormat,LINE;BRANCH;EXCEPTION;WEAKMUTATION;OUTPUT;METHOD;METHODNOEXCEPTION;CBRANCH,0.6011996937882764,1014,575
com.fasterxml.jackson.databind.deser.impl.JavaUtilCollectionsDeserializers,LINE;BRANCH;EXCEPTION;WEAKMUTATION;OUTPUT;METHOD;METHODNOEXCEPTION;CBRANCH,0.33336235044337287,199,32
com.fasterxml.jackson.databind.jsontype.impl.ClassNameIdResolver,LINE;BRANCH;EXCEPTION;WEAKMUTATION;OUTPUT;METHOD;METHODNOEXCEPTION;CBRANCH,0.7315867003367003,273,158
com.fasterxml.jackson.databind.deser.BeanDeserializer,LINE;BRANCH;EXCEPTION;WEAKMUTATION;OUTPUT;METHOD;METHODNOEXCEPTION;CBRANCH,0.14342403628117914,1130,10
com.fasterxml.jackson.databind.deser.CreatorProperty,LINE;BRANCH;EXCEPTION;WEAKMUTATION;OUTPUT;METHOD;METHODNOEXCEPTION;CBRANCH,0.7146400890822798,318,212
com.fasterxml.jackson.databind.deser.impl.FieldProperty,LINE;BRANCH;EXCEPTION;WEAKMUTATION;OUTPUT;METHOD;METHODNOEXCEPTION;CBRANCH,0.15925925925925927,288,8
com.fasterxml.jackson.databind.deser.impl.MethodProperty,LINE;BRANCH;EXCEPTION;WEAKMUTATION;OUTPUT;METHOD;METHODNOEXCEPTION;CBRANCH,0.1641325536062378,306,8
com.fasterxml.jackson.databind.deser.std.JsonNodeDeserializer,LINE;BRANCH;EXCEPTION;WEAKMUTATION;OUTPUT;METHOD;METHODNOEXCEPTION;CBRANCH,0.7106953593910116,174,94
com.fasterxml.jackson.databind.deser.impl.ObjectIdReferenceProperty,LINE;BRANCH;EXCEPTION;WEAKMUTATION;OUTPUT;METHOD;METHODNOEXCEPTION;CBRANCH,0.644525832493905,218,122
com.fasterxml.jackson.databind.deser.impl.ObjectIdValueProperty,LINE;BRANCH;EXCEPTION;WEAKMUTATION;OUTPUT;METHOD;METHODNOEXCEPTION;CBRANCH,0.7086056644880174,172,110
com.fasterxml.jackson.databind.deser.impl.ExternalTypeHandler,LINE;BRANCH;EXCEPTION;WEAKMUTATION;OUTPUT;METHOD;METHODNOEXCEPTION;CBRANCH,0.44203074835448536,554,175
com.fasterxml.jackson.databind.deser.impl.SetterlessProperty,LINE;BRANCH;EXCEPTION;WEAKMUTATION;OUTPUT;METHOD;METHODNOEXCEPTION;CBRANCH,0.1452991452991453,189,2
com.fasterxml.jackson.databind.deser.std.AtomicReferenceDeserializer,LINE;BRANCH;EXCEPTION;WEAKMUTATION;OUTPUT;METHOD;METHODNOEXCEPTION;CBRANCH,0.8888888888888888,61,51
com.fasterxml.jackson.databind.ser.std.JsonValueSerializer,LINE;BRANCH;EXCEPTION;WEAKMUTATION;OUTPUT;METHOD;METHODNOEXCEPTION;CBRANCH,0.1370851370851371,450,4
com.fasterxml.jackson.databind.deser.std.StringCollectionDeserializer,LINE;BRANCH;EXCEPTION;WEAKMUTATION;OUTPUT;METHOD;METHODNOEXCEPTION;CBRANCH,0.5555202697234615,389,179
com.fasterxml.jackson.core.util.JsonParserSequence,LINE;BRANCH;EXCEPTION;WEAKMUTATION;OUTPUT;METHOD;METHODNOEXCEPTION;CBRANCH,0.8928571428571428,212,176
org.apache.commons.collections.map.Flat3Map,LINE;BRANCH;EXCEPTION;WEAKMUTATION;OUTPUT;METHOD;METHODNOEXCEPTION;CBRANCH,0.4691812173833659,2205,826
org.apache.commons.collections.list.SetUniqueList,LINE;BRANCH;EXCEPTION;WEAKMUTATION;OUTPUT;METHOD;METHODNOEXCEPTION;CBRANCH,0.7450132209242533,431,293
org.jsoup.nodes.Document,LINE;BRANCH;EXCEPTION;WEAKMUTATION;OUTPUT;METHOD;METHODNOEXCEPTION;CBRANCH,0.9007640118751231,201,162
org.apache.commons.collections.ExtendedProperties,LINE;BRANCH;EXCEPTION;WEAKMUTATION;OUTPUT;METHOD;METHODNOEXCEPTION;CBRANCH,0.41157369283033807,2003,609
org.apache.commons.collections.functors.EqualPredicate,LINE;BRANCH;EXCEPTION;WEAKMUTATION;OUTPUT;METHOD;METHODNOEXCEPTION;CBRANCH,0.9444444444444444,53,48
org.jsoup.parser.Parser,LINE;BRANCH;EXCEPTION;WEAKMUTATION;OUTPUT;METHOD;METHODNOEXCEPTION;CBRANCH,0.814327093122156,569,472
org.apache.commons.collections.set.ListOrderedSet,LINE;BRANCH;EXCEPTION;WEAKMUTATION;OUTPUT;METHOD;METHODNOEXCEPTION;CBRANCH,0.8129653985597138,408,313
org.jsoup.nodes.Element,LINE;BRANCH;EXCEPTION;WEAKMUTATION;OUTPUT;METHOD;METHODNOEXCEPTION;CBRANCH,0.6428260968268581,1297,277
org.apache.commons.collections.map.MultiValueMap,LINE;BRANCH;EXCEPTION;WEAKMUTATION;OUTPUT;METHOD;METHODNOEXCEPTION;CBRANCH,0.764131741359464,470,348
org.apache.commons.collections.list.SetUniqueList,LINE;BRANCH;EXCEPTION;WEAKMUTATION;OUTPUT;METHOD;METHODNOEXCEPTION;CBRANCH,0.8066943624926021,525,396
org.jsoup.parser.Parser,LINE;BRANCH;EXCEPTION;WEAKMUTATION;OUTPUT;METHOD;METHODNOEXCEPTION;CBRANCH,0.754258747763755,570,407
org.apache.commons.collections.list.SetUniqueList,LINE;BRANCH;EXCEPTION;WEAKMUTATION;OUTPUT;METHOD;METHODNOEXCEPTION;CBRANCH,0.7997780082825524,409,323
org.jsoup.parser.Tag,LINE;BRANCH;EXCEPTION;WEAKMUTATION;OUTPUT;METHOD;METHODNOEXCEPTION;CBRANCH,0.8181148630353478,691,535
org.apache.commons.collections.list.TreeList,LINE;BRANCH;EXCEPTION;WEAKMUTATION;OUTPUT;METHOD;METHODNOEXCEPTION;CBRANCH,0.6219974875326887,1652,1072
org.jsoup.nodes.Entities,LINE;BRANCH;EXCEPTION;WEAKMUTATION;OUTPUT;METHOD;METHODNOEXCEPTION;CBRANCH,0.8431884265217598,223,168
org.apache.commons.collections.map.Flat3Map,LINE;BRANCH;EXCEPTION;WEAKMUTATION;OUTPUT;METHOD;METHODNOEXCEPTION;CBRANCH,0.46920056803010396,2210,840
org.apache.commons.collections4.list.SetUniqueList,LINE;BRANCH;EXCEPTION;WEAKMUTATION;OUTPUT;METHOD;METHODNOEXCEPTION;CBRANCH,0.8099532634594138,525,397
org.jsoup.parser.Parser,LINE;BRANCH;EXCEPTION;WEAKMUTATION;OUTPUT;METHOD;METHODNOEXCEPTION;CBRANCH,0.725869413822206,610,420
org.apache.commons.collections.ExtendedProperties,LINE;BRANCH;EXCEPTION;WEAKMUTATION;OUTPUT;METHOD;METHODNOEXCEPTION;CBRANCH,0.48244921073970015,2047,762
org.apache.commons.collections4.map.ListOrderedMap,LINE;BRANCH;EXCEPTION;WEAKMUTATION;OUTPUT;METHOD;METHODNOEXCEPTION;CBRANCH,0.4908168899587307,889,378
org.jsoup.nodes.Entities,LINE;BRANCH;EXCEPTION;WEAKMUTATION;OUTPUT;METHOD;METHODNOEXCEPTION;CBRANCH,0.8308427475094141,223,168
org.apache.commons.collections.buffer.UnboundedFifoBuffer,LINE;BRANCH;EXCEPTION;WEAKMUTATION;OUTPUT;METHOD;METHODNOEXCEPTION;CBRANCH,0.8457999056158565,525,409
org.apache.commons.collections4.trie.UnmodifiableTrie,LINE;BRANCH;EXCEPTION;WEAKMUTATION;OUTPUT;METHOD;METHODNOEXCEPTION;CBRANCH,0.197095291539736,225,14
org.jsoup.nodes.Document,LINE;BRANCH;EXCEPTION;WEAKMUTATION;OUTPUT;METHOD;METHODNOEXCEPTION;CBRANCH,0.9046651912877685,343,306
org.apache.commons.collections4.collection.UnmodifiableBoundedCollection,LINE;BRANCH;EXCEPTION;WEAKMUTATION;OUTPUT;METHOD;METHODNOEXCEPTION;CBRANCH,0.5970530749020451,142,79
org.apache.commons.collections.ExtendedProperties,LINE;BRANCH;EXCEPTION;WEAKMUTATION;OUTPUT;METHOD;METHODNOEXCEPTION;CBRANCH,0.4626826554774957,2071,685
org.apache.commons.collections4.IteratorUtils,LINE;BRANCH;EXCEPTION;WEAKMUTATION;OUTPUT;METHOD;METHODNOEXCEPTION;CBRANCH,0.414471758695273,1130,397
org.apache.commons.collections.map.MultiValueMap,LINE;BRANCH;EXCEPTION;WEAKMUTATION;OUTPUT;METHOD;METHODNOEXCEPTION;CBRANCH,0.8126101893748952,485,375
org.jsoup.nodes.Entities,LINE;BRANCH;EXCEPTION;WEAKMUTATION;OUTPUT;METHOD;METHODNOEXCEPTION;CBRANCH,0.8090822757489424,225,167
org.apache.commons.collections4.keyvalue.MultiKey,LINE;BRANCH;EXCEPTION;WEAKMUTATION;OUTPUT;METHOD;METHODNOEXCEPTION;CBRANCH,0.8863816785012437,155,132
org.apache.commons.collections.keyvalue.MultiKey,LINE;BRANCH;EXCEPTION;WEAKMUTATION;OUTPUT;METHOD;METHODNOEXCEPTION;CBRANCH,0.9421510856293465,169,149
org.apache.commons.collections4.map.MultiValueMap,LINE;BRANCH;EXCEPTION;WEAKMUTATION;OUTPUT;METHOD;METHODNOEXCEPTION;CBRANCH,0.6502915589747471,519,308
org.apache.commons.collections.ExtendedProperties,LINE;BRANCH;EXCEPTION;WEAKMUTATION;OUTPUT;METHOD;METHODNOEXCEPTION;CBRANCH,0.46387881572838086,2061,788
org.jsoup.select.Selector,LINE;BRANCH;EXCEPTION;WEAKMUTATION;OUTPUT;METHOD;METHODNOEXCEPTION;CBRANCH,0.6197148634665587,729,354
org.apache.commons.collections.ExtendedProperties,LINE;BRANCH;EXCEPTION;WEAKMUTATION;OUTPUT;METHOD;METHODNOEXCEPTION;CBRANCH,0.48711396441825056,2066,793
org.jsoup.select.Selector,LINE;BRANCH;EXCEPTION;WEAKMUTATION;OUTPUT;METHOD;METHODNOEXCEPTION;CBRANCH,0.6921082949308756,832,457
org.apache.commons.collections.map.CaseInsensitiveMap,LINE;BRANCH;EXCEPTION;WEAKMUTATION;OUTPUT;METHOD;METHODNOEXCEPTION;CBRANCH,0.8333333333333334,63,43
org.apache.commons.collections.list.SetUniqueList,LINE;BRANCH;EXCEPTION;WEAKMUTATION;OUTPUT;METHOD;METHODNOEXCEPTION;CBRANCH,0.8469888815682435,435,342
org.jsoup.parser.Tokeniser,LINE;BRANCH;EXCEPTION;WEAKMUTATION;OUTPUT;METHOD;METHODNOEXCEPTION;CBRANCH,0.7981192719661786,497,388
org.apache.commons.collections.list.SetUniqueList,LINE;BRANCH;EXCEPTION;WEAKMUTATION;OUTPUT;METHOD;METHODNOEXCEPTION;CBRANCH,0.799308726130605,433,326
org.jsoup.parser.TokeniserState,LINE;BRANCH;EXCEPTION;WEAKMUTATION;OUTPUT;METHOD;METHODNOEXCEPTION;CBRANCH,0.4444444444444444,3612,0
org.apache.commons.collections.functors.EqualPredicate,LINE;BRANCH;EXCEPTION;WEAKMUTATION;OUTPUT;METHOD;METHODNOEXCEPTION;CBRANCH,0.9074074074074073,54,46
org.jsoup.parser.TreeBuilderState,LINE;BRANCH;EXCEPTION;WEAKMUTATION;OUTPUT;METHOD;METHODNOEXCEPTION;CBRANCH,0.37777777777777777,3436,2
org.jsoup.nodes.DocumentType,LINE;BRANCH;EXCEPTION;WEAKMUTATION;OUTPUT;METHOD;METHODNOEXCEPTION;CBRANCH,0.8148148148148148,74,66
org.apache.commons.collections.set.ListOrderedSet,LINE;BRANCH;EXCEPTION;WEAKMUTATION;OUTPUT;METHOD;METHODNOEXCEPTION;CBRANCH,0.8255534899591747,408,318
org.jsoup.parser.TreeBuilderState,LINE;BRANCH;EXCEPTION;WEAKMUTATION;OUTPUT;METHOD;METHODNOEXCEPTION;CBRANCH,0.37777777777777777,3436,2
org.apache.commons.collections.list.SetUniqueList,LINE;BRANCH;EXCEPTION;WEAKMUTATION;OUTPUT;METHOD;METHODNOEXCEPTION;CBRANCH,0.8665879754022003,525,431
org.jsoup.parser.CharacterReader,LINE;BRANCH;EXCEPTION;WEAKMUTATION;OUTPUT;METHOD;METHODNOEXCEPTION;CBRANCH,0.945809351958892,994,920
org.apache.commons.collections.list.TreeList,LINE;BRANCH;EXCEPTION;WEAKMUTATION;OUTPUT;METHOD;METHODNOEXCEPTION;CBRANCH,0.6105223357117464,1652,1098
org.jsoup.safety.Whitelist,LINE;BRANCH;EXCEPTION;WEAKMUTATION;OUTPUT;METHOD;METHODNOEXCEPTION;CBRANCH,0.8156546206305436,953,801
org.apache.commons.collections4.list.SetUniqueList,LINE;BRANCH;EXCEPTION;WEAKMUTATION;OUTPUT;METHOD;METHODNOEXCEPTION;CBRANCH,0.7955629154486553,522,392
org.jsoup.helper.DataUtil,LINE;BRANCH;EXCEPTION;WEAKMUTATION;OUTPUT;METHOD;METHODNOEXCEPTION;CBRANCH,0.6099407677155055,279,140
org.jsoup.select.CombiningEvaluator,LINE;BRANCH;EXCEPTION;WEAKMUTATION;OUTPUT;METHOD;METHODNOEXCEPTION;CBRANCH,1.0,97,97
org.apache.commons.collections4.map.ListOrderedMap,LINE;BRANCH;EXCEPTION;WEAKMUTATION;OUTPUT;METHOD;METHODNOEXCEPTION;CBRANCH,0.5351328782176977,891,437
org.jsoup.select.QueryParser,LINE;BRANCH;EXCEPTION;WEAKMUTATION;OUTPUT;METHOD;METHODNOEXCEPTION;CBRANCH,0.720815393789236,603,515
org.apache.commons.collections4.trie.UnmodifiableTrie,LINE;BRANCH;EXCEPTION;WEAKMUTATION;OUTPUT;METHOD;METHODNOEXCEPTION;CBRANCH,0.197095291539736,225,14
org.jsoup.nodes.Element,LINE;BRANCH;EXCEPTION;WEAKMUTATION;OUTPUT;METHOD;METHODNOEXCEPTION;CBRANCH,0.5986060882129068,1691,216
org.apache.commons.collections4.collection.UnmodifiableBoundedCollection,LINE;BRANCH;EXCEPTION;WEAKMUTATION;OUTPUT;METHOD;METHODNOEXCEPTION;CBRANCH,0.5927795706285408,142,78
org.apache.commons.collections4.IteratorUtils,LINE;BRANCH;EXCEPTION;WEAKMUTATION;OUTPUT;METHOD;METHODNOEXCEPTION;CBRANCH,0.4141987171668417,1126,385
org.jsoup.select.Elements,LINE;BRANCH;EXCEPTION;WEAKMUTATION;OUTPUT;METHOD;METHODNOEXCEPTION;CBRANCH,0.7983005978431891,939,663
org.jsoup.parser.CharacterReader,LINE;BRANCH;EXCEPTION;WEAKMUTATION;OUTPUT;METHOD;METHODNOEXCEPTION;CBRANCH,0.9516801466218795,991,919
org.jsoup.parser.Tokeniser,LINE;BRANCH;EXCEPTION;WEAKMUTATION;OUTPUT;METHOD;METHODNOEXCEPTION;CBRANCH,0.8023127503291662,501,389
org.jsoup.parser.TokeniserState,LINE;BRANCH;EXCEPTION;WEAKMUTATION;OUTPUT;METHOD;METHODNOEXCEPTION;CBRANCH,0.4444444444444444,3631,0
org.jsoup.parser.HtmlTreeBuilder,LINE;BRANCH;EXCEPTION;WEAKMUTATION;OUTPUT;METHOD;METHODNOEXCEPTION;CBRANCH,0.5136793663680956,2030,1031
org.jsoup.parser.Tag,LINE;BRANCH;EXCEPTION;WEAKMUTATION;OUTPUT;METHOD;METHODNOEXCEPTION;CBRANCH,0.916151560755957,506,454
org.jsoup.parser.HtmlTreeBuilder,LINE;BRANCH;EXCEPTION;WEAKMUTATION;OUTPUT;METHOD;METHODNOEXCEPTION;CBRANCH,0.37389914304756855,2011,684
org.apache.commons.compress.utils.IOUtils,LINE;BRANCH;EXCEPTION;WEAKMUTATION;OUTPUT;METHOD;METHODNOEXCEPTION;CBRANCH,0.7452380952380953,297,201
org.jsoup.parser.HtmlTreeBuilderState,LINE;BRANCH;EXCEPTION;WEAKMUTATION;OUTPUT;METHOD;METHODNOEXCEPTION;CBRANCH,0.37777777777777777,3591,2
org.jsoup.safety.Cleaner,LINE;BRANCH;EXCEPTION;WEAKMUTATION;OUTPUT;METHOD;METHODNOEXCEPTION;CBRANCH,0.5820961718020541,188,60
org.jsoup.parser.CharacterReader,LINE;BRANCH;EXCEPTION;WEAKMUTATION;OUTPUT;METHOD;METHODNOEXCEPTION;CBRANCH,0.8818953133750029,1531,1319
org.apache.commons.compress.archivers.sevenz.SevenZOutputFile,LINE;BRANCH;EXCEPTION;WEAKMUTATION;OUTPUT;METHOD;METHODNOEXCEPTION;CBRANCH,0.4612858964087714,1561,541
org.apache.commons.compress.archivers.tar.TarUtils,LINE;BRANCH;EXCEPTION;WEAKMUTATION;OUTPUT;METHOD;METHODNOEXCEPTION;CBRANCH,0.5808040097972784,1195,614
org.jsoup.helper.DataUtil,LINE;BRANCH;EXCEPTION;WEAKMUTATION;OUTPUT;METHOD;METHODNOEXCEPTION;CBRANCH,0.5885947802718766,298,138
org.jsoup.parser.HtmlTreeBuilderState,LINE;BRANCH;EXCEPTION;WEAKMUTATION;OUTPUT;METHOD;METHODNOEXCEPTION;CBRANCH,0.37777777777777777,3440,2
org.apache.commons.compress.archivers.zip.ZipArchiveInputStream,LINE;BRANCH;EXCEPTION;WEAKMUTATION;OUTPUT;METHOD;METHODNOEXCEPTION;CBRANCH,0.3362649571064973,1764,239
org.apache.commons.compress.archivers.tar.TarArchiveInputStream,LINE;BRANCH;EXCEPTION;WEAKMUTATION;OUTPUT;METHOD;METHODNOEXCEPTION;CBRANCH,0.4499288713893769,1283,347
org.jsoup.nodes.Entities,LINE;BRANCH;EXCEPTION;WEAKMUTATION;OUTPUT;METHOD;METHODNOEXCEPTION;CBRANCH,0.7190674913679609,328,194
org.jsoup.parser.HtmlTreeBuilder,LINE;BRANCH;EXCEPTION;WEAKMUTATION;OUTPUT;METHOD;METHODNOEXCEPTION;CBRANCH,0.33431759055425464,2028,567
org.jsoup.parser.Parser,LINE;BRANCH;EXCEPTION;WEAKMUTATION;OUTPUT;METHOD;METHODNOEXCEPTION;CBRANCH,0.9279707747449683,175,140
org.apache.commons.compress.archivers.ArchiveStreamFactory,LINE;BRANCH;EXCEPTION;WEAKMUTATION;OUTPUT;METHOD;METHODNOEXCEPTION;CBRANCH,0.6008513807089223,608,324
org.jsoup.parser.Tokeniser,LINE;BRANCH;EXCEPTION;WEAKMUTATION;OUTPUT;METHOD;METHODNOEXCEPTION;CBRANCH,0.7917986058145474,516,405
org.jsoup.parser.HtmlTreeBuilder,LINE;BRANCH;EXCEPTION;WEAKMUTATION;OUTPUT;METHOD;METHODNOEXCEPTION;CBRANCH,0.41600969159378187,2273,894
org.jsoup.nodes.FormElement,LINE;BRANCH;EXCEPTION;WEAKMUTATION;OUTPUT;METHOD;METHODNOEXCEPTION;CBRANCH,0.5141224017699234,180,64
org.jsoup.nodes.Document,LINE;BRANCH;EXCEPTION;WEAKMUTATION;OUTPUT;METHOD;METHODNOEXCEPTION;CBRANCH,0.8397930849601047,493,380
org.jsoup.parser.HtmlTreeBuilderState,LINE;BRANCH;EXCEPTION;WEAKMUTATION;OUTPUT;METHOD;METHODNOEXCEPTION;CBRANCH,0.37777777777777777,3442,2
org.apache.commons.compress.archivers.cpio.CpioArchiveOutputStream,LINE;BRANCH;EXCEPTION;WEAKMUTATION;OUTPUT;METHOD;METHODNOEXCEPTION;CBRANCH,0.5083114191386697,1185,520
org.jsoup.safety.Cleaner,LINE;BRANCH;EXCEPTION;WEAKMUTATION;OUTPUT;METHOD;METHODNOEXCEPTION;CBRANCH,0.5963026819923372,194,65
org.jsoup.helper.DataUtil,LINE;BRANCH;EXCEPTION;WEAKMUTATION;OUTPUT;METHOD;METHODNOEXCEPTION;CBRANCH,0.5967353792505922,478,209
org.apache.commons.compress.archivers.dump.DumpArchiveInputStream,LINE;BRANCH;EXCEPTION;WEAKMUTATION;OUTPUT;METHOD;METHODNOEXCEPTION;CBRANCH,0.1725648296347322,969,62
org.apache.commons.compress.archivers.tar.TarArchiveInputStream,LINE;BRANCH;EXCEPTION;WEAKMUTATION;OUTPUT;METHOD;METHODNOEXCEPTION;CBRANCH,0.4885469675668211,1314,403
org.jsoup.parser.Token,LINE;BRANCH;EXCEPTION;WEAKMUTATION;OUTPUT;METHOD;METHODNOEXCEPTION;CBRANCH,0.8843353921734628,423,389
org.jsoup.nodes.DocumentType,LINE;BRANCH;EXCEPTION;WEAKMUTATION;OUTPUT;METHOD;METHODNOEXCEPTION;CBRANCH,0.6919191919191919,92,69
org.jsoup.select.Evaluator,LINE;BRANCH;EXCEPTION;WEAKMUTATION;OUTPUT;METHOD;METHODNOEXCEPTION;CBRANCH,0.5629250249342859,1356,657
org.jsoup.parser.TokeniserState,LINE;BRANCH;EXCEPTION;WEAKMUTATION;OUTPUT;METHOD;METHODNOEXCEPTION;CBRANCH,0.4444444444444444,3762,0
org.apache.commons.compress.archivers.tar.TarArchiveOutputStream,LINE;BRANCH;EXCEPTION;WEAKMUTATION;OUTPUT;METHOD;METHODNOEXCEPTION;CBRANCH,0.6173492574730663,1205,648
org.jsoup.select.QueryParser,LINE;BRANCH;EXCEPTION;WEAKMUTATION;OUTPUT;METHOD;METHODNOEXCEPTION;CBRANCH,0.5534617982630448,840,461
org.jsoup.parser.XmlTreeBuilder,LINE;BRANCH;EXCEPTION;WEAKMUTATION;OUTPUT;METHOD;METHODNOEXCEPTION;CBRANCH,0.723735612679891,189,123
org.apache.commons.compress.archivers.zip.ZipArchiveInputStream,LINE;BRANCH;EXCEPTION;WEAKMUTATION;OUTPUT;METHOD;METHODNOEXCEPTION;CBRANCH,0.1762756078460911,1767,101
com.google.javascript.jscomp.RemoveUnusedVars,LINE;BRANCH;EXCEPTION;WEAKMUTATION;OUTPUT;METHOD;METHODNOEXCEPTION;CBRANCH,0.36618680406536547,1495,218
org.jsoup.parser.CharacterReader,LINE;BRANCH;EXCEPTION;WEAKMUTATION;OUTPUT;METHOD;METHODNOEXCEPTION;CBRANCH,0.7706724079048518,1547,1186
org.jsoup.nodes.FormElement,LINE;BRANCH;EXCEPTION;WEAKMUTATION;OUTPUT;METHOD;METHODNOEXCEPTION;CBRANCH,0.5267989417989418,176,64
org.apache.commons.compress.compressors.bzip2.BZip2CompressorInputStream,LINE;BRANCH;EXCEPTION;WEAKMUTATION;OUTPUT;METHOD;METHODNOEXCEPTION;CBRANCH,0.2080371912354687,2056,83
org.jsoup.helper.W3CDom,LINE;BRANCH;EXCEPTION;WEAKMUTATION;OUTPUT;METHOD;METHODNOEXCEPTION;CBRANCH,0.8364625062688442,198,158
com.google.javascript.jscomp.TypeCheck,LINE;BRANCH;EXCEPTION;WEAKMUTATION;OUTPUT;METHOD;METHODNOEXCEPTION;CBRANCH,0.1445199515931223,3431,21
org.apache.commons.compress.archivers.tar.TarUtils,LINE;BRANCH;EXCEPTION;WEAKMUTATION;OUTPUT;METHOD;METHODNOEXCEPTION;CBRANCH,0.5852343950618519,1195,625
org.jsoup.helper.StringUtil,LINE;BRANCH;EXCEPTION;WEAKMUTATION;OUTPUT;METHOD;METHODNOEXCEPTION;CBRANCH,0.8369556855817311,697,575
org.jsoup.parser.TreeBuilder,LINE;BRANCH;EXCEPTION;WEAKMUTATION;OUTPUT;METHOD;METHODNOEXCEPTION;CBRANCH,0.9192359025692358,161,129
org.apache.commons.compress.archivers.tar.TarArchiveInputStream,LINE;BRANCH;EXCEPTION;WEAKMUTATION;OUTPUT;METHOD;METHODNOEXCEPTION;CBRANCH,0.4962757599674148,1342,400
com.google.javascript.jscomp.FlowSensitiveInlineVariables,LINE;BRANCH;EXCEPTION;WEAKMUTATION;OUTPUT;METHOD;METHODNOEXCEPTION;CBRANCH,0.40912499713217243,705,35
org.jsoup.nodes.Attributes,LINE;BRANCH;EXCEPTION;WEAKMUTATION;OUTPUT;METHOD;METHODNOEXCEPTION;CBRANCH,0.7807053028969517,1242,1007
org.jsoup.parser.HtmlTreeBuilder,LINE;BRANCH;EXCEPTION;WEAKMUTATION;OUTPUT;METHOD;METHODNOEXCEPTION;CBRANCH,0.4947903206652855,1999,913
org.apache.commons.compress.compressors.CompressorStreamFactory,LINE;BRANCH;EXCEPTION;WEAKMUTATION;OUTPUT;METHOD;METHODNOEXCEPTION;CBRANCH,0.7214604499424531,461,349
org.apache.commons.compress.compressors.deflate.DeflateCompressorInputStream,LINE;BRANCH;EXCEPTION;WEAKMUTATION;OUTPUT;METHOD;METHODNOEXCEPTION;CBRANCH,0.7312169312169312,114,62
org.jsoup.parser.HtmlTreeBuilderState,LINE;BRANCH;EXCEPTION;WEAKMUTATION;OUTPUT;METHOD;METHODNOEXCEPTION;CBRANCH,0.33381949257676446,3614,5
com.google.javascript.rhino.jstype.NamedType,LINE;BRANCH;EXCEPTION;WEAKMUTATION;OUTPUT;METHOD;METHODNOEXCEPTION;CBRANCH,0.6581946673874138,715,412
org.jsoup.nodes.Entities,LINE;BRANCH;EXCEPTION;WEAKMUTATION;OUTPUT;METHOD;METHODNOEXCEPTION;CBRANCH,0.767132290169415,446,299
org.apache.commons.compress.archivers.zip.X7875_NewUnix,LINE;BRANCH;EXCEPTION;WEAKMUTATION;OUTPUT;METHOD;METHODNOEXCEPTION;CBRANCH,0.9335896902930784,481,449
org.jsoup.parser.XmlTreeBuilder,LINE;BRANCH;EXCEPTION;WEAKMUTATION;OUTPUT;METHOD;METHODNOEXCEPTION;CBRANCH,0.7848341877109721,345,240
org.jsoup.nodes.Entities,LINE;BRANCH;EXCEPTION;WEAKMUTATION;OUTPUT;METHOD;METHODNOEXCEPTION;CBRANCH,0.6639936395451554,446,222
com.google.javascript.jscomp.InlineObjectLiterals,LINE;BRANCH;EXCEPTION;WEAKMUTATION;OUTPUT;METHOD;METHODNOEXCEPTION;CBRANCH,0.3452187470103611,579,17
org.apache.commons.compress.archivers.tar.TarUtils,LINE;BRANCH;EXCEPTION;WEAKMUTATION;OUTPUT;METHOD;METHODNOEXCEPTION;CBRANCH,0.5661482114773123,1185,583
org.jsoup.helper.DataUtil,LINE;BRANCH;EXCEPTION;WEAKMUTATION;OUTPUT;METHOD;METHODNOEXCEPTION;CBRANCH,0.3567449906700879,748,220
org.jsoup.helper.HttpConnection,LINE;BRANCH;EXCEPTION;WEAKMUTATION;OUTPUT;METHOD;METHODNOEXCEPTION;CBRANCH,0.3114710609005311,1691,438
org.apache.commons.compress.archivers.sevenz.SevenZFile,LINE;BRANCH;EXCEPTION;WEAKMUTATION;OUTPUT;METHOD;METHODNOEXCEPTION;CBRANCH,0.17311437828579718,2196,79
org.jsoup.nodes.LeafNode,LINE;BRANCH;EXCEPTION;WEAKMUTATION;OUTPUT;METHOD;METHODNOEXCEPTION;CBRANCH,0.8906038496282398,185,151
com.google.javascript.jscomp.TypeValidator,LINE;BRANCH;EXCEPTION;WEAKMUTATION;OUTPUT;METHOD;METHODNOEXCEPTION;CBRANCH,0.3113442113442113,1353,238
org.apache.commons.compress.archivers.tar.TarArchiveInputStream,LINE;BRANCH;EXCEPTION;WEAKMUTATION;OUTPUT;METHOD;METHODNOEXCEPTION;CBRANCH,0.4777022843697464,1444,405
org.jsoup.parser.XmlTreeBuilder,LINE;BRANCH;EXCEPTION;WEAKMUTATION;OUTPUT;METHOD;METHODNOEXCEPTION;CBRANCH,0.7868104722959524,345,237
org.jsoup.helper.DataUtil,LINE;BRANCH;EXCEPTION;WEAKMUTATION;OUTPUT;METHOD;METHODNOEXCEPTION;CBRANCH,0.46620075334989686,616,208
com.google.javascript.jscomp.type.ChainableReverseAbstractInterpreter,LINE;BRANCH;EXCEPTION;WEAKMUTATION;OUTPUT;METHOD;METHODNOEXCEPTION;CBRANCH,0.3892070768669785,1013,368
org.apache.commons.compress.archivers.tar.TarArchiveEntry,LINE;BRANCH;EXCEPTION;WEAKMUTATION;OUTPUT;METHOD;METHODNOEXCEPTION;CBRANCH,0.5700720102083151,1847,874
org.jsoup.helper.DataUtil,LINE;BRANCH;EXCEPTION;WEAKMUTATION;OUTPUT;METHOD;METHODNOEXCEPTION;CBRANCH,0.6085439029218311,776,375
org.jsoup.parser.CharacterReader,LINE;BRANCH;EXCEPTION;WEAKMUTATION;OUTPUT;METHOD;METHODNOEXCEPTION;CBRANCH,0.8432797558712639,1452,1174
org.apache.commons.compress.utils.ArchiveUtils,LINE;BRANCH;EXCEPTION;WEAKMUTATION;OUTPUT;METHOD;METHODNOEXCEPTION;CBRANCH,0.9051591180623438,668,606
org.jsoup.helper.DataUtil,LINE;BRANCH;EXCEPTION;WEAKMUTATION;OUTPUT;METHOD;METHODNOEXCEPTION;CBRANCH,0.5276024998755706,708,329
com.google.javascript.jscomp.CollapseVariableDeclarations,LINE;BRANCH;EXCEPTION;WEAKMUTATION;OUTPUT;METHOD;METHODNOEXCEPTION;CBRANCH,0.5075570644158556,353,98
org.jsoup.helper.DataUtil,LINE;BRANCH;EXCEPTION;WEAKMUTATION;OUTPUT;METHOD;METHODNOEXCEPTION;CBRANCH,0.46255156274601666,809,247
org.jsoup.nodes.XmlDeclaration,LINE;BRANCH;EXCEPTION;WEAKMUTATION;OUTPUT;METHOD;METHODNOEXCEPTION;CBRANCH,0.6946802068753288,130,76
org.jsoup.parser.XmlTreeBuilder,LINE;BRANCH;EXCEPTION;WEAKMUTATION;OUTPUT;METHOD;METHODNOEXCEPTION;CBRANCH,0.79234360410831,277,206
org.jsoup.parser.TokeniserState,LINE;BRANCH;EXCEPTION;WEAKMUTATION;OUTPUT;METHOD;METHODNOEXCEPTION;CBRANCH,0.37777777777777777,3441,2
org.apache.commons.compress.archivers.zip.ZipArchiveInputStream,LINE;BRANCH;EXCEPTION;WEAKMUTATION;OUTPUT;METHOD;METHODNOEXCEPTION;CBRANCH,0.18355049432625326,1804,106
com.google.javascript.jscomp.ProcessCommonJSModules,LINE;BRANCH;EXCEPTION;WEAKMUTATION;OUTPUT;METHOD;METHODNOEXCEPTION;CBRANCH,0.6646701474374812,444,258
org.apache.commons.compress.archivers.zip.UnixStat,LINE;BRANCH;EXCEPTION;WEAKMUTATION;OUTPUT;METHOD;METHODNOEXCEPTION;CBRANCH,0.0,0,0
org.jsoup.parser.TokenQueue,LINE;BRANCH;EXCEPTION;WEAKMUTATION;OUTPUT;METHOD;METHODNOEXCEPTION;CBRANCH,0.8897571564238231,1144,941
org.jsoup.helper.W3CDom,LINE;BRANCH;EXCEPTION;WEAKMUTATION;OUTPUT;METHOD;METHODNOEXCEPTION;CBRANCH,0.8229652657284237,205,163
org.apache.commons.compress.archivers.zip.ZipArchiveEntry,LINE;BRANCH;EXCEPTION;WEAKMUTATION;OUTPUT;METHOD;METHODNOEXCEPTION;CBRANCH,0.755838706354833,1072,829
org.jsoup.helper.W3CDom,LINE;BRANCH;EXCEPTION;WEAKMUTATION;OUTPUT;METHOD;METHODNOEXCEPTION;CBRANCH,0.8168661802464618,190,152
org.jsoup.nodes.Attribute,LINE;BRANCH;EXCEPTION;WEAKMUTATION;OUTPUT;METHOD;METHODNOEXCEPTION;CBRANCH,0.8440524335638926,404,325
org.jsoup.parser.TokeniserState,LINE;BRANCH;EXCEPTION;WEAKMUTATION;OUTPUT;METHOD;METHODNOEXCEPTION;CBRANCH,0.37777777777777777,3401,2
org.apache.commons.compress.archivers.zip.ZipArchiveOutputStream,LINE;BRANCH;EXCEPTION;WEAKMUTATION;OUTPUT;METHOD;METHODNOEXCEPTION;CBRANCH,0.4836184854228788,2247,914
org.jsoup.nodes.Comment,LINE;BRANCH;EXCEPTION;WEAKMUTATION;OUTPUT;METHOD;METHODNOEXCEPTION;CBRANCH,0.9034712722298222,148,121
org.jsoup.nodes.DocumentType,LINE;BRANCH;EXCEPTION;WEAKMUTATION;OUTPUT;METHOD;METHODNOEXCEPTION;CBRANCH,0.925925925925926,126,122
com.google.javascript.jscomp.TypeCheck,LINE;BRANCH;EXCEPTION;WEAKMUTATION;OUTPUT;METHOD;METHODNOEXCEPTION;CBRANCH,0.3355113365525213,3340,493
org.apache.commons.compress.utils.ChecksumCalculatingInputStream,LINE;BRANCH;EXCEPTION;WEAKMUTATION;OUTPUT;METHOD;METHODNOEXCEPTION;CBRANCH,0.9361348528015194,124,112
org.jsoup.parser.HtmlTreeBuilderState,LINE;BRANCH;EXCEPTION;WEAKMUTATION;OUTPUT;METHOD;METHODNOEXCEPTION;CBRANCH,0.37777777777777777,3479,2
org.jsoup.parser.Token,LINE;BRANCH;EXCEPTION;WEAKMUTATION;OUTPUT;METHOD;METHODNOEXCEPTION;CBRANCH,0.8041751828651448,598,506
org.jsoup.parser.HtmlTreeBuilder,LINE;BRANCH;EXCEPTION;WEAKMUTATION;OUTPUT;METHOD;METHODNOEXCEPTION;CBRANCH,0.41566801659489894,2261,817
org.apache.commons.compress.archivers.tar.TarUtils,LINE;BRANCH;EXCEPTION;WEAKMUTATION;OUTPUT;METHOD;METHODNOEXCEPTION;CBRANCH,0.5608535737567331,1146,566
org.jsoup.parser.TokeniserState,LINE;BRANCH;EXCEPTION;WEAKMUTATION;OUTPUT;METHOD;METHODNOEXCEPTION;CBRANCH,0.37777777777777777,3402,2
com.google.javascript.jscomp.MaybeReachingVariableUse,LINE;BRANCH;EXCEPTION;WEAKMUTATION;OUTPUT;METHOD;METHODNOEXCEPTION;CBRANCH,0.5265350230867472,364,125
org.jsoup.parser.HtmlTreeBuilderState,LINE;BRANCH;EXCEPTION;WEAKMUTATION;OUTPUT;METHOD;METHODNOEXCEPTION;CBRANCH,0.3338211009443886,3558,5
org.jsoup.parser.XmlTreeBuilder,LINE;BRANCH;EXCEPTION;WEAKMUTATION;OUTPUT;METHOD;METHODNOEXCEPTION;CBRANCH,0.829644938900209,314,239
org.apache.commons.compress.archivers.zip.X5455_ExtendedTimestamp,LINE;BRANCH;EXCEPTION;WEAKMUTATION;OUTPUT;METHOD;METHODNOEXCEPTION;CBRANCH,0.8587407024623489,1012,893
org.jsoup.parser.Tag,LINE;BRANCH;EXCEPTION;WEAKMUTATION;OUTPUT;METHOD;METHODNOEXCEPTION;CBRANCH,0.8925074601226031,586,526
com.google.javascript.jscomp.PeepholeOptimizationsPass,LINE;BRANCH;EXCEPTION;WEAKMUTATION;OUTPUT;METHOD;METHODNOEXCEPTION;CBRANCH,0.694869999281764,308,233
org.jsoup.nodes.Attributes,LINE;BRANCH;EXCEPTION;WEAKMUTATION;OUTPUT;METHOD;METHODNOEXCEPTION;CBRANCH,0.8031490439983868,520,401
org.apache.commons.compress.archivers.zip.ZipArchiveInputStream,LINE;BRANCH;EXCEPTION;WEAKMUTATION;OUTPUT;METHOD;METHODNOEXCEPTION;CBRANCH,0.1751925816394062,1869,104
org.jsoup.nodes.Attribute,LINE;BRANCH;EXCEPTION;WEAKMUTATION;OUTPUT;METHOD;METHODNOEXCEPTION;CBRANCH,0.8770049462444727,409,341
org.jsoup.Jsoup,LINE;BRANCH;EXCEPTION;WEAKMUTATION;OUTPUT;METHOD;METHODNOEXCEPTION;CBRANCH,0.864390243902439,260,135
org.jsoup.nodes.Attribute,LINE;BRANCH;EXCEPTION;WEAKMUTATION;OUTPUT;METHOD;METHODNOEXCEPTION;CBRANCH,0.8728148976099797,409,336
org.jsoup.parser.Parser,LINE;BRANCH;EXCEPTION;WEAKMUTATION;OUTPUT;METHOD;METHODNOEXCEPTION;CBRANCH,0.9022589185379883,260,191
org.jsoup.safety.Cleaner,LINE;BRANCH;EXCEPTION;WEAKMUTATION;OUTPUT;METHOD;METHODNOEXCEPTION;CBRANCH,0.5455569122235789,216,95
org.jsoup.helper.HttpConnection,LINE;BRANCH;EXCEPTION;WEAKMUTATION;OUTPUT;METHOD;METHODNOEXCEPTION;CBRANCH,0.3518138037401265,2475,678
com.google.javascript.jscomp.FlowSensitiveInlineVariables,LINE;BRANCH;EXCEPTION;WEAKMUTATION;OUTPUT;METHOD;METHODNOEXCEPTION;CBRANCH,0.4287662415025319,679,37
org.jsoup.UncheckedIOException,LINE;BRANCH;EXCEPTION;WEAKMUTATION;OUTPUT;METHOD;METHODNOEXCEPTION;CBRANCH,1.0,13,13
org.jsoup.parser.Token,LINE;BRANCH;EXCEPTION;WEAKMUTATION;OUTPUT;METHOD;METHODNOEXCEPTION;CBRANCH,0.844221537599021,608,535
org.jsoup.parser.CharacterReader,LINE;BRANCH;EXCEPTION;WEAKMUTATION;OUTPUT;METHOD;METHODNOEXCEPTION;CBRANCH,0.8148407933443073,1516,1186
com.google.javascript.jscomp.ScopedAliases,LINE;BRANCH;EXCEPTION;WEAKMUTATION;OUTPUT;METHOD;METHODNOEXCEPTION;CBRANCH,0.36742070503112906,783,125
org.jsoup.parser.TokenQueue,LINE;BRANCH;EXCEPTION;WEAKMUTATION;OUTPUT;METHOD;METHODNOEXCEPTION;CBRANCH,0.8896059191886825,1170,995
org.jsoup.select.QueryParser,LINE;BRANCH;EXCEPTION;WEAKMUTATION;OUTPUT;METHOD;METHODNOEXCEPTION;CBRANCH,0.6259651704684817,838,573
org.jsoup.parser.HtmlTreeBuilder,LINE;BRANCH;EXCEPTION;WEAKMUTATION;OUTPUT;METHOD;METHODNOEXCEPTION;CBRANCH,0.40476495220789355,2274,884
com.google.javascript.jscomp.TypedScopeCreator,LINE;BRANCH;EXCEPTION;WEAKMUTATION;OUTPUT;METHOD;METHODNOEXCEPTION;CBRANCH,0.2602538944515994,3294,644
org.jsoup.nodes.Element,LINE;BRANCH;EXCEPTION;WEAKMUTATION;OUTPUT;METHOD;METHODNOEXCEPTION;CBRANCH,0.41242983174957976,2274,311
org.jsoup.parser.ParseSettings,LINE;BRANCH;EXCEPTION;WEAKMUTATION;OUTPUT;METHOD;METHODNOEXCEPTION;CBRANCH,0.9203703703703704,72,60
org.jsoup.parser.Token,LINE;BRANCH;EXCEPTION;WEAKMUTATION;OUTPUT;METHOD;METHODNOEXCEPTION;CBRANCH,0.7747989006415973,636,521
org.jsoup.parser.HtmlTreeBuilderState,LINE;BRANCH;EXCEPTION;WEAKMUTATION;OUTPUT;METHOD;METHODNOEXCEPTION;CBRANCH,0.37777777777777777,3479,2
org.jsoup.parser.XmlTreeBuilder,LINE;BRANCH;EXCEPTION;WEAKMUTATION;OUTPUT;METHOD;METHODNOEXCEPTION;CBRANCH,0.8083011751200488,325,243
org.jsoup.parser.HtmlTreeBuilder,LINE;BRANCH;EXCEPTION;WEAKMUTATION;OUTPUT;METHOD;METHODNOEXCEPTION;CBRANCH,0.4149621400388449,1987,731
org.jsoup.nodes.FormElement,LINE;BRANCH;EXCEPTION;WEAKMUTATION;OUTPUT;METHOD;METHODNOEXCEPTION;CBRANCH,0.5134303863664329,192,70
org.jsoup.parser.Tokeniser,LINE;BRANCH;EXCEPTION;WEAKMUTATION;OUTPUT;METHOD;METHODNOEXCEPTION;CBRANCH,0.7306199740410267,640,415
com.google.javascript.jscomp.type.ChainableReverseAbstractInterpreter,LINE;BRANCH;EXCEPTION;WEAKMUTATION;OUTPUT;METHOD;METHODNOEXCEPTION;CBRANCH,0.4029792083419031,1006,390
org.jsoup.parser.HtmlTreeBuilderState,LINE;BRANCH;EXCEPTION;WEAKMUTATION;OUTPUT;METHOD;METHODNOEXCEPTION;CBRANCH,0.37777777777777777,3590,2
com.google.javascript.jscomp.PeepholeSubstituteAlternateSyntax,LINE;BRANCH;EXCEPTION;WEAKMUTATION;OUTPUT;METHOD;METHODNOEXCEPTION;CBRANCH,0.36225909150997065,3004,262
com.google.javascript.jscomp.CheckSideEffects,LINE;BRANCH;EXCEPTION;WEAKMUTATION;OUTPUT;METHOD;METHODNOEXCEPTION;CBRANCH,0.7179813259054032,399,193
com.google.javascript.jscomp.InlineVariables,LINE;BRANCH;EXCEPTION;WEAKMUTATION;OUTPUT;METHOD;METHODNOEXCEPTION;CBRANCH,0.3062424310651261,1183,45
com.google.javascript.jscomp.CheckAccessControls,LINE;BRANCH;EXCEPTION;WEAKMUTATION;OUTPUT;METHOD;METHODNOEXCEPTION;CBRANCH,0.4609466738344454,1237,188
com.google.javascript.jscomp.PureFunctionIdentifier,LINE;BRANCH;EXCEPTION;WEAKMUTATION;OUTPUT;METHOD;METHODNOEXCEPTION;CBRANCH,0.25431366471054967,1025,152
com.google.javascript.jscomp.CheckSideEffects,LINE;BRANCH;EXCEPTION;WEAKMUTATION;OUTPUT;METHOD;METHODNOEXCEPTION;CBRANCH,0.6522360323551687,443,163
com.google.javascript.jscomp.FunctionToBlockMutator,LINE;BRANCH;EXCEPTION;WEAKMUTATION;OUTPUT;METHOD;METHODNOEXCEPTION;CBRANCH,0.33723148781864243,792,46
com.google.javascript.jscomp.CoalesceVariableNames,LINE;BRANCH;EXCEPTION;WEAKMUTATION;OUTPUT;METHOD;METHODNOEXCEPTION;CBRANCH,0.30219555219555216,704,37
com.google.javascript.jscomp.RenameLabels,LINE;BRANCH;EXCEPTION;WEAKMUTATION;OUTPUT;METHOD;METHODNOEXCEPTION;CBRANCH,0.69443163935208,320,135
com.google.javascript.jscomp.parsing.IRFactory,LINE;BRANCH;EXCEPTION;WEAKMUTATION;OUTPUT;METHOD;METHODNOEXCEPTION;CBRANCH,0.21413446876384426,2942,317
com.google.javascript.jscomp.ScopedAliases,LINE;BRANCH;EXCEPTION;WEAKMUTATION;OUTPUT;METHOD;METHODNOEXCEPTION;CBRANCH,0.34674406103249406,957,133
com.google.javascript.jscomp.CodeConsumer,LINE;BRANCH;EXCEPTION;WEAKMUTATION;OUTPUT;METHOD;METHODNOEXCEPTION;CBRANCH,0.2110321703346089,688,71
com.google.javascript.jscomp.ScopedAliases,LINE;BRANCH;EXCEPTION;WEAKMUTATION;OUTPUT;METHOD;METHODNOEXCEPTION;CBRANCH,0.3771556052197323,663,114
com.google.javascript.jscomp.AbstractCommandLineRunner,LINE;BRANCH;EXCEPTION;WEAKMUTATION;OUTPUT;METHOD;METHODNOEXCEPTION;CBRANCH,0.0,1626,61
com.google.javascript.jscomp.RemoveConstantExpressions,LINE;BRANCH;EXCEPTION;WEAKMUTATION;OUTPUT;METHOD;METHODNOEXCEPTION;CBRANCH,0.8552188552188552,103,87
com.google.javascript.jscomp.PeepholeFoldConstants,LINE;BRANCH;EXCEPTION;WEAKMUTATION;OUTPUT;METHOD;METHODNOEXCEPTION;CBRANCH,0.46341966261761036,4096,491
com.google.javascript.jscomp.TypeInference,LINE;BRANCH;EXCEPTION;WEAKMUTATION;OUTPUT;METHOD;METHODNOEXCEPTION;CBRANCH,0.36766148040290403,2605,337
com.google.javascript.jscomp.ScopedAliases,LINE;BRANCH;EXCEPTION;WEAKMUTATION;OUTPUT;METHOD;METHODNOEXCEPTION;CBRANCH,0.3501987691711012,917,132
com.google.javascript.rhino.jstype.FunctionBuilder,LINE;BRANCH;EXCEPTION;WEAKMUTATION;OUTPUT;METHOD;METHODNOEXCEPTION;CBRANCH,0.9515669515669516,186,148
com.google.javascript.jscomp.DeadAssignmentsElimination,LINE;BRANCH;EXCEPTION;WEAKMUTATION;OUTPUT;METHOD;METHODNOEXCEPTION;CBRANCH,0.3534578238525607,638,29
com.google.javascript.jscomp.type.ClosureReverseAbstractInterpreter,LINE;BRANCH;EXCEPTION;WEAKMUTATION;OUTPUT;METHOD;METHODNOEXCEPTION;CBRANCH,0.571598133175348,327,77
com.google.javascript.jscomp.CodeGenerator,LINE;BRANCH;EXCEPTION;WEAKMUTATION;OUTPUT;METHOD;METHODNOEXCEPTION;CBRANCH,0.3533159672705317,2496,398
com.google.javascript.jscomp.parsing.IRFactory,LINE;BRANCH;EXCEPTION;WEAKMUTATION;OUTPUT;METHOD;METHODNOEXCEPTION;CBRANCH,0.21440514516298848,2925,317
com.google.javascript.jscomp.InlineCostEstimator,LINE;BRANCH;EXCEPTION;WEAKMUTATION;OUTPUT;METHOD;METHODNOEXCEPTION;CBRANCH,0.705679012345679,120,89
com.google.javascript.jscomp.PeepholeFoldConstants,LINE;BRANCH;EXCEPTION;WEAKMUTATION;OUTPUT;METHOD;METHODNOEXCEPTION;CBRANCH,0.45901990392320413,3922,473
com.google.javascript.jscomp.TypedScopeCreator,LINE;BRANCH;EXCEPTION;WEAKMUTATION;OUTPUT;METHOD;METHODNOEXCEPTION;CBRANCH,0.13850372777394326,3142,48
com.google.javascript.jscomp.InlineObjectLiterals,LINE;BRANCH;EXCEPTION;WEAKMUTATION;OUTPUT;METHOD;METHODNOEXCEPTION;CBRANCH,0.3455574792646885,574,17
com.google.javascript.jscomp.CheckGlobalThis,LINE;BRANCH;EXCEPTION;WEAKMUTATION;OUTPUT;METHOD;METHODNOEXCEPTION;CBRANCH,0.4673709775349119,369,61
com.google.javascript.jscomp.Normalize,LINE;BRANCH;EXCEPTION;WEAKMUTATION;OUTPUT;METHOD;METHODNOEXCEPTION;CBRANCH,0.4063807355598245,1780,425
com.google.javascript.jscomp.RuntimeTypeCheck,LINE;BRANCH;EXCEPTION;WEAKMUTATION;OUTPUT;METHOD;METHODNOEXCEPTION;CBRANCH,0.2551517910175154,657,67
com.google.javascript.jscomp.ProcessClosurePrimitives,LINE;BRANCH;EXCEPTION;WEAKMUTATION;OUTPUT;METHOD;METHODNOEXCEPTION;CBRANCH,0.30401028708172495,1696,150
com.google.javascript.jscomp.VarCheck,LINE;BRANCH;EXCEPTION;WEAKMUTATION;OUTPUT;METHOD;METHODNOEXCEPTION;CBRANCH,0.5337558379493863,391,113
com.google.javascript.jscomp.CodeConsumer,LINE;BRANCH;EXCEPTION;WEAKMUTATION;OUTPUT;METHOD;METHODNOEXCEPTION;CBRANCH,0.214038484704917,651,71
com.google.javascript.jscomp.FlowSensitiveInlineVariables,LINE;BRANCH;EXCEPTION;WEAKMUTATION;OUTPUT;METHOD;METHODNOEXCEPTION;CBRANCH,0.42585657900059526,665,30
com.google.javascript.jscomp.PeepholeFoldConstants,LINE;BRANCH;EXCEPTION;WEAKMUTATION;OUTPUT;METHOD;METHODNOEXCEPTION;CBRANCH,0.4594623318406468,2948,302
com.google.javascript.jscomp.MustBeReachingVariableDef,LINE;BRANCH;EXCEPTION;WEAKMUTATION;OUTPUT;METHOD;METHODNOEXCEPTION;CBRANCH,0.37393888910452433,829,149
com.google.javascript.jscomp.NameAnalyzer,LINE;BRANCH;EXCEPTION;WEAKMUTATION;OUTPUT;METHOD;METHODNOEXCEPTION;CBRANCH,0.2803691152300669,2398,380
com.google.javascript.jscomp.SourceMap,LINE;BRANCH;EXCEPTION;WEAKMUTATION;OUTPUT;METHOD;METHODNOEXCEPTION;CBRANCH,0.499285845192278,794,167
com.google.javascript.jscomp.AbstractCommandLineRunner,LINE;BRANCH;EXCEPTION;WEAKMUTATION;OUTPUT;METHOD;METHODNOEXCEPTION;CBRANCH,0.0,1902,126
com.google.javascript.jscomp.parsing.IRFactory,LINE;BRANCH;EXCEPTION;WEAKMUTATION;OUTPUT;METHOD;METHODNOEXCEPTION;CBRANCH,0.21196262940713784,2736,258
com.google.javascript.jscomp.FunctionInjector,LINE;BRANCH;EXCEPTION;WEAKMUTATION;OUTPUT;METHOD;METHODNOEXCEPTION;CBRANCH,0.2669108052379836,1910,160
com.google.javascript.jscomp.CommandLineRunner,LINE;BRANCH;EXCEPTION;WEAKMUTATION;OUTPUT;METHOD;METHODNOEXCEPTION;CBRANCH,0.5340936539306105,407,216
com.google.javascript.rhino.jstype.RecordType,LINE;BRANCH;EXCEPTION;WEAKMUTATION;OUTPUT;METHOD;METHODNOEXCEPTION;CBRANCH,0.7726530311358262,734,496
com.google.debugging.sourcemap.SourceMapConsumerV3,LINE;BRANCH;EXCEPTION;WEAKMUTATION;OUTPUT;METHOD;METHODNOEXCEPTION;CBRANCH,0.21683574455932655,1549,94
com.google.javascript.jscomp.SourceMap,LINE;BRANCH;EXCEPTION;WEAKMUTATION;OUTPUT;METHOD;METHODNOEXCEPTION;CBRANCH,0.2711210999471179,239,12
com.google.javascript.jscomp.TypedScopeCreator,LINE;BRANCH;EXCEPTION;WEAKMUTATION;OUTPUT;METHOD;METHODNOEXCEPTION;CBRANCH,0.25962127008379016,2775,272
com.google.javascript.jscomp.parsing.IRFactory,LINE;BRANCH;EXCEPTION;WEAKMUTATION;OUTPUT;METHOD;METHODNOEXCEPTION;CBRANCH,0.19714080691465166,2553,204
com.google.javascript.jscomp.CodeGenerator,LINE;BRANCH;EXCEPTION;WEAKMUTATION;OUTPUT;METHOD;METHODNOEXCEPTION;CBRANCH,0.3547548972603615,2807,443
com.google.javascript.jscomp.TypedScopeCreator,LINE;BRANCH;EXCEPTION;WEAKMUTATION;OUTPUT;METHOD;METHODNOEXCEPTION;CBRANCH,0.21005381824398656,3110,312
com.google.javascript.jscomp.CommandLineRunner,LINE;BRANCH;EXCEPTION;WEAKMUTATION;OUTPUT;METHOD;METHODNOEXCEPTION;CBRANCH,0.558885214579659,411,222
com.google.javascript.jscomp.DisambiguateProperties,LINE;BRANCH;EXCEPTION;WEAKMUTATION;OUTPUT;METHOD;METHODNOEXCEPTION;CBRANCH,0.0,1828,5
com.google.javascript.jscomp.CodePrinter,LINE;BRANCH;EXCEPTION;WEAKMUTATION;OUTPUT;METHOD;METHODNOEXCEPTION;CBRANCH,0.4808233873331342,1611,465
com.google.javascript.jscomp.TypeInference,LINE;BRANCH;EXCEPTION;WEAKMUTATION;OUTPUT;METHOD;METHODNOEXCEPTION;CBRANCH,0.1633320208983599,2701,18
com.google.javascript.jscomp.PeepholeSubstituteAlternateSyntax,LINE;BRANCH;EXCEPTION;WEAKMUTATION;OUTPUT;METHOD;METHODNOEXCEPTION;CBRANCH,0.43578704010493746,2163,182
com.google.javascript.jscomp.SyntacticScopeCreator,LINE;BRANCH;EXCEPTION;WEAKMUTATION;OUTPUT;METHOD;METHODNOEXCEPTION;CBRANCH,0.44727540040040037,520,92
com.google.javascript.jscomp.CodeConsumer,LINE;BRANCH;EXCEPTION;WEAKMUTATION;OUTPUT;METHOD;METHODNOEXCEPTION;CBRANCH,0.18554770981671567,614,46
com.google.javascript.jscomp.DeadAssignmentsElimination,LINE;BRANCH;EXCEPTION;WEAKMUTATION;OUTPUT;METHOD;METHODNOEXCEPTION;CBRANCH,0.4464934121796867,533,29
com.google.javascript.jscomp.InlineVariables,LINE;BRANCH;EXCEPTION;WEAKMUTATION;OUTPUT;METHOD;METHODNOEXCEPTION;CBRANCH,0.3058941595504733,1204,44
com.google.javascript.jscomp.TypeCheck,LINE;BRANCH;EXCEPTION;WEAKMUTATION;OUTPUT;METHOD;METHODNOEXCEPTION;CBRANCH,0.3804811820720171,3120,513
com.google.javascript.jscomp.CollapseProperties,LINE;BRANCH;EXCEPTION;WEAKMUTATION;OUTPUT;METHOD;METHODNOEXCEPTION;CBRANCH,0.4676298066982818,1560,64
com.google.javascript.jscomp.InlineVariables,LINE;BRANCH;EXCEPTION;WEAKMUTATION;OUTPUT;METHOD;METHODNOEXCEPTION;CBRANCH,0.3452256645761745,1219,70
com.google.javascript.jscomp.InlineObjectLiterals,LINE;BRANCH;EXCEPTION;WEAKMUTATION;OUTPUT;METHOD;METHODNOEXCEPTION;CBRANCH,0.3448087635184409,699,17
com.google.javascript.jscomp.TypedScopeCreator,LINE;BRANCH;EXCEPTION;WEAKMUTATION;OUTPUT;METHOD;METHODNOEXCEPTION;CBRANCH,0.26377318651697895,2634,284
com.google.javascript.jscomp.ExploitAssigns,LINE;BRANCH;EXCEPTION;WEAKMUTATION;OUTPUT;METHOD;METHODNOEXCEPTION;CBRANCH,0.42608619031032824,664,127
com.google.javascript.jscomp.CheckGlobalThis,LINE;BRANCH;EXCEPTION;WEAKMUTATION;OUTPUT;METHOD;METHODNOEXCEPTION;CBRANCH,0.736661138750691,395,242
com.google.javascript.jscomp.CollapseProperties,LINE;BRANCH;EXCEPTION;WEAKMUTATION;OUTPUT;METHOD;METHODNOEXCEPTION;CBRANCH,0.466425031265771,1582,62
com.google.javascript.jscomp.FunctionRewriter,LINE;BRANCH;EXCEPTION;WEAKMUTATION;OUTPUT;METHOD;METHODNOEXCEPTION;CBRANCH,0.2396099927736044,710,98
com.google.javascript.jscomp.ProcessClosurePrimitives,LINE;BRANCH;EXCEPTION;WEAKMUTATION;OUTPUT;METHOD;METHODNOEXCEPTION;CBRANCH,0.31010367271953676,1475,152
com.google.javascript.jscomp.parsing.IRFactory,LINE;BRANCH;EXCEPTION;WEAKMUTATION;OUTPUT;METHOD;METHODNOEXCEPTION;CBRANCH,0.19717881225078648,2776,207
com.google.javascript.jscomp.MinimizeExitPoints,LINE;BRANCH;EXCEPTION;WEAKMUTATION;OUTPUT;METHOD;METHODNOEXCEPTION;CBRANCH,0.5767005267321523,549,111
com.google.javascript.jscomp.NodeUtil,LINE;BRANCH;EXCEPTION;WEAKMUTATION;OUTPUT;METHOD;METHODNOEXCEPTION;CBRANCH,0.21028510625485874,6407,1138
com.google.javascript.jscomp.RenamePrototypes,LINE;BRANCH;EXCEPTION;WEAKMUTATION;OUTPUT;METHOD;METHODNOEXCEPTION;CBRANCH,0.3372409688013136,734,101
com.google.javascript.jscomp.SourceFile,LINE;BRANCH;EXCEPTION;WEAKMUTATION;OUTPUT;METHOD;METHODNOEXCEPTION;CBRANCH,0.7446965619025253,850,598
com.google.javascript.jscomp.UnreachableCodeElimination,LINE;BRANCH;EXCEPTION;WEAKMUTATION;OUTPUT;METHOD;METHODNOEXCEPTION;CBRANCH,0.3639288639288639,312,21
com.google.javascript.jscomp.LiveVariablesAnalysis,LINE;BRANCH;EXCEPTION;WEAKMUTATION;OUTPUT;METHOD;METHODNOEXCEPTION;CBRANCH,0.13603355038075268,440,12
com.google.javascript.jscomp.ReferenceCollectingCallback,LINE;BRANCH;EXCEPTION;WEAKMUTATION;OUTPUT;METHOD;METHODNOEXCEPTION;CBRANCH,0.38020029342047834,932,278
com.google.javascript.jscomp.CheckGlobalThis,LINE;BRANCH;EXCEPTION;WEAKMUTATION;OUTPUT;METHOD;METHODNOEXCEPTION;CBRANCH,0.5429676116318852,360,109
com.google.javascript.jscomp.CollapseProperties,LINE;BRANCH;EXCEPTION;WEAKMUTATION;OUTPUT;METHOD;METHODNOEXCEPTION;CBRANCH,0.46487256566166185,1614,63
com.google.javascript.jscomp.PeepholeFoldConstants,LINE;BRANCH;EXCEPTION;WEAKMUTATION;OUTPUT;METHOD;METHODNOEXCEPTION;CBRANCH,0.4534844911994671,3622,487
com.google.javascript.jscomp.CheckGlobalThis,LINE;BRANCH;EXCEPTION;WEAKMUTATION;OUTPUT;METHOD;METHODNOEXCEPTION;CBRANCH,0.5849944795744254,276,107
com.google.javascript.jscomp.CrossModuleMethodMotion,LINE;BRANCH;EXCEPTION;WEAKMUTATION;OUTPUT;METHOD;METHODNOEXCEPTION;CBRANCH,0.5883155883155884,180,55
com.google.javascript.jscomp.AmbiguateProperties,LINE;BRANCH;EXCEPTION;WEAKMUTATION;OUTPUT;METHOD;METHODNOEXCEPTION;CBRANCH,0.31429936768478434,891,158
com.google.javascript.jscomp.TypedScopeCreator,LINE;BRANCH;EXCEPTION;WEAKMUTATION;OUTPUT;METHOD;METHODNOEXCEPTION;CBRANCH,0.3372260218278387,2290,447
com.google.javascript.rhino.jstype.ArrowType,LINE;BRANCH;EXCEPTION;WEAKMUTATION;OUTPUT;METHOD;METHODNOEXCEPTION;CBRANCH,0.507021387868004,608,270
com.google.javascript.jscomp.TypeCheck,LINE;BRANCH;EXCEPTION;WEAKMUTATION;OUTPUT;METHOD;METHODNOEXCEPTION;CBRANCH,0.1446105919592976,3284,21
com.google.javascript.jscomp.DevirtualizePrototypeMethods,LINE;BRANCH;EXCEPTION;WEAKMUTATION;OUTPUT;METHOD;METHODNOEXCEPTION;CBRANCH,0.4707165193316604,529,28
com.google.javascript.jscomp.AnalyzePrototypeProperties,LINE;BRANCH;EXCEPTION;WEAKMUTATION;OUTPUT;METHOD;METHODNOEXCEPTION;CBRANCH,0.4501783685428146,1030,344
com.google.javascript.rhino.jstype.ObjectType,LINE;BRANCH;EXCEPTION;WEAKMUTATION;OUTPUT;METHOD;METHODNOEXCEPTION;CBRANCH,0.4940145658803529,1621,379
com.google.javascript.jscomp.MethodCompilerPass,LINE;BRANCH;EXCEPTION;WEAKMUTATION;OUTPUT;METHOD;METHODNOEXCEPTION;CBRANCH,0.45115092529207335,488,138
com.google.javascript.rhino.jstype.RecordType,LINE;BRANCH;EXCEPTION;WEAKMUTATION;OUTPUT;METHOD;METHODNOEXCEPTION;CBRANCH,0.7720890339937959,629,423
com.google.javascript.jscomp.parsing.JsDocInfoParser,LINE;BRANCH;EXCEPTION;WEAKMUTATION;OUTPUT;METHOD;METHODNOEXCEPTION;CBRANCH,0.37462367651608963,3378,572
com.google.javascript.jscomp.RenameVars,LINE;BRANCH;EXCEPTION;WEAKMUTATION;OUTPUT;METHOD;METHODNOEXCEPTION;CBRANCH,0.6896785543428368,602,359
com.google.javascript.rhino.jstype.RecordTypeBuilder,LINE;BRANCH;EXCEPTION;WEAKMUTATION;OUTPUT;METHOD;METHODNOEXCEPTION;CBRANCH,0.9501133786848072,103,80
com.google.javascript.jscomp.TypeCheck,LINE;BRANCH;EXCEPTION;WEAKMUTATION;OUTPUT;METHOD;METHODNOEXCEPTION;CBRANCH,0.25907132710449593,3263,476
com.google.javascript.jscomp.MakeDeclaredNamesUnique,LINE;BRANCH;EXCEPTION;WEAKMUTATION;OUTPUT;METHOD;METHODNOEXCEPTION;CBRANCH,0.6329192910577061,679,347
com.google.javascript.rhino.jstype.PrototypeObjectType,LINE;BRANCH;EXCEPTION;WEAKMUTATION;OUTPUT;METHOD;METHODNOEXCEPTION;CBRANCH,0.5688359597490652,1621,682
com.google.javascript.jscomp.NodeUtil,LINE;BRANCH;EXCEPTION;WEAKMUTATION;OUTPUT;METHOD;METHODNOEXCEPTION;CBRANCH,0.30607067139892835,5356,1314
com.google.javascript.jscomp.TypedScopeCreator,LINE;BRANCH;EXCEPTION;WEAKMUTATION;OUTPUT;METHOD;METHODNOEXCEPTION;CBRANCH,0.22490128057090844,2850,309
com.google.javascript.jscomp.Normalize,LINE;BRANCH;EXCEPTION;WEAKMUTATION;OUTPUT;METHOD;METHODNOEXCEPTION;CBRANCH,0.5413085238866571,1237,412
com.google.javascript.jscomp.type.SemanticReverseAbstractInterpreter,LINE;BRANCH;EXCEPTION;WEAKMUTATION;OUTPUT;METHOD;METHODNOEXCEPTION;CBRANCH,0.4422431095787299,1037,306
com.google.javascript.jscomp.ClosureReverseAbstractInterpreter,LINE;BRANCH;EXCEPTION;WEAKMUTATION;OUTPUT;METHOD;METHODNOEXCEPTION;CBRANCH,0.6062349995683329,332,101
com.google.javascript.rhino.jstype.JSType,LINE;BRANCH;EXCEPTION;WEAKMUTATION;OUTPUT;METHOD;METHODNOEXCEPTION;CBRANCH,0.3816261200894788,3065,730
com.google.javascript.jscomp.TypeInference,LINE;BRANCH;EXCEPTION;WEAKMUTATION;OUTPUT;METHOD;METHODNOEXCEPTION;CBRANCH,0.4370096199804311,2317,394
com.google.javascript.jscomp.TypedScopeCreator,LINE;BRANCH;EXCEPTION;WEAKMUTATION;OUTPUT;METHOD;METHODNOEXCEPTION;CBRANCH,0.21368027982767013,3356,317
com.google.javascript.jscomp.Normalize,LINE;BRANCH;EXCEPTION;WEAKMUTATION;OUTPUT;METHOD;METHODNOEXCEPTION;CBRANCH,0.5987982649950069,1226,509
com.google.javascript.rhino.jstype.ArrowType,LINE;BRANCH;EXCEPTION;WEAKMUTATION;OUTPUT;METHOD;METHODNOEXCEPTION;CBRANCH,0.7080039990095306,760,476
com.google.javascript.rhino.jstype.FunctionType,LINE;BRANCH;EXCEPTION;WEAKMUTATION;OUTPUT;METHOD;METHODNOEXCEPTION;CBRANCH,0.39821303330466634,3309,1057
com.google.javascript.rhino.jstype.JSType,LINE;BRANCH;EXCEPTION;WEAKMUTATION;OUTPUT;METHOD;METHODNOEXCEPTION;CBRANCH,0.3663737698539381,3364,756
com.google.javascript.rhino.jstype.RecordType,LINE;BRANCH;EXCEPTION;WEAKMUTATION;OUTPUT;METHOD;METHODNOEXCEPTION;CBRANCH,0.7885202326791605,669,459
com.google.javascript.rhino.jstype.UnionType,LINE;BRANCH;EXCEPTION;WEAKMUTATION;OUTPUT;METHOD;METHODNOEXCEPTION;CBRANCH,0.759967031903744,1572,1033
com.google.javascript.jscomp.FlowSensitiveInlineVariables,LINE;BRANCH;EXCEPTION;WEAKMUTATION;OUTPUT;METHOD;METHODNOEXCEPTION;CBRANCH,0.40968945125312345,722,37
com.google.javascript.jscomp.TypeInference,LINE;BRANCH;EXCEPTION;WEAKMUTATION;OUTPUT;METHOD;METHODNOEXCEPTION;CBRANCH,0.14563101256746863,3034,14
com.google.javascript.jscomp.TypedScopeCreator,LINE;BRANCH;EXCEPTION;WEAKMUTATION;OUTPUT;METHOD;METHODNOEXCEPTION;CBRANCH,0.24745739422749324,3486,372
com.google.javascript.jscomp.TypedScopeCreator,LINE;BRANCH;EXCEPTION;WEAKMUTATION;OUTPUT;METHOD;METHODNOEXCEPTION;CBRANCH,0.22809380349712427,3503,449
com.google.javascript.jscomp.CodeGenerator,LINE;BRANCH;EXCEPTION;WEAKMUTATION;OUTPUT;METHOD;METHODNOEXCEPTION;CBRANCH,0.3890805501601021,2932,461
com.google.javascript.jscomp.PeepholeSubstituteAlternateSyntax,LINE;BRANCH;EXCEPTION;WEAKMUTATION;OUTPUT;METHOD;METHODNOEXCEPTION;CBRANCH,0.4411783813271839,1551,230
com.google.javascript.jscomp.JsAst,LINE;BRANCH;EXCEPTION;WEAKMUTATION;OUTPUT;METHOD;METHODNOEXCEPTION;CBRANCH,0.9013209013209013,215,136
com.google.javascript.jscomp.ScopedAliases,LINE;BRANCH;EXCEPTION;WEAKMUTATION;OUTPUT;METHOD;METHODNOEXCEPTION;CBRANCH,0.3521544889457726,906,135
com.google.javascript.jscomp.FunctionInjector,LINE;BRANCH;EXCEPTION;WEAKMUTATION;OUTPUT;METHOD;METHODNOEXCEPTION;CBRANCH,0.3213679519450713,1893,204
org.jfree.data.general.DatasetUtilities,LINE;BRANCH;EXCEPTION;WEAKMUTATION;OUTPUT;METHOD;METHODNOEXCEPTION;CBRANCH,0.3802132558449341,3239,824
org.jfree.chart.plot.PiePlot,LINE;BRANCH;EXCEPTION;WEAKMUTATION;OUTPUT;METHOD;METHODNOEXCEPTION;CBRANCH,0.3133877782390374,2949,560
org.jfree.data.time.TimeSeries,LINE;BRANCH;EXCEPTION;WEAKMUTATION;OUTPUT;METHOD;METHODNOEXCEPTION;CBRANCH,0.5950281156683356,1517,870
com.google.javascript.jscomp.CheckSideEffects,LINE;BRANCH;EXCEPTION;WEAKMUTATION;OUTPUT;METHOD;METHODNOEXCEPTION;CBRANCH,0.6565416299593515,444,163
com.google.javascript.jscomp.PeepholeFoldConstants,LINE;BRANCH;EXCEPTION;WEAKMUTATION;OUTPUT;METHOD;METHODNOEXCEPTION;CBRANCH,0.47307959504383085,3645,620
com.google.javascript.jscomp.ProcessCommonJSModules,LINE;BRANCH;EXCEPTION;WEAKMUTATION;OUTPUT;METHOD;METHODNOEXCEPTION;CBRANCH,0.6952990715671875,425,259
com.google.javascript.rhino.IR,LINE;BRANCH;EXCEPTION;WEAKMUTATION;OUTPUT;METHOD;METHODNOEXCEPTION;CBRANCH,0.4109537178865055,12454,1881
com.google.javascript.jscomp.parsing.JsDocInfoParser,LINE;BRANCH;EXCEPTION;WEAKMUTATION;OUTPUT;METHOD;METHODNOEXCEPTION;CBRANCH,0.377437077784973,3584,651
com.google.javascript.rhino.jstype.PrototypeObjectType,LINE;BRANCH;EXCEPTION;WEAKMUTATION;OUTPUT;METHOD;METHODNOEXCEPTION;CBRANCH,0.5765859849209635,1600,723
com.google.javascript.rhino.jstype.PrototypeObjectType,LINE;BRANCH;EXCEPTION;WEAKMUTATION;OUTPUT;METHOD;METHODNOEXCEPTION;CBRANCH,0.5733658800069565,1537,653
com.google.javascript.jscomp.NameAnalyzer,LINE;BRANCH;EXCEPTION;WEAKMUTATION;OUTPUT;METHOD;METHODNOEXCEPTION;CBRANCH,0.31975544159478136,2648,578
com.google.javascript.jscomp.FunctionTypeBuilder,LINE;BRANCH;EXCEPTION;WEAKMUTATION;OUTPUT;METHOD;METHODNOEXCEPTION;CBRANCH,0.4971891759823066,1346,435
com.google.javascript.jscomp.RemoveUnusedVars,LINE;BRANCH;EXCEPTION;WEAKMUTATION;OUTPUT;METHOD;METHODNOEXCEPTION;CBRANCH,0.35168853111939274,1486,168
com.google.javascript.jscomp.TypedScopeCreator,LINE;BRANCH;EXCEPTION;WEAKMUTATION;OUTPUT;METHOD;METHODNOEXCEPTION;CBRANCH,0.25143319997203384,3108,350
com.google.javascript.jscomp.MakeDeclaredNamesUnique,LINE;BRANCH;EXCEPTION;WEAKMUTATION;OUTPUT;METHOD;METHODNOEXCEPTION;CBRANCH,0.6250827720835102,794,413
com.google.javascript.jscomp.PeepholeReplaceKnownMethods,LINE;BRANCH;EXCEPTION;WEAKMUTATION;OUTPUT;METHOD;METHODNOEXCEPTION;CBRANCH,0.4405389198255491,1833,112
com.google.javascript.jscomp.CodeGenerator,LINE;BRANCH;EXCEPTION;WEAKMUTATION;OUTPUT;METHOD;METHODNOEXCEPTION;CBRANCH,0.3867407933720312,2887,595
com.google.javascript.jscomp.ClosureCodingConvention,LINE;BRANCH;EXCEPTION;WEAKMUTATION;OUTPUT;METHOD;METHODNOEXCEPTION;CBRANCH,0.5027572145182405,887,262
com.google.javascript.jscomp.NodeUtil,LINE;BRANCH;EXCEPTION;WEAKMUTATION;OUTPUT;METHOD;METHODNOEXCEPTION;CBRANCH,0.23798218869412813,7724,1268
com.google.javascript.jscomp.CodeGenerator,LINE;BRANCH;EXCEPTION;WEAKMUTATION;OUTPUT;METHOD;METHODNOEXCEPTION;CBRANCH,0.3594185904446177,2884,595
com.google.javascript.jscomp.CodeGenerator,LINE;BRANCH;EXCEPTION;WEAKMUTATION;OUTPUT;METHOD;METHODNOEXCEPTION;CBRANCH,0.3890459188428266,2859,503
com.google.javascript.jscomp.CodeGenerator,LINE;BRANCH;EXCEPTION;WEAKMUTATION;OUTPUT;METHOD;METHODNOEXCEPTION;CBRANCH,0.4049932711144354,2760,583
com.google.javascript.jscomp.CommandLineRunner,LINE;BRANCH;EXCEPTION;WEAKMUTATION;OUTPUT;METHOD;METHODNOEXCEPTION;CBRANCH,0.5907500592165713,428,236
com.google.javascript.jscomp.UnreachableCodeElimination,LINE;BRANCH;EXCEPTION;WEAKMUTATION;OUTPUT;METHOD;METHODNOEXCEPTION;CBRANCH,0.6470304727532303,333,176
com.google.javascript.jscomp.NodeUtil,LINE;BRANCH;EXCEPTION;WEAKMUTATION;OUTPUT;METHOD;METHODNOEXCEPTION;CBRANCH,0.2744503499998852,6795,1613
com.google.javascript.jscomp.FunctionTypeBuilder,LINE;BRANCH;EXCEPTION;WEAKMUTATION;OUTPUT;METHOD;METHODNOEXCEPTION;CBRANCH,0.5016415478791061,1299,412
com.google.javascript.jscomp.TypedScopeCreator,LINE;BRANCH;EXCEPTION;WEAKMUTATION;OUTPUT;METHOD;METHODNOEXCEPTION;CBRANCH,0.27016834227866127,2779,307
com.google.javascript.jscomp.TypeCheck,LINE;BRANCH;EXCEPTION;WEAKMUTATION;OUTPUT;METHOD;METHODNOEXCEPTION;CBRANCH,0.3853326806445448,3002,521
com.google.javascript.jscomp.PeepholeFoldConstants,LINE;BRANCH;EXCEPTION;WEAKMUTATION;OUTPUT;METHOD;METHODNOEXCEPTION;CBRANCH,0.4850689875369663,2880,393
com.google.javascript.jscomp.CommandLineRunner,LINE;BRANCH;EXCEPTION;WEAKMUTATION;OUTPUT;METHOD;METHODNOEXCEPTION;CBRANCH,0.5474898602622371,352,188
com.google.javascript.jscomp.Normalize,LINE;BRANCH;EXCEPTION;WEAKMUTATION;OUTPUT;METHOD;METHODNOEXCEPTION;CBRANCH,0.4752523290814079,1216,359
com.google.javascript.jscomp.ControlFlowAnalysis,LINE;BRANCH;EXCEPTION;WEAKMUTATION;OUTPUT;METHOD;METHODNOEXCEPTION;CBRANCH,0.5238443915665246,2035,523
com.google.javascript.jscomp.DisambiguateProperties,LINE;BRANCH;EXCEPTION;WEAKMUTATION;OUTPUT;METHOD;METHODNOEXCEPTION;CBRANCH,0.2805258823379576,1534,231
