CMD: /usr/lib/jvm/java-8-openjdk-amd64/bin/java -Dtools_jar_location=/usr/lib/jvm/java-8-openjdk-amd64/lib/tools.jar -jar /home/user/TestRound2/evosuite-1.2.0.jar -generateSuite -class org.mockito.internal.creation.instance.ConstructorInstantiator -projectCP /home/user/TestRound2/Test/Mockito-21b/build/classes/java/main:/home/user/defects4j/framework/projects/Mockito/lib/asm-all-5.0.4.jar:/home/user/defects4j/framework/projects/Mockito/lib/assertj-core-2.1.0.jar:/home/user/defects4j/framework/projects/Mockito/lib/cglib-and-asm-1.0.jar:/home/user/defects4j/framework/projects/Mockito/lib/cobertura-2.0.3.jar:/home/user/defects4j/framework/projects/Mockito/lib/fest-assert-1.3.jar:/home/user/defects4j/framework/projects/Mockito/lib/fest-util-1.1.4.jar:/home/user/defects4j/framework/projects/Mockito/lib/hamcrest-all-1.3.jar:/home/user/defects4j/framework/projects/Mockito/lib/hamcrest-core-1.1.jar:/home/user/defects4j/framework/projects/Mockito/lib/objenesis-2.1.jar:/home/user/defects4j/framework/projects/Mockito/lib/objenesis-2.2.jar:/home/user/defects4j/framework/projects/Mockito/lib/powermock-reflect-1.2.5.jar -base_dir /home/user/TestRound2/results/project-Mockito/Mockito-21/round03/evosuite-work -seed 11 -Dalgorithm=NSGAII -Dsearch_budget=60 -Dtest_format=JUNIT4 -Dassertions=true

* EvoSuite 1.2.0
* Going to generate test cases for class: org.mockito.internal.creation.instance.ConstructorInstantiator
* Starting Client-0
* Connecting to master process on port 8220
* Analyzing classpath: 
  - /home/user/TestRound2/Test/Mockito-21b/build/classes/java/main
  - /home/user/defects4j/framework/projects/Mockito/lib/asm-all-5.0.4.jar
  - /home/user/defects4j/framework/projects/Mockito/lib/assertj-core-2.1.0.jar
  - /home/user/defects4j/framework/projects/Mockito/lib/cglib-and-asm-1.0.jar
  - /home/user/defects4j/framework/projects/Mockito/lib/cobertura-2.0.3.jar
  - /home/user/defects4j/framework/projects/Mockito/lib/fest-assert-1.3.jar
  - /home/user/defects4j/framework/projects/Mockito/lib/fest-util-1.1.4.jar
  - /home/user/defects4j/framework/projects/Mockito/lib/hamcrest-all-1.3.jar
  - /home/user/defects4j/framework/projects/Mockito/lib/hamcrest-core-1.1.jar
  - /home/user/defects4j/framework/projects/Mockito/lib/objenesis-2.1.jar
  - /home/user/defects4j/framework/projects/Mockito/lib/objenesis-2.2.jar
  - /home/user/defects4j/framework/projects/Mockito/lib/powermock-reflect-1.2.5.jar
* Finished analyzing classpath
* Generating tests for class org.mockito.internal.creation.instance.ConstructorInstantiator
* Test criteria:
  - Line Coverage
  - Branch Coverage
  - Exception
  - Mutation testing (weak)
  - Method-Output Coverage
  - Top-Level Method Coverage
  - No-Exception Top-Level Method Coverage
  - Context Branch Coverage
* Setting up search algorithm for whole suite generation
* Total number of test goals: 
  - Line 16
  - Branch 6
  - Exception 0
  - MutationFactory 9
  - Output 2
  - Method 2
  - MethodNoException 2
  - CBranchFitnessFactory 6

[Progress:>                             0%] [Cov:>                                  0%]* Using seed 11
* Starting evolution

[Progress:>                             0%] [Cov:>                                  0%]
[Progress:>                             0%] [Cov:==>                                7%]
[Progress:>                             0%] [Cov:===>                               11%]
[Progress:>                             0%] [Cov:=====>                             16%]
[Progress:>                             0%] [Cov:========>                          24%]
[Progress:>                             0%] [Cov:=========>                         28%]
[Progress:>                             0%] [Cov:============>                      36%]
[Progress:>                             0%] [Cov:=============>                     39%]
[Progress:>                             0%] [Cov:==================>                52%]
[Progress:>                             0%] [Cov:======================>            63%]
[Progress:>                             0%] [Cov:========================>          69%]
[Progress:>                             0%] [Cov:==========================>        76%]
[Progress:>                             0%] [Cov:============================>      80%]
[Progress:>                             0%] [Cov:===============================>   91%]
[Progress:>                             1%] [Cov:==>                                7%]
[Progress:>                             1%] [Cov:========>                          24%]
[Progress:>                             1%] [Cov:============>                      36%]
[Progress:>                             1%] [Cov:==================>                52%]
[Progress:>                             1%] [Cov:======================>            63%]
[Progress:>                             1%] [Cov:========================>          69%]
[Progress:>                             1%] [Cov:==========================>        76%]
[Progress:>                             1%] [Cov:============================>      80%]
[Progress:>                             1%] [Cov:===============================>   91%]
[Progress:>                             1%] [Cov:===============================>   91%]
[Progress:>                             1%] [Cov:===============================>   91%]
[Progress:>                             1%] [Cov:===============================>   91%]
[Progress:>                             1%] [Cov:===============================>   91%]
[Progress:>                             3%] [Cov:===============================>   91%]
[Progress:>                             3%] [Cov:===============================>   91%]
[Progress:>                             3%] [Cov:===============================>   91%]
[Progress:>                             3%] [Cov:===============================>   91%]
[Progress:>                             3%] [Cov:===============================>   91%]
[Progress:>                             3%] [Cov:===============================>   91%]
[Progress:>                             3%] [Cov:===============================>   91%]
[Progress:>                             3%] [Cov:===============================>   91%]
[Progress:>                             3%] [Cov:===============================>   91%]
[Progress:>                             3%] [Cov:===============================>   91%]
[Progress:>                             3%] [Cov:===============================>   91%]
[Progress:=>                            5%] [Cov:===============================>   91%]
[Progress:=>                            5%] [Cov:===============================>   91%]
[Progress:=>                            5%] [Cov:===============================>   91%]
[Progress:=>                            5%] [Cov:===============================>   91%]
[Progress:=>                            5%] [Cov:===============================>   91%]
[Progress:=>                            5%] [Cov:===============================>   91%]
[Progress:=>                            5%] [Cov:===============================>   91%]
[Progress:=>                            5%] [Cov:===============================>   91%]
[Progress:=>                            5%] [Cov:===============================>   91%]
[Progress:=>                            5%] [Cov:===============================>   91%]
[Progress:=>                            5%] [Cov:===============================>   91%]
[Progress:=>                            5%] [Cov:==============================>    86%]
[Progress:=>                            5%] [Cov:===============================>   91%]
[Progress:=>                            5%] [Cov:==============================>    86%]
[Progress:=>                            5%] [Cov:===============================>   91%]
[Progress:=>                            6%] [Cov:===============================>   91%]
[Progress:=>                            6%] [Cov:==============================>    86%]
[Progress:=>                            6%] [Cov:===============================>   91%]
[Progress:=>                            6%] [Cov:==============================>    86%]
[Progress:=>                            6%] [Cov:===============================>   91%]
[Progress:=>                            6%] [Cov:===============================>   91%]
[Progress:=>                            6%] [Cov:===============================>   91%]
[Progress:=>                            6%] [Cov:===============================>   91%]
[Progress:=>                            6%] [Cov:===============================>   91%]
[Progress:=>                            6%] [Cov:===============================>   91%]
[Progress:=>                            6%] [Cov:===============================>   91%]
[Progress:=>                            6%] [Cov:===============================>   91%]
[Progress:=>                            6%] [Cov:===============================>   91%]
[Progress:=>                            6%] [Cov:===============================>   91%]
[Progress:=>                            6%] [Cov:===============================>   91%]
[Progress:=>                            6%] [Cov:===============================>   91%]
[Progress:=>                            6%] [Cov:===============================>   91%]
[Progress:=>                            6%] [Cov:===============================>   91%]
[Progress:=>                            6%] [Cov:===============================>   91%]
[Progress:==>                           8%] [Cov:===============================>   91%]
[Progress:==>                           8%] [Cov:===============================>   91%]
[Progress:==>                           8%] [Cov:===============================>   91%]
[Progress:==>                           8%] [Cov:===============================>   91%]
[Progress:==>                           8%] [Cov:===============================>   91%]
[Progress:==>                           8%] [Cov:===============================>   91%]
[Progress:==>                           8%] [Cov:===============================>   91%]
[Progress:==>                           8%] [Cov:===============================>   91%]
[Progress:==>                           8%] [Cov:===============================>   91%]
[Progress:==>                           8%] [Cov:===============================>   91%]
[Progress:==>                           8%] [Cov:===============================>   91%]
[Progress:==>                           8%] [Cov:===============================>   91%]
[Progress:==>                           8%] [Cov:===============================>   91%]
[Progress:==>                           8%] [Cov:===============================>   91%]
[Progress:==>                           8%] [Cov:===============================>   91%]
[Progress:==>                           8%] [Cov:===============================>   91%]
[Progress:==>                           8%] [Cov:===============================>   91%]
[Progress:==>                           8%] [Cov:===============================>   91%]
[Progress:===>                          10%] [Cov:===============================>   91%]
[Progress:===>                          10%] [Cov:===============================>   91%]
[Progress:===>                          10%] [Cov:===============================>   91%]
[Progress:===>                          10%] [Cov:===============================>   91%]
[Progress:===>                          10%] [Cov:===============================>   91%]
[Progress:===>                          10%] [Cov:===============================>   91%]
[Progress:===>                          10%] [Cov:===============================>   91%]
[Progress:===>                          10%] [Cov:===============================>   91%]
[Progress:===>                          10%] [Cov:===============================>   91%]
[Progress:===>                          10%] [Cov:===============================>   91%]
[Progress:===>                          10%] [Cov:===============================>   91%]
[Progress:===>                          10%] [Cov:===============================>   91%]
[Progress:===>                          10%] [Cov:===============================>   91%]
[Progress:===>                          10%] [Cov:===============================>   91%]
[Progress:===>                          10%] [Cov:===============================>   91%]
[Progress:===>                          10%] [Cov:===============================>   91%]
[Progress:===>                          10%] [Cov:===============================>   91%]
[Progress:===>                          10%] [Cov:===============================>   91%]
[Progress:===>                          10%] [Cov:===============================>   91%]
[Progress:===>                          10%] [Cov:===============================>   91%]
[Progress:===>                          10%] [Cov:===============================>   91%]
[Progress:===>                          10%] [Cov:===============================>   91%]
[Progress:===>                          11%] [Cov:===============================>   91%]
[Progress:===>                          11%] [Cov:===============================>   91%]
[Progress:===>                          11%] [Cov:===============================>   91%]
[Progress:===>                          11%] [Cov:===============================>   91%]
[Progress:===>                          11%] [Cov:===============================>   91%]
[Progress:===>                          11%] [Cov:===============================>   91%]
[Progress:===>                          11%] [Cov:===============================>   91%]
[Progress:===>                          11%] [Cov:===============================>   91%]
[Progress:===>                          11%] [Cov:===============================>   91%]
[Progress:===>                          11%] [Cov:===============================>   91%]
[Progress:===>                          11%] [Cov:===============================>   91%]
[Progress:===>                          11%] [Cov:===============================>   91%]
[Progress:===>                          11%] [Cov:===============================>   91%]
[Progress:===>                          11%] [Cov:===============================>   91%]
[Progress:===>                          11%] [Cov:===============================>   91%]
[Progress:===>                          11%] [Cov:===============================>   91%]
[Progress:===>                          11%] [Cov:===============================>   91%]
[Progress:===>                          11%] [Cov:===============================>   91%]
[Progress:===>                          11%] [Cov:===============================>   91%]
[Progress:===>                          11%] [Cov:===============================>   91%]
[Progress:===>                          13%] [Cov:===============================>   91%]
[Progress:===>                          13%] [Cov:===============================>   91%]
[Progress:===>                          13%] [Cov:===============================>   91%]
[Progress:===>                          13%] [Cov:===============================>   91%]
[Progress:===>                          13%] [Cov:===============================>   91%]
[Progress:===>                          13%] [Cov:===============================>   91%]
[Progress:===>                          13%] [Cov:===============================>   91%]
[Progress:===>                          13%] [Cov:===============================>   91%]
[Progress:===>                          13%] [Cov:===============================>   91%]
[Progress:===>                          13%] [Cov:===============================>   91%]
[Progress:===>                          13%] [Cov:===============================>   91%]
[Progress:===>                          13%] [Cov:===============================>   91%]
[Progress:===>                          13%] [Cov:===============================>   91%]
[Progress:===>                          13%] [Cov:===============================>   91%]
[Progress:===>                          13%] [Cov:===============================>   91%]
[Progress:====>                         15%] [Cov:===============================>   91%]
[Progress:====>                         15%] [Cov:===============================>   91%]
[Progress:====>                         15%] [Cov:===============================>   91%]
[Progress:====>                         15%] [Cov:===============================>   91%]
[Progress:====>                         15%] [Cov:===============================>   91%]
[Progress:====>                         15%] [Cov:===============================>   91%]
[Progress:====>                         15%] [Cov:===============================>   91%]
[Progress:====>                         15%] [Cov:===============================>   91%]
[Progress:====>                         15%] [Cov:===============================>   91%]
[Progress:====>                         15%] [Cov:===============================>   91%]
[Progress:====>                         15%] [Cov:===============================>   91%]
[Progress:====>                         15%] [Cov:===============================>   91%]
[Progress:====>                         15%] [Cov:===============================>   91%]
[Progress:====>                         15%] [Cov:===============================>   91%]
[Progress:====>                         15%] [Cov:===============================>   91%]
[Progress:====>                         15%] [Cov:===============================>   91%]
[Progress:====>                         16%] [Cov:===============================>   91%]
[Progress:====>                         16%] [Cov:===============================>   91%]
[Progress:====>                         16%] [Cov:===============================>   91%]
[Progress:====>                         16%] [Cov:===============================>   91%]
[Progress:====>                         16%] [Cov:===============================>   91%]
[Progress:====>                         16%] [Cov:===============================>   91%]
[Progress:====>                         16%] [Cov:===============================>   91%]
[Progress:====>                         16%] [Cov:===============================>   91%]
[Progress:====>                         16%] [Cov:===============================>   91%]
[Progress:====>                         16%] [Cov:===============================>   91%]
[Progress:====>                         16%] [Cov:===============================>   91%]
[Progress:====>                         16%] [Cov:===============================>   91%]
[Progress:====>                         16%] [Cov:===============================>   91%]
[Progress:====>                         16%] [Cov:===============================>   91%]
[Progress:====>                         16%] [Cov:===============================>   91%]
[Progress:====>                         16%] [Cov:===============================>   91%]
[Progress:====>                         16%] [Cov:===============================>   91%]
[Progress:=====>                        18%] [Cov:===============================>   91%]
[Progress:=====>                        18%] [Cov:===============================>   91%]
[Progress:=====>                        18%] [Cov:===============================>   91%]
[Progress:=====>                        18%] [Cov:===============================>   91%]
[Progress:=====>                        18%] [Cov:===============================>   91%]
[Progress:=====>                        18%] [Cov:===============================>   91%]
[Progress:=====>                        18%] [Cov:===============================>   91%]
[Progress:=====>                        18%] [Cov:===============================>   91%]
[Progress:=====>                        18%] [Cov:===============================>   91%]
[Progress:=====>                        18%] [Cov:===============================>   91%]
[Progress:=====>                        18%] [Cov:===============================>   91%]
[Progress:=====>                        18%] [Cov:===============================>   91%]
[Progress:=====>                        18%] [Cov:===============================>   91%]
[Progress:=====>                        18%] [Cov:===============================>   91%]
[Progress:=====>                        18%] [Cov:===============================>   91%]
[Progress:=====>                        18%] [Cov:===============================>   91%]
[Progress:=====>                        18%] [Cov:===============================>   91%]
[Progress:=====>                        18%] [Cov:===============================>   91%]
[Progress:=====>                        18%] [Cov:===============================>   91%]
[Progress:=====>                        18%] [Cov:===============================>   91%]
[Progress:=====>                        18%] [Cov:===============================>   91%]
[Progress:=====>                        18%] [Cov:===============================>   91%]
[Progress:=====>                        18%] [Cov:===============================>   91%]
[Progress:=====>                        18%] [Cov:===============================>   91%]
[Progress:=====>                        18%] [Cov:===============================>   91%]
[Progress:======>                       20%] [Cov:==============================>    87%]
[Progress:======>                       20%] [Cov:===============================>   91%]
[Progress:======>                       20%] [Cov:===============================>   91%]
[Progress:======>                       20%] [Cov:===============================>   91%]
[Progress:======>                       20%] [Cov:===============================>   91%]
[Progress:======>                       20%] [Cov:===============================>   91%]
[Progress:======>                       20%] [Cov:===============================>   91%]
[Progress:======>                       20%] [Cov:===============================>   91%]
[Progress:======>                       20%] [Cov:===============================>   91%]
[Progress:======>                       20%] [Cov:===============================>   91%]
[Progress:======>                       20%] [Cov:===============================>   91%]
[Progress:======>                       20%] [Cov:===============================>   91%]
[Progress:======>                       20%] [Cov:===============================>   91%]
[Progress:======>                       20%] [Cov:===============================>   91%]
[Progress:======>                       20%] [Cov:===============================>   91%]
[Progress:======>                       20%] [Cov:===============================>   91%]
[Progress:======>                       20%] [Cov:===============================>   91%]
[Progress:======>                       20%] [Cov:===============================>   91%]
[Progress:======>                       20%] [Cov:===============================>   91%]
[Progress:======>                       20%] [Cov:===============================>   91%]
[Progress:======>                       20%] [Cov:===============================>   91%]
[Progress:======>                       20%] [Cov:===============================>   91%]
[Progress:======>                       20%] [Cov:===============================>   91%]
[Progress:======>                       21%] [Cov:===============================>   91%]
[Progress:======>                       21%] [Cov:===============================>   91%]
[Progress:======>                       21%] [Cov:===============================>   91%]
[Progress:======>                       21%] [Cov:===============================>   91%]
[Progress:======>                       21%] [Cov:===============================>   91%]
[Progress:======>                       21%] [Cov:===============================>   91%]
[Progress:======>                       21%] [Cov:===============================>   91%]
[Progress:======>                       21%] [Cov:===============================>   91%]
[Progress:======>                       21%] [Cov:===============================>   91%]
[Progress:======>                       21%] [Cov:===============================>   91%]
[Progress:======>                       21%] [Cov:===============================>   91%]
[Progress:======>                       21%] [Cov:===============================>   91%]
[Progress:======>                       21%] [Cov:===============================>   91%]
[Progress:======>                       21%] [Cov:===============================>   91%]
[Progress:======>                       21%] [Cov:===============================>   91%]
[Progress:======>                       21%] [Cov:===============================>   91%]
[Progress:======>                       21%] [Cov:===============================>   91%]
[Progress:======>                       21%] [Cov:==============================>    86%]
[Progress:======>                       21%] [Cov:===============================>   91%]
[Progress:======>                       21%] [Cov:==============================>    86%]
[Progress:======>                       21%] [Cov:===============================>   91%]
[Progress:======>                       21%] [Cov:==============================>    86%]
[Progress:======>                       21%] [Cov:===============================>   91%]
[Progress:======>                       21%] [Cov:==============================>    86%]
[Progress:======>                       21%] [Cov:===============================>   91%]
[Progress:======>                       21%] [Cov:==============================>    86%]
[Progress:======>                       21%] [Cov:===============================>   91%]
[Progress:======>                       21%] [Cov:==============================>    86%]
[Progress:======>                       21%] [Cov:===============================>   91%]
[Progress:======>                       21%] [Cov:==============================>    86%]
[Progress:======>                       21%] [Cov:===============================>   91%]
[Progress:======>                       21%] [Cov:==============================>    86%]
[Progress:======>                       21%] [Cov:===============================>   89%]
[Progress:======>                       21%] [Cov:===============================>   91%]
[Progress:======>                       23%] [Cov:===============================>   91%]
[Progress:======>                       23%] [Cov:==============================>    86%]
[Progress:======>                       23%] [Cov:===============================>   91%]
[Progress:======>                       23%] [Cov:==============================>    86%]
[Progress:======>                       23%] [Cov:===============================>   91%]
[Progress:======>                       23%] [Cov:==============================>    86%]
[Progress:======>                       23%] [Cov:===============================>   91%]
[Progress:======>                       23%] [Cov:==============================>    86%]
[Progress:======>                       23%] [Cov:===============================>   91%]
[Progress:======>                       23%] [Cov:==============================>    86%]
[Progress:======>                       23%] [Cov:===============================>   91%]
[Progress:======>                       23%] [Cov:==============================>    86%]
[Progress:======>                       23%] [Cov:==============================>    87%]
[Progress:======>                       23%] [Cov:===============================>   91%]
[Progress:======>                       23%] [Cov:==============================>    86%]
[Progress:======>                       23%] [Cov:===============================>   91%]
[Progress:======>                       23%] [Cov:==============================>    86%]
[Progress:======>                       23%] [Cov:===============================>   91%]
[Progress:======>                       23%] [Cov:==============================>    86%]
[Progress:======>                       23%] [Cov:===============================>   91%]
[Progress:======>                       23%] [Cov:==============================>    86%]
[Progress:======>                       23%] [Cov:===============================>   91%]
[Progress:======>                       23%] [Cov:==============================>    86%]
[Progress:======>                       23%] [Cov:===============================>   91%]
[Progress:======>                       23%] [Cov:==============================>    86%]
[Progress:======>                       23%] [Cov:===============================>   91%]
[Progress:======>                       23%] [Cov:==============================>    86%]
[Progress:======>                       23%] [Cov:===============================>   91%]
[Progress:======>                       23%] [Cov:==============================>    86%]
[Progress:======>                       23%] [Cov:===============================>   91%]
[Progress:======>                       23%] [Cov:==============================>    86%]
[Progress:======>                       23%] [Cov:===============================>   91%]
[Progress:======>                       23%] [Cov:==============================>    86%]
[Progress:======>                       23%] [Cov:===============================>   91%]
[Progress:======>                       23%] [Cov:==============================>    86%]
[Progress:======>                       23%] [Cov:===============================>   91%]
[Progress:=======>                      25%] [Cov:===============================>   91%]
[Progress:=======>                      25%] [Cov:==============================>    86%]
[Progress:=======>                      25%] [Cov:===============================>   91%]
[Progress:=======>                      25%] [Cov:==============================>    86%]
[Progress:=======>                      25%] [Cov:===============================>   91%]
[Progress:=======>                      25%] [Cov:==============================>    86%]
[Progress:=======>                      25%] [Cov:==============================>    87%]
[Progress:=======>                      25%] [Cov:===============================>   91%]
[Progress:=======>                      25%] [Cov:==============================>    86%]
[Progress:=======>                      25%] [Cov:===============================>   89%]
[Progress:=======>                      25%] [Cov:===============================>   91%]
[Progress:=======>                      25%] [Cov:==============================>    86%]
[Progress:=======>                      25%] [Cov:==============================>    87%]
[Progress:=======>                      25%] [Cov:===============================>   91%]
[Progress:=======>                      25%] [Cov:==============================>    86%]
[Progress:=======>                      25%] [Cov:===============================>   91%]
[Progress:=======>                      25%] [Cov:==============================>    86%]
[Progress:=======>                      25%] [Cov:==============================>    87%]
[Progress:=======>                      25%] [Cov:===============================>   91%]
[Progress:=======>                      25%] [Cov:==============================>    86%]
[Progress:=======>                      25%] [Cov:===============================>   91%]
[Progress:=======>                      25%] [Cov:==============================>    86%]
[Progress:=======>                      25%] [Cov:===============================>   91%]
[Progress:=======>                      25%] [Cov:==============================>    86%]
[Progress:=======>                      25%] [Cov:===============================>   91%]
[Progress:=======>                      25%] [Cov:==============================>    86%]
[Progress:=======>                      25%] [Cov:===============================>   91%]
[Progress:=======>                      25%] [Cov:==============================>    86%]
[Progress:=======>                      25%] [Cov:===============================>   91%]
[Progress:=======>                      25%] [Cov:==============================>    86%]
[Progress:=======>                      25%] [Cov:===============================>   89%]
[Progress:=======>                      25%] [Cov:===============================>   91%]
[Progress:=======>                      25%] [Cov:==============================>    86%]
[Progress:=======>                      25%] [Cov:===============================>   89%]
[Progress:=======>                      25%] [Cov:===============================>   91%]
[Progress:=======>                      25%] [Cov:==============================>    86%]
[Progress:=======>                      25%] [Cov:===============================>   91%]
[Progress:=======>                      25%] [Cov:==============================>    86%]
[Progress:=======>                      25%] [Cov:===============================>   91%]
[Progress:=======>                      25%] [Cov:==============================>    86%]
[Progress:=======>                      25%] [Cov:===============================>   91%]
[Progress:=======>                      25%] [Cov:==============================>    86%]
[Progress:=======>                      25%] [Cov:===============================>   91%]
[Progress:=======>                      26%] [Cov:=======================>           66%]
[Progress:=======>                      26%] [Cov:==============================>    88%]
[Progress:=======>                      26%] [Cov:===============================>   91%]
[Progress:=======>                      26%] [Cov:==============================>    86%]
[Progress:=======>                      26%] [Cov:===============================>   91%]
[Progress:=======>                      26%] [Cov:==============================>    86%]
[Progress:=======>                      26%] [Cov:===============================>   91%]
[Progress:=======>                      26%] [Cov:==============================>    86%]
[Progress:=======>                      26%] [Cov:===============================>   91%]
[Progress:=======>                      26%] [Cov:==============================>    86%]
[Progress:=======>                      26%] [Cov:===============================>   91%]
[Progress:=======>                      26%] [Cov:==============================>    86%]
[Progress:=======>                      26%] [Cov:===============================>   91%]
[Progress:=======>                      26%] [Cov:==============================>    86%]
[Progress:=======>                      26%] [Cov:===============================>   91%]
[Progress:=======>                      26%] [Cov:==============================>    86%]
[Progress:=======>                      26%] [Cov:===============================>   91%]
[Progress:=======>                      26%] [Cov:==============================>    86%]
[Progress:=======>                      26%] [Cov:===============================>   91%]
[Progress:=======>                      26%] [Cov:==============================>    86%]
[Progress:=======>                      26%] [Cov:===============================>   91%]
[Progress:=======>                      26%] [Cov:==============================>    86%]
[Progress:=======>                      26%] [Cov:===============================>   91%]
[Progress:=======>                      26%] [Cov:==============================>    86%]
[Progress:=======>                      26%] [Cov:===============================>   91%]
[Progress:=======>                      26%] [Cov:==============================>    86%]
[Progress:=======>                      26%] [Cov:===============================>   91%]
[Progress:=======>                      26%] [Cov:==============================>    86%]
[Progress:=======>                      26%] [Cov:===============================>   91%]
[Progress:=======>                      26%] [Cov:==============================>    86%]
[Progress:=======>                      26%] [Cov:===============================>   91%]
[Progress:=======>                      26%] [Cov:==============================>    86%]
[Progress:=======>                      26%] [Cov:===============================>   91%]
[Progress:=======>                      26%] [Cov:==============================>    86%]
[Progress:=======>                      26%] [Cov:===============================>   91%]
[Progress:=======>                      26%] [Cov:==============================>    86%]
[Progress:=======>                      26%] [Cov:===============================>   91%]
[Progress:=======>                      26%] [Cov:==============================>    86%]
[Progress:=======>                      26%] [Cov:===============================>   91%]
[Progress:========>                     28%] [Cov:==============================>    86%]
[Progress:========>                     28%] [Cov:===============================>   91%]
[Progress:========>                     28%] [Cov:==============================>    86%]
[Progress:========>                     28%] [Cov:===============================>   91%]
[Progress:========>                     28%] [Cov:==============================>    86%]
[Progress:========>                     28%] [Cov:===============================>   91%]
[Progress:========>                     28%] [Cov:==============================>    86%]
[Progress:========>                     28%] [Cov:==============================>    87%]
[Progress:========>                     28%] [Cov:===============================>   91%]
[Progress:========>                     28%] [Cov:==============================>    86%]
[Progress:========>                     28%] [Cov:===============================>   91%]
[Progress:========>                     28%] [Cov:==============================>    86%]
[Progress:========>                     28%] [Cov:==============================>    87%]
[Progress:========>                     28%] [Cov:===============================>   91%]
[Progress:========>                     28%] [Cov:==============================>    86%]
[Progress:========>                     28%] [Cov:===============================>   91%]
[Progress:========>                     28%] [Cov:==============================>    86%]
[Progress:========>                     28%] [Cov:===============================>   91%]
[Progress:========>                     28%] [Cov:==============================>    86%]
[Progress:========>                     28%] [Cov:===============================>   91%]
[Progress:========>                     28%] [Cov:==============================>    86%]
[Progress:========>                     28%] [Cov:==============================>    87%]
[Progress:========>                     28%] [Cov:===============================>   91%]
[Progress:========>                     28%] [Cov:==============================>    86%]
[Progress:========>                     28%] [Cov:===============================>   91%]
[Progress:========>                     28%] [Cov:==============================>    86%]
[Progress:========>                     28%] [Cov:==============================>    87%]
[Progress:========>                     28%] [Cov:===============================>   91%]
[Progress:========>                     28%] [Cov:==============================>    86%]
[Progress:========>                     28%] [Cov:===============================>   91%]
[Progress:========>                     28%] [Cov:==============================>    86%]
[Progress:========>                     28%] [Cov:===============================>   91%]
[Progress:========>                     28%] [Cov:==============================>    86%]
[Progress:========>                     28%] [Cov:===============================>   91%]
[Progress:========>                     28%] [Cov:==============================>    86%]
[Progress:========>                     28%] [Cov:===============================>   91%]
[Progress:========>                     28%] [Cov:==============================>    86%]
[Progress:========>                     28%] [Cov:===============================>   91%]
[Progress:========>                     28%] [Cov:==============================>    86%]
[Progress:========>                     28%] [Cov:===============================>   91%]
[Progress:=========>                    30%] [Cov:=========================>         72%]
[Progress:=========>                    30%] [Cov:============================>      82%]
[Progress:=========>                    30%] [Cov:==============================>    87%]
[Progress:=========>                    30%] [Cov:===============================>   91%]
[Progress:=========>                    30%] [Cov:==============================>    86%]
[Progress:=========>                    30%] [Cov:==============================>    87%]
[Progress:=========>                    30%] [Cov:===============================>   91%]
[Progress:=========>                    30%] [Cov:==============================>    86%]
[Progress:=========>                    30%] [Cov:===============================>   89%]
[Progress:=========>                    30%] [Cov:===============================>   91%]
[Progress:=========>                    30%] [Cov:==============================>    86%]
[Progress:=========>                    30%] [Cov:==============================>    87%]
[Progress:=========>                    30%] [Cov:===============================>   91%]
[Progress:=========>                    30%] [Cov:==============================>    86%]
[Progress:=========>                    30%] [Cov:==============================>    87%]
[Progress:=========>                    30%] [Cov:===============================>   91%]
[Progress:=========>                    30%] [Cov:==============================>    86%]
[Progress:=========>                    30%] [Cov:===============================>   91%]
[Progress:=========>                    30%] [Cov:==============================>    86%]
[Progress:=========>                    30%] [Cov:===============================>   91%]
[Progress:=========>                    30%] [Cov:==============================>    86%]
[Progress:=========>                    30%] [Cov:==============================>    87%]
[Progress:=========>                    30%] [Cov:===============================>   91%]
[Progress:=========>                    30%] [Cov:==============================>    86%]
[Progress:=========>                    30%] [Cov:===============================>   91%]
[Progress:=========>                    30%] [Cov:==============================>    86%]
[Progress:=========>                    30%] [Cov:===============================>   91%]
[Progress:=========>                    30%] [Cov:==============================>    86%]
[Progress:=========>                    30%] [Cov:===============================>   91%]
[Progress:=========>                    30%] [Cov:==============================>    86%]
[Progress:=========>                    30%] [Cov:===============================>   91%]
[Progress:=========>                    30%] [Cov:==============================>    86%]
[Progress:=========>                    30%] [Cov:===============================>   91%]
[Progress:=========>                    30%] [Cov:==============================>    86%]
[Progress:=========>                    30%] [Cov:==============================>    87%]
[Progress:=========>                    30%] [Cov:===============================>   91%]
[Progress:=========>                    30%] [Cov:==============================>    86%]
[Progress:=========>                    30%] [Cov:===============================>   91%]
[Progress:=========>                    30%] [Cov:==============================>    86%]
[Progress:=========>                    30%] [Cov:===============================>   91%]
[Progress:=========>                    30%] [Cov:==============================>    86%]
[Progress:=========>                    30%] [Cov:===============================>   91%]
[Progress:=========>                    30%] [Cov:==============================>    86%]
[Progress:=========>                    30%] [Cov:==============================>    87%]
[Progress:=========>                    30%] [Cov:===============================>   91%]
[Progress:=========>                    30%] [Cov:==============================>    86%]
[Progress:=========>                    30%] [Cov:===============================>   91%]
[Progress:=========>                    31%] [Cov:===============================>   91%]
[Progress:=========>                    31%] [Cov:==============================>    86%]
[Progress:=========>                    31%] [Cov:===============================>   91%]
[Progress:=========>                    31%] [Cov:==============================>    86%]
[Progress:=========>                    31%] [Cov:===============================>   91%]
[Progress:=========>                    31%] [Cov:==============================>    86%]
[Progress:=========>                    31%] [Cov:===============================>   91%]
[Progress:=========>                    31%] [Cov:==============================>    86%]
[Progress:=========>                    31%] [Cov:===============================>   91%]
[Progress:=========>                    31%] [Cov:==============================>    86%]
[Progress:=========>                    31%] [Cov:===============================>   91%]
[Progress:=========>                    31%] [Cov:==============================>    86%]
[Progress:=========>                    31%] [Cov:===============================>   91%]
[Progress:=========>                    31%] [Cov:==============================>    86%]
[Progress:=========>                    31%] [Cov:===============================>   91%]
[Progress:=========>                    31%] [Cov:==============================>    86%]
[Progress:=========>                    31%] [Cov:===============================>   91%]
[Progress:=========>                    31%] [Cov:==============================>    86%]
[Progress:=========>                    31%] [Cov:===============================>   91%]
[Progress:=========>                    31%] [Cov:==============================>    86%]
[Progress:=========>                    31%] [Cov:===============================>   91%]
[Progress:=========>                    31%] [Cov:==============================>    86%]
[Progress:=========>                    31%] [Cov:===============================>   91%]
[Progress:=========>                    31%] [Cov:==============================>    86%]
[Progress:=========>                    31%] [Cov:===============================>   91%]
[Progress:=========>                    31%] [Cov:==============================>    86%]
[Progress:=========>                    31%] [Cov:===============================>   91%]
[Progress:=========>                    31%] [Cov:==============================>    86%]
[Progress:=========>                    31%] [Cov:===============================>   91%]
[Progress:=========>                    31%] [Cov:==============================>    86%]
[Progress:=========>                    31%] [Cov:===============================>   91%]
[Progress:=========>                    31%] [Cov:==============================>    86%]
[Progress:=========>                    31%] [Cov:===============================>   91%]
[Progress:=========>                    31%] [Cov:==============================>    86%]
[Progress:=========>                    31%] [Cov:===============================>   91%]
[Progress:=========>                    31%] [Cov:==============================>    86%]
[Progress:=========>                    31%] [Cov:===============================>   91%]
[Progress:=========>                    31%] [Cov:==============================>    86%]
[Progress:=========>                    31%] [Cov:===============================>   91%]
[Progress:=========>                    31%] [Cov:==============================>    86%]
[Progress:=========>                    31%] [Cov:===============================>   91%]
[Progress:=========>                    31%] [Cov:==============================>    86%]
[Progress:=========>                    31%] [Cov:===============================>   91%]
[Progress:=========>                    31%] [Cov:==============================>    86%]
[Progress:=========>                    31%] [Cov:===============================>   91%]
[Progress:=========>                    31%] [Cov:==============================>    86%]
[Progress:=========>                    31%] [Cov:===============================>   91%]
[Progress:=========>                    31%] [Cov:==============================>    86%]
[Progress:=========>                    31%] [Cov:===============================>   91%]
[Progress:=========>                    31%] [Cov:==============================>    86%]
[Progress:=========>                    31%] [Cov:===============================>   91%]
[Progress:=========>                    31%] [Cov:==============================>    86%]
[Progress:=========>                    31%] [Cov:===============================>   91%]
[Progress:=========>                    31%] [Cov:==============================>    86%]
[Progress:=========>                    31%] [Cov:===============================>   91%]
[Progress:=========>                    31%] [Cov:==============================>    86%]
[Progress:=========>                    31%] [Cov:===============================>   91%]
[Progress:=========>                    31%] [Cov:==============================>    86%]
[Progress:=========>                    31%] [Cov:===============================>   91%]
[Progress:=========>                    33%] [Cov:=====================>             62%]
[Progress:=========>                    33%] [Cov:======================>            63%]
[Progress:=========>                    33%] [Cov:=======================>           66%]
[Progress:=========>                    33%] [Cov:=======================>           68%]
[Progress:=========>                    33%] [Cov:========================>          70%]
[Progress:=========>                    33%] [Cov:===========================>       79%]
[Progress:=========>                    33%] [Cov:============================>      81%]
[Progress:=========>                    33%] [Cov:=============================>     83%]
[Progress:=========>                    33%] [Cov:===============================>   91%]
[Progress:=========>                    33%] [Cov:==============================>    86%]
[Progress:=========>                    33%] [Cov:===============================>   91%]
[Progress:=========>                    33%] [Cov:==============================>    86%]
[Progress:=========>                    33%] [Cov:===============================>   91%]
[Progress:=========>                    33%] [Cov:==============================>    86%]
[Progress:=========>                    33%] [Cov:===============================>   91%]
[Progress:=========>                    33%] [Cov:==============================>    86%]
[Progress:=========>                    33%] [Cov:===============================>   91%]
[Progress:=========>                    33%] [Cov:==============================>    86%]
[Progress:=========>                    33%] [Cov:===============================>   91%]
[Progress:=========>                    33%] [Cov:==============================>    86%]
[Progress:=========>                    33%] [Cov:===============================>   91%]
[Progress:=========>                    33%] [Cov:==============================>    86%]
[Progress:=========>                    33%] [Cov:===============================>   91%]
[Progress:=========>                    33%] [Cov:==============================>    86%]
[Progress:=========>                    33%] [Cov:==============================>    87%]
[Progress:=========>                    33%] [Cov:===============================>   91%]
[Progress:=========>                    33%] [Cov:==============================>    86%]
[Progress:=========>                    33%] [Cov:===============================>   91%]
[Progress:=========>                    33%] [Cov:==============================>    86%]
[Progress:=========>                    33%] [Cov:===============================>   91%]
[Progress:=========>                    33%] [Cov:==============================>    86%]
[Progress:=========>                    33%] [Cov:===============================>   91%]
[Progress:=========>                    33%] [Cov:==============================>    86%]
[Progress:=========>                    33%] [Cov:===============================>   91%]
[Progress:=========>                    33%] [Cov:==============================>    86%]
[Progress:=========>                    33%] [Cov:===============================>   91%]
[Progress:=========>                    33%] [Cov:==============================>    86%]
[Progress:=========>                    33%] [Cov:===============================>   91%]
[Progress:=========>                    33%] [Cov:==============================>    86%]
[Progress:=========>                    33%] [Cov:===============================>   91%]
[Progress:=========>                    33%] [Cov:==============================>    86%]
[Progress:=========>                    33%] [Cov:===============================>   91%]
[Progress:=========>                    33%] [Cov:==============================>    86%]
[Progress:=========>                    33%] [Cov:==============================>    87%]
[Progress:=========>                    33%] [Cov:===============================>   91%]
[Progress:=========>                    33%] [Cov:==============================>    86%]
[Progress:=========>                    33%] [Cov:===============================>   91%]
[Progress:=========>                    33%] [Cov:==============================>    86%]
[Progress:=========>                    33%] [Cov:===============================>   91%]
[Progress:=========>                    33%] [Cov:==============================>    86%]
[Progress:=========>                    33%] [Cov:===============================>   91%]
[Progress:=========>                    33%] [Cov:==============================>    86%]
[Progress:=========>                    33%] [Cov:===============================>   91%]
[Progress:==========>                   35%] [Cov:==============================>    86%]
[Progress:==========>                   35%] [Cov:===============================>   91%]
[Progress:==========>                   35%] [Cov:==============================>    86%]
[Progress:==========>                   35%] [Cov:===============================>   91%]
[Progress:==========>                   35%] [Cov:==============================>    86%]
[Progress:==========>                   35%] [Cov:===============================>   91%]
[Progress:==========>                   35%] [Cov:==============================>    86%]
[Progress:==========>                   35%] [Cov:==============================>    87%]
[Progress:==========>                   35%] [Cov:===============================>   91%]
[Progress:==========>                   35%] [Cov:==============================>    86%]
[Progress:==========>                   35%] [Cov:===============================>   91%]
[Progress:==========>                   35%] [Cov:==============================>    86%]
[Progress:==========>                   35%] [Cov:===============================>   91%]
[Progress:==========>                   35%] [Cov:==============================>    86%]
[Progress:==========>                   35%] [Cov:===============================>   91%]
[Progress:==========>                   35%] [Cov:==============================>    86%]
[Progress:==========>                   35%] [Cov:===============================>   91%]
[Progress:==========>                   35%] [Cov:==============================>    86%]
[Progress:==========>                   35%] [Cov:===============================>   91%]
[Progress:==========>                   35%] [Cov:==============================>    86%]
[Progress:==========>                   35%] [Cov:===============================>   91%]
[Progress:==========>                   35%] [Cov:==============================>    86%]
[Progress:==========>                   35%] [Cov:===============================>   91%]
[Progress:==========>                   35%] [Cov:==============================>    86%]
[Progress:==========>                   35%] [Cov:===============================>   89%]
[Progress:==========>                   35%] [Cov:===============================>   91%]
[Progress:==========>                   35%] [Cov:==============================>    86%]
[Progress:==========>                   35%] [Cov:===============================>   91%]
[Progress:==========>                   35%] [Cov:==============================>    86%]
[Progress:==========>                   35%] [Cov:===============================>   91%]
[Progress:==========>                   35%] [Cov:==============================>    86%]
[Progress:==========>                   35%] [Cov:===============================>   91%]
[Progress:==========>                   35%] [Cov:==============================>    86%]
[Progress:==========>                   35%] [Cov:===============================>   91%]
[Progress:==========>                   35%] [Cov:==============================>    86%]
[Progress:==========>                   35%] [Cov:===============================>   91%]
[Progress:==========>                   35%] [Cov:==============================>    86%]
[Progress:==========>                   35%] [Cov:===============================>   89%]
[Progress:==========>                   35%] [Cov:===============================>   91%]
[Progress:==========>                   35%] [Cov:==============================>    86%]
[Progress:==========>                   35%] [Cov:===============================>   91%]
[Progress:==========>                   35%] [Cov:==============================>    86%]
[Progress:==========>                   35%] [Cov:===============================>   91%]
[Progress:==========>                   35%] [Cov:==============================>    86%]
[Progress:==========>                   35%] [Cov:==============================>    87%]
[Progress:==========>                   35%] [Cov:===============================>   91%]
[Progress:==========>                   35%] [Cov:==============================>    86%]
[Progress:==========>                   35%] [Cov:===============================>   91%]
[Progress:==========>                   36%] [Cov:===============================>   91%]
[Progress:==========>                   36%] [Cov:==============================>    86%]
[Progress:==========>                   36%] [Cov:==============================>    88%]
[Progress:==========>                   36%] [Cov:===============================>   89%]
[Progress:==========>                   36%] [Cov:===============================>   91%]
[Progress:==========>                   36%] [Cov:==============================>    86%]
[Progress:==========>                   36%] [Cov:===============================>   89%]
[Progress:==========>                   36%] [Cov:===============================>   91%]
[Progress:==========>                   36%] [Cov:==============================>    86%]
[Progress:==========>                   36%] [Cov:===============================>   91%]
[Progress:==========>                   36%] [Cov:==============================>    86%]
[Progress:==========>                   36%] [Cov:==============================>    87%]
[Progress:==========>                   36%] [Cov:===============================>   91%]
[Progress:==========>                   36%] [Cov:==============================>    86%]
[Progress:==========>                   36%] [Cov:===============================>   91%]
[Progress:==========>                   36%] [Cov:==============================>    86%]
[Progress:==========>                   36%] [Cov:===============================>   91%]
[Progress:==========>                   36%] [Cov:==============================>    86%]
[Progress:==========>                   36%] [Cov:===============================>   91%]
[Progress:==========>                   36%] [Cov:==============================>    86%]
[Progress:==========>                   36%] [Cov:===============================>   91%]
[Progress:==========>                   36%] [Cov:==============================>    86%]
[Progress:==========>                   36%] [Cov:===============================>   91%]
[Progress:==========>                   36%] [Cov:==============================>    86%]
[Progress:==========>                   36%] [Cov:===============================>   91%]
[Progress:==========>                   36%] [Cov:==============================>    86%]
[Progress:==========>                   36%] [Cov:===============================>   91%]
[Progress:==========>                   36%] [Cov:==============================>    86%]
[Progress:==========>                   36%] [Cov:==============================>    87%]
[Progress:==========>                   36%] [Cov:===============================>   91%]
[Progress:==========>                   36%] [Cov:==============================>    86%]
[Progress:==========>                   36%] [Cov:===============================>   91%]
[Progress:==========>                   36%] [Cov:==============================>    86%]
[Progress:==========>                   36%] [Cov:===============================>   91%]
[Progress:==========>                   36%] [Cov:==============================>    86%]
[Progress:==========>                   36%] [Cov:===============================>   91%]
[Progress:==========>                   36%] [Cov:==============================>    86%]
[Progress:==========>                   36%] [Cov:===============================>   91%]
[Progress:==========>                   36%] [Cov:==============================>    86%]
[Progress:==========>                   36%] [Cov:===============================>   91%]
[Progress:==========>                   36%] [Cov:==============================>    86%]
[Progress:==========>                   36%] [Cov:===============================>   91%]
[Progress:==========>                   36%] [Cov:==============================>    86%]
[Progress:==========>                   36%] [Cov:===============================>   91%]
[Progress:==========>                   36%] [Cov:==============================>    86%]
[Progress:==========>                   36%] [Cov:===============================>   91%]
[Progress:==========>                   36%] [Cov:==============================>    86%]
[Progress:==========>                   36%] [Cov:==============================>    88%]
[Progress:==========>                   36%] [Cov:===============================>   89%]
[Progress:==========>                   36%] [Cov:===============================>   91%]
[Progress:==========>                   36%] [Cov:==============================>    86%]
[Progress:==========>                   36%] [Cov:==============================>    87%]
[Progress:==========>                   36%] [Cov:===============================>   91%]
[Progress:===========>                  38%] [Cov:===============================>   91%]
[Progress:===========>                  38%] [Cov:==============================>    86%]
[Progress:===========>                  38%] [Cov:===============================>   91%]
[Progress:===========>                  38%] [Cov:==============================>    86%]
[Progress:===========>                  38%] [Cov:==============================>    87%]
[Progress:===========>                  38%] [Cov:===============================>   91%]
[Progress:===========>                  38%] [Cov:==============================>    86%]
[Progress:===========>                  38%] [Cov:===============================>   91%]
[Progress:===========>                  38%] [Cov:==============================>    86%]
[Progress:===========>                  38%] [Cov:===============================>   91%]
[Progress:===========>                  38%] [Cov:==============================>    86%]
[Progress:===========>                  38%] [Cov:===============================>   91%]
[Progress:===========>                  38%] [Cov:==============================>    86%]
[Progress:===========>                  38%] [Cov:===============================>   91%]
[Progress:===========>                  38%] [Cov:==============================>    86%]
[Progress:===========>                  38%] [Cov:===============================>   91%]
[Progress:===========>                  38%] [Cov:==============================>    86%]
[Progress:===========>                  38%] [Cov:===============================>   91%]
[Progress:===========>                  38%] [Cov:==============================>    86%]
[Progress:===========>                  38%] [Cov:===============================>   91%]
[Progress:===========>                  38%] [Cov:==============================>    86%]
[Progress:===========>                  38%] [Cov:==============================>    88%]
[Progress:===========>                  38%] [Cov:===============================>   91%]
[Progress:===========>                  38%] [Cov:==============================>    86%]
[Progress:===========>                  38%] [Cov:===============================>   91%]
[Progress:===========>                  38%] [Cov:==============================>    86%]
[Progress:===========>                  38%] [Cov:===============================>   91%]
[Progress:===========>                  38%] [Cov:==============================>    86%]
[Progress:===========>                  38%] [Cov:==============================>    87%]
[Progress:===========>                  38%] [Cov:===============================>   91%]
[Progress:===========>                  38%] [Cov:==============================>    86%]
[Progress:===========>                  38%] [Cov:==============================>    87%]
[Progress:===========>                  38%] [Cov:===============================>   91%]
[Progress:===========>                  38%] [Cov:==============================>    86%]
[Progress:===========>                  38%] [Cov:===============================>   91%]
[Progress:===========>                  38%] [Cov:==============================>    86%]
[Progress:===========>                  38%] [Cov:===============================>   91%]
[Progress:===========>                  38%] [Cov:==============================>    86%]
[Progress:===========>                  38%] [Cov:===============================>   91%]
[Progress:===========>                  38%] [Cov:==============================>    86%]
[Progress:===========>                  38%] [Cov:===============================>   91%]
[Progress:===========>                  38%] [Cov:==============================>    86%]
[Progress:===========>                  38%] [Cov:===============================>   91%]
[Progress:============>                 40%] [Cov:===============================>   91%]
[Progress:============>                 40%] [Cov:==============================>    86%]
[Progress:============>                 40%] [Cov:===============================>   89%]
[Progress:============>                 40%] [Cov:===============================>   91%]
[Progress:============>                 40%] [Cov:==============================>    86%]
[Progress:============>                 40%] [Cov:===============================>   91%]
[Progress:============>                 40%] [Cov:==============================>    86%]
[Progress:============>                 40%] [Cov:==============================>    87%]
[Progress:============>                 40%] [Cov:===============================>   91%]
[Progress:============>                 40%] [Cov:==============================>    86%]
[Progress:============>                 40%] [Cov:===============================>   91%]
[Progress:============>                 40%] [Cov:==============================>    86%]
[Progress:============>                 40%] [Cov:===============================>   91%]
[Progress:============>                 40%] [Cov:==============================>    86%]
[Progress:============>                 40%] [Cov:===============================>   91%]
[Progress:============>                 40%] [Cov:==============================>    86%]
[Progress:============>                 40%] [Cov:===============================>   91%]
[Progress:============>                 40%] [Cov:==============================>    86%]
[Progress:============>                 40%] [Cov:===============================>   91%]
[Progress:============>                 40%] [Cov:==============================>    86%]
[Progress:============>                 40%] [Cov:===============================>   91%]
[Progress:============>                 40%] [Cov:==============================>    86%]
[Progress:============>                 40%] [Cov:===============================>   91%]
[Progress:============>                 40%] [Cov:==============================>    86%]
[Progress:============>                 40%] [Cov:===============================>   91%]
[Progress:============>                 40%] [Cov:==============================>    86%]
[Progress:============>                 40%] [Cov:===============================>   91%]
[Progress:============>                 40%] [Cov:==============================>    86%]
[Progress:============>                 40%] [Cov:===============================>   91%]
[Progress:============>                 40%] [Cov:==============================>    86%]
[Progress:============>                 40%] [Cov:===============================>   91%]
[Progress:============>                 40%] [Cov:==============================>    86%]
[Progress:============>                 40%] [Cov:===============================>   91%]
[Progress:============>                 40%] [Cov:==============================>    86%]
[Progress:============>                 40%] [Cov:==============================>    87%]
[Progress:============>                 40%] [Cov:===============================>   91%]
[Progress:============>                 40%] [Cov:==============================>    86%]
[Progress:============>                 40%] [Cov:===============================>   91%]
[Progress:============>                 40%] [Cov:==============================>    86%]
[Progress:============>                 40%] [Cov:===============================>   91%]
[Progress:============>                 40%] [Cov:==============================>    86%]
[Progress:============>                 40%] [Cov:===============================>   91%]
[Progress:============>                 40%] [Cov:==============================>    86%]
[Progress:============>                 40%] [Cov:===============================>   91%]
[Progress:============>                 40%] [Cov:==============================>    86%]
[Progress:============>                 40%] [Cov:===============================>   91%]
[Progress:============>                 40%] [Cov:==============================>    86%]
[Progress:============>                 40%] [Cov:===============================>   91%]
[Progress:============>                 40%] [Cov:==============================>    86%]
[Progress:============>                 40%] [Cov:===============================>   91%]
[Progress:============>                 41%] [Cov:===============================>   91%]
[Progress:============>                 41%] [Cov:==============================>    86%]
[Progress:============>                 41%] [Cov:===============================>   89%]
[Progress:============>                 41%] [Cov:===============================>   91%]
[Progress:============>                 41%] [Cov:==============================>    86%]
[Progress:============>                 41%] [Cov:===============================>   91%]
[Progress:============>                 41%] [Cov:==============================>    86%]
[Progress:============>                 41%] [Cov:===============================>   91%]
[Progress:============>                 41%] [Cov:==============================>    86%]
[Progress:============>                 41%] [Cov:===============================>   91%]
[Progress:============>                 41%] [Cov:==============================>    86%]
[Progress:============>                 41%] [Cov:===============================>   91%]
[Progress:============>                 41%] [Cov:==============================>    86%]
[Progress:============>                 41%] [Cov:===============================>   89%]
[Progress:============>                 41%] [Cov:===============================>   91%]
[Progress:============>                 41%] [Cov:==============================>    86%]
[Progress:============>                 41%] [Cov:===============================>   91%]
[Progress:============>                 41%] [Cov:==============================>    86%]
[Progress:============>                 41%] [Cov:===============================>   91%]
[Progress:============>                 41%] [Cov:==============================>    86%]
[Progress:============>                 41%] [Cov:===============================>   91%]
[Progress:============>                 41%] [Cov:==============================>    86%]
[Progress:============>                 41%] [Cov:==============================>    87%]
[Progress:============>                 41%] [Cov:===============================>   91%]
[Progress:============>                 41%] [Cov:==============================>    86%]
[Progress:============>                 41%] [Cov:===============================>   91%]
[Progress:============>                 41%] [Cov:==============================>    86%]
[Progress:============>                 41%] [Cov:===============================>   91%]
[Progress:============>                 41%] [Cov:==============================>    86%]
[Progress:============>                 41%] [Cov:===============================>   91%]
[Progress:============>                 41%] [Cov:==============================>    86%]
[Progress:============>                 41%] [Cov:===============================>   91%]
[Progress:============>                 41%] [Cov:==============================>    86%]
[Progress:============>                 41%] [Cov:===============================>   91%]
[Progress:============>                 41%] [Cov:==============================>    86%]
[Progress:============>                 41%] [Cov:===============================>   91%]
[Progress:============>                 43%] [Cov:===============================>   91%]
[Progress:============>                 43%] [Cov:==============================>    86%]
[Progress:============>                 43%] [Cov:===============================>   91%]
[Progress:============>                 43%] [Cov:==============================>    86%]
[Progress:============>                 43%] [Cov:===============================>   91%]
[Progress:============>                 43%] [Cov:==============================>    86%]
[Progress:============>                 43%] [Cov:===============================>   91%]
[Progress:============>                 43%] [Cov:==============================>    86%]
[Progress:============>                 43%] [Cov:==============================>    87%]
[Progress:============>                 43%] [Cov:===============================>   91%]
[Progress:============>                 43%] [Cov:==============================>    86%]
[Progress:============>                 43%] [Cov:==============================>    87%]
[Progress:============>                 43%] [Cov:===============================>   91%]
[Progress:============>                 43%] [Cov:==============================>    86%]
[Progress:============>                 43%] [Cov:===============================>   91%]
[Progress:============>                 43%] [Cov:==============================>    86%]
[Progress:============>                 43%] [Cov:===============================>   91%]
[Progress:============>                 43%] [Cov:==============================>    86%]
[Progress:============>                 43%] [Cov:===============================>   91%]
[Progress:============>                 43%] [Cov:==============================>    86%]
[Progress:============>                 43%] [Cov:==============================>    88%]
[Progress:============>                 43%] [Cov:===============================>   91%]
[Progress:============>                 43%] [Cov:==============================>    86%]
[Progress:============>                 43%] [Cov:===============================>   91%]
[Progress:============>                 43%] [Cov:==============================>    86%]
[Progress:============>                 43%] [Cov:===============================>   91%]
[Progress:============>                 43%] [Cov:==============================>    86%]
[Progress:============>                 43%] [Cov:===============================>   91%]
[Progress:============>                 43%] [Cov:==============================>    86%]
[Progress:============>                 43%] [Cov:===============================>   91%]
[Progress:============>                 43%] [Cov:==============================>    86%]
[Progress:============>                 43%] [Cov:===============================>   91%]
[Progress:============>                 43%] [Cov:==============================>    86%]
[Progress:============>                 43%] [Cov:===============================>   91%]
[Progress:============>                 43%] [Cov:==============================>    86%]
[Progress:============>                 43%] [Cov:===============================>   91%]
[Progress:============>                 43%] [Cov:==============================>    86%]
[Progress:============>                 43%] [Cov:==============================>    88%]
[Progress:============>                 43%] [Cov:===============================>   89%]
[Progress:============>                 43%] [Cov:===============================>   91%]
[Progress:============>                 43%] [Cov:==============================>    86%]
[Progress:============>                 43%] [Cov:===============================>   91%]
[Progress:============>                 43%] [Cov:==============================>    86%]
[Progress:============>                 43%] [Cov:===============================>   91%]
[Progress:============>                 43%] [Cov:==============================>    86%]
[Progress:============>                 43%] [Cov:===============================>   91%]
[Progress:============>                 43%] [Cov:==============================>    86%]
[Progress:============>                 43%] [Cov:===============================>   91%]
[Progress:=============>                45%] [Cov:===============================>   89%]
[Progress:=============>                45%] [Cov:===============================>   91%]
[Progress:=============>                45%] [Cov:==============================>    86%]
[Progress:=============>                45%] [Cov:===============================>   91%]
[Progress:=============>                45%] [Cov:==============================>    86%]
[Progress:=============>                45%] [Cov:===============================>   91%]
[Progress:=============>                45%] [Cov:==============================>    86%]
[Progress:=============>                45%] [Cov:===============================>   91%]
[Progress:=============>                45%] [Cov:==============================>    86%]
[Progress:=============>                45%] [Cov:===============================>   91%]
[Progress:=============>                45%] [Cov:==============================>    86%]
[Progress:=============>                45%] [Cov:===============================>   91%]
[Progress:=============>                45%] [Cov:==============================>    86%]
[Progress:=============>                45%] [Cov:===============================>   91%]
[Progress:=============>                45%] [Cov:==============================>    86%]
[Progress:=============>                45%] [Cov:===============================>   91%]
[Progress:=============>                45%] [Cov:==============================>    86%]
[Progress:=============>                45%] [Cov:===============================>   91%]
[Progress:=============>                45%] [Cov:==============================>    86%]
[Progress:=============>                45%] [Cov:===============================>   91%]
[Progress:=============>                45%] [Cov:==============================>    86%]
[Progress:=============>                45%] [Cov:===============================>   89%]
[Progress:=============>                45%] [Cov:===============================>   91%]
[Progress:=============>                45%] [Cov:==============================>    86%]
[Progress:=============>                45%] [Cov:===============================>   91%]
[Progress:=============>                45%] [Cov:==============================>    86%]
[Progress:=============>                45%] [Cov:===============================>   91%]
[Progress:=============>                45%] [Cov:==============================>    86%]
[Progress:=============>                45%] [Cov:===============================>   91%]
[Progress:=============>                45%] [Cov:==============================>    86%]
[Progress:=============>                45%] [Cov:===============================>   91%]
[Progress:=============>                46%] [Cov:==============================>    87%]
[Progress:=============>                46%] [Cov:===============================>   91%]
[Progress:=============>                46%] [Cov:==============================>    86%]
[Progress:=============>                46%] [Cov:===============================>   91%]
[Progress:=============>                46%] [Cov:==============================>    86%]
[Progress:=============>                46%] [Cov:===============================>   91%]
[Progress:=============>                46%] [Cov:==============================>    86%]
[Progress:=============>                46%] [Cov:===============================>   91%]
[Progress:=============>                46%] [Cov:==============================>    86%]
[Progress:=============>                46%] [Cov:==============================>    87%]
[Progress:=============>                46%] [Cov:===============================>   91%]
[Progress:=============>                46%] [Cov:==============================>    86%]
[Progress:=============>                46%] [Cov:===============================>   91%]
[Progress:=============>                46%] [Cov:==============================>    86%]
[Progress:=============>                46%] [Cov:==============================>    88%]
[Progress:=============>                46%] [Cov:===============================>   89%]
[Progress:=============>                46%] [Cov:===============================>   91%]
[Progress:=============>                46%] [Cov:==============================>    86%]
[Progress:=============>                46%] [Cov:===============================>   91%]
[Progress:=============>                46%] [Cov:==============================>    86%]
[Progress:=============>                46%] [Cov:===============================>   91%]
[Progress:=============>                46%] [Cov:==============================>    86%]
[Progress:=============>                46%] [Cov:===============================>   91%]
[Progress:=============>                46%] [Cov:==============================>    86%]
[Progress:=============>                46%] [Cov:===============================>   91%]
[Progress:=============>                46%] [Cov:==============================>    86%]
[Progress:=============>                46%] [Cov:===============================>   91%]
[Progress:==============>               48%] [Cov:==============================>    87%]
[Progress:==============>               48%] [Cov:===============================>   91%]
[Progress:==============>               48%] [Cov:==============================>    86%]
[Progress:==============>               48%] [Cov:===============================>   91%]
[Progress:==============>               48%] [Cov:==============================>    86%]
[Progress:==============>               48%] [Cov:===============================>   91%]
[Progress:==============>               48%] [Cov:==============================>    86%]
[Progress:==============>               48%] [Cov:==============================>    87%]
[Progress:==============>               48%] [Cov:===============================>   91%]
[Progress:==============>               48%] [Cov:==============================>    86%]
[Progress:==============>               48%] [Cov:===============================>   91%]
[Progress:==============>               48%] [Cov:==============================>    86%]
[Progress:==============>               48%] [Cov:==============================>    87%]
[Progress:==============>               48%] [Cov:===============================>   91%]
[Progress:==============>               48%] [Cov:==============================>    86%]
[Progress:==============>               48%] [Cov:===============================>   91%]
[Progress:==============>               48%] [Cov:==============================>    86%]
[Progress:==============>               48%] [Cov:==============================>    87%]
[Progress:==============>               48%] [Cov:===============================>   91%]
[Progress:==============>               48%] [Cov:==============================>    86%]
[Progress:==============>               48%] [Cov:===============================>   91%]
[Progress:==============>               48%] [Cov:==============================>    86%]
[Progress:==============>               48%] [Cov:===============================>   91%]
[Progress:==============>               48%] [Cov:==============================>    86%]
[Progress:==============>               48%] [Cov:===============================>   91%]
[Progress:===============>              50%] [Cov:===============================>   91%]
[Progress:===============>              50%] [Cov:==============================>    86%]
[Progress:===============>              50%] [Cov:==============================>    87%]
[Progress:===============>              50%] [Cov:===============================>   91%]
[Progress:===============>              50%] [Cov:==============================>    86%]
[Progress:===============>              50%] [Cov:===============================>   91%]
[Progress:===============>              50%] [Cov:==============================>    86%]
[Progress:===============>              50%] [Cov:==============================>    87%]
[Progress:===============>              50%] [Cov:===============================>   91%]
[Progress:===============>              50%] [Cov:==============================>    86%]
[Progress:===============>              50%] [Cov:===============================>   91%]
[Progress:===============>              50%] [Cov:==============================>    86%]
[Progress:===============>              50%] [Cov:===============================>   91%]
[Progress:===============>              50%] [Cov:==============================>    86%]
[Progress:===============>              50%] [Cov:==============================>    87%]
[Progress:===============>              50%] [Cov:===============================>   91%]
[Progress:===============>              50%] [Cov:==============================>    86%]
[Progress:===============>              50%] [Cov:===============================>   91%]
[Progress:===============>              50%] [Cov:==============================>    86%]
[Progress:===============>              50%] [Cov:==============================>    87%]
[Progress:===============>              50%] [Cov:===============================>   91%]
[Progress:===============>              50%] [Cov:==============================>    86%]
[Progress:===============>              50%] [Cov:===============================>   91%]
[Progress:===============>              50%] [Cov:==============================>    86%]
[Progress:===============>              50%] [Cov:===============================>   91%]
[Progress:===============>              50%] [Cov:==============================>    86%]
[Progress:===============>              50%] [Cov:===============================>   91%]
[Progress:===============>              50%] [Cov:==============================>    86%]
[Progress:===============>              50%] [Cov:===============================>   91%]
[Progress:===============>              50%] [Cov:==============================>    86%]
[Progress:===============>              50%] [Cov:===============================>   91%]
[Progress:===============>              50%] [Cov:==============================>    86%]
[Progress:===============>              50%] [Cov:===============================>   91%]
[Progress:===============>              50%] [Cov:==============================>    86%]
[Progress:===============>              50%] [Cov:===============================>   91%]
[Progress:===============>              51%] [Cov:===============================>   91%]
[Progress:===============>              51%] [Cov:==============================>    86%]
[Progress:===============>              51%] [Cov:===============================>   91%]
[Progress:===============>              51%] [Cov:==============================>    86%]
[Progress:===============>              51%] [Cov:===============================>   91%]
[Progress:===============>              51%] [Cov:==============================>    86%]
[Progress:===============>              51%] [Cov:===============================>   91%]
[Progress:===============>              51%] [Cov:==============================>    86%]
[Progress:===============>              51%] [Cov:===============================>   91%]
[Progress:===============>              51%] [Cov:==============================>    86%]
[Progress:===============>              51%] [Cov:===============================>   91%]
[Progress:===============>              51%] [Cov:==============================>    86%]
[Progress:===============>              51%] [Cov:===============================>   91%]
[Progress:===============>              51%] [Cov:==============================>    86%]
[Progress:===============>              51%] [Cov:===============================>   91%]
[Progress:===============>              51%] [Cov:==============================>    86%]
[Progress:===============>              51%] [Cov:===============================>   91%]
[Progress:===============>              51%] [Cov:==============================>    86%]
[Progress:===============>              51%] [Cov:===============================>   91%]
[Progress:===============>              51%] [Cov:==============================>    86%]
[Progress:===============>              51%] [Cov:===============================>   91%]
[Progress:===============>              51%] [Cov:==============================>    86%]
[Progress:===============>              51%] [Cov:===============================>   91%]
[Progress:===============>              51%] [Cov:==============================>    86%]
[Progress:===============>              51%] [Cov:===============================>   91%]
[Progress:===============>              51%] [Cov:==============================>    86%]
[Progress:===============>              51%] [Cov:===============================>   91%]
[Progress:===============>              51%] [Cov:==============================>    86%]
[Progress:===============>              51%] [Cov:===============================>   91%]
[Progress:===============>              51%] [Cov:==============================>    86%]
[Progress:===============>              51%] [Cov:===============================>   91%]
[Progress:===============>              51%] [Cov:==============================>    86%]
[Progress:===============>              51%] [Cov:==============================>    87%]
[Progress:===============>              51%] [Cov:===============================>   91%]
[Progress:===============>              51%] [Cov:==============================>    86%]
[Progress:===============>              53%] [Cov:===============================>   91%]
[Progress:===============>              53%] [Cov:==============================>    86%]
[Progress:===============>              53%] [Cov:===============================>   91%]
[Progress:===============>              53%] [Cov:==============================>    86%]
[Progress:===============>              53%] [Cov:===============================>   91%]
[Progress:===============>              53%] [Cov:==============================>    86%]
[Progress:===============>              53%] [Cov:===============================>   91%]
[Progress:===============>              53%] [Cov:==============================>    86%]
[Progress:===============>              53%] [Cov:===============================>   91%]
[Progress:===============>              53%] [Cov:==============================>    86%]
[Progress:===============>              53%] [Cov:===============================>   91%]
[Progress:===============>              53%] [Cov:==============================>    86%]
[Progress:===============>              53%] [Cov:===============================>   91%]
[Progress:===============>              53%] [Cov:==============================>    86%]
[Progress:===============>              53%] [Cov:===============================>   91%]
[Progress:===============>              53%] [Cov:==============================>    86%]
[Progress:===============>              53%] [Cov:===============================>   91%]
[Progress:===============>              53%] [Cov:==============================>    86%]
[Progress:===============>              53%] [Cov:===============================>   91%]
[Progress:===============>              53%] [Cov:==============================>    86%]
[Progress:===============>              53%] [Cov:===============================>   91%]
[Progress:===============>              53%] [Cov:==============================>    86%]
[Progress:===============>              53%] [Cov:===============================>   91%]
[Progress:===============>              53%] [Cov:==============================>    86%]
[Progress:===============>              53%] [Cov:===============================>   91%]
[Progress:===============>              53%] [Cov:==============================>    86%]
[Progress:===============>              53%] [Cov:===============================>   91%]
[Progress:===============>              53%] [Cov:==============================>    86%]
[Progress:===============>              53%] [Cov:===============================>   91%]
[Progress:================>             55%] [Cov:=====================>             61%]
[Progress:================>             55%] [Cov:===============================>   91%]
[Progress:================>             55%] [Cov:==============================>    86%]
[Progress:================>             55%] [Cov:===============================>   91%]
[Progress:================>             55%] [Cov:==============================>    86%]
[Progress:================>             55%] [Cov:===============================>   91%]
[Progress:================>             55%] [Cov:==============================>    86%]
[Progress:================>             55%] [Cov:===============================>   91%]
[Progress:================>             55%] [Cov:==============================>    86%]
[Progress:================>             55%] [Cov:===============================>   91%]
[Progress:================>             55%] [Cov:==============================>    86%]
[Progress:================>             55%] [Cov:===============================>   91%]
[Progress:================>             55%] [Cov:==============================>    86%]
[Progress:================>             55%] [Cov:===============================>   91%]
[Progress:================>             55%] [Cov:==============================>    86%]
[Progress:================>             55%] [Cov:===============================>   91%]
[Progress:================>             55%] [Cov:==============================>    86%]
[Progress:================>             55%] [Cov:===============================>   91%]
[Progress:================>             55%] [Cov:==============================>    86%]
[Progress:================>             55%] [Cov:===============================>   91%]
[Progress:================>             55%] [Cov:==============================>    86%]
[Progress:================>             55%] [Cov:===============================>   91%]
[Progress:================>             55%] [Cov:==============================>    86%]
[Progress:================>             55%] [Cov:===============================>   91%]
[Progress:================>             55%] [Cov:==============================>    86%]
[Progress:================>             55%] [Cov:===============================>   91%]
[Progress:================>             55%] [Cov:==============================>    86%]
[Progress:================>             55%] [Cov:===============================>   91%]
[Progress:================>             55%] [Cov:==============================>    86%]
[Progress:================>             55%] [Cov:===============================>   91%]
[Progress:================>             56%] [Cov:===============================>   91%]
[Progress:================>             56%] [Cov:==============================>    86%]
[Progress:================>             56%] [Cov:===============================>   91%]
[Progress:================>             56%] [Cov:==============================>    86%]
[Progress:================>             56%] [Cov:===============================>   91%]
[Progress:================>             56%] [Cov:==============================>    86%]
[Progress:================>             56%] [Cov:===============================>   91%]
[Progress:================>             56%] [Cov:==============================>    86%]
[Progress:================>             56%] [Cov:===============================>   89%]
[Progress:================>             56%] [Cov:===============================>   91%]
[Progress:================>             56%] [Cov:==============================>    86%]
[Progress:================>             56%] [Cov:===============================>   89%]
[Progress:================>             56%] [Cov:===============================>   91%]
[Progress:================>             56%] [Cov:==============================>    86%]
[Progress:================>             56%] [Cov:==============================>    87%]
[Progress:================>             56%] [Cov:===============================>   91%]
[Progress:================>             56%] [Cov:==============================>    86%]
[Progress:================>             56%] [Cov:===============================>   91%]
[Progress:================>             56%] [Cov:==============================>    86%]
[Progress:================>             56%] [Cov:===============================>   91%]
[Progress:================>             56%] [Cov:==============================>    86%]
[Progress:================>             56%] [Cov:===============================>   91%]
[Progress:================>             56%] [Cov:==============================>    86%]
[Progress:================>             56%] [Cov:===============================>   91%]
[Progress:================>             56%] [Cov:==============================>    86%]
[Progress:================>             56%] [Cov:===============================>   91%]
[Progress:================>             56%] [Cov:==============================>    86%]
[Progress:================>             56%] [Cov:===============================>   91%]
[Progress:================>             56%] [Cov:==============================>    86%]
[Progress:================>             56%] [Cov:===============================>   91%]
[Progress:================>             56%] [Cov:==============================>    86%]
[Progress:================>             56%] [Cov:===============================>   91%]
[Progress:================>             56%] [Cov:==============================>    86%]
[Progress:================>             56%] [Cov:===============================>   91%]
[Progress:================>             56%] [Cov:==============================>    86%]
[Progress:================>             56%] [Cov:===============================>   91%]
[Progress:================>             56%] [Cov:==============================>    86%]
[Progress:================>             56%] [Cov:===============================>   91%]
[Progress:================>             56%] [Cov:==============================>    86%]
[Progress:================>             56%] [Cov:===============================>   91%]
[Progress:================>             56%] [Cov:==============================>    86%]
[Progress:================>             56%] [Cov:===============================>   91%]
[Progress:================>             56%] [Cov:==============================>    86%]
[Progress:================>             56%] [Cov:==============================>    87%]
[Progress:================>             56%] [Cov:===============================>   91%]
[Progress:================>             56%] [Cov:==============================>    86%]
[Progress:================>             56%] [Cov:==============================>    87%]
[Progress:================>             56%] [Cov:===============================>   91%]
[Progress:================>             56%] [Cov:==============================>    86%]
[Progress:================>             56%] [Cov:===============================>   91%]
[Progress:================>             56%] [Cov:==============================>    86%]
[Progress:================>             56%] [Cov:===============================>   91%]
[Progress:=================>            58%] [Cov:=====================>             61%]
[Progress:=================>            58%] [Cov:==========================>        76%]
[Progress:=================>            58%] [Cov:===============================>   91%]
[Progress:=================>            58%] [Cov:==============================>    86%]
[Progress:=================>            58%] [Cov:===============================>   91%]
[Progress:=================>            58%] [Cov:==============================>    86%]
[Progress:=================>            58%] [Cov:==============================>    87%]
[Progress:=================>            58%] [Cov:===============================>   91%]
[Progress:=================>            58%] [Cov:==============================>    86%]
[Progress:=================>            58%] [Cov:===============================>   91%]
[Progress:=================>            58%] [Cov:==============================>    86%]
[Progress:=================>            58%] [Cov:===============================>   91%]
[Progress:=================>            58%] [Cov:==============================>    86%]
[Progress:=================>            58%] [Cov:===============================>   91%]
[Progress:=================>            58%] [Cov:==============================>    86%]
[Progress:=================>            58%] [Cov:===============================>   91%]
[Progress:=================>            58%] [Cov:==============================>    86%]
[Progress:=================>            58%] [Cov:===============================>   91%]
[Progress:=================>            58%] [Cov:==============================>    86%]
[Progress:=================>            58%] [Cov:===============================>   91%]
[Progress:=================>            58%] [Cov:==============================>    86%]
[Progress:=================>            58%] [Cov:===============================>   91%]
[Progress:=================>            58%] [Cov:==============================>    86%]
[Progress:=================>            58%] [Cov:===============================>   91%]
[Progress:=================>            58%] [Cov:==============================>    86%]
[Progress:=================>            58%] [Cov:===============================>   91%]
[Progress:=================>            58%] [Cov:==============================>    86%]
[Progress:=================>            58%] [Cov:===============================>   91%]
[Progress:=================>            58%] [Cov:==============================>    86%]
[Progress:=================>            58%] [Cov:==============================>    87%]
[Progress:=================>            58%] [Cov:===============================>   91%]
[Progress:=================>            58%] [Cov:==============================>    86%]
[Progress:=================>            58%] [Cov:===============================>   91%]
[Progress:=================>            58%] [Cov:==============================>    86%]
[Progress:=================>            58%] [Cov:===============================>   91%]
[Progress:=================>            58%] [Cov:==============================>    86%]
[Progress:=================>            58%] [Cov:===============================>   91%]
[Progress:=================>            58%] [Cov:==============================>    86%]
[Progress:=================>            58%] [Cov:===============================>   91%]
[Progress:==================>           60%] [Cov:============================>      82%]
[Progress:==================>           60%] [Cov:===============================>   91%]
[Progress:==================>           60%] [Cov:==============================>    86%]
[Progress:==================>           60%] [Cov:===============================>   91%]
[Progress:==================>           60%] [Cov:==============================>    86%]
[Progress:==================>           60%] [Cov:===============================>   91%]
[Progress:==================>           60%] [Cov:==============================>    86%]
[Progress:==================>           60%] [Cov:===============================>   91%]
[Progress:==================>           60%] [Cov:==============================>    86%]
[Progress:==================>           60%] [Cov:===============================>   91%]
[Progress:==================>           60%] [Cov:==============================>    86%]
[Progress:==================>           60%] [Cov:==============================>    87%]
[Progress:==================>           60%] [Cov:===============================>   91%]
[Progress:==================>           60%] [Cov:==============================>    86%]
[Progress:==================>           60%] [Cov:===============================>   91%]
[Progress:==================>           60%] [Cov:==============================>    86%]
[Progress:==================>           60%] [Cov:===============================>   91%]
[Progress:==================>           60%] [Cov:==============================>    86%]
[Progress:==================>           60%] [Cov:===============================>   91%]
[Progress:==================>           60%] [Cov:==============================>    86%]
[Progress:==================>           60%] [Cov:===============================>   91%]
[Progress:==================>           60%] [Cov:==============================>    86%]
[Progress:==================>           60%] [Cov:===============================>   91%]
[Progress:==================>           60%] [Cov:==============================>    86%]
[Progress:==================>           60%] [Cov:===============================>   91%]
[Progress:==================>           60%] [Cov:==============================>    86%]
[Progress:==================>           60%] [Cov:===============================>   91%]
[Progress:==================>           60%] [Cov:==============================>    86%]
[Progress:==================>           60%] [Cov:==============================>    87%]
[Progress:==================>           60%] [Cov:===============================>   91%]
[Progress:==================>           60%] [Cov:==============================>    86%]
[Progress:==================>           60%] [Cov:===============================>   91%]
[Progress:==================>           60%] [Cov:==============================>    86%]
[Progress:==================>           60%] [Cov:===============================>   91%]
[Progress:==================>           60%] [Cov:==============================>    86%]
[Progress:==================>           60%] [Cov:===============================>   91%]
[Progress:==================>           60%] [Cov:==============================>    86%]
[Progress:==================>           60%] [Cov:===============================>   91%]
[Progress:==================>           61%] [Cov:===============================>   89%]
[Progress:==================>           61%] [Cov:===============================>   91%]
[Progress:==================>           61%] [Cov:==============================>    86%]
[Progress:==================>           61%] [Cov:===============================>   91%]
[Progress:==================>           61%] [Cov:==============================>    86%]
[Progress:==================>           61%] [Cov:===============================>   91%]
[Progress:==================>           61%] [Cov:==============================>    86%]
[Progress:==================>           61%] [Cov:===============================>   91%]
[Progress:==================>           61%] [Cov:==============================>    86%]
[Progress:==================>           61%] [Cov:===============================>   91%]
[Progress:==================>           61%] [Cov:==============================>    86%]
[Progress:==================>           61%] [Cov:===============================>   91%]
[Progress:==================>           61%] [Cov:==============================>    86%]
[Progress:==================>           61%] [Cov:===============================>   91%]
[Progress:==================>           61%] [Cov:==============================>    86%]
[Progress:==================>           61%] [Cov:==============================>    87%]
[Progress:==================>           61%] [Cov:===============================>   91%]
[Progress:==================>           61%] [Cov:==============================>    86%]
[Progress:==================>           61%] [Cov:===============================>   91%]
[Progress:==================>           61%] [Cov:==============================>    86%]
[Progress:==================>           61%] [Cov:===============================>   91%]
[Progress:==================>           61%] [Cov:==============================>    86%]
[Progress:==================>           61%] [Cov:===============================>   91%]
[Progress:==================>           61%] [Cov:==============================>    86%]
[Progress:==================>           61%] [Cov:===============================>   91%]
[Progress:==================>           61%] [Cov:==============================>    86%]
[Progress:==================>           61%] [Cov:===============================>   91%]
[Progress:==================>           61%] [Cov:==============================>    86%]
[Progress:==================>           61%] [Cov:===============================>   91%]
[Progress:==================>           61%] [Cov:==============================>    86%]
[Progress:==================>           61%] [Cov:===============================>   91%]
[Progress:==================>           63%] [Cov:===============================>   91%]
[Progress:==================>           63%] [Cov:==============================>    86%]
[Progress:==================>           63%] [Cov:===============================>   91%]
[Progress:==================>           63%] [Cov:==============================>    86%]
[Progress:==================>           63%] [Cov:===============================>   91%]
[Progress:==================>           63%] [Cov:==============================>    86%]
[Progress:==================>           63%] [Cov:===============================>   91%]
[Progress:==================>           63%] [Cov:==============================>    86%]
[Progress:==================>           63%] [Cov:===============================>   91%]
[Progress:==================>           63%] [Cov:==============================>    86%]
[Progress:==================>           63%] [Cov:===============================>   91%]
[Progress:==================>           63%] [Cov:==============================>    86%]
[Progress:==================>           63%] [Cov:==============================>    87%]
[Progress:==================>           63%] [Cov:===============================>   91%]
[Progress:==================>           63%] [Cov:==============================>    86%]
[Progress:==================>           63%] [Cov:===============================>   91%]
[Progress:==================>           63%] [Cov:==============================>    86%]
[Progress:==================>           63%] [Cov:===============================>   91%]
[Progress:==================>           63%] [Cov:==============================>    86%]
[Progress:==================>           63%] [Cov:===============================>   91%]
[Progress:==================>           63%] [Cov:==============================>    86%]
[Progress:==================>           63%] [Cov:==============================>    87%]
[Progress:==================>           63%] [Cov:===============================>   91%]
[Progress:==================>           63%] [Cov:==============================>    86%]
[Progress:==================>           63%] [Cov:===============================>   91%]
[Progress:==================>           63%] [Cov:==============================>    86%]
[Progress:==================>           63%] [Cov:===============================>   89%]
[Progress:==================>           63%] [Cov:===============================>   91%]
[Progress:==================>           63%] [Cov:==============================>    86%]
[Progress:==================>           63%] [Cov:===============================>   91%]
[Progress:==================>           63%] [Cov:==============================>    86%]
[Progress:==================>           63%] [Cov:===============================>   91%]
[Progress:==================>           63%] [Cov:==============================>    86%]
[Progress:==================>           63%] [Cov:===============================>   89%]
[Progress:==================>           63%] [Cov:===============================>   91%]
[Progress:==================>           63%] [Cov:==============================>    86%]
[Progress:==================>           63%] [Cov:===============================>   91%]
[Progress:==================>           63%] [Cov:==============================>    86%]
[Progress:==================>           63%] [Cov:===============================>   91%]
[Progress:===================>          65%] [Cov:===============================>   91%]
[Progress:===================>          65%] [Cov:==============================>    86%]
[Progress:===================>          65%] [Cov:===============================>   91%]
[Progress:===================>          65%] [Cov:==============================>    86%]
[Progress:===================>          65%] [Cov:===============================>   91%]
[Progress:===================>          65%] [Cov:==============================>    86%]
[Progress:===================>          65%] [Cov:===============================>   91%]
[Progress:===================>          65%] [Cov:==============================>    86%]
[Progress:===================>          65%] [Cov:===============================>   91%]
[Progress:===================>          65%] [Cov:==============================>    86%]
[Progress:===================>          65%] [Cov:===============================>   91%]
[Progress:===================>          65%] [Cov:==============================>    86%]
[Progress:===================>          65%] [Cov:===============================>   91%]
[Progress:===================>          65%] [Cov:==============================>    86%]
[Progress:===================>          65%] [Cov:===============================>   91%]
[Progress:===================>          65%] [Cov:==============================>    86%]
[Progress:===================>          65%] [Cov:==============================>    87%]
[Progress:===================>          65%] [Cov:===============================>   91%]
[Progress:===================>          65%] [Cov:==============================>    86%]
[Progress:===================>          65%] [Cov:===============================>   91%]
[Progress:===================>          65%] [Cov:==============================>    86%]
[Progress:===================>          65%] [Cov:===============================>   91%]
[Progress:===================>          65%] [Cov:==============================>    86%]
[Progress:===================>          65%] [Cov:===============================>   91%]
[Progress:===================>          65%] [Cov:==============================>    86%]
[Progress:===================>          65%] [Cov:===============================>   91%]
[Progress:===================>          65%] [Cov:==============================>    86%]
[Progress:===================>          65%] [Cov:===============================>   91%]
[Progress:===================>          65%] [Cov:==============================>    86%]
[Progress:===================>          65%] [Cov:===============================>   91%]
[Progress:===================>          65%] [Cov:==============================>    86%]
[Progress:===================>          65%] [Cov:===============================>   91%]
[Progress:===================>          66%] [Cov:===============================>   91%]
[Progress:===================>          66%] [Cov:==============================>    86%]
[Progress:===================>          66%] [Cov:===============================>   91%]
[Progress:===================>          66%] [Cov:==============================>    86%]
[Progress:===================>          66%] [Cov:===============================>   91%]
[Progress:===================>          66%] [Cov:==============================>    86%]
[Progress:===================>          66%] [Cov:===============================>   91%]
[Progress:===================>          66%] [Cov:==============================>    86%]
[Progress:===================>          66%] [Cov:===============================>   91%]
[Progress:===================>          66%] [Cov:==============================>    86%]
[Progress:===================>          66%] [Cov:==============================>    87%]
[Progress:===================>          66%] [Cov:===============================>   91%]
[Progress:===================>          66%] [Cov:==============================>    86%]
[Progress:===================>          66%] [Cov:===============================>   91%]
[Progress:===================>          66%] [Cov:==============================>    86%]
[Progress:===================>          66%] [Cov:===============================>   91%]
[Progress:===================>          66%] [Cov:==============================>    86%]
[Progress:===================>          66%] [Cov:===============================>   89%]
[Progress:===================>          66%] [Cov:===============================>   91%]
[Progress:===================>          66%] [Cov:==============================>    86%]
[Progress:===================>          66%] [Cov:==============================>    87%]
[Progress:===================>          66%] [Cov:===============================>   91%]
[Progress:===================>          66%] [Cov:==============================>    86%]
[Progress:===================>          66%] [Cov:==============================>    87%]
[Progress:===================>          66%] [Cov:===============================>   91%]
[Progress:===================>          66%] [Cov:==============================>    86%]
[Progress:===================>          66%] [Cov:===============================>   91%]
[Progress:===================>          66%] [Cov:==============================>    86%]
[Progress:===================>          66%] [Cov:===============================>   91%]
[Progress:===================>          66%] [Cov:==============================>    86%]
[Progress:===================>          66%] [Cov:===============================>   91%]
[Progress:===================>          66%] [Cov:==============================>    86%]
[Progress:===================>          66%] [Cov:==============================>    88%]
[Progress:===================>          66%] [Cov:===============================>   89%]
[Progress:===================>          66%] [Cov:===============================>   91%]
[Progress:===================>          66%] [Cov:==============================>    86%]
[Progress:===================>          66%] [Cov:===============================>   89%]
[Progress:===================>          66%] [Cov:===============================>   91%]
[Progress:===================>          66%] [Cov:==============================>    86%]
[Progress:===================>          66%] [Cov:===============================>   91%]
[Progress:====================>         68%] [Cov:===============================>   91%]
[Progress:====================>         68%] [Cov:==============================>    86%]
[Progress:====================>         68%] [Cov:===============================>   91%]
[Progress:====================>         68%] [Cov:==============================>    86%]
[Progress:====================>         68%] [Cov:===============================>   91%]
[Progress:====================>         68%] [Cov:==============================>    86%]
[Progress:====================>         68%] [Cov:===============================>   91%]
[Progress:====================>         68%] [Cov:==============================>    86%]
[Progress:====================>         68%] [Cov:===============================>   91%]
[Progress:====================>         68%] [Cov:==============================>    86%]
[Progress:====================>         68%] [Cov:===============================>   91%]
[Progress:====================>         68%] [Cov:==============================>    86%]
[Progress:====================>         68%] [Cov:===============================>   91%]
[Progress:====================>         68%] [Cov:==============================>    86%]
[Progress:====================>         68%] [Cov:===============================>   91%]
[Progress:====================>         68%] [Cov:==============================>    86%]
[Progress:====================>         68%] [Cov:===============================>   91%]
[Progress:====================>         68%] [Cov:==============================>    86%]
[Progress:====================>         68%] [Cov:==============================>    87%]
[Progress:====================>         68%] [Cov:===============================>   91%]
[Progress:====================>         68%] [Cov:==============================>    86%]
[Progress:====================>         68%] [Cov:===============================>   91%]
[Progress:====================>         68%] [Cov:==============================>    86%]
[Progress:====================>         68%] [Cov:===============================>   91%]
[Progress:====================>         68%] [Cov:==============================>    86%]
[Progress:====================>         68%] [Cov:===============================>   91%]
[Progress:====================>         68%] [Cov:==============================>    86%]
[Progress:====================>         68%] [Cov:===============================>   91%]
[Progress:====================>         68%] [Cov:==============================>    86%]
[Progress:====================>         68%] [Cov:===============================>   91%]
[Progress:====================>         68%] [Cov:==============================>    86%]
[Progress:====================>         68%] [Cov:===============================>   91%]
[Progress:====================>         68%] [Cov:==============================>    86%]
[Progress:====================>         68%] [Cov:===============================>   91%]
[Progress:====================>         68%] [Cov:==============================>    86%]
[Progress:====================>         68%] [Cov:===============================>   91%]
[Progress:====================>         68%] [Cov:==============================>    86%]
[Progress:====================>         68%] [Cov:===============================>   91%]
[Progress:=====================>        70%] [Cov:===============================>   91%]
[Progress:=====================>        70%] [Cov:==============================>    86%]
[Progress:=====================>        70%] [Cov:===============================>   91%]
[Progress:=====================>        70%] [Cov:==============================>    86%]
[Progress:=====================>        70%] [Cov:===============================>   91%]
[Progress:=====================>        70%] [Cov:==============================>    86%]
[Progress:=====================>        70%] [Cov:===============================>   91%]
[Progress:=====================>        70%] [Cov:==============================>    86%]
[Progress:=====================>        70%] [Cov:===============================>   91%]
[Progress:=====================>        70%] [Cov:==============================>    86%]
[Progress:=====================>        70%] [Cov:===============================>   91%]
[Progress:=====================>        70%] [Cov:==============================>    86%]
[Progress:=====================>        70%] [Cov:===============================>   91%]
[Progress:=====================>        70%] [Cov:==============================>    86%]
[Progress:=====================>        70%] [Cov:===============================>   91%]
[Progress:=====================>        70%] [Cov:==============================>    86%]
[Progress:=====================>        70%] [Cov:===============================>   91%]
[Progress:=====================>        70%] [Cov:==============================>    86%]
[Progress:=====================>        70%] [Cov:===============================>   91%]
[Progress:=====================>        70%] [Cov:==============================>    86%]
[Progress:=====================>        70%] [Cov:==============================>    88%]
[Progress:=====================>        70%] [Cov:===============================>   89%]
[Progress:=====================>        70%] [Cov:===============================>   91%]
[Progress:=====================>        70%] [Cov:==============================>    86%]
[Progress:=====================>        70%] [Cov:===============================>   91%]
[Progress:=====================>        70%] [Cov:==============================>    86%]
[Progress:=====================>        70%] [Cov:===============================>   91%]
[Progress:=====================>        70%] [Cov:==============================>    86%]
[Progress:=====================>        70%] [Cov:===============================>   91%]
[Progress:=====================>        70%] [Cov:==============================>    86%]
[Progress:=====================>        70%] [Cov:===============================>   91%]
[Progress:=====================>        70%] [Cov:==============================>    86%]
[Progress:=====================>        70%] [Cov:==============================>    87%]
[Progress:=====================>        70%] [Cov:===============================>   91%]
[Progress:=====================>        70%] [Cov:==============================>    86%]
[Progress:=====================>        70%] [Cov:===============================>   91%]
[Progress:=====================>        70%] [Cov:==============================>    86%]
[Progress:=====================>        70%] [Cov:===============================>   91%]
[Progress:=====================>        70%] [Cov:==============================>    86%]
[Progress:=====================>        70%] [Cov:===============================>   91%]
[Progress:=====================>        70%] [Cov:==============================>    86%]
[Progress:=====================>        70%] [Cov:===============================>   91%]
[Progress:=====================>        70%] [Cov:==============================>    86%]
[Progress:=====================>        70%] [Cov:===============================>   91%]
[Progress:=====================>        71%] [Cov:===============================>   91%]
[Progress:=====================>        71%] [Cov:==============================>    86%]
[Progress:=====================>        71%] [Cov:===============================>   91%]
[Progress:=====================>        71%] [Cov:==============================>    86%]
[Progress:=====================>        71%] [Cov:===============================>   89%]
[Progress:=====================>        71%] [Cov:===============================>   91%]
[Progress:=====================>        71%] [Cov:==============================>    86%]
[Progress:=====================>        71%] [Cov:===============================>   91%]
[Progress:=====================>        71%] [Cov:==============================>    86%]
[Progress:=====================>        71%] [Cov:==============================>    88%]
[Progress:=====================>        71%] [Cov:===============================>   91%]
[Progress:=====================>        71%] [Cov:==============================>    86%]
[Progress:=====================>        71%] [Cov:==============================>    87%]
[Progress:=====================>        71%] [Cov:===============================>   91%]
[Progress:=====================>        71%] [Cov:==============================>    86%]
[Progress:=====================>        71%] [Cov:===============================>   91%]
[Progress:=====================>        71%] [Cov:==============================>    86%]
[Progress:=====================>        71%] [Cov:===============================>   91%]
[Progress:=====================>        71%] [Cov:==============================>    86%]
[Progress:=====================>        71%] [Cov:===============================>   91%]
[Progress:=====================>        71%] [Cov:==============================>    86%]
[Progress:=====================>        71%] [Cov:===============================>   91%]
[Progress:=====================>        71%] [Cov:==============================>    86%]
[Progress:=====================>        71%] [Cov:===============================>   91%]
[Progress:=====================>        71%] [Cov:==============================>    86%]
[Progress:=====================>        71%] [Cov:===============================>   91%]
[Progress:=====================>        71%] [Cov:==============================>    86%]
[Progress:=====================>        71%] [Cov:===============================>   91%]
[Progress:=====================>        71%] [Cov:==============================>    86%]
[Progress:=====================>        71%] [Cov:===============================>   91%]
[Progress:=====================>        71%] [Cov:==============================>    86%]
[Progress:=====================>        71%] [Cov:===============================>   91%]
[Progress:=====================>        71%] [Cov:==============================>    86%]
[Progress:=====================>        71%] [Cov:===============================>   91%]
[Progress:=====================>        73%] [Cov:===============================>   91%]
[Progress:=====================>        73%] [Cov:==============================>    86%]
[Progress:=====================>        73%] [Cov:===============================>   91%]
[Progress:=====================>        73%] [Cov:==============================>    86%]
[Progress:=====================>        73%] [Cov:===============================>   91%]
[Progress:=====================>        73%] [Cov:==============================>    86%]
[Progress:=====================>        73%] [Cov:===============================>   91%]
[Progress:=====================>        73%] [Cov:==============================>    86%]
[Progress:=====================>        73%] [Cov:==============================>    88%]
[Progress:=====================>        73%] [Cov:===============================>   89%]
[Progress:=====================>        73%] [Cov:===============================>   91%]
[Progress:=====================>        73%] [Cov:==============================>    86%]
[Progress:=====================>        73%] [Cov:===============================>   91%]
[Progress:=====================>        73%] [Cov:==============================>    86%]
[Progress:=====================>        73%] [Cov:===============================>   91%]
[Progress:=====================>        73%] [Cov:==============================>    86%]
[Progress:=====================>        73%] [Cov:===============================>   91%]
[Progress:=====================>        73%] [Cov:==============================>    86%]
[Progress:=====================>        73%] [Cov:==============================>    87%]
[Progress:=====================>        73%] [Cov:===============================>   91%]
[Progress:=====================>        73%] [Cov:==============================>    86%]
[Progress:=====================>        73%] [Cov:==============================>    88%]
[Progress:=====================>        73%] [Cov:===============================>   89%]
[Progress:=====================>        73%] [Cov:===============================>   91%]
[Progress:=====================>        73%] [Cov:==============================>    86%]
[Progress:=====================>        73%] [Cov:===============================>   91%]
[Progress:=====================>        73%] [Cov:==============================>    86%]
[Progress:=====================>        73%] [Cov:===============================>   91%]
[Progress:=====================>        73%] [Cov:==============================>    86%]
[Progress:=====================>        73%] [Cov:===============================>   91%]
[Progress:======================>       75%] [Cov:===============================>   91%]
[Progress:======================>       75%] [Cov:==============================>    86%]
[Progress:======================>       75%] [Cov:===============================>   91%]
[Progress:======================>       75%] [Cov:==============================>    86%]
[Progress:======================>       75%] [Cov:===============================>   91%]
[Progress:======================>       75%] [Cov:==============================>    86%]
[Progress:======================>       75%] [Cov:==============================>    87%]
[Progress:======================>       75%] [Cov:==============================>    88%]
[Progress:======================>       75%] [Cov:===============================>   91%]
[Progress:======================>       75%] [Cov:==============================>    86%]
[Progress:======================>       75%] [Cov:===============================>   91%]
[Progress:======================>       75%] [Cov:==============================>    86%]
[Progress:======================>       75%] [Cov:===============================>   91%]
[Progress:======================>       75%] [Cov:==============================>    86%]
[Progress:======================>       75%] [Cov:===============================>   91%]
[Progress:======================>       75%] [Cov:==============================>    86%]
[Progress:======================>       75%] [Cov:===============================>   91%]
[Progress:======================>       75%] [Cov:==============================>    86%]
[Progress:======================>       75%] [Cov:==============================>    87%]
[Progress:======================>       75%] [Cov:===============================>   91%]
[Progress:======================>       76%] [Cov:===============================>   91%]
[Progress:======================>       76%] [Cov:==============================>    86%]
[Progress:======================>       76%] [Cov:==============================>    87%]
[Progress:======================>       76%] [Cov:===============================>   91%]
[Progress:======================>       76%] [Cov:==============================>    86%]
[Progress:======================>       76%] [Cov:===============================>   91%]
[Progress:======================>       76%] [Cov:==============================>    86%]
[Progress:======================>       76%] [Cov:===============================>   91%]
[Progress:======================>       76%] [Cov:==============================>    86%]
[Progress:======================>       76%] [Cov:===============================>   91%]
[Progress:======================>       76%] [Cov:==============================>    86%]
[Progress:======================>       76%] [Cov:===============================>   91%]
[Progress:======================>       76%] [Cov:==============================>    86%]
[Progress:======================>       76%] [Cov:===============================>   91%]
[Progress:======================>       76%] [Cov:==============================>    86%]
[Progress:======================>       76%] [Cov:===============================>   91%]
[Progress:======================>       76%] [Cov:==============================>    86%]
[Progress:======================>       76%] [Cov:===============================>   91%]
[Progress:======================>       76%] [Cov:==============================>    86%]
[Progress:======================>       76%] [Cov:===============================>   91%]
[Progress:======================>       76%] [Cov:==============================>    86%]
[Progress:======================>       76%] [Cov:===============================>   91%]
[Progress:======================>       76%] [Cov:==============================>    86%]
[Progress:======================>       76%] [Cov:===============================>   91%]
[Progress:======================>       76%] [Cov:==============================>    86%]
[Progress:======================>       76%] [Cov:===============================>   91%]
[Progress:======================>       76%] [Cov:==============================>    86%]
[Progress:======================>       76%] [Cov:===============================>   91%]
[Progress:======================>       76%] [Cov:==============================>    86%]
[Progress:======================>       76%] [Cov:==============================>    87%]
[Progress:======================>       76%] [Cov:==============================>    88%]
[Progress:======================>       76%] [Cov:===============================>   89%]
[Progress:======================>       76%] [Cov:===============================>   91%]
[Progress:======================>       76%] [Cov:==============================>    86%]
[Progress:======================>       76%] [Cov:===============================>   91%]
[Progress:======================>       76%] [Cov:==============================>    86%]
[Progress:======================>       76%] [Cov:===============================>   91%]
[Progress:=======================>      78%] [Cov:===============================>   91%]
[Progress:=======================>      78%] [Cov:==============================>    86%]
[Progress:=======================>      78%] [Cov:===============================>   91%]
[Progress:=======================>      78%] [Cov:==============================>    86%]
[Progress:=======================>      78%] [Cov:===============================>   91%]
[Progress:=======================>      78%] [Cov:==============================>    86%]
[Progress:=======================>      78%] [Cov:===============================>   91%]
[Progress:=======================>      78%] [Cov:==============================>    86%]
[Progress:=======================>      78%] [Cov:==============================>    87%]
[Progress:=======================>      78%] [Cov:===============================>   91%]
[Progress:=======================>      78%] [Cov:==============================>    86%]
[Progress:=======================>      78%] [Cov:===============================>   91%]
[Progress:=======================>      78%] [Cov:==============================>    86%]
[Progress:=======================>      78%] [Cov:===============================>   91%]
[Progress:=======================>      78%] [Cov:==============================>    86%]
[Progress:=======================>      78%] [Cov:===============================>   89%]
[Progress:=======================>      78%] [Cov:===============================>   91%]
[Progress:=======================>      78%] [Cov:==============================>    86%]
[Progress:=======================>      78%] [Cov:===============================>   91%]
[Progress:=======================>      78%] [Cov:==============================>    86%]
[Progress:=======================>      78%] [Cov:===============================>   91%]
[Progress:=======================>      78%] [Cov:==============================>    86%]
[Progress:=======================>      78%] [Cov:==============================>    87%]
[Progress:=======================>      78%] [Cov:===============================>   91%]
[Progress:=======================>      78%] [Cov:==============================>    86%]
[Progress:=======================>      78%] [Cov:===============================>   91%]
[Progress:=======================>      78%] [Cov:==============================>    86%]
[Progress:=======================>      78%] [Cov:===============================>   91%]
[Progress:=======================>      78%] [Cov:==============================>    86%]
[Progress:=======================>      78%] [Cov:===============================>   91%]
[Progress:=======================>      78%] [Cov:==============================>    86%]
[Progress:=======================>      78%] [Cov:==============================>    87%]
[Progress:=======================>      78%] [Cov:===============================>   91%]
[Progress:=======================>      78%] [Cov:==============================>    86%]
[Progress:=======================>      78%] [Cov:===============================>   91%]
[Progress:=======================>      78%] [Cov:==============================>    86%]
[Progress:=======================>      78%] [Cov:==============================>    87%]
[Progress:=======================>      78%] [Cov:===============================>   91%]
[Progress:========================>     80%] [Cov:===============================>   91%]
[Progress:========================>     80%] [Cov:==============================>    86%]
[Progress:========================>     80%] [Cov:===============================>   91%]
[Progress:========================>     80%] [Cov:==============================>    86%]
[Progress:========================>     80%] [Cov:===============================>   91%]
[Progress:========================>     80%] [Cov:==============================>    86%]
[Progress:========================>     80%] [Cov:===============================>   91%]
[Progress:========================>     80%] [Cov:==============================>    86%]
[Progress:========================>     80%] [Cov:===============================>   91%]
[Progress:========================>     80%] [Cov:==============================>    86%]
[Progress:========================>     80%] [Cov:===============================>   91%]
[Progress:========================>     80%] [Cov:==============================>    86%]
[Progress:========================>     80%] [Cov:==============================>    87%]
[Progress:========================>     80%] [Cov:===============================>   91%]
[Progress:========================>     80%] [Cov:==============================>    86%]
[Progress:========================>     80%] [Cov:===============================>   91%]
[Progress:========================>     80%] [Cov:==============================>    86%]
[Progress:========================>     80%] [Cov:===============================>   91%]
[Progress:========================>     80%] [Cov:==============================>    86%]
[Progress:========================>     80%] [Cov:===============================>   91%]
[Progress:========================>     80%] [Cov:==============================>    86%]
[Progress:========================>     80%] [Cov:==============================>    87%]
[Progress:========================>     80%] [Cov:===============================>   91%]
[Progress:========================>     80%] [Cov:==============================>    86%]
[Progress:========================>     80%] [Cov:===============================>   89%]
[Progress:========================>     80%] [Cov:===============================>   91%]
[Progress:========================>     80%] [Cov:==============================>    86%]
[Progress:========================>     80%] [Cov:===============================>   89%]
[Progress:========================>     80%] [Cov:===============================>   91%]
[Progress:========================>     80%] [Cov:==============================>    86%]
[Progress:========================>     80%] [Cov:===============================>   91%]
[Progress:========================>     81%] [Cov:===================>               57%]
[Progress:========================>     81%] [Cov:===============================>   91%]
[Progress:========================>     81%] [Cov:==============================>    86%]
[Progress:========================>     81%] [Cov:===============================>   91%]
[Progress:========================>     81%] [Cov:==============================>    86%]
[Progress:========================>     81%] [Cov:===============================>   91%]
[Progress:========================>     81%] [Cov:==============================>    86%]
[Progress:========================>     81%] [Cov:===============================>   91%]
[Progress:========================>     81%] [Cov:==============================>    86%]
[Progress:========================>     81%] [Cov:===============================>   91%]
[Progress:========================>     81%] [Cov:==============================>    86%]
[Progress:========================>     81%] [Cov:===============================>   91%]
[Progress:========================>     81%] [Cov:==============================>    86%]
[Progress:========================>     81%] [Cov:===============================>   91%]
[Progress:========================>     81%] [Cov:==============================>    86%]
[Progress:========================>     81%] [Cov:==============================>    87%]
[Progress:========================>     81%] [Cov:===============================>   91%]
[Progress:========================>     81%] [Cov:==============================>    86%]
[Progress:========================>     81%] [Cov:===============================>   91%]
[Progress:========================>     81%] [Cov:==============================>    86%]
[Progress:========================>     81%] [Cov:===============================>   91%]
[Progress:========================>     81%] [Cov:==============================>    86%]
[Progress:========================>     81%] [Cov:===============================>   91%]
[Progress:========================>     81%] [Cov:==============================>    86%]
[Progress:========================>     81%] [Cov:===============================>   91%]
[Progress:========================>     81%] [Cov:==============================>    86%]
[Progress:========================>     81%] [Cov:===============================>   91%]
[Progress:========================>     81%] [Cov:==============================>    86%]
[Progress:========================>     81%] [Cov:===============================>   91%]
[Progress:========================>     81%] [Cov:==============================>    86%]
[Progress:========================>     81%] [Cov:===============================>   91%]
[Progress:========================>     81%] [Cov:==============================>    86%]
[Progress:========================>     81%] [Cov:===============================>   91%]
[Progress:========================>     83%] [Cov:===============================>   89%]
[Progress:========================>     83%] [Cov:===============================>   91%]
[Progress:========================>     83%] [Cov:==============================>    86%]
[Progress:========================>     83%] [Cov:===============================>   91%]
[Progress:========================>     83%] [Cov:==============================>    86%]
[Progress:========================>     83%] [Cov:===============================>   91%]
[Progress:========================>     83%] [Cov:==============================>    86%]
[Progress:========================>     83%] [Cov:===============================>   91%]
[Progress:========================>     83%] [Cov:==============================>    86%]
[Progress:========================>     83%] [Cov:===============================>   91%]
[Progress:========================>     83%] [Cov:==============================>    86%]
[Progress:========================>     83%] [Cov:==============================>    87%]
[Progress:========================>     83%] [Cov:===============================>   91%]
[Progress:========================>     83%] [Cov:==============================>    86%]
[Progress:========================>     83%] [Cov:===============================>   91%]
[Progress:========================>     83%] [Cov:==============================>    86%]
[Progress:========================>     83%] [Cov:===============================>   91%]
[Progress:========================>     83%] [Cov:==============================>    86%]
[Progress:========================>     83%] [Cov:===============================>   91%]
[Progress:========================>     83%] [Cov:==============================>    86%]
[Progress:========================>     83%] [Cov:===============================>   91%]
[Progress:========================>     83%] [Cov:==============================>    86%]
[Progress:========================>     83%] [Cov:===============================>   89%]
[Progress:========================>     83%] [Cov:===============================>   91%]
[Progress:========================>     83%] [Cov:==============================>    86%]
[Progress:========================>     83%] [Cov:===============================>   89%]
[Progress:========================>     83%] [Cov:===============================>   91%]
[Progress:========================>     83%] [Cov:==============================>    86%]
[Progress:========================>     83%] [Cov:===============================>   91%]
[Progress:========================>     83%] [Cov:==============================>    86%]
[Progress:========================>     83%] [Cov:===============================>   91%]
[Progress:========================>     83%] [Cov:==============================>    86%]
[Progress:========================>     83%] [Cov:===============================>   91%]
[Progress:========================>     83%] [Cov:==============================>    86%]
[Progress:========================>     83%] [Cov:===============================>   91%]
[Progress:=========================>    85%] [Cov:===============================>   91%]
[Progress:=========================>    85%] [Cov:==============================>    86%]
[Progress:=========================>    85%] [Cov:===============================>   91%]
[Progress:=========================>    85%] [Cov:==============================>    86%]
[Progress:=========================>    85%] [Cov:===============================>   91%]
[Progress:=========================>    85%] [Cov:==============================>    86%]
[Progress:=========================>    85%] [Cov:===============================>   91%]
[Progress:=========================>    85%] [Cov:==============================>    86%]
[Progress:=========================>    85%] [Cov:===============================>   91%]
[Progress:=========================>    85%] [Cov:==============================>    86%]
[Progress:=========================>    85%] [Cov:===============================>   91%]
[Progress:=========================>    85%] [Cov:==============================>    86%]
[Progress:=========================>    85%] [Cov:===============================>   91%]
[Progress:=========================>    85%] [Cov:==============================>    86%]
[Progress:=========================>    85%] [Cov:===============================>   91%]
[Progress:=========================>    85%] [Cov:==============================>    86%]
[Progress:=========================>    85%] [Cov:===============================>   91%]
[Progress:=========================>    85%] [Cov:==============================>    86%]
[Progress:=========================>    85%] [Cov:===============================>   91%]
[Progress:=========================>    85%] [Cov:==============================>    86%]
[Progress:=========================>    85%] [Cov:===============================>   91%]
[Progress:=========================>    85%] [Cov:==============================>    86%]
[Progress:=========================>    85%] [Cov:===============================>   91%]
[Progress:=========================>    85%] [Cov:==============================>    86%]
[Progress:=========================>    85%] [Cov:===============================>   91%]
[Progress:=========================>    85%] [Cov:==============================>    86%]
[Progress:=========================>    85%] [Cov:===============================>   91%]
[Progress:=========================>    85%] [Cov:==============================>    86%]
[Progress:=========================>    85%] [Cov:===============================>   91%]
[Progress:=========================>    86%] [Cov:===============================>   91%]
[Progress:=========================>    86%] [Cov:==============================>    86%]
[Progress:=========================>    86%] [Cov:===============================>   91%]
[Progress:=========================>    86%] [Cov:==============================>    86%]
[Progress:=========================>    86%] [Cov:===============================>   91%]
[Progress:=========================>    86%] [Cov:==============================>    86%]
[Progress:=========================>    86%] [Cov:===============================>   91%]
[Progress:=========================>    86%] [Cov:==============================>    86%]
[Progress:=========================>    86%] [Cov:===============================>   91%]
[Progress:=========================>    86%] [Cov:==============================>    86%]
[Progress:=========================>    86%] [Cov:===============================>   91%]
[Progress:=========================>    86%] [Cov:==============================>    86%]
[Progress:=========================>    86%] [Cov:===============================>   91%]
[Progress:=========================>    86%] [Cov:==============================>    86%]
[Progress:=========================>    86%] [Cov:===============================>   91%]
[Progress:=========================>    86%] [Cov:==============================>    86%]
[Progress:=========================>    86%] [Cov:==============================>    87%]
[Progress:=========================>    86%] [Cov:===============================>   91%]
[Progress:=========================>    86%] [Cov:==============================>    86%]
[Progress:=========================>    86%] [Cov:===============================>   91%]
[Progress:=========================>    86%] [Cov:==============================>    86%]
[Progress:=========================>    86%] [Cov:===============================>   91%]
[Progress:=========================>    86%] [Cov:==============================>    86%]
[Progress:=========================>    86%] [Cov:===============================>   91%]
[Progress:=========================>    86%] [Cov:==============================>    86%]
[Progress:=========================>    86%] [Cov:===============================>   91%]
[Progress:==========================>   88%] [Cov:==============================>    88%]
[Progress:==========================>   88%] [Cov:===============================>   91%]
[Progress:==========================>   88%] [Cov:==============================>    86%]
[Progress:==========================>   88%] [Cov:===============================>   91%]
[Progress:==========================>   88%] [Cov:==============================>    86%]
[Progress:==========================>   88%] [Cov:===============================>   91%]
[Progress:==========================>   88%] [Cov:==============================>    86%]
[Progress:==========================>   88%] [Cov:===============================>   91%]
[Progress:==========================>   88%] [Cov:==============================>    86%]
[Progress:==========================>   88%] [Cov:===============================>   91%]
[Progress:==========================>   88%] [Cov:==============================>    86%]
[Progress:==========================>   88%] [Cov:===============================>   91%]
[Progress:==========================>   88%] [Cov:==============================>    86%]
[Progress:==========================>   88%] [Cov:===============================>   91%]
[Progress:==========================>   88%] [Cov:==============================>    86%]
[Progress:==========================>   88%] [Cov:===============================>   91%]
[Progress:==========================>   88%] [Cov:==============================>    86%]
[Progress:==========================>   88%] [Cov:===============================>   91%]
[Progress:==========================>   88%] [Cov:==============================>    86%]
[Progress:==========================>   88%] [Cov:===============================>   91%]
[Progress:==========================>   88%] [Cov:==============================>    86%]
[Progress:==========================>   88%] [Cov:===============================>   91%]
[Progress:==========================>   88%] [Cov:==============================>    86%]
[Progress:==========================>   88%] [Cov:===============================>   91%]
[Progress:==========================>   88%] [Cov:==============================>    86%]
[Progress:==========================>   88%] [Cov:===============================>   91%]
[Progress:==========================>   88%] [Cov:==============================>    86%]
[Progress:==========================>   88%] [Cov:===============================>   91%]
[Progress:==========================>   88%] [Cov:==============================>    86%]
[Progress:==========================>   88%] [Cov:===============================>   91%]
[Progress:==========================>   88%] [Cov:==============================>    86%]
[Progress:==========================>   88%] [Cov:===============================>   91%]
[Progress:==========================>   88%] [Cov:==============================>    86%]
[Progress:==========================>   88%] [Cov:===============================>   91%]
[Progress:==========================>   88%] [Cov:==============================>    86%]
[Progress:==========================>   88%] [Cov:===============================>   91%]
[Progress:==========================>   88%] [Cov:==============================>    86%]
[Progress:==========================>   88%] [Cov:===============================>   91%]
[Progress:===========================>  90%] [Cov:===============================>   91%]
[Progress:===========================>  90%] [Cov:==============================>    86%]
[Progress:===========================>  90%] [Cov:===============================>   91%]
[Progress:===========================>  90%] [Cov:==============================>    86%]
[Progress:===========================>  90%] [Cov:==============================>    87%]
[Progress:===========================>  90%] [Cov:===============================>   91%]
[Progress:===========================>  90%] [Cov:==============================>    86%]
[Progress:===========================>  90%] [Cov:==============================>    87%]
[Progress:===========================>  90%] [Cov:===============================>   91%]
[Progress:===========================>  90%] [Cov:==============================>    86%]
[Progress:===========================>  90%] [Cov:===============================>   91%]
[Progress:===========================>  90%] [Cov:==============================>    86%]
[Progress:===========================>  90%] [Cov:===============================>   91%]
[Progress:===========================>  90%] [Cov:==============================>    86%]
[Progress:===========================>  90%] [Cov:===============================>   91%]
[Progress:===========================>  90%] [Cov:==============================>    86%]
[Progress:===========================>  90%] [Cov:==============================>    87%]
[Progress:===========================>  90%] [Cov:===============================>   91%]
[Progress:===========================>  90%] [Cov:==============================>    86%]
[Progress:===========================>  90%] [Cov:===============================>   91%]
[Progress:===========================>  90%] [Cov:==============================>    86%]
[Progress:===========================>  90%] [Cov:===============================>   91%]
[Progress:===========================>  90%] [Cov:==============================>    86%]
[Progress:===========================>  90%] [Cov:===============================>   91%]
[Progress:===========================>  90%] [Cov:==============================>    86%]
[Progress:===========================>  90%] [Cov:===============================>   91%]
[Progress:===========================>  90%] [Cov:==============================>    86%]
[Progress:===========================>  90%] [Cov:===============================>   91%]
[Progress:===========================>  90%] [Cov:==============================>    86%]
[Progress:===========================>  90%] [Cov:===============================>   89%]
[Progress:===========================>  90%] [Cov:===============================>   91%]
[Progress:===========================>  90%] [Cov:==============================>    86%]
[Progress:===========================>  90%] [Cov:===============================>   91%]
[Progress:===========================>  91%] [Cov:==============================>    87%]
[Progress:===========================>  91%] [Cov:===============================>   91%]
[Progress:===========================>  91%] [Cov:==============================>    86%]
[Progress:===========================>  91%] [Cov:===============================>   89%]
[Progress:===========================>  91%] [Cov:===============================>   91%]
[Progress:===========================>  91%] [Cov:==============================>    86%]
[Progress:===========================>  91%] [Cov:===============================>   91%]
[Progress:===========================>  91%] [Cov:==============================>    86%]
[Progress:===========================>  91%] [Cov:===============================>   91%]
[Progress:===========================>  91%] [Cov:==============================>    86%]
[Progress:===========================>  91%] [Cov:===============================>   91%]
[Progress:===========================>  91%] [Cov:==============================>    86%]
[Progress:===========================>  91%] [Cov:===============================>   91%]
[Progress:===========================>  91%] [Cov:==============================>    86%]
[Progress:===========================>  91%] [Cov:==============================>    87%]
[Progress:===========================>  91%] [Cov:===============================>   91%]
[Progress:===========================>  91%] [Cov:==============================>    86%]
[Progress:===========================>  91%] [Cov:===============================>   91%]
[Progress:===========================>  91%] [Cov:==============================>    86%]
[Progress:===========================>  91%] [Cov:===============================>   91%]
[Progress:===========================>  91%] [Cov:==============================>    86%]
[Progress:===========================>  91%] [Cov:===============================>   91%]
[Progress:===========================>  91%] [Cov:==============================>    86%]
[Progress:===========================>  91%] [Cov:===============================>   91%]
[Progress:===========================>  91%] [Cov:==============================>    86%]
[Progress:===========================>  91%] [Cov:===============================>   91%]
[Progress:===========================>  91%] [Cov:==============================>    86%]
[Progress:===========================>  91%] [Cov:==============================>    88%]
[Progress:===========================>  91%] [Cov:===============================>   89%]
[Progress:===========================>  91%] [Cov:===============================>   91%]
[Progress:===========================>  91%] [Cov:==============================>    86%]
[Progress:===========================>  91%] [Cov:===============================>   91%]
[Progress:===========================>  91%] [Cov:==============================>    86%]
[Progress:===========================>  91%] [Cov:===============================>   89%]
[Progress:===========================>  91%] [Cov:===============================>   91%]
[Progress:===========================>  91%] [Cov:==============================>    86%]
[Progress:===========================>  91%] [Cov:===============================>   91%]
[Progress:===========================>  91%] [Cov:==============================>    86%]
[Progress:===========================>  91%] [Cov:===============================>   91%]
[Progress:===========================>  93%] [Cov:===============================>   91%]
[Progress:===========================>  93%] [Cov:==============================>    86%]
[Progress:===========================>  93%] [Cov:===============================>   91%]
[Progress:===========================>  93%] [Cov:==============================>    86%]
[Progress:===========================>  93%] [Cov:===============================>   91%]
[Progress:===========================>  93%] [Cov:==============================>    86%]
[Progress:===========================>  93%] [Cov:==============================>    87%]
[Progress:===========================>  93%] [Cov:===============================>   91%]
[Progress:===========================>  93%] [Cov:==============================>    86%]
[Progress:===========================>  93%] [Cov:==============================>    87%]
[Progress:===========================>  93%] [Cov:===============================>   91%]
[Progress:===========================>  93%] [Cov:==============================>    86%]
[Progress:===========================>  93%] [Cov:===============================>   91%]
[Progress:===========================>  93%] [Cov:==============================>    86%]
[Progress:===========================>  93%] [Cov:===============================>   91%]
[Progress:===========================>  93%] [Cov:==============================>    86%]
[Progress:===========================>  93%] [Cov:===============================>   91%]
[Progress:===========================>  93%] [Cov:==============================>    86%]
[Progress:===========================>  93%] [Cov:===============================>   91%]
[Progress:===========================>  93%] [Cov:==============================>    86%]
[Progress:===========================>  93%] [Cov:===============================>   91%]
[Progress:===========================>  93%] [Cov:==============================>    86%]
[Progress:===========================>  93%] [Cov:===============================>   91%]
[Progress:===========================>  93%] [Cov:==============================>    86%]
[Progress:===========================>  93%] [Cov:===============================>   91%]
[Progress:===========================>  93%] [Cov:==============================>    86%]
[Progress:===========================>  93%] [Cov:===============================>   89%]
[Progress:===========================>  93%] [Cov:===============================>   91%]
[Progress:===========================>  93%] [Cov:==============================>    86%]
[Progress:===========================>  93%] [Cov:===============================>   91%]
[Progress:===========================>  93%] [Cov:==============================>    86%]
[Progress:===========================>  93%] [Cov:===============================>   91%]
[Progress:===========================>  93%] [Cov:==============================>    86%]
[Progress:===========================>  93%] [Cov:===============================>   89%]
[Progress:===========================>  93%] [Cov:===============================>   91%]
[Progress:===========================>  93%] [Cov:==============================>    86%]
[Progress:===========================>  93%] [Cov:===============================>   91%]
[Progress:===========================>  93%] [Cov:==============================>    86%]
[Progress:===========================>  93%] [Cov:===============================>   91%]
[Progress:===========================>  93%] [Cov:==============================>    86%]
[Progress:===========================>  93%] [Cov:===============================>   91%]
[Progress:============================> 95%] [Cov:======================>            63%]
[Progress:============================> 95%] [Cov:============================>      81%]
[Progress:============================> 95%] [Cov:=============================>     83%]
[Progress:============================> 95%] [Cov:===============================>   91%]
[Progress:============================> 95%] [Cov:==============================>    86%]
[Progress:============================> 95%] [Cov:==============================>    87%]
[Progress:============================> 95%] [Cov:===============================>   91%]
[Progress:============================> 95%] [Cov:==============================>    86%]
[Progress:============================> 95%] [Cov:===============================>   91%]
[Progress:============================> 95%] [Cov:==============================>    86%]
[Progress:============================> 95%] [Cov:===============================>   89%]
[Progress:============================> 95%] [Cov:===============================>   91%]
[Progress:============================> 95%] [Cov:==============================>    86%]
[Progress:============================> 95%] [Cov:===============================>   91%]
[Progress:============================> 95%] [Cov:==============================>    86%]
[Progress:============================> 95%] [Cov:===============================>   91%]
[Progress:============================> 95%] [Cov:==============================>    86%]
[Progress:============================> 95%] [Cov:===============================>   91%]
[Progress:============================> 95%] [Cov:==============================>    86%]
[Progress:============================> 95%] [Cov:===============================>   91%]
[Progress:============================> 95%] [Cov:==============================>    86%]
[Progress:============================> 95%] [Cov:===============================>   91%]
[Progress:============================> 95%] [Cov:==============================>    86%]
[Progress:============================> 95%] [Cov:==============================>    87%]
[Progress:============================> 95%] [Cov:===============================>   91%]
[Progress:============================> 95%] [Cov:==============================>    86%]
[Progress:============================> 95%] [Cov:==============================>    87%]
[Progress:============================> 95%] [Cov:===============================>   91%]
[Progress:============================> 95%] [Cov:==============================>    86%]
[Progress:============================> 95%] [Cov:==============================>    87%]
[Progress:============================> 95%] [Cov:===============================>   91%]
[Progress:============================> 95%] [Cov:==============================>    86%]
[Progress:============================> 95%] [Cov:===============================>   91%]
[Progress:============================> 95%] [Cov:==============================>    86%]
[Progress:============================> 95%] [Cov:===============================>   91%]
[Progress:============================> 95%] [Cov:==============================>    86%]
[Progress:============================> 95%] [Cov:===============================>   89%]
[Progress:============================> 95%] [Cov:===============================>   91%]
[Progress:============================> 95%] [Cov:==============================>    86%]
[Progress:============================> 95%] [Cov:===============================>   91%]
[Progress:============================> 95%] [Cov:==============================>    86%]
[Progress:============================> 95%] [Cov:==============================>    87%]
[Progress:============================> 95%] [Cov:===============================>   91%]
[Progress:============================> 95%] [Cov:==============================>    86%]
[Progress:============================> 95%] [Cov:===============================>   91%]
[Progress:============================> 96%] [Cov:===============================>   91%]
[Progress:============================> 96%] [Cov:==============================>    86%]
[Progress:============================> 96%] [Cov:===============================>   91%]
[Progress:============================> 96%] [Cov:==============================>    86%]
[Progress:============================> 96%] [Cov:===============================>   91%]
[Progress:============================> 96%] [Cov:==============================>    86%]
[Progress:============================> 96%] [Cov:===============================>   91%]
[Progress:============================> 96%] [Cov:==============================>    86%]
[Progress:============================> 96%] [Cov:==============================>    88%]
[Progress:============================> 96%] [Cov:===============================>   91%]
[Progress:============================> 96%] [Cov:==============================>    86%]
[Progress:============================> 96%] [Cov:===============================>   91%]
[Progress:============================> 96%] [Cov:==============================>    86%]
[Progress:============================> 96%] [Cov:===============================>   91%]
[Progress:============================> 96%] [Cov:==============================>    86%]
[Progress:============================> 96%] [Cov:===============================>   91%]
[Progress:============================> 96%] [Cov:==============================>    86%]
[Progress:============================> 96%] [Cov:===============================>   91%]
[Progress:============================> 96%] [Cov:==============================>    86%]
[Progress:============================> 96%] [Cov:===============================>   91%]
[Progress:============================> 96%] [Cov:==============================>    86%]
[Progress:============================> 96%] [Cov:==============================>    87%]
[Progress:============================> 96%] [Cov:===============================>   91%]
[Progress:============================> 96%] [Cov:==============================>    86%]
[Progress:============================> 96%] [Cov:===============================>   91%]
[Progress:============================> 96%] [Cov:==============================>    86%]
[Progress:============================> 96%] [Cov:===============================>   91%]
[Progress:============================> 96%] [Cov:==============================>    86%]
[Progress:============================> 96%] [Cov:===============================>   91%]
[Progress:============================> 96%] [Cov:==============================>    86%]
[Progress:============================> 96%] [Cov:===============================>   91%]
[Progress:============================> 96%] [Cov:==============================>    86%]
[Progress:============================> 96%] [Cov:==============================>    88%]
[Progress:============================> 96%] [Cov:===============================>   89%]
[Progress:============================> 96%] [Cov:===============================>   91%]
[Progress:============================> 96%] [Cov:==============================>    86%]
[Progress:============================> 96%] [Cov:==============================>    87%]
[Progress:============================> 96%] [Cov:===============================>   91%]
[Progress:============================> 96%] [Cov:==============================>    86%]
[Progress:============================> 96%] [Cov:===============================>   91%]
[Progress:============================> 96%] [Cov:==============================>    86%]
[Progress:============================> 96%] [Cov:===============================>   91%]
[Progress:============================> 96%] [Cov:==============================>    86%]
[Progress:============================> 96%] [Cov:===============================>   91%]
[Progress:============================> 96%] [Cov:==============================>    86%]
[Progress:=============================>98%] [Cov:=====================>             61%]
[Progress:=============================>98%] [Cov:===============================>   91%]
[Progress:=============================>98%] [Cov:==============================>    86%]
[Progress:=============================>98%] [Cov:===============================>   91%]
[Progress:=============================>98%] [Cov:==============================>    86%]
[Progress:=============================>98%] [Cov:===============================>   91%]
[Progress:=============================>98%] [Cov:==============================>    86%]
[Progress:=============================>98%] [Cov:===============================>   91%]
[Progress:=============================>98%] [Cov:==============================>    86%]
[Progress:=============================>98%] [Cov:===============================>   91%]
[Progress:=============================>98%] [Cov:==============================>    86%]
[Progress:=============================>98%] [Cov:===============================>   91%]
[Progress:=============================>98%] [Cov:==============================>    86%]
[Progress:=============================>98%] [Cov:===============================>   91%]
[Progress:=============================>98%] [Cov:==============================>    86%]
[Progress:=============================>98%] [Cov:===============================>   91%]
[Progress:=============================>98%] [Cov:==============================>    86%]
[Progress:=============================>98%] [Cov:===============================>   91%]
[Progress:=============================>98%] [Cov:==============================>    86%]
[Progress:=============================>98%] [Cov:===============================>   91%]
[Progress:=============================>98%] [Cov:==============================>    86%]
[Progress:=============================>98%] [Cov:===============================>   91%]
[Progress:=============================>98%] [Cov:==============================>    86%]
[Progress:=============================>98%] [Cov:===============================>   91%]
[Progress:=============================>98%] [Cov:==============================>    86%]
[Progress:=============================>98%] [Cov:===============================>   91%]
[Progress:=============================>98%] [Cov:==============================>    86%]
[Progress:=============================>98%] [Cov:===============================>   91%]
[Progress:=============================>98%] [Cov:==============================>    86%]
[Progress:=============================>98%] [Cov:===============================>   91%]
[Progress:=============================>98%] [Cov:==============================>    86%]
[Progress:=============================>98%] [Cov:===============================>   91%]
[Progress:=============================>98%] [Cov:==============================>    86%]
[Progress:=============================>98%] [Cov:===============================>   91%]
[Progress:=============================>98%] [Cov:==============================>    86%]
[Progress:=============================>98%] [Cov:===============================>   91%]
[Progress:==============================100%] [Cov:==============================>    86%]
[Progress:==============================100%] [Cov:===============================>   91%]
[Progress:==============================100%] [Cov:==============================>    86%]
[Progress:==============================100%] [Cov:===============================>   89%]
[Progress:==============================100%] [Cov:===============================>   91%]
[Progress:==============================100%] [Cov:==============================>    86%]
[Progress:==============================100%] [Cov:===============================>   91%]
[Progress:==============================100%] [Cov:==============================>    86%]
[Progress:==============================100%] [Cov:===============================>   91%]
[Progress:==============================100%] [Cov:==============================>    86%]
[Progress:==============================100%] [Cov:===============================>   91%]
[Progress:==============================100%] [Cov:==============================>    86%]
[Progress:==============================100%] [Cov:===============================>   91%]
[Progress:==============================100%] [Cov:==============================>    86%]
[Progress:==============================100%] [Cov:===============================>   91%]
[Progress:==============================100%] [Cov:==============================>    86%]
[Progress:==============================100%] [Cov:===============================>   91%]
[Progress:==============================100%] [Cov:==============================>    86%]
[Progress:==============================100%] [Cov:===============================>   91%]
[Progress:==============================100%] [Cov:==============================>    86%]
[Progress:==============================100%] [Cov:===============================>   91%]
[Progress:==============================100%] [Cov:==============================>    86%]
[Progress:==============================100%] [Cov:===============================>   91%]
[Progress:==============================100%] [Cov:==============================>    86%]
[Progress:==============================100%] [Cov:===============================>   91%]
[Progress:==============================100%] [Cov:==============================>    86%]
[Progress:==============================100%] [Cov:==============================>    88%]
[Progress:==============================100%] [Cov:===============================>   89%]
[Progress:==============================100%] [Cov:===============================>   91%]
[Progress:==============================100%] [Cov:==============================>    86%]
[Progress:==============================100%] [Cov:===============================>   91%]
[Progress:==============================100%] [Cov:==============================>    86%]
[Progress:==============================100%] [Cov:===============================>   91%]
[Progress:==============================100%] [Cov:==============================>    86%]
[Progress:==============================100%] [Cov:===============================>   91%]
[Progress:==============================100%] [Cov:==============================>    86%]
[Progress:==============================100%] [Cov:===============================>   91%]
[Progress:==============================100%] [Cov:==============================>    86%]
[Progress:==============================100%] [Cov:===============================>   91%]
[Progress:==============================100%] [Cov:==============================>    87%]
[Progress:==============================100%] [Cov:===============================>   91%]
[Progress:==============================100%] [Cov:==============================>    86%]
* Search finished after 62s and 1001 generations, 94083 statements, best individual has fitness: 5.8
* Minimizing test suite
* Going to analyze the coverage criteria
* Coverage analysis for criterion LINE
* Coverage of criterion LINE: 75%
* Total number of goals: 16
* Number of covered goals: 12
* Coverage analysis for criterion BRANCH
* Coverage of criterion BRANCH: 100%
* Total number of goals: 6
* Number of covered goals: 6
* Coverage analysis for criterion EXCEPTION
* Coverage of criterion EXCEPTION: 50%
* Total number of goals: 2
* Number of covered goals: 1
* Coverage analysis for criterion WEAKMUTATION
* Coverage of criterion WEAKMUTATION: 56%
* Total number of goals: 9
* Number of covered goals: 5
* Coverage analysis for criterion OUTPUT
* Coverage of criterion OUTPUT: 50%
* Total number of goals: 2
* Number of covered goals: 1
* Coverage analysis for criterion METHOD
* Coverage of criterion METHOD: 100%
* Total number of goals: 2
* Number of covered goals: 2
* Coverage analysis for criterion METHODNOEXCEPTION
* Coverage of criterion METHODNOEXCEPTION: 100%
* Total number of goals: 2
* Number of covered goals: 2
* Coverage analysis for criterion CBRANCH
* Coverage of criterion CBRANCH: 100%
* Total number of goals: 6
* Number of covered goals: 6
* Generated 2 tests with total length 6
* Resulting test suite's coverage: 87% (average coverage for all fitness functions)
* Generating assertions
* Resulting test suite's mutation score: 11%
* Compiling and checking tests
* Writing tests to file
* Writing JUnit test case 'ConstructorInstantiator_ESTest' to evosuite-tests
* Done!

* Computation finished

