CMD: /usr/lib/jvm/java-8-openjdk-amd64/bin/java -Dtools_jar_location=/usr/lib/jvm/java-8-openjdk-amd64/lib/tools.jar -jar /home/user/evosuite/evosuite-1.2.0.jar -generateSuite -class org.jsoup.safety.Cleaner -projectCP /home/user/evosuite/Test/Jsoup-26b/target/classes -base_dir /home/user/evosuite/results/project-Jsoup/Jsoup-26/round02/evosuite-work -seed 11 -Dalgorithm=NSGAII -Dsearch_budget=150 -Dtest_format=JUNIT4 -Dassertions=true

* EvoSuite 1.2.0
* Going to generate test cases for class: org.jsoup.safety.Cleaner
* Starting Client-0
* Connecting to master process on port 8222
* Analyzing classpath: 
  - /home/user/evosuite/Test/Jsoup-26b/target/classes
* Finished analyzing classpath
* Generating tests for class org.jsoup.safety.Cleaner
* Test criteria:
  - Line Coverage
  - Branch Coverage
  - Exception
  - Mutation testing (weak)
  - Method-Output Coverage
  - Top-Level Method Coverage
  - No-Exception Top-Level Method Coverage
  - Context Branch Coverage
* Setting up search algorithm for whole suite generation
* Total number of test goals: 
  - Line 49
  - Branch 17
  - Exception 0
  - MutationFactory 85
  - Output 8
  - Method 3
  - MethodNoException 3
  - CBranchFitnessFactory 17
* Using seed 11
* Starting evolution

[Progress:>                             0%] [Cov:>                                  0%]
[Progress:>                             0%] [Cov:>                                  0%]
[Progress:>                             0%] [Cov:>                                  2%]
[Progress:>                             0%] [Cov:=>                                 3%]
[Progress:>                             0%] [Cov:=>                                 5%]
[Progress:>                             0%] [Cov:=====>                             16%]
[Progress:>                             0%] [Cov:=====>                             17%]
[Progress:>                             0%] [Cov:======>                            18%]
[Progress:>                             0%] [Cov:=======>                           21%]
[Progress:>                             0%] [Cov:========>                          23%]
[Progress:>                             0%] [Cov:=========>                         28%]
[Progress:>                             0%] [Cov:============>                      36%]
[Progress:>                             0%] [Cov:=============>                     38%]
[Progress:>                             0%] [Cov:================>                  48%]
[Progress:>                             0%] [Cov:=================>                 50%]
[Progress:>                             0%] [Cov:=================>                 50%]
[Progress:>                             1%] [Cov:=================>                 50%]
[Progress:>                             1%] [Cov:=================>                 50%]
[Progress:>                             1%] [Cov:=================>                 50%]
[Progress:>                             1%] [Cov:=================>                 50%][MASTER] 02:27:15.631 [logback-1] WARN  TestCluster - Failed to check cache for java.util.Comparator<T> : Type points to itself

[Progress:>                             2%] [Cov:=================>                 49%]
[Progress:>                             2%] [Cov:=================>                 50%]
[Progress:>                             2%] [Cov:=================>                 51%]
[Progress:>                             2%] [Cov:==================>                53%]
[Progress:>                             2%] [Cov:===================>               56%]
[Progress:>                             2%] [Cov:===================>               56%]
[Progress:>                             2%] [Cov:===================>               56%]
[Progress:>                             2%] [Cov:===================>               56%]
[Progress:>                             2%] [Cov:===================>               56%]
[Progress:>                             2%] [Cov:====================>              58%]
[Progress:>                             2%] [Cov:====================>              58%]
[Progress:>                             2%] [Cov:====================>              58%]
[Progress:>                             2%] [Cov:====================>              58%]
[Progress:>                             2%] [Cov:====================>              58%]
[Progress:>                             2%] [Cov:====================>              58%]
[Progress:>                             2%] [Cov:====================>              58%]
[Progress:>                             3%] [Cov:====================>              58%]
[Progress:>                             3%] [Cov:====================>              58%]
[Progress:>                             3%] [Cov:====================>              58%]
[Progress:>                             3%] [Cov:====================>              58%]
[Progress:>                             3%] [Cov:====================>              58%]
[Progress:>                             3%] [Cov:====================>              58%]
[Progress:>                             3%] [Cov:====================>              58%]
[Progress:>                             3%] [Cov:====================>              58%]
[Progress:>                             3%] [Cov:====================>              58%]
[Progress:>                             3%] [Cov:====================>              58%]
[Progress:=>                            4%] [Cov:====================>              58%]
[Progress:=>                            4%] [Cov:====================>              58%]
[Progress:=>                            4%] [Cov:====================>              58%]
[Progress:=>                            4%] [Cov:====================>              58%]
[Progress:=>                            4%] [Cov:====================>              58%]
[Progress:=>                            4%] [Cov:====================>              58%]
[Progress:=>                            4%] [Cov:====================>              58%]
[Progress:=>                            4%] [Cov:====================>              58%]
[Progress:=>                            4%] [Cov:====================>              58%]
[Progress:=>                            4%] [Cov:====================>              58%]
[Progress:=>                            4%] [Cov:====================>              58%]
[Progress:=>                            4%] [Cov:====================>              58%]
[Progress:=>                            4%] [Cov:====================>              58%]
[Progress:=>                            4%] [Cov:====================>              58%]
[Progress:=>                            4%] [Cov:====================>              58%]
[Progress:=>                            4%] [Cov:====================>              58%]
[Progress:=>                            4%] [Cov:====================>              58%]
[Progress:=>                            5%] [Cov:====================>              58%]
[Progress:=>                            5%] [Cov:====================>              58%]
[Progress:=>                            5%] [Cov:====================>              58%]
[Progress:=>                            5%] [Cov:====================>              58%]
[Progress:=>                            5%] [Cov:====================>              58%]
[Progress:=>                            5%] [Cov:====================>              58%]
[Progress:=>                            5%] [Cov:====================>              58%]
[Progress:=>                            5%] [Cov:====================>              58%]
[Progress:=>                            5%] [Cov:====================>              58%]
[Progress:=>                            5%] [Cov:====================>              58%]
[Progress:=>                            6%] [Cov:====================>              58%]
[Progress:=>                            6%] [Cov:====================>              58%]
[Progress:=>                            6%] [Cov:====================>              58%]
[Progress:=>                            6%] [Cov:====================>              58%]
[Progress:=>                            6%] [Cov:====================>              58%]
[Progress:=>                            6%] [Cov:====================>              58%]
[Progress:=>                            6%] [Cov:====================>              58%]
[Progress:=>                            6%] [Cov:====================>              58%]
[Progress:=>                            6%] [Cov:====================>              58%]
[Progress:=>                            6%] [Cov:====================>              58%]
[Progress:=>                            6%] [Cov:====================>              58%]
[Progress:=>                            6%] [Cov:====================>              58%]
[Progress:=>                            6%] [Cov:====================>              58%]
[Progress:=>                            6%] [Cov:====================>              58%]
[Progress:=>                            6%] [Cov:====================>              58%]
[Progress:=>                            6%] [Cov:====================>              58%]
[Progress:=>                            6%] [Cov:====================>              58%]
[Progress:=>                            6%] [Cov:====================>              58%]
[Progress:=>                            6%] [Cov:====================>              58%]
[Progress:=>                            6%] [Cov:====================>              58%]
[Progress:=>                            6%] [Cov:====================>              58%]
[Progress:==>                           7%] [Cov:====================>              58%]
[Progress:==>                           7%] [Cov:====================>              58%]
[Progress:==>                           7%] [Cov:====================>              58%]
[Progress:==>                           7%] [Cov:====================>              58%]
[Progress:==>                           7%] [Cov:====================>              58%]
[Progress:==>                           7%] [Cov:====================>              58%]
[Progress:==>                           7%] [Cov:====================>              58%]
[Progress:==>                           7%] [Cov:====================>              58%]
[Progress:==>                           7%] [Cov:====================>              58%]
[Progress:==>                           7%] [Cov:====================>              58%]
[Progress:==>                           7%] [Cov:====================>              58%]
[Progress:==>                           7%] [Cov:====================>              58%]
[Progress:==>                           7%] [Cov:====================>              58%]
[Progress:==>                           7%] [Cov:====================>              58%]
[Progress:==>                           7%] [Cov:====================>              58%]
[Progress:==>                           7%] [Cov:====================>              58%]
[Progress:==>                           8%] [Cov:====================>              58%]
[Progress:==>                           8%] [Cov:====================>              58%]
[Progress:==>                           8%] [Cov:====================>              58%]
[Progress:==>                           8%] [Cov:====================>              58%]
[Progress:==>                           8%] [Cov:====================>              58%]
[Progress:==>                           8%] [Cov:====================>              58%]
[Progress:==>                           8%] [Cov:====================>              58%]
[Progress:==>                           8%] [Cov:====================>              58%]
[Progress:==>                           8%] [Cov:====================>              58%]
[Progress:==>                           8%] [Cov:====================>              58%]
[Progress:==>                           8%] [Cov:====================>              58%]
[Progress:==>                           8%] [Cov:====================>              58%]
[Progress:==>                           8%] [Cov:====================>              58%]
[Progress:==>                           8%] [Cov:====================>              58%]
[Progress:==>                           8%] [Cov:====================>              58%]
[Progress:==>                           8%] [Cov:====================>              58%]
[Progress:==>                           8%] [Cov:====================>              58%]
[Progress:==>                           8%] [Cov:====================>              58%]
[Progress:==>                           8%] [Cov:====================>              58%]
[Progress:==>                           8%] [Cov:====================>              58%]
[Progress:==>                           8%] [Cov:====================>              58%]
[Progress:==>                           8%] [Cov:====================>              58%]
[Progress:==>                           8%] [Cov:====================>              58%]
[Progress:==>                           8%] [Cov:====================>              58%]
[Progress:==>                           8%] [Cov:====================>              58%]
[Progress:==>                           8%] [Cov:====================>              58%]
[Progress:==>                           8%] [Cov:====================>              58%]
[Progress:==>                           8%] [Cov:====================>              58%]
[Progress:==>                           8%] [Cov:====================>              58%]
[Progress:==>                           8%] [Cov:====================>              58%]
[Progress:==>                           8%] [Cov:====================>              58%]
[Progress:==>                           8%] [Cov:====================>              58%]
[Progress:==>                           8%] [Cov:====================>              58%]
[Progress:==>                           8%] [Cov:====================>              58%]
[Progress:==>                           8%] [Cov:====================>              58%]
[Progress:==>                           8%] [Cov:====================>              58%]
[Progress:==>                           9%] [Cov:====================>              58%]
[Progress:==>                           9%] [Cov:====================>              58%]
[Progress:==>                           9%] [Cov:====================>              58%]
[Progress:==>                           9%] [Cov:====================>              58%]
[Progress:==>                           9%] [Cov:====================>              58%]
[Progress:==>                           9%] [Cov:====================>              58%]
[Progress:==>                           9%] [Cov:====================>              58%]
[Progress:==>                           9%] [Cov:====================>              58%]
[Progress:==>                           9%] [Cov:====================>              58%]
[Progress:==>                           9%] [Cov:====================>              58%]
[Progress:==>                           9%] [Cov:====================>              58%]
[Progress:==>                           9%] [Cov:====================>              58%]
[Progress:==>                           9%] [Cov:====================>              58%]
[Progress:==>                           9%] [Cov:====================>              58%]
[Progress:==>                           9%] [Cov:====================>              58%]
[Progress:==>                           9%] [Cov:====================>              58%]
[Progress:==>                           9%] [Cov:====================>              58%]
[Progress:==>                           9%] [Cov:====================>              58%]
[Progress:==>                           9%] [Cov:====================>              58%]
[Progress:==>                           9%] [Cov:====================>              58%]
[Progress:===>                          10%] [Cov:====================>              58%]
[Progress:===>                          10%] [Cov:====================>              58%]
[Progress:===>                          10%] [Cov:====================>              58%]
[Progress:===>                          10%] [Cov:====================>              58%]
[Progress:===>                          10%] [Cov:====================>              58%]
[Progress:===>                          10%] [Cov:====================>              58%]
[Progress:===>                          10%] [Cov:====================>              58%]
[Progress:===>                          10%] [Cov:====================>              58%]
[Progress:===>                          10%] [Cov:====================>              58%]
[Progress:===>                          10%] [Cov:====================>              58%]
[Progress:===>                          10%] [Cov:====================>              58%]
[Progress:===>                          10%] [Cov:====================>              58%]
[Progress:===>                          10%] [Cov:====================>              58%]
[Progress:===>                          10%] [Cov:====================>              58%]
[Progress:===>                          10%] [Cov:====================>              58%]
[Progress:===>                          10%] [Cov:====================>              58%]
[Progress:===>                          10%] [Cov:====================>              58%]
[Progress:===>                          10%] [Cov:====================>              58%]
[Progress:===>                          10%] [Cov:====================>              58%]
[Progress:===>                          10%] [Cov:====================>              58%]
[Progress:===>                          10%] [Cov:====================>              58%]
[Progress:===>                          10%] [Cov:====================>              58%]
[Progress:===>                          10%] [Cov:====================>              58%]
[Progress:===>                          10%] [Cov:====================>              58%]
[Progress:===>                          10%] [Cov:====================>              58%]
[Progress:===>                          10%] [Cov:====================>              58%]
[Progress:===>                          10%] [Cov:====================>              58%]
[Progress:===>                          10%] [Cov:====================>              58%]
[Progress:===>                          10%] [Cov:====================>              58%]
[Progress:===>                          10%] [Cov:====================>              58%]
[Progress:===>                          10%] [Cov:====================>              58%]
[Progress:===>                          10%] [Cov:====================>              58%]
[Progress:===>                          10%] [Cov:====================>              58%]
[Progress:===>                          10%] [Cov:====================>              58%]
[Progress:===>                          10%] [Cov:====================>              58%]
[Progress:===>                          10%] [Cov:====================>              58%]
[Progress:===>                          11%] [Cov:====================>              58%]
[Progress:===>                          11%] [Cov:====================>              58%]
[Progress:===>                          11%] [Cov:====================>              58%]
[Progress:===>                          11%] [Cov:====================>              58%]
[Progress:===>                          11%] [Cov:====================>              58%]
[Progress:===>                          11%] [Cov:====================>              58%]
[Progress:===>                          11%] [Cov:====================>              58%]
[Progress:===>                          11%] [Cov:====================>              58%]
[Progress:===>                          11%] [Cov:====================>              58%]
[Progress:===>                          11%] [Cov:====================>              58%]
[Progress:===>                          11%] [Cov:====================>              58%]
[Progress:===>                          11%] [Cov:====================>              58%]
[Progress:===>                          11%] [Cov:====================>              58%]
[Progress:===>                          11%] [Cov:====================>              58%]
[Progress:===>                          11%] [Cov:====================>              58%]
[Progress:===>                          11%] [Cov:====================>              58%]
[Progress:===>                          11%] [Cov:====================>              58%]
[Progress:===>                          11%] [Cov:====================>              58%]
[Progress:===>                          11%] [Cov:====================>              58%]
[Progress:===>                          11%] [Cov:====================>              58%]
[Progress:===>                          12%] [Cov:===================>               55%]
[Progress:===>                          12%] [Cov:===================>               57%]
[Progress:===>                          12%] [Cov:====================>              58%]
[Progress:===>                          12%] [Cov:====================>              58%]
[Progress:===>                          12%] [Cov:====================>              58%]
[Progress:===>                          12%] [Cov:====================>              58%]
[Progress:===>                          12%] [Cov:====================>              58%]
[Progress:===>                          12%] [Cov:====================>              58%]
[Progress:===>                          12%] [Cov:====================>              58%]
[Progress:===>                          12%] [Cov:====================>              58%]
[Progress:===>                          12%] [Cov:====================>              58%]
[Progress:===>                          12%] [Cov:====================>              58%]
[Progress:===>                          12%] [Cov:====================>              58%]
[Progress:===>                          12%] [Cov:====================>              58%]
[Progress:===>                          12%] [Cov:====================>              58%]
[Progress:===>                          12%] [Cov:====================>              58%]
[Progress:===>                          12%] [Cov:====================>              58%]
[Progress:===>                          12%] [Cov:====================>              58%]
[Progress:===>                          12%] [Cov:====================>              58%]
[Progress:===>                          12%] [Cov:====================>              58%]
[Progress:===>                          12%] [Cov:====================>              58%]
[Progress:===>                          12%] [Cov:====================>              58%]
[Progress:===>                          12%] [Cov:====================>              58%]
[Progress:===>                          12%] [Cov:====================>              58%]
[Progress:===>                          12%] [Cov:====================>              58%]
[Progress:===>                          12%] [Cov:====================>              58%]
[Progress:===>                          12%] [Cov:====================>              58%]
[Progress:===>                          12%] [Cov:====================>              58%]
[Progress:===>                          12%] [Cov:====================>              58%]
[Progress:===>                          12%] [Cov:====================>              58%]
[Progress:===>                          12%] [Cov:====================>              58%]
[Progress:===>                          12%] [Cov:====================>              58%]
[Progress:===>                          12%] [Cov:====================>              58%]
[Progress:===>                          12%] [Cov:====================>              58%]
[Progress:===>                          12%] [Cov:====================>              58%]
[Progress:===>                          12%] [Cov:====================>              58%]
[Progress:===>                          12%] [Cov:====================>              58%]
[Progress:===>                          12%] [Cov:====================>              58%]
[Progress:===>                          12%] [Cov:====================>              58%]
[Progress:===>                          12%] [Cov:====================>              58%]
[Progress:===>                          12%] [Cov:====================>              58%]
[Progress:===>                          13%] [Cov:================>                  46%]
[Progress:===>                          13%] [Cov:====================>              58%]
[Progress:===>                          13%] [Cov:====================>              58%]
[Progress:===>                          13%] [Cov:====================>              58%]
[Progress:===>                          13%] [Cov:====================>              58%]
[Progress:===>                          13%] [Cov:====================>              58%]
[Progress:===>                          13%] [Cov:====================>              58%]
[Progress:===>                          13%] [Cov:====================>              58%]
[Progress:===>                          13%] [Cov:====================>              58%]
[Progress:===>                          13%] [Cov:====================>              58%]
[Progress:===>                          13%] [Cov:====================>              58%]
[Progress:===>                          13%] [Cov:====================>              58%]
[Progress:===>                          13%] [Cov:====================>              58%]
[Progress:===>                          13%] [Cov:====================>              58%]
[Progress:===>                          13%] [Cov:====================>              58%]
[Progress:===>                          13%] [Cov:====================>              58%]
[Progress:===>                          13%] [Cov:====================>              58%]
[Progress:===>                          13%] [Cov:====================>              58%]
[Progress:====>                         14%] [Cov:====================>              58%]
[Progress:====>                         14%] [Cov:====================>              58%]
[Progress:====>                         14%] [Cov:====================>              58%]
[Progress:====>                         14%] [Cov:====================>              58%]
[Progress:====>                         14%] [Cov:====================>              58%]
[Progress:====>                         14%] [Cov:====================>              58%]
[Progress:====>                         14%] [Cov:====================>              58%]
[Progress:====>                         14%] [Cov:====================>              58%]
[Progress:====>                         14%] [Cov:====================>              58%]
[Progress:====>                         14%] [Cov:====================>              58%]
[Progress:====>                         14%] [Cov:====================>              58%]
[Progress:====>                         14%] [Cov:====================>              58%]
[Progress:====>                         14%] [Cov:====================>              58%]
[Progress:====>                         14%] [Cov:====================>              58%]
[Progress:====>                         14%] [Cov:====================>              58%]
[Progress:====>                         14%] [Cov:====================>              58%]
[Progress:====>                         14%] [Cov:====================>              58%]
[Progress:====>                         14%] [Cov:====================>              58%]
[Progress:====>                         14%] [Cov:====================>              58%]
[Progress:====>                         14%] [Cov:====================>              58%]
[Progress:====>                         14%] [Cov:====================>              58%]
[Progress:====>                         14%] [Cov:====================>              58%]
[Progress:====>                         14%] [Cov:====================>              58%]
[Progress:====>                         14%] [Cov:====================>              58%]
[Progress:====>                         14%] [Cov:====================>              58%]
[Progress:====>                         14%] [Cov:====================>              58%]
[Progress:====>                         14%] [Cov:====================>              58%]
[Progress:====>                         14%] [Cov:====================>              58%]
[Progress:====>                         15%] [Cov:===================>               57%]
[Progress:====>                         15%] [Cov:====================>              58%]
[Progress:====>                         15%] [Cov:====================>              58%]
[Progress:====>                         15%] [Cov:====================>              58%]
[Progress:====>                         15%] [Cov:====================>              58%]
[Progress:====>                         15%] [Cov:====================>              58%]
[Progress:====>                         15%] [Cov:====================>              58%]
[Progress:====>                         15%] [Cov:====================>              58%]
[Progress:====>                         15%] [Cov:====================>              58%]
[Progress:====>                         15%] [Cov:====================>              58%]
[Progress:====>                         15%] [Cov:====================>              58%]
[Progress:====>                         15%] [Cov:====================>              58%]
[Progress:====>                         15%] [Cov:====================>              58%]
[Progress:====>                         15%] [Cov:====================>              58%]
[Progress:====>                         15%] [Cov:====================>              58%]
[Progress:====>                         16%] [Cov:====================>              58%]
[Progress:====>                         16%] [Cov:====================>              58%]
[Progress:====>                         16%] [Cov:====================>              58%]
[Progress:====>                         16%] [Cov:====================>              58%]
[Progress:====>                         16%] [Cov:====================>              58%]
[Progress:====>                         16%] [Cov:====================>              58%]
[Progress:====>                         16%] [Cov:====================>              58%]
[Progress:====>                         16%] [Cov:====================>              58%]
[Progress:====>                         16%] [Cov:====================>              58%]
[Progress:====>                         16%] [Cov:====================>              58%]
[Progress:====>                         16%] [Cov:====================>              58%]
[Progress:====>                         16%] [Cov:====================>              58%]
[Progress:====>                         16%] [Cov:====================>              58%]
[Progress:====>                         16%] [Cov:====================>              58%]
[Progress:====>                         16%] [Cov:====================>              58%]
[Progress:====>                         16%] [Cov:====================>              58%]
[Progress:====>                         16%] [Cov:====================>              58%]
[Progress:====>                         16%] [Cov:====================>              58%]
[Progress:====>                         16%] [Cov:====================>              58%]
[Progress:====>                         16%] [Cov:====================>              58%]
[Progress:====>                         16%] [Cov:====================>              58%]
[Progress:====>                         16%] [Cov:====================>              58%]
[Progress:====>                         16%] [Cov:====================>              58%]
[Progress:====>                         16%] [Cov:====================>              58%]
[Progress:====>                         16%] [Cov:====================>              58%]
[Progress:====>                         16%] [Cov:====================>              58%]
[Progress:====>                         16%] [Cov:====================>              58%]
[Progress:====>                         16%] [Cov:====================>              58%]
[Progress:====>                         16%] [Cov:====================>              58%]
[Progress:====>                         16%] [Cov:====================>              58%]
[Progress:=====>                        17%] [Cov:====================>              58%]
[Progress:=====>                        17%] [Cov:====================>              58%]
[Progress:=====>                        17%] [Cov:====================>              58%]
[Progress:=====>                        17%] [Cov:====================>              58%]
[Progress:=====>                        17%] [Cov:====================>              58%]
[Progress:=====>                        17%] [Cov:====================>              58%]
[Progress:=====>                        17%] [Cov:====================>              58%]
[Progress:=====>                        17%] [Cov:====================>              58%]
[Progress:=====>                        17%] [Cov:====================>              58%]
[Progress:=====>                        17%] [Cov:====================>              58%]
[Progress:=====>                        17%] [Cov:====================>              58%]
[Progress:=====>                        17%] [Cov:====================>              58%]
[Progress:=====>                        17%] [Cov:====================>              58%]
[Progress:=====>                        17%] [Cov:====================>              58%]
[Progress:=====>                        17%] [Cov:====================>              58%]
[Progress:=====>                        17%] [Cov:====================>              58%]
[Progress:=====>                        17%] [Cov:====================>              58%]
[Progress:=====>                        17%] [Cov:====================>              58%]
[Progress:=====>                        18%] [Cov:====================>              58%]
[Progress:=====>                        18%] [Cov:====================>              58%]
[Progress:=====>                        18%] [Cov:====================>              58%]
[Progress:=====>                        18%] [Cov:====================>              58%]
[Progress:=====>                        18%] [Cov:====================>              58%]
[Progress:=====>                        18%] [Cov:====================>              58%]
[Progress:=====>                        18%] [Cov:====================>              58%]
[Progress:=====>                        18%] [Cov:====================>              58%]
[Progress:=====>                        18%] [Cov:====================>              58%]
[Progress:=====>                        18%] [Cov:====================>              58%]
[Progress:=====>                        18%] [Cov:====================>              58%]
[Progress:=====>                        18%] [Cov:====================>              58%]
[Progress:=====>                        18%] [Cov:====================>              58%]
[Progress:=====>                        18%] [Cov:====================>              58%]
[Progress:=====>                        18%] [Cov:====================>              58%]
[Progress:=====>                        18%] [Cov:====================>              58%]
[Progress:=====>                        18%] [Cov:====================>              58%]
[Progress:=====>                        18%] [Cov:====================>              58%]
[Progress:=====>                        18%] [Cov:====================>              58%]
[Progress:=====>                        18%] [Cov:====================>              58%]
[Progress:=====>                        18%] [Cov:====================>              58%]
[Progress:=====>                        18%] [Cov:====================>              58%]
[Progress:=====>                        18%] [Cov:====================>              58%]
[Progress:=====>                        18%] [Cov:====================>              58%]
[Progress:=====>                        18%] [Cov:====================>              58%]
[Progress:=====>                        18%] [Cov:====================>              58%]
[Progress:=====>                        18%] [Cov:====================>              58%]
[Progress:=====>                        18%] [Cov:====================>              58%]
[Progress:=====>                        18%] [Cov:====================>              58%]
[Progress:=====>                        18%] [Cov:====================>              58%]
[Progress:=====>                        18%] [Cov:====================>              58%]
[Progress:=====>                        18%] [Cov:====================>              58%]
[Progress:=====>                        18%] [Cov:====================>              58%]
[Progress:=====>                        18%] [Cov:====================>              58%]
[Progress:=====>                        18%] [Cov:====================>              58%]
[Progress:=====>                        18%] [Cov:====================>              58%]
[Progress:=====>                        19%] [Cov:====================>              58%]
[Progress:=====>                        19%] [Cov:====================>              58%]
[Progress:=====>                        19%] [Cov:====================>              58%]
[Progress:=====>                        19%] [Cov:====================>              58%]
[Progress:=====>                        19%] [Cov:====================>              58%]
[Progress:=====>                        19%] [Cov:====================>              58%]
[Progress:=====>                        19%] [Cov:====================>              58%]
[Progress:=====>                        19%] [Cov:====================>              58%]
[Progress:=====>                        19%] [Cov:====================>              58%]
[Progress:=====>                        19%] [Cov:====================>              58%]
[Progress:=====>                        19%] [Cov:====================>              58%]
[Progress:=====>                        19%] [Cov:====================>              58%]
[Progress:=====>                        19%] [Cov:====================>              58%]
[Progress:=====>                        19%] [Cov:====================>              58%]
[Progress:=====>                        19%] [Cov:====================>              58%]
[Progress:=====>                        19%] [Cov:====================>              58%]
[Progress:=====>                        19%] [Cov:====================>              58%]
[Progress:=====>                        19%] [Cov:====================>              58%]
[Progress:=====>                        19%] [Cov:====================>              58%]
[Progress:======>                       20%] [Cov:====================>              58%]
[Progress:======>                       20%] [Cov:====================>              58%]
[Progress:======>                       20%] [Cov:====================>              58%]
[Progress:======>                       20%] [Cov:====================>              58%]
[Progress:======>                       20%] [Cov:====================>              58%]
[Progress:======>                       20%] [Cov:====================>              58%]
[Progress:======>                       20%] [Cov:====================>              58%]
[Progress:======>                       20%] [Cov:====================>              58%]
[Progress:======>                       20%] [Cov:====================>              58%]
[Progress:======>                       20%] [Cov:====================>              58%]
[Progress:======>                       20%] [Cov:====================>              58%]
[Progress:======>                       20%] [Cov:====================>              58%]
[Progress:======>                       20%] [Cov:====================>              58%]
[Progress:======>                       20%] [Cov:====================>              58%]
[Progress:======>                       20%] [Cov:====================>              58%]
[Progress:======>                       20%] [Cov:====================>              58%]
[Progress:======>                       20%] [Cov:====================>              58%]
[Progress:======>                       20%] [Cov:====================>              58%]
[Progress:======>                       20%] [Cov:====================>              58%]
[Progress:======>                       20%] [Cov:====================>              58%]
[Progress:======>                       20%] [Cov:====================>              58%]
[Progress:======>                       20%] [Cov:====================>              58%]
[Progress:======>                       20%] [Cov:====================>              58%]
[Progress:======>                       20%] [Cov:====================>              58%]
[Progress:======>                       20%] [Cov:====================>              58%]
[Progress:======>                       20%] [Cov:====================>              58%]
[Progress:======>                       20%] [Cov:====================>              58%]
[Progress:======>                       20%] [Cov:====================>              58%]
[Progress:======>                       20%] [Cov:====================>              58%]
[Progress:======>                       20%] [Cov:====================>              58%]
[Progress:======>                       20%] [Cov:====================>              58%]
[Progress:======>                       20%] [Cov:====================>              58%]
[Progress:======>                       20%] [Cov:====================>              58%]
[Progress:======>                       20%] [Cov:====================>              58%]
[Progress:======>                       20%] [Cov:====================>              58%]
[Progress:======>                       20%] [Cov:====================>              58%]
[Progress:======>                       20%] [Cov:====================>              58%]
[Progress:======>                       20%] [Cov:====================>              58%]
[Progress:======>                       20%] [Cov:====================>              58%]
[Progress:======>                       20%] [Cov:====================>              58%]
[Progress:======>                       20%] [Cov:====================>              58%]
[Progress:======>                       20%] [Cov:====================>              58%]
[Progress:======>                       20%] [Cov:====================>              58%]
[Progress:======>                       21%] [Cov:=================>                 50%]
[Progress:======>                       21%] [Cov:===================>               55%]
[Progress:======>                       21%] [Cov:====================>              58%]
[Progress:======>                       21%] [Cov:====================>              58%]
[Progress:======>                       21%] [Cov:====================>              58%]
[Progress:======>                       21%] [Cov:====================>              58%]
[Progress:======>                       21%] [Cov:====================>              58%]
[Progress:======>                       21%] [Cov:====================>              58%]
[Progress:======>                       21%] [Cov:====================>              58%]
[Progress:======>                       21%] [Cov:====================>              58%]
[Progress:======>                       21%] [Cov:====================>              58%]
[Progress:======>                       21%] [Cov:====================>              58%]
[Progress:======>                       21%] [Cov:====================>              58%]
[Progress:======>                       21%] [Cov:====================>              58%]
[Progress:======>                       21%] [Cov:====================>              58%]
[Progress:======>                       21%] [Cov:====================>              58%]
[Progress:======>                       21%] [Cov:====================>              58%]
[Progress:======>                       21%] [Cov:====================>              58%]
[Progress:======>                       21%] [Cov:====================>              58%]
[Progress:======>                       22%] [Cov:====================>              58%]
[Progress:======>                       22%] [Cov:====================>              58%]
[Progress:======>                       22%] [Cov:====================>              58%]
[Progress:======>                       22%] [Cov:====================>              58%]
[Progress:======>                       22%] [Cov:====================>              58%]
[Progress:======>                       22%] [Cov:====================>              58%]
[Progress:======>                       22%] [Cov:====================>              58%]
[Progress:======>                       22%] [Cov:====================>              58%]
[Progress:======>                       22%] [Cov:====================>              58%]
[Progress:======>                       22%] [Cov:====================>              58%]
[Progress:======>                       22%] [Cov:====================>              58%]
[Progress:======>                       22%] [Cov:====================>              58%]
[Progress:======>                       22%] [Cov:====================>              58%]
[Progress:======>                       22%] [Cov:====================>              58%]
[Progress:======>                       22%] [Cov:====================>              58%]
[Progress:======>                       22%] [Cov:====================>              58%]
[Progress:======>                       22%] [Cov:====================>              58%]
[Progress:======>                       22%] [Cov:====================>              58%]
[Progress:======>                       22%] [Cov:====================>              58%]
[Progress:======>                       22%] [Cov:====================>              58%]
[Progress:======>                       22%] [Cov:====================>              58%]
[Progress:======>                       22%] [Cov:====================>              58%]
[Progress:======>                       22%] [Cov:====================>              58%]
[Progress:======>                       22%] [Cov:====================>              58%]
[Progress:======>                       22%] [Cov:====================>              58%]
[Progress:======>                       22%] [Cov:====================>              58%]
[Progress:======>                       22%] [Cov:====================>              58%]
[Progress:======>                       22%] [Cov:====================>              58%]
[Progress:======>                       22%] [Cov:====================>              58%]
[Progress:======>                       22%] [Cov:====================>              58%]
[Progress:======>                       22%] [Cov:====================>              58%]
[Progress:======>                       22%] [Cov:====================>              58%]
[Progress:======>                       22%] [Cov:====================>              58%]
[Progress:======>                       22%] [Cov:====================>              58%]
[Progress:======>                       22%] [Cov:====================>              58%]
[Progress:======>                       22%] [Cov:====================>              58%]
[Progress:======>                       22%] [Cov:====================>              58%]
[Progress:======>                       22%] [Cov:====================>              58%]
[Progress:======>                       22%] [Cov:====================>              58%]
[Progress:======>                       22%] [Cov:====================>              58%]
[Progress:======>                       23%] [Cov:====================>              58%]
[Progress:======>                       23%] [Cov:====================>              58%]
[Progress:======>                       23%] [Cov:====================>              58%]
[Progress:======>                       23%] [Cov:====================>              58%]
[Progress:======>                       23%] [Cov:====================>              58%]
[Progress:======>                       23%] [Cov:====================>              58%]
[Progress:======>                       23%] [Cov:====================>              58%]
[Progress:======>                       23%] [Cov:====================>              58%]
[Progress:======>                       23%] [Cov:====================>              58%]
[Progress:======>                       23%] [Cov:====================>              58%]
[Progress:======>                       23%] [Cov:====================>              58%]
[Progress:======>                       23%] [Cov:====================>              58%]
[Progress:======>                       23%] [Cov:====================>              58%]
[Progress:======>                       23%] [Cov:====================>              58%]
[Progress:======>                       23%] [Cov:====================>              58%]
[Progress:======>                       23%] [Cov:====================>              58%]
[Progress:======>                       23%] [Cov:====================>              58%]
[Progress:======>                       23%] [Cov:====================>              58%]
[Progress:=======>                      24%] [Cov:====================>              58%]
[Progress:=======>                      24%] [Cov:====================>              58%]
[Progress:=======>                      24%] [Cov:====================>              58%]
[Progress:=======>                      24%] [Cov:====================>              58%]
[Progress:=======>                      24%] [Cov:====================>              58%]
[Progress:=======>                      24%] [Cov:====================>              58%]
[Progress:=======>                      24%] [Cov:====================>              58%]
[Progress:=======>                      24%] [Cov:====================>              58%]
[Progress:=======>                      24%] [Cov:====================>              58%]
[Progress:=======>                      24%] [Cov:====================>              58%]
[Progress:=======>                      24%] [Cov:====================>              58%]
[Progress:=======>                      24%] [Cov:====================>              58%]
[Progress:=======>                      24%] [Cov:====================>              58%]
[Progress:=======>                      24%] [Cov:====================>              58%]
[Progress:=======>                      24%] [Cov:====================>              58%]
[Progress:=======>                      24%] [Cov:====================>              58%]
[Progress:=======>                      24%] [Cov:====================>              58%]
[Progress:=======>                      24%] [Cov:====================>              58%]
[Progress:=======>                      24%] [Cov:====================>              58%]
[Progress:=======>                      24%] [Cov:====================>              58%]
[Progress:=======>                      24%] [Cov:====================>              58%]
[Progress:=======>                      24%] [Cov:====================>              58%]
[Progress:=======>                      24%] [Cov:====================>              58%]
[Progress:=======>                      24%] [Cov:====================>              58%]
[Progress:=======>                      24%] [Cov:====================>              58%]
[Progress:=======>                      24%] [Cov:====================>              58%]
[Progress:=======>                      24%] [Cov:====================>              58%]
[Progress:=======>                      24%] [Cov:====================>              58%]
[Progress:=======>                      24%] [Cov:====================>              58%]
[Progress:=======>                      24%] [Cov:====================>              58%]
[Progress:=======>                      24%] [Cov:====================>              58%]
[Progress:=======>                      24%] [Cov:====================>              58%]
[Progress:=======>                      24%] [Cov:====================>              58%]
[Progress:=======>                      24%] [Cov:====================>              58%]
[Progress:=======>                      25%] [Cov:====================>              58%]
[Progress:=======>                      25%] [Cov:====================>              58%]
[Progress:=======>                      25%] [Cov:====================>              58%]
[Progress:=======>                      25%] [Cov:====================>              58%]
[Progress:=======>                      25%] [Cov:====================>              58%]
[Progress:=======>                      25%] [Cov:====================>              58%]
[Progress:=======>                      25%] [Cov:====================>              58%]
[Progress:=======>                      25%] [Cov:====================>              58%]
[Progress:=======>                      25%] [Cov:====================>              58%]
[Progress:=======>                      25%] [Cov:====================>              58%]
[Progress:=======>                      25%] [Cov:====================>              58%]
[Progress:=======>                      25%] [Cov:====================>              58%]
[Progress:=======>                      25%] [Cov:====================>              58%]
[Progress:=======>                      25%] [Cov:====================>              58%]
[Progress:=======>                      25%] [Cov:====================>              58%]
[Progress:=======>                      25%] [Cov:====================>              58%]
[Progress:=======>                      25%] [Cov:====================>              58%]
[Progress:=======>                      25%] [Cov:====================>              58%]
[Progress:=======>                      25%] [Cov:====================>              58%]
[Progress:=======>                      25%] [Cov:====================>              58%]
[Progress:=======>                      25%] [Cov:====================>              58%]
[Progress:=======>                      25%] [Cov:====================>              58%]
[Progress:=======>                      25%] [Cov:====================>              58%]
[Progress:=======>                      25%] [Cov:====================>              58%]
[Progress:=======>                      25%] [Cov:====================>              58%]
[Progress:=======>                      25%] [Cov:====================>              58%]
[Progress:=======>                      25%] [Cov:====================>              58%]
[Progress:=======>                      26%] [Cov:====================>              58%]
[Progress:=======>                      26%] [Cov:====================>              58%]
[Progress:=======>                      26%] [Cov:====================>              58%]
[Progress:=======>                      26%] [Cov:====================>              58%]
[Progress:=======>                      26%] [Cov:====================>              58%]
[Progress:=======>                      26%] [Cov:====================>              58%]
[Progress:=======>                      26%] [Cov:====================>              58%]
[Progress:=======>                      26%] [Cov:====================>              58%]
[Progress:=======>                      26%] [Cov:====================>              58%]
[Progress:=======>                      26%] [Cov:====================>              58%]
[Progress:=======>                      26%] [Cov:====================>              58%]
[Progress:=======>                      26%] [Cov:====================>              58%]
[Progress:=======>                      26%] [Cov:====================>              58%]
[Progress:=======>                      26%] [Cov:====================>              58%]
[Progress:=======>                      26%] [Cov:====================>              58%]
[Progress:=======>                      26%] [Cov:====================>              58%]
[Progress:=======>                      26%] [Cov:====================>              58%]
[Progress:=======>                      26%] [Cov:====================>              58%]
[Progress:=======>                      26%] [Cov:====================>              58%]
[Progress:=======>                      26%] [Cov:====================>              58%]
[Progress:=======>                      26%] [Cov:====================>              58%]
[Progress:=======>                      26%] [Cov:====================>              58%]
[Progress:=======>                      26%] [Cov:====================>              58%]
[Progress:=======>                      26%] [Cov:====================>              58%]
[Progress:=======>                      26%] [Cov:====================>              58%]
[Progress:=======>                      26%] [Cov:====================>              58%]
[Progress:=======>                      26%] [Cov:====================>              58%]
[Progress:=======>                      26%] [Cov:====================>              58%]
[Progress:=======>                      26%] [Cov:====================>              58%]
[Progress:=======>                      26%] [Cov:====================>              58%]
[Progress:=======>                      26%] [Cov:====================>              58%]
[Progress:=======>                      26%] [Cov:====================>              58%]
[Progress:=======>                      26%] [Cov:====================>              58%]
[Progress:=======>                      26%] [Cov:====================>              58%]
[Progress:=======>                      26%] [Cov:====================>              58%]
[Progress:=======>                      26%] [Cov:====================>              58%]
[Progress:=======>                      26%] [Cov:====================>              58%]
[Progress:=======>                      26%] [Cov:====================>              58%]
[Progress:=======>                      26%] [Cov:====================>              58%]
[Progress:=======>                      26%] [Cov:====================>              58%]
[Progress:=======>                      26%] [Cov:====================>              58%]
[Progress:=======>                      26%] [Cov:====================>              58%]
[Progress:=======>                      26%] [Cov:====================>              58%]
[Progress:=======>                      26%] [Cov:====================>              58%]
[Progress:=======>                      26%] [Cov:====================>              58%]
[Progress:========>                     27%] [Cov:==================>                53%]
[Progress:========>                     27%] [Cov:====================>              58%]
[Progress:========>                     27%] [Cov:====================>              58%]
[Progress:========>                     27%] [Cov:====================>              58%]
[Progress:========>                     27%] [Cov:====================>              58%]
[Progress:========>                     27%] [Cov:====================>              58%]
[Progress:========>                     27%] [Cov:====================>              58%]
[Progress:========>                     27%] [Cov:====================>              58%]
[Progress:========>                     27%] [Cov:====================>              58%]
[Progress:========>                     27%] [Cov:====================>              58%]
[Progress:========>                     27%] [Cov:====================>              58%]
[Progress:========>                     27%] [Cov:====================>              58%]
[Progress:========>                     27%] [Cov:====================>              58%]
[Progress:========>                     27%] [Cov:====================>              58%]
[Progress:========>                     27%] [Cov:====================>              58%]
[Progress:========>                     27%] [Cov:====================>              58%]
[Progress:========>                     27%] [Cov:====================>              58%]
[Progress:========>                     27%] [Cov:====================>              58%]
[Progress:========>                     27%] [Cov:====================>              58%]
[Progress:========>                     27%] [Cov:====================>              58%]
[Progress:========>                     27%] [Cov:====================>              58%]
[Progress:========>                     27%] [Cov:====================>              58%]
[Progress:========>                     28%] [Cov:==================>                52%]
[Progress:========>                     28%] [Cov:====================>              58%]
[Progress:========>                     28%] [Cov:====================>              58%]
[Progress:========>                     28%] [Cov:====================>              58%]
[Progress:========>                     28%] [Cov:====================>              58%]
[Progress:========>                     28%] [Cov:====================>              58%]
[Progress:========>                     28%] [Cov:====================>              58%]
[Progress:========>                     28%] [Cov:====================>              58%]
[Progress:========>                     28%] [Cov:====================>              58%]
[Progress:========>                     28%] [Cov:====================>              58%]
[Progress:========>                     28%] [Cov:====================>              58%]
[Progress:========>                     28%] [Cov:====================>              58%]
[Progress:========>                     28%] [Cov:====================>              58%]
[Progress:========>                     28%] [Cov:====================>              58%]
[Progress:========>                     28%] [Cov:====================>              58%]
[Progress:========>                     28%] [Cov:====================>              58%]
[Progress:========>                     28%] [Cov:====================>              58%]
[Progress:========>                     28%] [Cov:====================>              58%]
[Progress:========>                     28%] [Cov:====================>              58%]
[Progress:========>                     28%] [Cov:====================>              58%]
[Progress:========>                     28%] [Cov:====================>              58%]
[Progress:========>                     28%] [Cov:====================>              58%]
[Progress:========>                     28%] [Cov:====================>              58%]
[Progress:========>                     28%] [Cov:====================>              58%]
[Progress:========>                     28%] [Cov:====================>              58%]
[Progress:========>                     28%] [Cov:====================>              58%]
[Progress:========>                     28%] [Cov:====================>              58%]
[Progress:========>                     28%] [Cov:====================>              58%]
[Progress:========>                     28%] [Cov:====================>              58%]
[Progress:========>                     28%] [Cov:====================>              58%]
[Progress:========>                     28%] [Cov:====================>              58%]
[Progress:========>                     28%] [Cov:====================>              58%]
[Progress:========>                     28%] [Cov:====================>              58%]
[Progress:========>                     28%] [Cov:====================>              58%]
[Progress:========>                     29%] [Cov:===================>               56%]
[Progress:========>                     29%] [Cov:====================>              58%]
[Progress:========>                     29%] [Cov:====================>              58%]
[Progress:========>                     29%] [Cov:====================>              58%]
[Progress:========>                     29%] [Cov:====================>              58%]
[Progress:========>                     29%] [Cov:====================>              58%]
[Progress:========>                     29%] [Cov:====================>              58%]
[Progress:========>                     29%] [Cov:====================>              58%]
[Progress:========>                     29%] [Cov:====================>              58%]
[Progress:========>                     29%] [Cov:====================>              58%]
[Progress:========>                     29%] [Cov:====================>              58%]
[Progress:========>                     29%] [Cov:====================>              58%]
[Progress:========>                     29%] [Cov:====================>              58%]
[Progress:========>                     29%] [Cov:====================>              58%]
[Progress:========>                     29%] [Cov:====================>              58%]
[Progress:========>                     29%] [Cov:====================>              58%]
[Progress:========>                     29%] [Cov:====================>              58%]
[Progress:========>                     29%] [Cov:====================>              58%]
[Progress:=========>                    30%] [Cov:====================>              58%]
[Progress:=========>                    30%] [Cov:====================>              58%]
[Progress:=========>                    30%] [Cov:====================>              58%]
[Progress:=========>                    30%] [Cov:====================>              58%]
[Progress:=========>                    30%] [Cov:====================>              58%]
[Progress:=========>                    30%] [Cov:====================>              58%]
[Progress:=========>                    30%] [Cov:====================>              58%]
[Progress:=========>                    30%] [Cov:====================>              58%]
[Progress:=========>                    30%] [Cov:====================>              58%]
[Progress:=========>                    30%] [Cov:====================>              58%]
[Progress:=========>                    30%] [Cov:====================>              58%]
[Progress:=========>                    30%] [Cov:====================>              58%]
[Progress:=========>                    30%] [Cov:====================>              58%]
[Progress:=========>                    30%] [Cov:====================>              58%]
[Progress:=========>                    30%] [Cov:====================>              58%]
[Progress:=========>                    30%] [Cov:====================>              58%]
[Progress:=========>                    30%] [Cov:====================>              58%]
[Progress:=========>                    30%] [Cov:====================>              58%]
[Progress:=========>                    30%] [Cov:====================>              58%]
[Progress:=========>                    30%] [Cov:====================>              58%]
[Progress:=========>                    30%] [Cov:====================>              58%]
[Progress:=========>                    30%] [Cov:====================>              58%]
[Progress:=========>                    30%] [Cov:====================>              58%]
[Progress:=========>                    30%] [Cov:====================>              58%]
[Progress:=========>                    30%] [Cov:====================>              58%]
[Progress:=========>                    30%] [Cov:====================>              58%]
[Progress:=========>                    30%] [Cov:====================>              58%]
[Progress:=========>                    30%] [Cov:====================>              58%]
[Progress:=========>                    30%] [Cov:====================>              58%]
[Progress:=========>                    30%] [Cov:====================>              58%]
[Progress:=========>                    30%] [Cov:====================>              58%]
[Progress:=========>                    30%] [Cov:====================>              58%]
[Progress:=========>                    30%] [Cov:====================>              58%]
[Progress:=========>                    30%] [Cov:====================>              58%]
[Progress:=========>                    30%] [Cov:====================>              58%]
[Progress:=========>                    30%] [Cov:====================>              58%]
[Progress:=========>                    30%] [Cov:====================>              58%]
[Progress:=========>                    30%] [Cov:====================>              58%]
[Progress:=========>                    30%] [Cov:====================>              58%]
[Progress:=========>                    30%] [Cov:====================>              58%]
[Progress:=========>                    30%] [Cov:====================>              58%]
[Progress:=========>                    30%] [Cov:====================>              58%]
[Progress:=========>                    30%] [Cov:====================>              58%]
[Progress:=========>                    30%] [Cov:====================>              58%]
[Progress:=========>                    30%] [Cov:====================>              58%]
[Progress:=========>                    31%] [Cov:====================>              58%]
[Progress:=========>                    31%] [Cov:====================>              58%]
[Progress:=========>                    31%] [Cov:====================>              58%]
[Progress:=========>                    31%] [Cov:====================>              58%]
[Progress:=========>                    31%] [Cov:====================>              58%]
[Progress:=========>                    31%] [Cov:====================>              58%]
[Progress:=========>                    31%] [Cov:====================>              58%]
[Progress:=========>                    31%] [Cov:====================>              58%]
[Progress:=========>                    31%] [Cov:====================>              58%]
[Progress:=========>                    31%] [Cov:====================>              58%]
[Progress:=========>                    31%] [Cov:====================>              58%]
[Progress:=========>                    31%] [Cov:====================>              58%]
[Progress:=========>                    31%] [Cov:====================>              58%]
[Progress:=========>                    31%] [Cov:====================>              58%]
[Progress:=========>                    31%] [Cov:====================>              58%]
[Progress:=========>                    31%] [Cov:====================>              58%]
[Progress:=========>                    31%] [Cov:====================>              58%]
[Progress:=========>                    31%] [Cov:====================>              58%]
[Progress:=========>                    31%] [Cov:====================>              58%]
[Progress:=========>                    31%] [Cov:====================>              58%]
[Progress:=========>                    31%] [Cov:====================>              58%]
[Progress:=========>                    31%] [Cov:====================>              58%]
[Progress:=========>                    31%] [Cov:====================>              58%]
[Progress:=========>                    31%] [Cov:====================>              58%]
[Progress:=========>                    31%] [Cov:====================>              58%]
[Progress:=========>                    32%] [Cov:====================>              58%]
[Progress:=========>                    32%] [Cov:====================>              58%]
[Progress:=========>                    32%] [Cov:====================>              58%]
[Progress:=========>                    32%] [Cov:====================>              58%]
[Progress:=========>                    32%] [Cov:====================>              58%]
[Progress:=========>                    32%] [Cov:====================>              58%]
[Progress:=========>                    32%] [Cov:====================>              58%]
[Progress:=========>                    32%] [Cov:====================>              58%]
[Progress:=========>                    32%] [Cov:====================>              58%]
[Progress:=========>                    32%] [Cov:====================>              58%]
[Progress:=========>                    32%] [Cov:====================>              58%]
[Progress:=========>                    32%] [Cov:====================>              58%]
[Progress:=========>                    32%] [Cov:====================>              58%]
[Progress:=========>                    32%] [Cov:====================>              58%]
[Progress:=========>                    32%] [Cov:====================>              58%]
[Progress:=========>                    32%] [Cov:====================>              58%]
[Progress:=========>                    32%] [Cov:====================>              58%]
[Progress:=========>                    32%] [Cov:====================>              58%]
[Progress:=========>                    32%] [Cov:====================>              58%]
[Progress:=========>                    32%] [Cov:====================>              58%]
[Progress:=========>                    32%] [Cov:====================>              58%]
[Progress:=========>                    32%] [Cov:====================>              58%]
[Progress:=========>                    32%] [Cov:====================>              58%]
[Progress:=========>                    32%] [Cov:====================>              58%]
[Progress:=========>                    32%] [Cov:====================>              58%]
[Progress:=========>                    32%] [Cov:====================>              58%]
[Progress:=========>                    32%] [Cov:====================>              58%]
[Progress:=========>                    32%] [Cov:====================>              58%]
[Progress:=========>                    32%] [Cov:====================>              58%]
[Progress:=========>                    32%] [Cov:====================>              58%]
[Progress:=========>                    32%] [Cov:====================>              58%]
[Progress:=========>                    32%] [Cov:====================>              58%]
[Progress:=========>                    32%] [Cov:====================>              58%]
[Progress:=========>                    32%] [Cov:====================>              58%]
[Progress:=========>                    32%] [Cov:====================>              58%]
[Progress:=========>                    32%] [Cov:====================>              58%]
[Progress:=========>                    32%] [Cov:====================>              58%]
[Progress:=========>                    32%] [Cov:====================>              58%]
[Progress:=========>                    32%] [Cov:====================>              58%]
[Progress:=========>                    32%] [Cov:====================>              58%]
[Progress:=========>                    32%] [Cov:====================>              58%]
[Progress:=========>                    32%] [Cov:====================>              58%]
[Progress:=========>                    32%] [Cov:====================>              58%]
[Progress:=========>                    32%] [Cov:====================>              58%]
[Progress:=========>                    32%] [Cov:====================>              58%]
[Progress:=========>                    32%] [Cov:====================>              58%]
[Progress:=========>                    32%] [Cov:====================>              58%]
[Progress:=========>                    32%] [Cov:====================>              58%]
[Progress:=========>                    33%] [Cov:====================>              58%]
[Progress:=========>                    33%] [Cov:====================>              58%]
[Progress:=========>                    33%] [Cov:====================>              58%]
[Progress:=========>                    33%] [Cov:====================>              58%]
[Progress:=========>                    33%] [Cov:====================>              58%]
[Progress:=========>                    33%] [Cov:====================>              58%]
[Progress:=========>                    33%] [Cov:====================>              58%]
[Progress:=========>                    33%] [Cov:====================>              58%]
[Progress:=========>                    33%] [Cov:====================>              58%]
[Progress:=========>                    33%] [Cov:====================>              58%]
[Progress:=========>                    33%] [Cov:====================>              58%]
[Progress:=========>                    33%] [Cov:====================>              58%]
[Progress:=========>                    33%] [Cov:====================>              58%]
[Progress:=========>                    33%] [Cov:====================>              58%]
[Progress:=========>                    33%] [Cov:====================>              58%]
[Progress:=========>                    33%] [Cov:====================>              58%]
[Progress:=========>                    33%] [Cov:====================>              58%]
[Progress:=========>                    33%] [Cov:====================>              58%]
[Progress:=========>                    33%] [Cov:====================>              58%]
[Progress:==========>                   34%] [Cov:================>                  48%]
[Progress:==========>                   34%] [Cov:==================>                54%]
[Progress:==========>                   34%] [Cov:====================>              58%]
[Progress:==========>                   34%] [Cov:====================>              58%]
[Progress:==========>                   34%] [Cov:====================>              58%]
[Progress:==========>                   34%] [Cov:====================>              58%]
[Progress:==========>                   34%] [Cov:====================>              58%]
[Progress:==========>                   34%] [Cov:====================>              58%]
[Progress:==========>                   34%] [Cov:====================>              58%]
[Progress:==========>                   34%] [Cov:====================>              58%]
[Progress:==========>                   34%] [Cov:====================>              58%]
[Progress:==========>                   34%] [Cov:====================>              58%]
[Progress:==========>                   34%] [Cov:====================>              58%]
[Progress:==========>                   34%] [Cov:====================>              58%]
[Progress:==========>                   34%] [Cov:====================>              58%]
[Progress:==========>                   34%] [Cov:====================>              58%]
[Progress:==========>                   34%] [Cov:====================>              58%]
[Progress:==========>                   34%] [Cov:====================>              58%]
[Progress:==========>                   34%] [Cov:====================>              58%]
[Progress:==========>                   34%] [Cov:====================>              58%]
[Progress:==========>                   34%] [Cov:====================>              58%]
[Progress:==========>                   34%] [Cov:====================>              58%]
[Progress:==========>                   34%] [Cov:====================>              58%]
[Progress:==========>                   34%] [Cov:====================>              58%]
[Progress:==========>                   34%] [Cov:====================>              58%]
[Progress:==========>                   34%] [Cov:====================>              58%]
[Progress:==========>                   34%] [Cov:====================>              58%]
[Progress:==========>                   34%] [Cov:====================>              58%]
[Progress:==========>                   34%] [Cov:====================>              58%]
[Progress:==========>                   34%] [Cov:====================>              58%]
[Progress:==========>                   34%] [Cov:====================>              58%]
[Progress:==========>                   34%] [Cov:====================>              58%]
[Progress:==========>                   35%] [Cov:====================>              58%]
[Progress:==========>                   35%] [Cov:====================>              58%]
[Progress:==========>                   35%] [Cov:====================>              58%]
[Progress:==========>                   35%] [Cov:====================>              58%]
[Progress:==========>                   35%] [Cov:====================>              58%]
[Progress:==========>                   35%] [Cov:====================>              58%]
[Progress:==========>                   35%] [Cov:====================>              58%]
[Progress:==========>                   35%] [Cov:====================>              58%]
[Progress:==========>                   35%] [Cov:====================>              58%]
[Progress:==========>                   35%] [Cov:====================>              58%]
[Progress:==========>                   35%] [Cov:====================>              58%]
[Progress:==========>                   35%] [Cov:====================>              58%]
[Progress:==========>                   35%] [Cov:====================>              58%]
[Progress:==========>                   35%] [Cov:====================>              58%]
[Progress:==========>                   35%] [Cov:====================>              58%]
[Progress:==========>                   35%] [Cov:====================>              58%]
[Progress:==========>                   35%] [Cov:====================>              58%]
[Progress:==========>                   35%] [Cov:====================>              58%]
[Progress:==========>                   35%] [Cov:====================>              58%]
[Progress:==========>                   35%] [Cov:====================>              58%]
[Progress:==========>                   35%] [Cov:====================>              58%]
[Progress:==========>                   36%] [Cov:====================>              58%]
[Progress:==========>                   36%] [Cov:====================>              58%]
[Progress:==========>                   36%] [Cov:====================>              58%]
[Progress:==========>                   36%] [Cov:====================>              58%]
[Progress:==========>                   36%] [Cov:====================>              58%]
[Progress:==========>                   36%] [Cov:====================>              58%]
[Progress:==========>                   36%] [Cov:====================>              58%]
[Progress:==========>                   36%] [Cov:====================>              58%]
[Progress:==========>                   36%] [Cov:====================>              58%]
[Progress:==========>                   36%] [Cov:====================>              58%]
[Progress:==========>                   36%] [Cov:====================>              58%]
[Progress:==========>                   36%] [Cov:====================>              58%]
[Progress:==========>                   36%] [Cov:====================>              58%]
[Progress:==========>                   36%] [Cov:====================>              58%]
[Progress:==========>                   36%] [Cov:====================>              58%]
[Progress:==========>                   36%] [Cov:====================>              58%]
[Progress:==========>                   36%] [Cov:====================>              58%]
[Progress:==========>                   36%] [Cov:====================>              58%]
[Progress:==========>                   36%] [Cov:====================>              58%]
[Progress:==========>                   36%] [Cov:====================>              58%]
[Progress:==========>                   36%] [Cov:====================>              58%]
[Progress:==========>                   36%] [Cov:====================>              58%]
[Progress:==========>                   36%] [Cov:====================>              58%]
[Progress:==========>                   36%] [Cov:====================>              58%]
[Progress:==========>                   36%] [Cov:====================>              58%]
[Progress:==========>                   36%] [Cov:====================>              58%]
[Progress:==========>                   36%] [Cov:====================>              58%]
[Progress:==========>                   36%] [Cov:====================>              58%]
[Progress:==========>                   36%] [Cov:====================>              58%]
[Progress:==========>                   36%] [Cov:====================>              58%]
[Progress:===========>                  37%] [Cov:===================>               57%]
[Progress:===========>                  37%] [Cov:====================>              58%]
[Progress:===========>                  37%] [Cov:====================>              58%]
[Progress:===========>                  37%] [Cov:====================>              58%]
[Progress:===========>                  37%] [Cov:====================>              58%]
[Progress:===========>                  37%] [Cov:====================>              58%]
[Progress:===========>                  37%] [Cov:====================>              58%]
[Progress:===========>                  37%] [Cov:====================>              58%]
[Progress:===========>                  37%] [Cov:====================>              58%]
[Progress:===========>                  37%] [Cov:====================>              58%]
[Progress:===========>                  37%] [Cov:====================>              58%]
[Progress:===========>                  37%] [Cov:====================>              58%]
[Progress:===========>                  37%] [Cov:====================>              58%]
[Progress:===========>                  37%] [Cov:====================>              58%]
[Progress:===========>                  37%] [Cov:====================>              58%]
[Progress:===========>                  37%] [Cov:====================>              58%]
[Progress:===========>                  37%] [Cov:====================>              58%]
[Progress:===========>                  37%] [Cov:====================>              58%]
[Progress:===========>                  37%] [Cov:====================>              58%]
[Progress:===========>                  37%] [Cov:====================>              58%]
[Progress:===========>                  38%] [Cov:==================>                54%]
[Progress:===========>                  38%] [Cov:====================>              58%]
[Progress:===========>                  38%] [Cov:====================>              58%]
[Progress:===========>                  38%] [Cov:====================>              58%]
[Progress:===========>                  38%] [Cov:====================>              58%]
[Progress:===========>                  38%] [Cov:====================>              58%]
[Progress:===========>                  38%] [Cov:====================>              58%]
[Progress:===========>                  38%] [Cov:====================>              58%]
[Progress:===========>                  38%] [Cov:====================>              58%]
[Progress:===========>                  38%] [Cov:====================>              58%]
[Progress:===========>                  38%] [Cov:====================>              58%]
[Progress:===========>                  38%] [Cov:====================>              58%]
[Progress:===========>                  38%] [Cov:====================>              58%]
[Progress:===========>                  38%] [Cov:====================>              58%]
[Progress:===========>                  38%] [Cov:====================>              58%]
[Progress:===========>                  38%] [Cov:====================>              58%]
[Progress:===========>                  38%] [Cov:====================>              58%]
[Progress:===========>                  38%] [Cov:====================>              58%]
[Progress:===========>                  38%] [Cov:====================>              58%]
[Progress:===========>                  38%] [Cov:====================>              58%]
[Progress:===========>                  38%] [Cov:====================>              58%]
[Progress:===========>                  38%] [Cov:====================>              58%]
[Progress:===========>                  38%] [Cov:====================>              58%]
[Progress:===========>                  38%] [Cov:====================>              58%]
[Progress:===========>                  38%] [Cov:====================>              58%]
[Progress:===========>                  38%] [Cov:====================>              58%]
[Progress:===========>                  38%] [Cov:====================>              58%]
[Progress:===========>                  38%] [Cov:====================>              58%]
[Progress:===========>                  38%] [Cov:====================>              58%]
[Progress:===========>                  38%] [Cov:====================>              58%]
[Progress:===========>                  38%] [Cov:====================>              58%]
[Progress:===========>                  38%] [Cov:====================>              58%]
[Progress:===========>                  38%] [Cov:====================>              58%]
[Progress:===========>                  39%] [Cov:====================>              58%]
[Progress:===========>                  39%] [Cov:====================>              58%]
[Progress:===========>                  39%] [Cov:====================>              58%]
[Progress:===========>                  39%] [Cov:====================>              58%]
[Progress:===========>                  39%] [Cov:====================>              58%]
[Progress:===========>                  39%] [Cov:====================>              58%]
[Progress:===========>                  39%] [Cov:====================>              58%]
[Progress:===========>                  39%] [Cov:====================>              58%]
[Progress:===========>                  39%] [Cov:====================>              58%]
[Progress:===========>                  39%] [Cov:====================>              58%]
[Progress:===========>                  39%] [Cov:====================>              58%]
[Progress:===========>                  39%] [Cov:====================>              58%]
[Progress:===========>                  39%] [Cov:====================>              58%]
[Progress:===========>                  39%] [Cov:====================>              58%]
[Progress:===========>                  39%] [Cov:====================>              58%]
[Progress:===========>                  39%] [Cov:====================>              58%]
[Progress:===========>                  39%] [Cov:====================>              58%]
[Progress:============>                 40%] [Cov:====================>              58%]
[Progress:============>                 40%] [Cov:====================>              58%]
[Progress:============>                 40%] [Cov:====================>              58%]
[Progress:============>                 40%] [Cov:====================>              58%]
[Progress:============>                 40%] [Cov:====================>              58%]
[Progress:============>                 40%] [Cov:====================>              58%]
[Progress:============>                 40%] [Cov:====================>              58%]
[Progress:============>                 40%] [Cov:====================>              58%]
[Progress:============>                 40%] [Cov:====================>              58%]
[Progress:============>                 40%] [Cov:====================>              58%]
[Progress:============>                 40%] [Cov:====================>              58%]
[Progress:============>                 40%] [Cov:====================>              58%]
[Progress:============>                 40%] [Cov:====================>              58%]
[Progress:============>                 40%] [Cov:====================>              58%]
[Progress:============>                 40%] [Cov:====================>              58%]
[Progress:============>                 40%] [Cov:====================>              58%]
[Progress:============>                 40%] [Cov:====================>              58%]
[Progress:============>                 40%] [Cov:====================>              58%]
[Progress:============>                 40%] [Cov:====================>              58%]
[Progress:============>                 40%] [Cov:====================>              58%]
[Progress:============>                 40%] [Cov:====================>              58%]
[Progress:============>                 40%] [Cov:====================>              58%]
[Progress:============>                 40%] [Cov:====================>              58%]
[Progress:============>                 40%] [Cov:====================>              58%]
[Progress:============>                 40%] [Cov:====================>              58%]
[Progress:============>                 40%] [Cov:====================>              58%]
[Progress:============>                 40%] [Cov:====================>              58%]
[Progress:============>                 40%] [Cov:====================>              58%]
[Progress:============>                 40%] [Cov:====================>              58%]
[Progress:============>                 40%] [Cov:====================>              58%]
[Progress:============>                 40%] [Cov:====================>              58%]
[Progress:============>                 40%] [Cov:====================>              58%]
[Progress:============>                 40%] [Cov:====================>              58%]
[Progress:============>                 40%] [Cov:====================>              58%]
[Progress:============>                 40%] [Cov:====================>              58%]
[Progress:============>                 40%] [Cov:====================>              58%]
[Progress:============>                 40%] [Cov:====================>              58%]
[Progress:============>                 41%] [Cov:====================>              58%]
[Progress:============>                 41%] [Cov:====================>              58%]
[Progress:============>                 41%] [Cov:====================>              58%]
[Progress:============>                 41%] [Cov:====================>              58%]
[Progress:============>                 41%] [Cov:====================>              58%]
[Progress:============>                 41%] [Cov:====================>              58%]
[Progress:============>                 41%] [Cov:====================>              58%]
[Progress:============>                 41%] [Cov:====================>              58%]
[Progress:============>                 41%] [Cov:====================>              58%]
[Progress:============>                 41%] [Cov:====================>              58%]
[Progress:============>                 41%] [Cov:====================>              58%]
[Progress:============>                 41%] [Cov:====================>              58%]
[Progress:============>                 41%] [Cov:====================>              58%]
[Progress:============>                 41%] [Cov:====================>              58%]
[Progress:============>                 41%] [Cov:====================>              58%]
[Progress:============>                 41%] [Cov:====================>              58%]
[Progress:============>                 41%] [Cov:====================>              58%]
[Progress:============>                 41%] [Cov:====================>              58%]
[Progress:============>                 41%] [Cov:====================>              58%]
[Progress:============>                 41%] [Cov:====================>              58%]
[Progress:============>                 41%] [Cov:====================>              58%]
[Progress:============>                 42%] [Cov:====================>              58%]
[Progress:============>                 42%] [Cov:====================>              58%]
[Progress:============>                 42%] [Cov:====================>              58%]
[Progress:============>                 42%] [Cov:====================>              58%]
[Progress:============>                 42%] [Cov:====================>              58%]
[Progress:============>                 42%] [Cov:====================>              58%]
[Progress:============>                 42%] [Cov:====================>              58%]
[Progress:============>                 42%] [Cov:====================>              58%]
[Progress:============>                 42%] [Cov:====================>              58%]
[Progress:============>                 42%] [Cov:====================>              58%]
[Progress:============>                 42%] [Cov:====================>              58%]
[Progress:============>                 42%] [Cov:====================>              58%]
[Progress:============>                 42%] [Cov:====================>              58%]
[Progress:============>                 42%] [Cov:====================>              58%]
[Progress:============>                 42%] [Cov:====================>              58%]
[Progress:============>                 42%] [Cov:====================>              58%]
[Progress:============>                 42%] [Cov:====================>              58%]
[Progress:============>                 42%] [Cov:====================>              58%]
[Progress:============>                 42%] [Cov:====================>              58%]
[Progress:============>                 42%] [Cov:====================>              58%]
[Progress:============>                 42%] [Cov:====================>              58%]
[Progress:============>                 42%] [Cov:====================>              58%]
[Progress:============>                 42%] [Cov:====================>              58%]
[Progress:============>                 42%] [Cov:====================>              58%]
[Progress:============>                 42%] [Cov:====================>              58%]
[Progress:============>                 42%] [Cov:====================>              58%]
[Progress:============>                 42%] [Cov:====================>              58%]
[Progress:============>                 42%] [Cov:====================>              58%]
[Progress:============>                 42%] [Cov:====================>              58%]
[Progress:============>                 42%] [Cov:====================>              58%]
[Progress:============>                 43%] [Cov:====================>              58%]
[Progress:============>                 43%] [Cov:====================>              58%]
[Progress:============>                 43%] [Cov:====================>              58%]
[Progress:============>                 43%] [Cov:====================>              58%]
[Progress:============>                 43%] [Cov:====================>              58%]
[Progress:============>                 43%] [Cov:====================>              58%]
[Progress:============>                 43%] [Cov:====================>              58%]
[Progress:============>                 43%] [Cov:====================>              58%]
[Progress:============>                 43%] [Cov:====================>              58%]
[Progress:============>                 43%] [Cov:====================>              58%]
[Progress:============>                 43%] [Cov:====================>              58%]
[Progress:============>                 43%] [Cov:====================>              58%]
[Progress:============>                 43%] [Cov:====================>              58%]
[Progress:============>                 43%] [Cov:====================>              58%]
[Progress:============>                 43%] [Cov:====================>              58%]
[Progress:============>                 43%] [Cov:====================>              58%]
[Progress:=============>                44%] [Cov:==================>                54%]
[Progress:=============>                44%] [Cov:====================>              58%]
[Progress:=============>                44%] [Cov:====================>              58%]
[Progress:=============>                44%] [Cov:====================>              58%]
[Progress:=============>                44%] [Cov:====================>              58%]
[Progress:=============>                44%] [Cov:====================>              58%]
[Progress:=============>                44%] [Cov:====================>              58%]
[Progress:=============>                44%] [Cov:====================>              58%]
[Progress:=============>                44%] [Cov:====================>              58%]
[Progress:=============>                44%] [Cov:====================>              58%]
[Progress:=============>                44%] [Cov:====================>              58%]
[Progress:=============>                44%] [Cov:====================>              58%]
[Progress:=============>                44%] [Cov:====================>              58%]
[Progress:=============>                44%] [Cov:====================>              58%]
[Progress:=============>                44%] [Cov:====================>              58%]
[Progress:=============>                44%] [Cov:====================>              58%]
[Progress:=============>                44%] [Cov:====================>              58%]
[Progress:=============>                44%] [Cov:====================>              58%]
[Progress:=============>                44%] [Cov:====================>              58%]
[Progress:=============>                44%] [Cov:====================>              58%]
[Progress:=============>                44%] [Cov:====================>              58%]
[Progress:=============>                44%] [Cov:====================>              58%]
[Progress:=============>                44%] [Cov:====================>              58%]
[Progress:=============>                44%] [Cov:====================>              58%]
[Progress:=============>                44%] [Cov:====================>              58%]
[Progress:=============>                44%] [Cov:====================>              58%]
[Progress:=============>                44%] [Cov:====================>              58%]
[Progress:=============>                45%] [Cov:====================>              58%]
[Progress:=============>                45%] [Cov:====================>              58%]
[Progress:=============>                45%] [Cov:====================>              58%]
[Progress:=============>                45%] [Cov:====================>              58%]
[Progress:=============>                45%] [Cov:====================>              58%]
[Progress:=============>                45%] [Cov:====================>              58%]
[Progress:=============>                45%] [Cov:====================>              58%]
[Progress:=============>                45%] [Cov:====================>              58%]
[Progress:=============>                45%] [Cov:====================>              58%]
[Progress:=============>                45%] [Cov:====================>              58%]
[Progress:=============>                45%] [Cov:====================>              58%]
[Progress:=============>                45%] [Cov:====================>              58%]
[Progress:=============>                45%] [Cov:====================>              58%]
[Progress:=============>                46%] [Cov:================>                  47%]
[Progress:=============>                46%] [Cov:====================>              58%]
[Progress:=============>                46%] [Cov:====================>              58%]
[Progress:=============>                46%] [Cov:====================>              58%]
[Progress:=============>                46%] [Cov:====================>              58%]
[Progress:=============>                46%] [Cov:====================>              58%]
[Progress:=============>                46%] [Cov:====================>              58%]
[Progress:=============>                46%] [Cov:====================>              58%]
[Progress:=============>                46%] [Cov:====================>              58%]
[Progress:=============>                46%] [Cov:====================>              58%]
[Progress:=============>                46%] [Cov:====================>              58%]
[Progress:=============>                46%] [Cov:====================>              58%]
[Progress:=============>                46%] [Cov:====================>              58%]
[Progress:=============>                46%] [Cov:====================>              58%]
[Progress:=============>                46%] [Cov:====================>              58%]
[Progress:=============>                46%] [Cov:====================>              58%]
[Progress:=============>                46%] [Cov:====================>              58%]
[Progress:=============>                46%] [Cov:====================>              58%]
[Progress:=============>                46%] [Cov:====================>              58%]
[Progress:=============>                46%] [Cov:====================>              58%]
[Progress:=============>                46%] [Cov:====================>              58%]
[Progress:=============>                46%] [Cov:====================>              58%]
[Progress:=============>                46%] [Cov:====================>              58%]
[Progress:=============>                46%] [Cov:====================>              58%]
[Progress:=============>                46%] [Cov:====================>              58%]
[Progress:=============>                46%] [Cov:====================>              58%]
[Progress:=============>                46%] [Cov:====================>              58%]
[Progress:=============>                46%] [Cov:====================>              58%]
[Progress:=============>                46%] [Cov:====================>              58%]
[Progress:=============>                46%] [Cov:====================>              58%]
[Progress:=============>                46%] [Cov:====================>              58%]
[Progress:=============>                46%] [Cov:====================>              58%]
[Progress:=============>                46%] [Cov:====================>              58%]
[Progress:=============>                46%] [Cov:====================>              58%]
[Progress:=============>                46%] [Cov:====================>              58%]
[Progress:=============>                46%] [Cov:====================>              58%]
[Progress:=============>                46%] [Cov:====================>              58%]
[Progress:==============>               47%] [Cov:====================>              58%]
[Progress:==============>               47%] [Cov:====================>              58%]
[Progress:==============>               47%] [Cov:====================>              58%]
[Progress:==============>               47%] [Cov:====================>              58%]
[Progress:==============>               47%] [Cov:====================>              58%]
[Progress:==============>               47%] [Cov:====================>              58%]
[Progress:==============>               47%] [Cov:====================>              58%]
[Progress:==============>               47%] [Cov:====================>              58%]
[Progress:==============>               47%] [Cov:====================>              58%]
[Progress:==============>               47%] [Cov:====================>              58%]
[Progress:==============>               47%] [Cov:====================>              58%]
[Progress:==============>               47%] [Cov:====================>              58%]
[Progress:==============>               47%] [Cov:====================>              58%]
[Progress:==============>               47%] [Cov:====================>              58%]
[Progress:==============>               48%] [Cov:====================>              58%]
[Progress:==============>               48%] [Cov:====================>              58%]
[Progress:==============>               48%] [Cov:====================>              58%]
[Progress:==============>               48%] [Cov:====================>              58%]
[Progress:==============>               48%] [Cov:====================>              58%]
[Progress:==============>               48%] [Cov:====================>              58%]
[Progress:==============>               48%] [Cov:====================>              58%]
[Progress:==============>               48%] [Cov:====================>              58%]
[Progress:==============>               48%] [Cov:====================>              58%]
[Progress:==============>               48%] [Cov:====================>              58%]
[Progress:==============>               48%] [Cov:====================>              58%]
[Progress:==============>               48%] [Cov:====================>              58%]
[Progress:==============>               48%] [Cov:====================>              58%]
[Progress:==============>               48%] [Cov:====================>              58%]
[Progress:==============>               48%] [Cov:====================>              58%]
[Progress:==============>               48%] [Cov:====================>              58%]
[Progress:==============>               48%] [Cov:====================>              58%]
[Progress:==============>               48%] [Cov:====================>              58%]
[Progress:==============>               48%] [Cov:====================>              58%]
[Progress:==============>               48%] [Cov:====================>              58%]
[Progress:==============>               48%] [Cov:====================>              58%]
[Progress:==============>               48%] [Cov:====================>              58%]
[Progress:==============>               48%] [Cov:====================>              58%]
[Progress:==============>               48%] [Cov:====================>              58%]
[Progress:==============>               48%] [Cov:====================>              58%]
[Progress:==============>               48%] [Cov:====================>              58%]
[Progress:==============>               48%] [Cov:====================>              58%]
[Progress:==============>               48%] [Cov:====================>              58%]
[Progress:==============>               48%] [Cov:====================>              58%]
[Progress:==============>               48%] [Cov:====================>              58%]
[Progress:==============>               48%] [Cov:====================>              58%]
[Progress:==============>               48%] [Cov:====================>              58%]
[Progress:==============>               49%] [Cov:====================>              58%]
[Progress:==============>               49%] [Cov:====================>              58%]
[Progress:==============>               49%] [Cov:====================>              58%]
[Progress:==============>               49%] [Cov:====================>              58%]
[Progress:==============>               49%] [Cov:====================>              58%]
[Progress:==============>               49%] [Cov:====================>              58%]
[Progress:==============>               49%] [Cov:====================>              58%]
[Progress:==============>               49%] [Cov:====================>              58%]
[Progress:==============>               49%] [Cov:====================>              58%]
[Progress:==============>               49%] [Cov:====================>              58%]
[Progress:==============>               49%] [Cov:====================>              58%]
[Progress:==============>               49%] [Cov:====================>              58%]
[Progress:==============>               49%] [Cov:====================>              58%]
[Progress:===============>              50%] [Cov:====================>              58%]
[Progress:===============>              50%] [Cov:====================>              58%]
[Progress:===============>              50%] [Cov:====================>              58%]
[Progress:===============>              50%] [Cov:====================>              58%]
[Progress:===============>              50%] [Cov:====================>              58%]
[Progress:===============>              50%] [Cov:====================>              58%]
[Progress:===============>              50%] [Cov:====================>              58%]
[Progress:===============>              50%] [Cov:====================>              58%]
[Progress:===============>              50%] [Cov:====================>              58%]
[Progress:===============>              50%] [Cov:====================>              58%]
[Progress:===============>              50%] [Cov:====================>              58%]
[Progress:===============>              50%] [Cov:====================>              58%]
[Progress:===============>              50%] [Cov:====================>              58%]
[Progress:===============>              50%] [Cov:====================>              58%]
[Progress:===============>              50%] [Cov:====================>              58%]
[Progress:===============>              50%] [Cov:====================>              58%]
[Progress:===============>              50%] [Cov:====================>              58%]
[Progress:===============>              50%] [Cov:====================>              58%]
[Progress:===============>              50%] [Cov:====================>              58%]
[Progress:===============>              50%] [Cov:====================>              58%]
[Progress:===============>              50%] [Cov:====================>              58%]
[Progress:===============>              50%] [Cov:====================>              58%]
[Progress:===============>              50%] [Cov:====================>              58%]
[Progress:===============>              50%] [Cov:====================>              58%]
[Progress:===============>              50%] [Cov:====================>              58%]
[Progress:===============>              50%] [Cov:====================>              58%]
[Progress:===============>              50%] [Cov:====================>              58%]
[Progress:===============>              50%] [Cov:====================>              58%]
[Progress:===============>              50%] [Cov:====================>              58%]
[Progress:===============>              50%] [Cov:====================>              58%]
[Progress:===============>              50%] [Cov:====================>              58%]
[Progress:===============>              51%] [Cov:====================>              58%]
[Progress:===============>              51%] [Cov:====================>              58%]
[Progress:===============>              51%] [Cov:====================>              58%]
[Progress:===============>              51%] [Cov:====================>              58%]
[Progress:===============>              51%] [Cov:====================>              58%]
[Progress:===============>              51%] [Cov:====================>              58%]
[Progress:===============>              51%] [Cov:====================>              58%]
[Progress:===============>              51%] [Cov:====================>              58%]
[Progress:===============>              51%] [Cov:====================>              58%]
[Progress:===============>              51%] [Cov:====================>              58%]
[Progress:===============>              51%] [Cov:====================>              58%]
[Progress:===============>              51%] [Cov:====================>              58%]
[Progress:===============>              51%] [Cov:====================>              58%]
[Progress:===============>              51%] [Cov:====================>              58%]
[Progress:===============>              51%] [Cov:====================>              58%]
[Progress:===============>              51%] [Cov:====================>              58%]
[Progress:===============>              51%] [Cov:====================>              58%]
[Progress:===============>              51%] [Cov:====================>              58%]
[Progress:===============>              52%] [Cov:====================>              58%]
[Progress:===============>              52%] [Cov:====================>              58%]
[Progress:===============>              52%] [Cov:====================>              58%]
[Progress:===============>              52%] [Cov:====================>              58%]
[Progress:===============>              52%] [Cov:====================>              58%]
[Progress:===============>              52%] [Cov:====================>              58%]
[Progress:===============>              52%] [Cov:====================>              58%]
[Progress:===============>              52%] [Cov:====================>              58%]
[Progress:===============>              52%] [Cov:====================>              58%]
[Progress:===============>              52%] [Cov:====================>              58%]
[Progress:===============>              52%] [Cov:====================>              58%]
[Progress:===============>              52%] [Cov:====================>              58%]
[Progress:===============>              52%] [Cov:====================>              58%]
[Progress:===============>              52%] [Cov:====================>              58%]
[Progress:===============>              52%] [Cov:====================>              58%]
[Progress:===============>              52%] [Cov:====================>              58%]
[Progress:===============>              52%] [Cov:====================>              58%]
[Progress:===============>              52%] [Cov:====================>              58%]
[Progress:===============>              52%] [Cov:====================>              58%]
[Progress:===============>              52%] [Cov:====================>              58%]
[Progress:===============>              52%] [Cov:====================>              58%]
[Progress:===============>              52%] [Cov:====================>              58%]
[Progress:===============>              52%] [Cov:====================>              58%]
[Progress:===============>              52%] [Cov:====================>              58%]
[Progress:===============>              52%] [Cov:====================>              58%]
[Progress:===============>              52%] [Cov:====================>              58%]
[Progress:===============>              52%] [Cov:====================>              58%]
[Progress:===============>              52%] [Cov:====================>              58%]
[Progress:===============>              52%] [Cov:====================>              58%]
[Progress:===============>              52%] [Cov:====================>              58%]
[Progress:===============>              52%] [Cov:====================>              58%]
[Progress:===============>              52%] [Cov:====================>              58%]
[Progress:===============>              52%] [Cov:====================>              58%]
[Progress:===============>              52%] [Cov:====================>              58%]
[Progress:===============>              52%] [Cov:====================>              58%]
[Progress:===============>              52%] [Cov:====================>              58%]
[Progress:===============>              52%] [Cov:====================>              58%]
[Progress:===============>              52%] [Cov:====================>              58%]
[Progress:===============>              52%] [Cov:====================>              58%]
[Progress:===============>              52%] [Cov:====================>              58%]
[Progress:===============>              52%] [Cov:====================>              58%]
[Progress:===============>              53%] [Cov:====================>              58%]
[Progress:===============>              53%] [Cov:====================>              58%]
[Progress:===============>              53%] [Cov:====================>              58%]
[Progress:===============>              53%] [Cov:====================>              58%]
[Progress:===============>              53%] [Cov:====================>              58%]
[Progress:===============>              53%] [Cov:====================>              58%]
[Progress:===============>              53%] [Cov:====================>              58%]
[Progress:===============>              53%] [Cov:====================>              58%]
[Progress:===============>              53%] [Cov:====================>              58%]
[Progress:===============>              53%] [Cov:====================>              58%]
[Progress:===============>              53%] [Cov:====================>              58%]
[Progress:===============>              53%] [Cov:====================>              58%]
[Progress:===============>              53%] [Cov:====================>              58%]
[Progress:===============>              53%] [Cov:====================>              58%]
[Progress:===============>              53%] [Cov:====================>              58%]
[Progress:===============>              53%] [Cov:====================>              58%]
[Progress:===============>              53%] [Cov:====================>              58%]
[Progress:===============>              53%] [Cov:====================>              58%]
[Progress:===============>              53%] [Cov:====================>              58%]
[Progress:===============>              53%] [Cov:====================>              58%]
[Progress:===============>              53%] [Cov:====================>              58%]
[Progress:================>             54%] [Cov:====================>              58%]
[Progress:================>             54%] [Cov:====================>              58%]
[Progress:================>             54%] [Cov:====================>              58%]
[Progress:================>             54%] [Cov:====================>              58%]
[Progress:================>             54%] [Cov:====================>              58%]
[Progress:================>             54%] [Cov:====================>              58%]
[Progress:================>             54%] [Cov:====================>              58%]
[Progress:================>             54%] [Cov:====================>              58%]
[Progress:================>             54%] [Cov:====================>              58%]
[Progress:================>             54%] [Cov:====================>              58%]
[Progress:================>             54%] [Cov:====================>              58%]
[Progress:================>             54%] [Cov:====================>              58%]
[Progress:================>             54%] [Cov:====================>              58%]
[Progress:================>             54%] [Cov:====================>              58%]
[Progress:================>             54%] [Cov:====================>              58%]
[Progress:================>             54%] [Cov:====================>              58%]
[Progress:================>             54%] [Cov:====================>              58%]
[Progress:================>             54%] [Cov:====================>              58%]
[Progress:================>             54%] [Cov:====================>              58%]
[Progress:================>             54%] [Cov:====================>              58%]
[Progress:================>             54%] [Cov:====================>              58%]
[Progress:================>             54%] [Cov:====================>              58%]
[Progress:================>             54%] [Cov:====================>              58%]
[Progress:================>             54%] [Cov:====================>              58%]
[Progress:================>             54%] [Cov:====================>              58%]
[Progress:================>             54%] [Cov:====================>              58%]
[Progress:================>             54%] [Cov:====================>              58%]
[Progress:================>             54%] [Cov:====================>              58%]
[Progress:================>             54%] [Cov:====================>              58%]
[Progress:================>             54%] [Cov:====================>              58%]
[Progress:================>             54%] [Cov:====================>              58%]
[Progress:================>             54%] [Cov:====================>              58%]
[Progress:================>             54%] [Cov:====================>              58%]
[Progress:================>             54%] [Cov:====================>              58%]
[Progress:================>             54%] [Cov:====================>              58%]
[Progress:================>             54%] [Cov:====================>              58%]
[Progress:================>             55%] [Cov:====================>              58%]
[Progress:================>             55%] [Cov:====================>              58%]
[Progress:================>             55%] [Cov:====================>              58%]
[Progress:================>             55%] [Cov:====================>              58%]
[Progress:================>             55%] [Cov:====================>              58%]
[Progress:================>             55%] [Cov:====================>              58%]
[Progress:================>             55%] [Cov:====================>              58%]
[Progress:================>             55%] [Cov:====================>              58%]
[Progress:================>             55%] [Cov:====================>              58%]
[Progress:================>             55%] [Cov:====================>              58%]
[Progress:================>             55%] [Cov:====================>              58%]
[Progress:================>             55%] [Cov:====================>              58%]
[Progress:================>             55%] [Cov:====================>              58%]
[Progress:================>             55%] [Cov:====================>              58%]
[Progress:================>             55%] [Cov:====================>              58%]
[Progress:================>             55%] [Cov:====================>              58%]
[Progress:================>             55%] [Cov:====================>              58%]
[Progress:================>             55%] [Cov:====================>              58%]
[Progress:================>             55%] [Cov:====================>              58%]
[Progress:================>             56%] [Cov:===================>               57%]
[Progress:================>             56%] [Cov:====================>              58%]
[Progress:================>             56%] [Cov:====================>              58%]
[Progress:================>             56%] [Cov:====================>              58%]
[Progress:================>             56%] [Cov:====================>              58%]
[Progress:================>             56%] [Cov:====================>              58%]
[Progress:================>             56%] [Cov:====================>              58%]
[Progress:================>             56%] [Cov:====================>              58%]
[Progress:================>             56%] [Cov:====================>              58%]
[Progress:================>             56%] [Cov:====================>              58%]
[Progress:================>             56%] [Cov:====================>              58%]
[Progress:================>             56%] [Cov:====================>              58%]
[Progress:================>             56%] [Cov:====================>              58%]
[Progress:================>             56%] [Cov:====================>              58%]
[Progress:================>             56%] [Cov:====================>              58%]
[Progress:================>             56%] [Cov:====================>              58%]
[Progress:================>             56%] [Cov:====================>              58%]
[Progress:================>             56%] [Cov:====================>              58%]
[Progress:================>             56%] [Cov:====================>              58%]
[Progress:================>             56%] [Cov:====================>              58%]
[Progress:================>             56%] [Cov:====================>              58%]
[Progress:================>             56%] [Cov:====================>              58%]
[Progress:================>             56%] [Cov:====================>              58%]
[Progress:================>             56%] [Cov:====================>              58%]
[Progress:================>             56%] [Cov:====================>              58%]
[Progress:================>             56%] [Cov:====================>              58%]
[Progress:================>             56%] [Cov:====================>              58%]
[Progress:================>             56%] [Cov:====================>              58%]
[Progress:================>             56%] [Cov:====================>              58%]
[Progress:================>             56%] [Cov:====================>              58%]
[Progress:================>             56%] [Cov:====================>              58%]
[Progress:================>             56%] [Cov:====================>              58%]
[Progress:================>             56%] [Cov:====================>              58%]
[Progress:================>             56%] [Cov:====================>              58%]
[Progress:================>             56%] [Cov:====================>              58%]
[Progress:=================>            57%] [Cov:====================>              58%]
[Progress:=================>            57%] [Cov:====================>              58%]
[Progress:=================>            57%] [Cov:====================>              58%]
[Progress:=================>            57%] [Cov:====================>              58%]
[Progress:=================>            57%] [Cov:====================>              58%]
[Progress:=================>            57%] [Cov:====================>              58%]
[Progress:=================>            57%] [Cov:====================>              58%]
[Progress:=================>            57%] [Cov:====================>              58%]
[Progress:=================>            57%] [Cov:====================>              58%]
[Progress:=================>            57%] [Cov:====================>              58%]
[Progress:=================>            57%] [Cov:====================>              58%]
[Progress:=================>            57%] [Cov:====================>              58%]
[Progress:=================>            57%] [Cov:====================>              58%]
[Progress:=================>            57%] [Cov:====================>              58%]
[Progress:=================>            57%] [Cov:====================>              58%]
[Progress:=================>            57%] [Cov:====================>              58%]
[Progress:=================>            57%] [Cov:====================>              58%]
[Progress:=================>            57%] [Cov:====================>              58%]
[Progress:=================>            58%] [Cov:===================>               55%]
[Progress:=================>            58%] [Cov:====================>              58%]
[Progress:=================>            58%] [Cov:====================>              58%]
[Progress:=================>            58%] [Cov:====================>              58%]
[Progress:=================>            58%] [Cov:====================>              58%]
[Progress:=================>            58%] [Cov:====================>              58%]
[Progress:=================>            58%] [Cov:====================>              58%]
[Progress:=================>            58%] [Cov:====================>              58%]
[Progress:=================>            58%] [Cov:====================>              58%]
[Progress:=================>            58%] [Cov:====================>              58%]
[Progress:=================>            58%] [Cov:====================>              58%]
[Progress:=================>            58%] [Cov:====================>              58%]
[Progress:=================>            58%] [Cov:====================>              58%]
[Progress:=================>            58%] [Cov:====================>              58%]
[Progress:=================>            58%] [Cov:====================>              58%]
[Progress:=================>            58%] [Cov:====================>              58%]
[Progress:=================>            58%] [Cov:====================>              58%]
[Progress:=================>            58%] [Cov:====================>              58%]
[Progress:=================>            58%] [Cov:====================>              58%]
[Progress:=================>            58%] [Cov:====================>              58%]
[Progress:=================>            58%] [Cov:====================>              58%]
[Progress:=================>            58%] [Cov:====================>              58%]
[Progress:=================>            58%] [Cov:====================>              58%]
[Progress:=================>            58%] [Cov:====================>              58%]
[Progress:=================>            58%] [Cov:====================>              58%]
[Progress:=================>            58%] [Cov:====================>              58%]
[Progress:=================>            58%] [Cov:====================>              58%]
[Progress:=================>            58%] [Cov:====================>              58%]
[Progress:=================>            58%] [Cov:====================>              58%]
[Progress:=================>            58%] [Cov:====================>              58%]
[Progress:=================>            58%] [Cov:====================>              58%]
[Progress:=================>            58%] [Cov:====================>              58%]
[Progress:=================>            59%] [Cov:====================>              58%]
[Progress:=================>            59%] [Cov:====================>              58%]
[Progress:=================>            59%] [Cov:====================>              58%]
[Progress:=================>            59%] [Cov:====================>              58%]
[Progress:=================>            59%] [Cov:====================>              58%]
[Progress:=================>            59%] [Cov:====================>              58%]
[Progress:=================>            59%] [Cov:====================>              58%]
[Progress:=================>            59%] [Cov:====================>              58%]
[Progress:=================>            59%] [Cov:====================>              58%]
[Progress:=================>            59%] [Cov:====================>              58%]
[Progress:=================>            59%] [Cov:====================>              58%]
[Progress:=================>            59%] [Cov:====================>              58%]
[Progress:=================>            59%] [Cov:====================>              58%]
[Progress:=================>            59%] [Cov:====================>              58%]
[Progress:=================>            59%] [Cov:====================>              58%]
[Progress:=================>            59%] [Cov:====================>              58%]
[Progress:=================>            59%] [Cov:====================>              58%]
[Progress:=================>            59%] [Cov:====================>              58%]
[Progress:=================>            59%] [Cov:====================>              58%]
[Progress:=================>            59%] [Cov:====================>              58%]
[Progress:==================>           60%] [Cov:====================>              58%]
[Progress:==================>           60%] [Cov:====================>              58%]
[Progress:==================>           60%] [Cov:====================>              58%]
[Progress:==================>           60%] [Cov:====================>              58%]
[Progress:==================>           60%] [Cov:====================>              58%]
[Progress:==================>           60%] [Cov:====================>              58%]
[Progress:==================>           60%] [Cov:====================>              58%]
[Progress:==================>           60%] [Cov:====================>              58%]
[Progress:==================>           60%] [Cov:====================>              58%]
[Progress:==================>           60%] [Cov:====================>              58%]
[Progress:==================>           60%] [Cov:====================>              58%]
[Progress:==================>           60%] [Cov:====================>              58%]
[Progress:==================>           60%] [Cov:====================>              58%]
[Progress:==================>           60%] [Cov:====================>              58%]
[Progress:==================>           60%] [Cov:====================>              58%]
[Progress:==================>           60%] [Cov:====================>              58%]
[Progress:==================>           60%] [Cov:====================>              58%]
[Progress:==================>           60%] [Cov:====================>              58%]
[Progress:==================>           60%] [Cov:====================>              58%]
[Progress:==================>           60%] [Cov:====================>              58%]
[Progress:==================>           60%] [Cov:====================>              58%]
[Progress:==================>           60%] [Cov:====================>              58%]
[Progress:==================>           60%] [Cov:====================>              58%]
[Progress:==================>           60%] [Cov:====================>              58%]
[Progress:==================>           60%] [Cov:====================>              58%]
[Progress:==================>           60%] [Cov:====================>              58%]
[Progress:==================>           60%] [Cov:====================>              58%]
[Progress:==================>           60%] [Cov:====================>              58%]
[Progress:==================>           60%] [Cov:====================>              58%]
[Progress:==================>           60%] [Cov:====================>              58%]
[Progress:==================>           60%] [Cov:====================>              58%]
[Progress:==================>           60%] [Cov:====================>              58%]
[Progress:==================>           60%] [Cov:====================>              58%]
[Progress:==================>           60%] [Cov:====================>              58%]
[Progress:==================>           61%] [Cov:====================>              58%]
[Progress:==================>           61%] [Cov:====================>              58%]
[Progress:==================>           61%] [Cov:====================>              58%]
[Progress:==================>           61%] [Cov:====================>              58%]
[Progress:==================>           61%] [Cov:====================>              58%]
[Progress:==================>           61%] [Cov:====================>              58%]
[Progress:==================>           61%] [Cov:====================>              58%]
[Progress:==================>           61%] [Cov:====================>              58%]
[Progress:==================>           61%] [Cov:====================>              58%]
[Progress:==================>           61%] [Cov:====================>              58%]
[Progress:==================>           61%] [Cov:====================>              58%]
[Progress:==================>           61%] [Cov:====================>              58%]
[Progress:==================>           61%] [Cov:====================>              58%]
[Progress:==================>           61%] [Cov:====================>              58%]
[Progress:==================>           61%] [Cov:====================>              58%]
[Progress:==================>           62%] [Cov:=================>                 49%]
[Progress:==================>           62%] [Cov:====================>              58%]
[Progress:==================>           62%] [Cov:====================>              58%]
[Progress:==================>           62%] [Cov:====================>              58%]
[Progress:==================>           62%] [Cov:====================>              58%]
[Progress:==================>           62%] [Cov:====================>              58%]
[Progress:==================>           62%] [Cov:====================>              58%]
[Progress:==================>           62%] [Cov:====================>              58%]
[Progress:==================>           62%] [Cov:====================>              58%]
[Progress:==================>           62%] [Cov:====================>              58%]
[Progress:==================>           62%] [Cov:====================>              58%]
[Progress:==================>           62%] [Cov:====================>              58%]
[Progress:==================>           62%] [Cov:====================>              58%]
[Progress:==================>           62%] [Cov:====================>              58%]
[Progress:==================>           62%] [Cov:====================>              58%]
[Progress:==================>           62%] [Cov:====================>              58%]
[Progress:==================>           62%] [Cov:====================>              58%]
[Progress:==================>           62%] [Cov:====================>              58%]
[Progress:==================>           62%] [Cov:====================>              58%]
[Progress:==================>           62%] [Cov:====================>              58%]
[Progress:==================>           62%] [Cov:====================>              58%]
[Progress:==================>           62%] [Cov:====================>              58%]
[Progress:==================>           62%] [Cov:====================>              58%]
[Progress:==================>           62%] [Cov:====================>              58%]
[Progress:==================>           62%] [Cov:====================>              58%]
[Progress:==================>           62%] [Cov:====================>              58%]
[Progress:==================>           62%] [Cov:====================>              58%]
[Progress:==================>           62%] [Cov:====================>              58%]
[Progress:==================>           62%] [Cov:====================>              58%]
[Progress:==================>           62%] [Cov:====================>              58%]
[Progress:==================>           62%] [Cov:====================>              58%]
[Progress:==================>           62%] [Cov:====================>              58%]
[Progress:==================>           62%] [Cov:====================>              58%]
[Progress:==================>           62%] [Cov:====================>              58%]
[Progress:==================>           62%] [Cov:====================>              58%]
[Progress:==================>           62%] [Cov:====================>              58%]
[Progress:==================>           62%] [Cov:====================>              58%]
[Progress:==================>           62%] [Cov:====================>              58%]
[Progress:==================>           62%] [Cov:====================>              58%]
[Progress:==================>           62%] [Cov:====================>              58%]
[Progress:==================>           62%] [Cov:====================>              58%]
[Progress:==================>           62%] [Cov:====================>              58%]
[Progress:==================>           62%] [Cov:====================>              58%]
[Progress:==================>           62%] [Cov:====================>              58%]
[Progress:==================>           62%] [Cov:====================>              58%]
[Progress:==================>           63%] [Cov:====================>              58%]
[Progress:==================>           63%] [Cov:====================>              58%]
[Progress:==================>           63%] [Cov:====================>              58%]
[Progress:==================>           63%] [Cov:====================>              58%]
[Progress:==================>           63%] [Cov:====================>              58%]
[Progress:==================>           63%] [Cov:====================>              58%]
[Progress:==================>           63%] [Cov:====================>              58%]
[Progress:==================>           63%] [Cov:====================>              58%]
[Progress:==================>           63%] [Cov:====================>              58%]
[Progress:==================>           63%] [Cov:====================>              58%]
[Progress:==================>           63%] [Cov:====================>              58%]
[Progress:==================>           63%] [Cov:====================>              58%]
[Progress:==================>           63%] [Cov:====================>              58%]
[Progress:==================>           63%] [Cov:====================>              58%]
[Progress:==================>           63%] [Cov:====================>              58%]
[Progress:==================>           63%] [Cov:====================>              58%]
[Progress:==================>           63%] [Cov:====================>              58%]
[Progress:==================>           63%] [Cov:====================>              58%]
[Progress:==================>           63%] [Cov:====================>              58%]
[Progress:==================>           63%] [Cov:====================>              58%]
[Progress:==================>           63%] [Cov:====================>              58%]
[Progress:==================>           63%] [Cov:====================>              58%]
[Progress:==================>           63%] [Cov:====================>              58%]
[Progress:===================>          64%] [Cov:====================>              58%]
[Progress:===================>          64%] [Cov:====================>              58%]
[Progress:===================>          64%] [Cov:====================>              58%]
[Progress:===================>          64%] [Cov:====================>              58%]
[Progress:===================>          64%] [Cov:====================>              58%]
[Progress:===================>          64%] [Cov:====================>              58%]
[Progress:===================>          64%] [Cov:====================>              58%]
[Progress:===================>          64%] [Cov:====================>              58%]
[Progress:===================>          64%] [Cov:====================>              58%]
[Progress:===================>          64%] [Cov:====================>              58%]
[Progress:===================>          64%] [Cov:====================>              58%]
[Progress:===================>          64%] [Cov:====================>              58%]
[Progress:===================>          64%] [Cov:====================>              58%]
[Progress:===================>          64%] [Cov:====================>              58%]
[Progress:===================>          64%] [Cov:====================>              58%]
[Progress:===================>          64%] [Cov:====================>              58%]
[Progress:===================>          64%] [Cov:====================>              58%]
[Progress:===================>          64%] [Cov:====================>              58%]
[Progress:===================>          64%] [Cov:====================>              58%]
[Progress:===================>          64%] [Cov:====================>              58%]
[Progress:===================>          64%] [Cov:====================>              58%]
[Progress:===================>          64%] [Cov:====================>              58%]
[Progress:===================>          64%] [Cov:====================>              58%]
[Progress:===================>          64%] [Cov:====================>              58%]
[Progress:===================>          64%] [Cov:====================>              58%]
[Progress:===================>          64%] [Cov:====================>              58%]
[Progress:===================>          64%] [Cov:====================>              58%]
[Progress:===================>          64%] [Cov:====================>              58%]
[Progress:===================>          64%] [Cov:====================>              58%]
[Progress:===================>          64%] [Cov:====================>              58%]
[Progress:===================>          64%] [Cov:====================>              58%]
[Progress:===================>          64%] [Cov:====================>              58%]
[Progress:===================>          64%] [Cov:====================>              58%]
[Progress:===================>          64%] [Cov:====================>              58%]
[Progress:===================>          64%] [Cov:====================>              58%]
[Progress:===================>          64%] [Cov:====================>              58%]
[Progress:===================>          64%] [Cov:====================>              58%]
[Progress:===================>          64%] [Cov:====================>              58%]
[Progress:===================>          65%] [Cov:====================>              58%]
[Progress:===================>          65%] [Cov:====================>              58%]
[Progress:===================>          65%] [Cov:====================>              58%]
[Progress:===================>          65%] [Cov:====================>              58%]
[Progress:===================>          65%] [Cov:====================>              58%]
[Progress:===================>          65%] [Cov:====================>              58%]
[Progress:===================>          65%] [Cov:====================>              58%]
[Progress:===================>          65%] [Cov:====================>              58%]
[Progress:===================>          65%] [Cov:====================>              58%]
[Progress:===================>          65%] [Cov:====================>              58%]
[Progress:===================>          65%] [Cov:====================>              58%]
[Progress:===================>          65%] [Cov:====================>              58%]
[Progress:===================>          65%] [Cov:====================>              58%]
[Progress:===================>          65%] [Cov:====================>              58%]
[Progress:===================>          65%] [Cov:====================>              58%]
[Progress:===================>          65%] [Cov:====================>              58%]
[Progress:===================>          65%] [Cov:====================>              58%]
[Progress:===================>          66%] [Cov:====================>              58%]
[Progress:===================>          66%] [Cov:====================>              58%]
[Progress:===================>          66%] [Cov:====================>              58%]
[Progress:===================>          66%] [Cov:====================>              58%]
[Progress:===================>          66%] [Cov:====================>              58%]
[Progress:===================>          66%] [Cov:====================>              58%]
[Progress:===================>          66%] [Cov:====================>              58%]
[Progress:===================>          66%] [Cov:====================>              58%]
[Progress:===================>          66%] [Cov:====================>              58%]
[Progress:===================>          66%] [Cov:====================>              58%]
[Progress:===================>          66%] [Cov:====================>              58%]
[Progress:===================>          66%] [Cov:====================>              58%]
[Progress:===================>          66%] [Cov:====================>              58%]
[Progress:===================>          66%] [Cov:====================>              58%]
[Progress:===================>          66%] [Cov:====================>              58%]
[Progress:===================>          66%] [Cov:====================>              58%]
[Progress:===================>          66%] [Cov:====================>              58%]
[Progress:===================>          66%] [Cov:====================>              58%]
[Progress:===================>          66%] [Cov:====================>              58%]
[Progress:===================>          66%] [Cov:====================>              58%]
[Progress:===================>          66%] [Cov:====================>              58%]
[Progress:===================>          66%] [Cov:====================>              58%]
[Progress:===================>          66%] [Cov:====================>              58%]
[Progress:===================>          66%] [Cov:====================>              58%]
[Progress:===================>          66%] [Cov:====================>              58%]
[Progress:===================>          66%] [Cov:====================>              58%]
[Progress:===================>          66%] [Cov:====================>              58%]
[Progress:===================>          66%] [Cov:====================>              58%]
[Progress:===================>          66%] [Cov:====================>              58%]
[Progress:====================>         67%] [Cov:====================>              58%]
[Progress:====================>         67%] [Cov:====================>              58%]
[Progress:====================>         67%] [Cov:====================>              58%]
[Progress:====================>         67%] [Cov:====================>              58%]
[Progress:====================>         67%] [Cov:====================>              58%]
[Progress:====================>         67%] [Cov:====================>              58%]
[Progress:====================>         67%] [Cov:====================>              58%]
[Progress:====================>         67%] [Cov:====================>              58%]
[Progress:====================>         67%] [Cov:====================>              58%]
[Progress:====================>         67%] [Cov:====================>              58%]
[Progress:====================>         67%] [Cov:====================>              58%]
[Progress:====================>         67%] [Cov:====================>              58%]
[Progress:====================>         67%] [Cov:====================>              58%]
[Progress:====================>         67%] [Cov:====================>              58%]
[Progress:====================>         67%] [Cov:====================>              58%]
[Progress:====================>         67%] [Cov:====================>              58%]
[Progress:====================>         67%] [Cov:====================>              58%]
[Progress:====================>         67%] [Cov:====================>              58%]
[Progress:====================>         67%] [Cov:====================>              58%]
[Progress:====================>         67%] [Cov:====================>              58%]
[Progress:====================>         67%] [Cov:====================>              58%]
[Progress:====================>         67%] [Cov:====================>              58%]
[Progress:====================>         67%] [Cov:====================>              58%]
[Progress:====================>         67%] [Cov:====================>              58%]
[Progress:====================>         68%] [Cov:====================>              58%]
[Progress:====================>         68%] [Cov:====================>              58%]
[Progress:====================>         68%] [Cov:====================>              58%]
[Progress:====================>         68%] [Cov:====================>              58%]
[Progress:====================>         68%] [Cov:====================>              58%]
[Progress:====================>         68%] [Cov:====================>              58%]
[Progress:====================>         68%] [Cov:====================>              58%]
[Progress:====================>         68%] [Cov:====================>              58%]
[Progress:====================>         68%] [Cov:====================>              58%]
[Progress:====================>         68%] [Cov:====================>              58%]
[Progress:====================>         68%] [Cov:====================>              58%]
[Progress:====================>         68%] [Cov:====================>              58%]
[Progress:====================>         68%] [Cov:====================>              58%]
[Progress:====================>         68%] [Cov:====================>              58%]
[Progress:====================>         68%] [Cov:====================>              58%]
[Progress:====================>         68%] [Cov:====================>              58%]
[Progress:====================>         68%] [Cov:====================>              58%]
[Progress:====================>         68%] [Cov:====================>              58%]
[Progress:====================>         68%] [Cov:====================>              58%]
[Progress:====================>         68%] [Cov:====================>              58%]
[Progress:====================>         68%] [Cov:====================>              58%]
[Progress:====================>         68%] [Cov:====================>              58%]
[Progress:====================>         68%] [Cov:====================>              58%]
[Progress:====================>         68%] [Cov:====================>              58%]
[Progress:====================>         68%] [Cov:====================>              58%]
[Progress:====================>         68%] [Cov:====================>              58%]
[Progress:====================>         68%] [Cov:====================>              58%]
[Progress:====================>         68%] [Cov:====================>              58%]
[Progress:====================>         68%] [Cov:====================>              58%]
[Progress:====================>         68%] [Cov:====================>              58%]
[Progress:====================>         68%] [Cov:====================>              58%]
[Progress:====================>         68%] [Cov:====================>              58%]
[Progress:====================>         68%] [Cov:====================>              58%]
[Progress:====================>         68%] [Cov:====================>              58%]
[Progress:====================>         68%] [Cov:====================>              58%]
[Progress:====================>         68%] [Cov:====================>              58%]
[Progress:====================>         68%] [Cov:====================>              58%]
[Progress:====================>         68%] [Cov:====================>              58%]
[Progress:====================>         68%] [Cov:====================>              58%]
[Progress:====================>         68%] [Cov:====================>              58%]
[Progress:====================>         68%] [Cov:====================>              58%]
[Progress:====================>         68%] [Cov:====================>              58%]
[Progress:====================>         68%] [Cov:====================>              58%]
[Progress:====================>         68%] [Cov:====================>              58%]
[Progress:====================>         68%] [Cov:====================>              58%]
[Progress:====================>         68%] [Cov:====================>              58%]
[Progress:====================>         68%] [Cov:====================>              58%]
[Progress:====================>         68%] [Cov:====================>              58%]
[Progress:====================>         68%] [Cov:====================>              58%]
[Progress:====================>         68%] [Cov:====================>              58%]
[Progress:====================>         68%] [Cov:====================>              58%]
[Progress:====================>         68%] [Cov:====================>              58%]
[Progress:====================>         69%] [Cov:====================>              58%]
[Progress:====================>         69%] [Cov:====================>              58%]
[Progress:====================>         69%] [Cov:====================>              58%]
[Progress:====================>         69%] [Cov:====================>              58%]
[Progress:====================>         69%] [Cov:====================>              58%]
[Progress:====================>         69%] [Cov:====================>              58%]
[Progress:====================>         69%] [Cov:====================>              58%]
[Progress:====================>         69%] [Cov:====================>              58%]
[Progress:====================>         69%] [Cov:====================>              58%]
[Progress:====================>         69%] [Cov:====================>              58%]
[Progress:====================>         69%] [Cov:====================>              58%]
[Progress:====================>         69%] [Cov:====================>              58%]
[Progress:====================>         69%] [Cov:====================>              58%]
[Progress:====================>         69%] [Cov:====================>              58%]
[Progress:====================>         69%] [Cov:====================>              58%]
[Progress:====================>         69%] [Cov:====================>              58%]
[Progress:====================>         69%] [Cov:====================>              58%]
[Progress:====================>         69%] [Cov:====================>              58%]
[Progress:====================>         69%] [Cov:====================>              58%]
[Progress:====================>         69%] [Cov:====================>              58%]
[Progress:====================>         69%] [Cov:====================>              58%]
[Progress:====================>         69%] [Cov:====================>              58%]
[Progress:====================>         69%] [Cov:====================>              58%]
[Progress:====================>         69%] [Cov:====================>              58%]
[Progress:=====================>        70%] [Cov:===================>               55%]
[Progress:=====================>        70%] [Cov:====================>              58%]
[Progress:=====================>        70%] [Cov:====================>              58%]
[Progress:=====================>        70%] [Cov:====================>              58%]
[Progress:=====================>        70%] [Cov:====================>              58%]
[Progress:=====================>        70%] [Cov:====================>              58%]
[Progress:=====================>        70%] [Cov:====================>              58%]
[Progress:=====================>        70%] [Cov:====================>              58%]
[Progress:=====================>        70%] [Cov:====================>              58%]
[Progress:=====================>        70%] [Cov:====================>              58%]
[Progress:=====================>        70%] [Cov:====================>              58%]
[Progress:=====================>        70%] [Cov:====================>              58%]
[Progress:=====================>        70%] [Cov:====================>              58%]
[Progress:=====================>        70%] [Cov:====================>              58%]
[Progress:=====================>        70%] [Cov:====================>              58%]
[Progress:=====================>        70%] [Cov:====================>              58%]
[Progress:=====================>        70%] [Cov:====================>              58%]
[Progress:=====================>        70%] [Cov:====================>              58%]
[Progress:=====================>        70%] [Cov:====================>              58%]
[Progress:=====================>        70%] [Cov:====================>              58%]
[Progress:=====================>        70%] [Cov:====================>              58%]
[Progress:=====================>        70%] [Cov:====================>              58%]
[Progress:=====================>        70%] [Cov:====================>              58%]
[Progress:=====================>        70%] [Cov:====================>              58%]
[Progress:=====================>        70%] [Cov:====================>              58%]
[Progress:=====================>        70%] [Cov:====================>              58%]
[Progress:=====================>        70%] [Cov:====================>              58%]
[Progress:=====================>        70%] [Cov:====================>              58%]
[Progress:=====================>        70%] [Cov:====================>              58%]
[Progress:=====================>        70%] [Cov:====================>              58%]
[Progress:=====================>        70%] [Cov:====================>              58%]
[Progress:=====================>        70%] [Cov:====================>              58%]
[Progress:=====================>        70%] [Cov:====================>              58%]
[Progress:=====================>        70%] [Cov:====================>              58%]
[Progress:=====================>        70%] [Cov:====================>              58%]
[Progress:=====================>        70%] [Cov:====================>              58%]
[Progress:=====================>        70%] [Cov:====================>              58%]
[Progress:=====================>        70%] [Cov:====================>              58%]
[Progress:=====================>        70%] [Cov:====================>              58%]
[Progress:=====================>        70%] [Cov:====================>              58%]
[Progress:=====================>        70%] [Cov:====================>              58%]
[Progress:=====================>        70%] [Cov:====================>              58%]
[Progress:=====================>        70%] [Cov:====================>              58%]
[Progress:=====================>        70%] [Cov:====================>              58%]
[Progress:=====================>        70%] [Cov:====================>              58%]
[Progress:=====================>        70%] [Cov:====================>              58%]
[Progress:=====================>        70%] [Cov:====================>              58%]
[Progress:=====================>        70%] [Cov:====================>              58%]
[Progress:=====================>        71%] [Cov:===================>               57%]
[Progress:=====================>        71%] [Cov:====================>              58%]
[Progress:=====================>        71%] [Cov:====================>              58%]
[Progress:=====================>        71%] [Cov:====================>              58%]
[Progress:=====================>        71%] [Cov:====================>              58%]
[Progress:=====================>        71%] [Cov:====================>              58%]
[Progress:=====================>        71%] [Cov:====================>              58%]
[Progress:=====================>        71%] [Cov:====================>              58%]
[Progress:=====================>        71%] [Cov:====================>              58%]
[Progress:=====================>        71%] [Cov:====================>              58%]
[Progress:=====================>        71%] [Cov:====================>              58%]
[Progress:=====================>        71%] [Cov:====================>              58%]
[Progress:=====================>        71%] [Cov:====================>              58%]
[Progress:=====================>        71%] [Cov:====================>              58%]
[Progress:=====================>        71%] [Cov:====================>              58%]
[Progress:=====================>        71%] [Cov:====================>              58%]
[Progress:=====================>        71%] [Cov:====================>              58%]
[Progress:=====================>        71%] [Cov:====================>              58%]
[Progress:=====================>        71%] [Cov:====================>              58%]
[Progress:=====================>        71%] [Cov:====================>              58%]
[Progress:=====================>        72%] [Cov:====================>              58%]
[Progress:=====================>        72%] [Cov:====================>              58%]
[Progress:=====================>        72%] [Cov:====================>              58%]
[Progress:=====================>        72%] [Cov:====================>              58%]
[Progress:=====================>        72%] [Cov:====================>              58%]
[Progress:=====================>        72%] [Cov:====================>              58%]
[Progress:=====================>        72%] [Cov:====================>              58%]
[Progress:=====================>        72%] [Cov:====================>              58%]
[Progress:=====================>        72%] [Cov:====================>              58%]
[Progress:=====================>        72%] [Cov:====================>              58%]
[Progress:=====================>        72%] [Cov:====================>              58%]
[Progress:=====================>        72%] [Cov:====================>              58%]
[Progress:=====================>        72%] [Cov:====================>              58%]
[Progress:=====================>        72%] [Cov:====================>              58%]
[Progress:=====================>        72%] [Cov:====================>              58%]
[Progress:=====================>        72%] [Cov:====================>              58%]
[Progress:=====================>        72%] [Cov:====================>              58%]
[Progress:=====================>        72%] [Cov:====================>              58%]
[Progress:=====================>        72%] [Cov:====================>              58%]
[Progress:=====================>        72%] [Cov:====================>              58%]
[Progress:=====================>        72%] [Cov:====================>              58%]
[Progress:=====================>        72%] [Cov:====================>              58%]
[Progress:=====================>        72%] [Cov:====================>              58%]
[Progress:=====================>        72%] [Cov:====================>              58%]
[Progress:=====================>        72%] [Cov:====================>              58%]
[Progress:=====================>        72%] [Cov:====================>              58%]
[Progress:=====================>        72%] [Cov:====================>              58%]
[Progress:=====================>        72%] [Cov:====================>              58%]
[Progress:=====================>        72%] [Cov:====================>              58%]
[Progress:=====================>        72%] [Cov:====================>              58%]
[Progress:=====================>        73%] [Cov:====================>              58%]
[Progress:=====================>        73%] [Cov:====================>              58%]
[Progress:=====================>        73%] [Cov:====================>              58%]
[Progress:=====================>        73%] [Cov:====================>              58%]
[Progress:=====================>        73%] [Cov:====================>              58%]
[Progress:=====================>        73%] [Cov:====================>              58%]
[Progress:=====================>        73%] [Cov:====================>              58%]
[Progress:=====================>        73%] [Cov:====================>              58%]
[Progress:=====================>        73%] [Cov:====================>              58%]
[Progress:=====================>        73%] [Cov:====================>              58%]
[Progress:=====================>        73%] [Cov:====================>              58%]
[Progress:=====================>        73%] [Cov:====================>              58%]
[Progress:=====================>        73%] [Cov:====================>              58%]
[Progress:=====================>        73%] [Cov:====================>              58%]
[Progress:=====================>        73%] [Cov:====================>              58%]
[Progress:=====================>        73%] [Cov:====================>              58%]
[Progress:=====================>        73%] [Cov:====================>              58%]
[Progress:=====================>        73%] [Cov:====================>              58%]
[Progress:=====================>        73%] [Cov:====================>              58%]
[Progress:======================>       74%] [Cov:====================>              58%]
[Progress:======================>       74%] [Cov:====================>              58%]
[Progress:======================>       74%] [Cov:====================>              58%]
[Progress:======================>       74%] [Cov:====================>              58%]
[Progress:======================>       74%] [Cov:====================>              58%]
[Progress:======================>       74%] [Cov:====================>              58%]
[Progress:======================>       74%] [Cov:====================>              58%]
[Progress:======================>       74%] [Cov:====================>              58%]
[Progress:======================>       74%] [Cov:====================>              58%]
[Progress:======================>       74%] [Cov:====================>              58%]
[Progress:======================>       74%] [Cov:====================>              58%]
[Progress:======================>       74%] [Cov:====================>              58%]
[Progress:======================>       74%] [Cov:====================>              58%]
[Progress:======================>       74%] [Cov:====================>              58%]
[Progress:======================>       74%] [Cov:====================>              58%]
[Progress:======================>       74%] [Cov:====================>              58%]
[Progress:======================>       74%] [Cov:====================>              58%]
[Progress:======================>       74%] [Cov:====================>              58%]
[Progress:======================>       74%] [Cov:====================>              58%]
[Progress:======================>       74%] [Cov:====================>              58%]
[Progress:======================>       74%] [Cov:====================>              58%]
[Progress:======================>       74%] [Cov:====================>              58%]
[Progress:======================>       74%] [Cov:====================>              58%]
[Progress:======================>       74%] [Cov:====================>              58%]
[Progress:======================>       74%] [Cov:====================>              58%]
[Progress:======================>       74%] [Cov:====================>              58%]
[Progress:======================>       74%] [Cov:====================>              58%]
[Progress:======================>       74%] [Cov:====================>              58%]
[Progress:======================>       74%] [Cov:====================>              58%]
[Progress:======================>       74%] [Cov:====================>              58%]
[Progress:======================>       74%] [Cov:====================>              58%]
[Progress:======================>       74%] [Cov:====================>              58%]
[Progress:======================>       74%] [Cov:====================>              58%]
[Progress:======================>       75%] [Cov:====================>              58%]
[Progress:======================>       75%] [Cov:====================>              58%]
[Progress:======================>       75%] [Cov:====================>              58%]
[Progress:======================>       75%] [Cov:====================>              58%]
[Progress:======================>       75%] [Cov:====================>              58%]
[Progress:======================>       75%] [Cov:====================>              58%]
[Progress:======================>       75%] [Cov:====================>              58%]
[Progress:======================>       75%] [Cov:====================>              58%]
[Progress:======================>       75%] [Cov:====================>              58%]
[Progress:======================>       75%] [Cov:====================>              58%]
[Progress:======================>       75%] [Cov:====================>              58%]
[Progress:======================>       75%] [Cov:====================>              58%]
[Progress:======================>       75%] [Cov:====================>              58%]
[Progress:======================>       75%] [Cov:====================>              58%]
[Progress:======================>       75%] [Cov:====================>              58%]
[Progress:======================>       75%] [Cov:====================>              58%]
[Progress:======================>       75%] [Cov:====================>              58%]
[Progress:======================>       75%] [Cov:====================>              58%]
[Progress:======================>       76%] [Cov:====================>              58%]
[Progress:======================>       76%] [Cov:====================>              58%]
[Progress:======================>       76%] [Cov:====================>              58%]
[Progress:======================>       76%] [Cov:====================>              58%]
[Progress:======================>       76%] [Cov:====================>              58%]
[Progress:======================>       76%] [Cov:====================>              58%]
[Progress:======================>       76%] [Cov:====================>              58%]
[Progress:======================>       76%] [Cov:====================>              58%]
[Progress:======================>       76%] [Cov:====================>              58%]
[Progress:======================>       76%] [Cov:====================>              58%]
[Progress:======================>       76%] [Cov:====================>              58%]
[Progress:======================>       76%] [Cov:====================>              58%]
[Progress:======================>       76%] [Cov:====================>              58%]
[Progress:======================>       76%] [Cov:====================>              58%]
[Progress:======================>       76%] [Cov:====================>              58%]
[Progress:======================>       76%] [Cov:====================>              58%]
[Progress:======================>       76%] [Cov:====================>              58%]
[Progress:======================>       76%] [Cov:====================>              58%]
[Progress:======================>       76%] [Cov:====================>              58%]
[Progress:======================>       76%] [Cov:====================>              58%]
[Progress:======================>       76%] [Cov:====================>              58%]
[Progress:======================>       76%] [Cov:====================>              58%]
[Progress:======================>       76%] [Cov:====================>              58%]
[Progress:======================>       76%] [Cov:====================>              58%]
[Progress:======================>       76%] [Cov:====================>              58%]
[Progress:======================>       76%] [Cov:====================>              58%]
[Progress:======================>       76%] [Cov:====================>              58%]
[Progress:======================>       76%] [Cov:====================>              58%]
[Progress:======================>       76%] [Cov:====================>              58%]
[Progress:======================>       76%] [Cov:====================>              58%]
[Progress:======================>       76%] [Cov:====================>              58%]
[Progress:======================>       76%] [Cov:====================>              58%]
[Progress:======================>       76%] [Cov:====================>              58%]
[Progress:======================>       76%] [Cov:====================>              58%]
[Progress:======================>       76%] [Cov:====================>              58%]
[Progress:=======================>      77%] [Cov:=================>                 49%]
[Progress:=======================>      77%] [Cov:====================>              58%]
[Progress:=======================>      77%] [Cov:====================>              58%]
[Progress:=======================>      77%] [Cov:====================>              58%]
[Progress:=======================>      77%] [Cov:====================>              58%]
[Progress:=======================>      77%] [Cov:====================>              58%]
[Progress:=======================>      77%] [Cov:====================>              58%]
[Progress:=======================>      77%] [Cov:====================>              58%]
[Progress:=======================>      77%] [Cov:====================>              58%]
[Progress:=======================>      77%] [Cov:====================>              58%]
[Progress:=======================>      77%] [Cov:====================>              58%]
[Progress:=======================>      77%] [Cov:====================>              58%]
[Progress:=======================>      77%] [Cov:====================>              58%]
[Progress:=======================>      77%] [Cov:====================>              58%]
[Progress:=======================>      77%] [Cov:====================>              58%]
[Progress:=======================>      77%] [Cov:====================>              58%]
[Progress:=======================>      77%] [Cov:====================>              58%]
[Progress:=======================>      78%] [Cov:====================>              58%]
[Progress:=======================>      78%] [Cov:====================>              58%]
[Progress:=======================>      78%] [Cov:====================>              58%]
[Progress:=======================>      78%] [Cov:====================>              58%]
[Progress:=======================>      78%] [Cov:====================>              58%]
[Progress:=======================>      78%] [Cov:====================>              58%]
[Progress:=======================>      78%] [Cov:====================>              58%]
[Progress:=======================>      78%] [Cov:====================>              58%]
[Progress:=======================>      78%] [Cov:====================>              58%]
[Progress:=======================>      78%] [Cov:====================>              58%]
[Progress:=======================>      78%] [Cov:====================>              58%]
[Progress:=======================>      78%] [Cov:====================>              58%]
[Progress:=======================>      78%] [Cov:====================>              58%]
[Progress:=======================>      78%] [Cov:====================>              58%]
[Progress:=======================>      78%] [Cov:====================>              58%]
[Progress:=======================>      78%] [Cov:====================>              58%]
[Progress:=======================>      78%] [Cov:====================>              58%]
[Progress:=======================>      78%] [Cov:====================>              58%]
[Progress:=======================>      78%] [Cov:====================>              58%]
[Progress:=======================>      78%] [Cov:====================>              58%]
[Progress:=======================>      78%] [Cov:====================>              58%]
[Progress:=======================>      78%] [Cov:====================>              58%]
[Progress:=======================>      78%] [Cov:====================>              58%]
[Progress:=======================>      78%] [Cov:====================>              58%]
[Progress:=======================>      78%] [Cov:====================>              58%]
[Progress:=======================>      78%] [Cov:====================>              58%]
[Progress:=======================>      78%] [Cov:====================>              58%]
[Progress:=======================>      78%] [Cov:====================>              58%]
[Progress:=======================>      78%] [Cov:====================>              58%]
[Progress:=======================>      78%] [Cov:====================>              58%]
[Progress:=======================>      78%] [Cov:====================>              58%]
[Progress:=======================>      78%] [Cov:====================>              58%]
[Progress:=======================>      78%] [Cov:====================>              58%]
[Progress:=======================>      78%] [Cov:====================>              58%]
[Progress:=======================>      78%] [Cov:====================>              58%]
[Progress:=======================>      78%] [Cov:====================>              58%]
[Progress:=======================>      79%] [Cov:====================>              58%]
[Progress:=======================>      79%] [Cov:====================>              58%]
[Progress:=======================>      79%] [Cov:====================>              58%]
[Progress:=======================>      79%] [Cov:====================>              58%]
[Progress:=======================>      79%] [Cov:====================>              58%]
[Progress:=======================>      79%] [Cov:====================>              58%]
[Progress:=======================>      79%] [Cov:====================>              58%]
[Progress:=======================>      79%] [Cov:====================>              58%]
[Progress:=======================>      79%] [Cov:====================>              58%]
[Progress:=======================>      79%] [Cov:====================>              58%]
[Progress:=======================>      79%] [Cov:====================>              58%]
[Progress:=======================>      79%] [Cov:====================>              58%]
[Progress:=======================>      79%] [Cov:====================>              58%]
[Progress:=======================>      79%] [Cov:====================>              58%]
[Progress:=======================>      79%] [Cov:====================>              58%]
[Progress:=======================>      79%] [Cov:====================>              58%]
[Progress:=======================>      79%] [Cov:====================>              58%]
[Progress:=======================>      79%] [Cov:====================>              58%]
[Progress:========================>     80%] [Cov:====================>              58%]
[Progress:========================>     80%] [Cov:====================>              58%]
[Progress:========================>     80%] [Cov:====================>              58%]
[Progress:========================>     80%] [Cov:====================>              58%]
[Progress:========================>     80%] [Cov:====================>              58%]
[Progress:========================>     80%] [Cov:====================>              58%]
[Progress:========================>     80%] [Cov:====================>              58%]
[Progress:========================>     80%] [Cov:====================>              58%]
[Progress:========================>     80%] [Cov:====================>              58%]
[Progress:========================>     80%] [Cov:====================>              58%]
[Progress:========================>     80%] [Cov:====================>              58%]
[Progress:========================>     80%] [Cov:====================>              58%]
[Progress:========================>     80%] [Cov:====================>              58%]
[Progress:========================>     80%] [Cov:====================>              58%]
[Progress:========================>     80%] [Cov:====================>              58%]
[Progress:========================>     80%] [Cov:====================>              58%]
[Progress:========================>     80%] [Cov:====================>              58%]
[Progress:========================>     80%] [Cov:====================>              58%]
[Progress:========================>     80%] [Cov:====================>              58%]
[Progress:========================>     80%] [Cov:====================>              58%]
[Progress:========================>     80%] [Cov:====================>              58%]
[Progress:========================>     80%] [Cov:====================>              58%]
[Progress:========================>     80%] [Cov:====================>              58%]
[Progress:========================>     80%] [Cov:====================>              58%]
[Progress:========================>     80%] [Cov:====================>              58%]
[Progress:========================>     80%] [Cov:====================>              58%]
[Progress:========================>     80%] [Cov:====================>              58%]
[Progress:========================>     80%] [Cov:====================>              58%]
[Progress:========================>     80%] [Cov:====================>              58%]
[Progress:========================>     80%] [Cov:====================>              58%]
[Progress:========================>     80%] [Cov:====================>              58%]
[Progress:========================>     80%] [Cov:====================>              58%]
[Progress:========================>     81%] [Cov:====================>              58%]
[Progress:========================>     81%] [Cov:====================>              58%]
[Progress:========================>     81%] [Cov:====================>              58%]
[Progress:========================>     81%] [Cov:====================>              58%]
[Progress:========================>     81%] [Cov:====================>              58%]
[Progress:========================>     81%] [Cov:====================>              58%]
[Progress:========================>     81%] [Cov:====================>              58%]
[Progress:========================>     81%] [Cov:====================>              58%]
[Progress:========================>     81%] [Cov:====================>              58%]
[Progress:========================>     81%] [Cov:====================>              58%]
[Progress:========================>     81%] [Cov:====================>              58%]
[Progress:========================>     81%] [Cov:====================>              58%]
[Progress:========================>     81%] [Cov:====================>              58%]
[Progress:========================>     81%] [Cov:====================>              58%]
[Progress:========================>     81%] [Cov:====================>              58%]
[Progress:========================>     81%] [Cov:====================>              58%]
[Progress:========================>     81%] [Cov:====================>              58%]
[Progress:========================>     81%] [Cov:====================>              58%]
[Progress:========================>     81%] [Cov:====================>              58%]
[Progress:========================>     81%] [Cov:====================>              58%]
[Progress:========================>     81%] [Cov:====================>              58%]
[Progress:========================>     81%] [Cov:====================>              58%]
[Progress:========================>     81%] [Cov:====================>              58%]
[Progress:========================>     82%] [Cov:==================>                53%]
[Progress:========================>     82%] [Cov:====================>              58%]
[Progress:========================>     82%] [Cov:====================>              58%]
[Progress:========================>     82%] [Cov:====================>              58%]
[Progress:========================>     82%] [Cov:====================>              58%]
[Progress:========================>     82%] [Cov:====================>              58%]
[Progress:========================>     82%] [Cov:====================>              58%]
[Progress:========================>     82%] [Cov:====================>              58%]
[Progress:========================>     82%] [Cov:====================>              58%]
[Progress:========================>     82%] [Cov:====================>              58%]
[Progress:========================>     82%] [Cov:====================>              58%]
[Progress:========================>     82%] [Cov:====================>              58%]
[Progress:========================>     82%] [Cov:====================>              58%]
[Progress:========================>     82%] [Cov:====================>              58%]
[Progress:========================>     82%] [Cov:====================>              58%]
[Progress:========================>     82%] [Cov:====================>              58%]
[Progress:========================>     82%] [Cov:====================>              58%]
[Progress:========================>     82%] [Cov:====================>              58%]
[Progress:========================>     82%] [Cov:====================>              58%]
[Progress:========================>     82%] [Cov:====================>              58%]
[Progress:========================>     82%] [Cov:====================>              58%]
[Progress:========================>     82%] [Cov:====================>              58%]
[Progress:========================>     82%] [Cov:====================>              58%]
[Progress:========================>     82%] [Cov:====================>              58%]
[Progress:========================>     82%] [Cov:====================>              58%]
[Progress:========================>     82%] [Cov:====================>              58%]
[Progress:========================>     82%] [Cov:====================>              58%]
[Progress:========================>     82%] [Cov:====================>              58%]
[Progress:========================>     82%] [Cov:====================>              58%]
[Progress:========================>     82%] [Cov:====================>              58%]
[Progress:========================>     82%] [Cov:====================>              58%]
[Progress:========================>     82%] [Cov:====================>              58%]
[Progress:========================>     82%] [Cov:====================>              58%]
[Progress:========================>     82%] [Cov:====================>              58%]
[Progress:========================>     82%] [Cov:====================>              58%]
[Progress:========================>     82%] [Cov:====================>              58%]
[Progress:========================>     82%] [Cov:====================>              58%]
[Progress:========================>     82%] [Cov:====================>              58%]
[Progress:========================>     82%] [Cov:====================>              58%]
[Progress:========================>     82%] [Cov:====================>              58%]
[Progress:========================>     82%] [Cov:====================>              58%]
[Progress:========================>     82%] [Cov:====================>              58%]
[Progress:========================>     82%] [Cov:====================>              58%]
[Progress:========================>     82%] [Cov:====================>              58%]
[Progress:========================>     82%] [Cov:====================>              58%]
[Progress:========================>     83%] [Cov:==================>                53%]
[Progress:========================>     83%] [Cov:====================>              58%]
[Progress:========================>     83%] [Cov:====================>              58%]
[Progress:========================>     83%] [Cov:====================>              58%]
[Progress:========================>     83%] [Cov:====================>              58%]
[Progress:========================>     83%] [Cov:====================>              58%]
[Progress:========================>     83%] [Cov:====================>              58%]
[Progress:========================>     83%] [Cov:====================>              58%]
[Progress:========================>     83%] [Cov:====================>              58%]
[Progress:========================>     83%] [Cov:====================>              58%]
[Progress:========================>     83%] [Cov:====================>              58%]
[Progress:========================>     83%] [Cov:====================>              58%]
[Progress:========================>     83%] [Cov:====================>              58%]
[Progress:========================>     83%] [Cov:====================>              58%]
[Progress:=========================>    84%] [Cov:====================>              58%]
[Progress:=========================>    84%] [Cov:====================>              58%]
[Progress:=========================>    84%] [Cov:====================>              58%]
[Progress:=========================>    84%] [Cov:====================>              58%]
[Progress:=========================>    84%] [Cov:====================>              58%]
[Progress:=========================>    84%] [Cov:====================>              58%]
[Progress:=========================>    84%] [Cov:====================>              58%]
[Progress:=========================>    84%] [Cov:====================>              58%]
[Progress:=========================>    84%] [Cov:====================>              58%]
[Progress:=========================>    84%] [Cov:====================>              58%]
[Progress:=========================>    84%] [Cov:====================>              58%]
[Progress:=========================>    84%] [Cov:====================>              58%]
[Progress:=========================>    84%] [Cov:====================>              58%]
[Progress:=========================>    84%] [Cov:====================>              58%]
[Progress:=========================>    84%] [Cov:====================>              58%]
[Progress:=========================>    84%] [Cov:====================>              58%]
[Progress:=========================>    84%] [Cov:====================>              58%]
[Progress:=========================>    84%] [Cov:====================>              58%]
[Progress:=========================>    84%] [Cov:====================>              58%]
[Progress:=========================>    84%] [Cov:====================>              58%]
[Progress:=========================>    84%] [Cov:====================>              58%]
[Progress:=========================>    84%] [Cov:====================>              58%]
[Progress:=========================>    84%] [Cov:====================>              58%]
[Progress:=========================>    84%] [Cov:====================>              58%]
[Progress:=========================>    84%] [Cov:====================>              58%]
[Progress:=========================>    84%] [Cov:====================>              58%]
[Progress:=========================>    84%] [Cov:====================>              58%]
[Progress:=========================>    84%] [Cov:====================>              58%]
[Progress:=========================>    84%] [Cov:====================>              58%]
[Progress:=========================>    84%] [Cov:====================>              58%]
[Progress:=========================>    84%] [Cov:====================>              58%]
[Progress:=========================>    84%] [Cov:====================>              58%]
[Progress:=========================>    84%] [Cov:====================>              58%]
[Progress:=========================>    84%] [Cov:====================>              58%]
[Progress:=========================>    84%] [Cov:====================>              58%]
[Progress:=========================>    84%] [Cov:====================>              58%]
[Progress:=========================>    84%] [Cov:====================>              58%]
[Progress:=========================>    84%] [Cov:====================>              58%]
[Progress:=========================>    84%] [Cov:====================>              58%]
[Progress:=========================>    84%] [Cov:====================>              58%]
[Progress:=========================>    84%] [Cov:====================>              58%]
[Progress:=========================>    84%] [Cov:====================>              58%]
[Progress:=========================>    84%] [Cov:====================>              58%]
[Progress:=========================>    84%] [Cov:====================>              58%]
[Progress:=========================>    85%] [Cov:==============>                    40%]
[Progress:=========================>    85%] [Cov:====================>              58%]
[Progress:=========================>    85%] [Cov:====================>              58%]
[Progress:=========================>    85%] [Cov:====================>              58%]
[Progress:=========================>    85%] [Cov:====================>              58%]
[Progress:=========================>    85%] [Cov:====================>              58%]
[Progress:=========================>    85%] [Cov:====================>              58%]
[Progress:=========================>    85%] [Cov:====================>              58%]
[Progress:=========================>    85%] [Cov:====================>              58%]
[Progress:=========================>    85%] [Cov:====================>              58%]
[Progress:=========================>    85%] [Cov:====================>              58%]
[Progress:=========================>    85%] [Cov:====================>              58%]
[Progress:=========================>    85%] [Cov:====================>              58%]
[Progress:=========================>    85%] [Cov:====================>              58%]
[Progress:=========================>    85%] [Cov:====================>              58%]
[Progress:=========================>    85%] [Cov:====================>              58%]
[Progress:=========================>    85%] [Cov:====================>              58%]
[Progress:=========================>    85%] [Cov:====================>              58%]
[Progress:=========================>    85%] [Cov:====================>              58%]
[Progress:=========================>    85%] [Cov:====================>              58%]
[Progress:=========================>    85%] [Cov:====================>              58%]
[Progress:=========================>    85%] [Cov:====================>              58%]
[Progress:=========================>    85%] [Cov:====================>              58%]
[Progress:=========================>    85%] [Cov:====================>              58%]
[Progress:=========================>    85%] [Cov:====================>              58%]
[Progress:=========================>    85%] [Cov:====================>              58%]
[Progress:=========================>    86%] [Cov:====================>              58%]
[Progress:=========================>    86%] [Cov:====================>              58%]
[Progress:=========================>    86%] [Cov:====================>              58%]
[Progress:=========================>    86%] [Cov:====================>              58%]
[Progress:=========================>    86%] [Cov:====================>              58%]
[Progress:=========================>    86%] [Cov:====================>              58%]
[Progress:=========================>    86%] [Cov:====================>              58%]
[Progress:=========================>    86%] [Cov:====================>              58%]
[Progress:=========================>    86%] [Cov:====================>              58%]
[Progress:=========================>    86%] [Cov:====================>              58%]
[Progress:=========================>    86%] [Cov:====================>              58%]
[Progress:=========================>    86%] [Cov:====================>              58%]
[Progress:=========================>    86%] [Cov:====================>              58%]
[Progress:=========================>    86%] [Cov:====================>              58%]
[Progress:=========================>    86%] [Cov:====================>              58%]
[Progress:=========================>    86%] [Cov:====================>              58%]
[Progress:=========================>    86%] [Cov:====================>              58%]
[Progress:=========================>    86%] [Cov:====================>              58%]
[Progress:=========================>    86%] [Cov:====================>              58%]
[Progress:=========================>    86%] [Cov:====================>              58%]
[Progress:=========================>    86%] [Cov:====================>              58%]
[Progress:=========================>    86%] [Cov:====================>              58%]
[Progress:=========================>    86%] [Cov:====================>              58%]
[Progress:=========================>    86%] [Cov:====================>              58%]
[Progress:=========================>    86%] [Cov:====================>              58%]
[Progress:=========================>    86%] [Cov:====================>              58%]
[Progress:=========================>    86%] [Cov:====================>              58%]
[Progress:=========================>    86%] [Cov:====================>              58%]
[Progress:=========================>    86%] [Cov:====================>              58%]
[Progress:=========================>    86%] [Cov:====================>              58%]
[Progress:=========================>    86%] [Cov:====================>              58%]
[Progress:=========================>    86%] [Cov:====================>              58%]
[Progress:=========================>    86%] [Cov:====================>              58%]
[Progress:=========================>    86%] [Cov:====================>              58%]
[Progress:=========================>    86%] [Cov:====================>              58%]
[Progress:=========================>    86%] [Cov:====================>              58%]
[Progress:=========================>    86%] [Cov:====================>              58%]
[Progress:=========================>    86%] [Cov:====================>              58%]
[Progress:=========================>    86%] [Cov:====================>              58%]
[Progress:=========================>    86%] [Cov:====================>              58%]
[Progress:=========================>    86%] [Cov:====================>              58%]
[Progress:=========================>    86%] [Cov:====================>              58%]
[Progress:=========================>    86%] [Cov:====================>              58%]
[Progress:=========================>    86%] [Cov:====================>              58%]
[Progress:=========================>    86%] [Cov:====================>              58%]
[Progress:=========================>    86%] [Cov:====================>              58%]
[Progress:==========================>   87%] [Cov:====================>              58%]
[Progress:==========================>   87%] [Cov:====================>              58%]
[Progress:==========================>   87%] [Cov:====================>              58%]
[Progress:==========================>   87%] [Cov:====================>              58%]
[Progress:==========================>   87%] [Cov:====================>              58%]
[Progress:==========================>   87%] [Cov:====================>              58%]
[Progress:==========================>   87%] [Cov:====================>              58%]
[Progress:==========================>   87%] [Cov:====================>              58%]
[Progress:==========================>   87%] [Cov:====================>              58%]
[Progress:==========================>   87%] [Cov:====================>              58%]
[Progress:==========================>   87%] [Cov:====================>              58%]
[Progress:==========================>   87%] [Cov:====================>              58%]
[Progress:==========================>   87%] [Cov:====================>              58%]
[Progress:==========================>   87%] [Cov:====================>              58%]
[Progress:==========================>   87%] [Cov:====================>              58%]
[Progress:==========================>   87%] [Cov:====================>              58%]
[Progress:==========================>   87%] [Cov:====================>              58%]
[Progress:==========================>   87%] [Cov:====================>              58%]
[Progress:==========================>   87%] [Cov:====================>              58%]
[Progress:==========================>   87%] [Cov:====================>              58%]
[Progress:==========================>   88%] [Cov:====================>              58%]
[Progress:==========================>   88%] [Cov:====================>              58%]
[Progress:==========================>   88%] [Cov:====================>              58%]
[Progress:==========================>   88%] [Cov:====================>              58%]
[Progress:==========================>   88%] [Cov:====================>              58%]
[Progress:==========================>   88%] [Cov:====================>              58%]
[Progress:==========================>   88%] [Cov:====================>              58%]
[Progress:==========================>   88%] [Cov:====================>              58%]
[Progress:==========================>   88%] [Cov:====================>              58%]
[Progress:==========================>   88%] [Cov:====================>              58%]
[Progress:==========================>   88%] [Cov:====================>              58%]
[Progress:==========================>   88%] [Cov:====================>              58%]
[Progress:==========================>   88%] [Cov:====================>              58%]
[Progress:==========================>   88%] [Cov:====================>              58%]
[Progress:==========================>   88%] [Cov:====================>              58%]
[Progress:==========================>   88%] [Cov:====================>              58%]
[Progress:==========================>   88%] [Cov:====================>              58%]
[Progress:==========================>   88%] [Cov:====================>              58%]
[Progress:==========================>   88%] [Cov:====================>              58%]
[Progress:==========================>   88%] [Cov:====================>              58%]
[Progress:==========================>   88%] [Cov:====================>              58%]
[Progress:==========================>   88%] [Cov:====================>              58%]
[Progress:==========================>   88%] [Cov:====================>              58%]
[Progress:==========================>   88%] [Cov:====================>              58%]
[Progress:==========================>   88%] [Cov:====================>              58%]
[Progress:==========================>   88%] [Cov:====================>              58%]
[Progress:==========================>   89%] [Cov:====================>              58%]
[Progress:==========================>   89%] [Cov:====================>              58%]
[Progress:==========================>   89%] [Cov:====================>              58%]
[Progress:==========================>   89%] [Cov:====================>              58%]
[Progress:==========================>   89%] [Cov:====================>              58%]
[Progress:==========================>   89%] [Cov:====================>              58%]
[Progress:==========================>   89%] [Cov:====================>              58%]
[Progress:==========================>   89%] [Cov:====================>              58%]
[Progress:==========================>   89%] [Cov:====================>              58%]
[Progress:==========================>   89%] [Cov:====================>              58%]
[Progress:==========================>   89%] [Cov:====================>              58%]
[Progress:==========================>   89%] [Cov:====================>              58%]
[Progress:===========================>  90%] [Cov:====================>              58%]
[Progress:===========================>  90%] [Cov:====================>              58%]
[Progress:===========================>  90%] [Cov:====================>              58%]
[Progress:===========================>  90%] [Cov:====================>              58%]
[Progress:===========================>  90%] [Cov:====================>              58%]
[Progress:===========================>  90%] [Cov:====================>              58%]
[Progress:===========================>  90%] [Cov:====================>              58%]
[Progress:===========================>  90%] [Cov:====================>              58%]
[Progress:===========================>  90%] [Cov:====================>              58%]
[Progress:===========================>  90%] [Cov:====================>              58%]
[Progress:===========================>  90%] [Cov:====================>              58%]
[Progress:===========================>  90%] [Cov:====================>              58%]
[Progress:===========================>  90%] [Cov:====================>              58%]
[Progress:===========================>  90%] [Cov:====================>              58%]
[Progress:===========================>  90%] [Cov:====================>              58%]
[Progress:===========================>  90%] [Cov:====================>              58%]
[Progress:===========================>  90%] [Cov:====================>              58%]
[Progress:===========================>  90%] [Cov:====================>              58%]
[Progress:===========================>  90%] [Cov:====================>              58%]
[Progress:===========================>  90%] [Cov:====================>              58%]
[Progress:===========================>  90%] [Cov:====================>              58%]
[Progress:===========================>  90%] [Cov:====================>              58%]
[Progress:===========================>  90%] [Cov:====================>              58%]
[Progress:===========================>  90%] [Cov:====================>              58%]
[Progress:===========================>  90%] [Cov:====================>              58%]
[Progress:===========================>  90%] [Cov:====================>              58%]
[Progress:===========================>  90%] [Cov:====================>              58%]
[Progress:===========================>  90%] [Cov:====================>              58%]
[Progress:===========================>  90%] [Cov:====================>              58%]
[Progress:===========================>  90%] [Cov:====================>              58%]
[Progress:===========================>  90%] [Cov:====================>              58%]
[Progress:===========================>  90%] [Cov:====================>              58%]
[Progress:===========================>  90%] [Cov:====================>              58%]
[Progress:===========================>  91%] [Cov:====================>              58%]
[Progress:===========================>  91%] [Cov:====================>              58%]
[Progress:===========================>  91%] [Cov:====================>              58%]
[Progress:===========================>  91%] [Cov:====================>              58%]
[Progress:===========================>  91%] [Cov:====================>              58%]
[Progress:===========================>  91%] [Cov:====================>              58%]
[Progress:===========================>  91%] [Cov:====================>              58%]
[Progress:===========================>  91%] [Cov:====================>              58%]
[Progress:===========================>  91%] [Cov:====================>              58%]
[Progress:===========================>  91%] [Cov:====================>              58%]
[Progress:===========================>  91%] [Cov:====================>              58%]
[Progress:===========================>  91%] [Cov:====================>              58%]
[Progress:===========================>  91%] [Cov:====================>              58%]
[Progress:===========================>  91%] [Cov:====================>              58%]
[Progress:===========================>  91%] [Cov:====================>              58%]
[Progress:===========================>  91%] [Cov:====================>              58%]
[Progress:===========================>  91%] [Cov:====================>              58%]
[Progress:===========================>  91%] [Cov:====================>              58%]
[Progress:===========================>  91%] [Cov:====================>              58%]
[Progress:===========================>  91%] [Cov:====================>              58%]
[Progress:===========================>  91%] [Cov:====================>              58%]
[Progress:===========================>  91%] [Cov:====================>              58%]
[Progress:===========================>  92%] [Cov:====================>              58%]
[Progress:===========================>  92%] [Cov:====================>              58%]
[Progress:===========================>  92%] [Cov:====================>              58%]
[Progress:===========================>  92%] [Cov:====================>              58%]
[Progress:===========================>  92%] [Cov:====================>              58%]
[Progress:===========================>  92%] [Cov:====================>              58%]
[Progress:===========================>  92%] [Cov:====================>              58%]
[Progress:===========================>  92%] [Cov:====================>              58%]
[Progress:===========================>  92%] [Cov:====================>              58%]
[Progress:===========================>  92%] [Cov:====================>              58%]
[Progress:===========================>  92%] [Cov:====================>              58%]
[Progress:===========================>  92%] [Cov:====================>              58%]
[Progress:===========================>  92%] [Cov:====================>              58%]
[Progress:===========================>  92%] [Cov:====================>              58%]
[Progress:===========================>  92%] [Cov:====================>              58%]
[Progress:===========================>  92%] [Cov:====================>              58%]
[Progress:===========================>  92%] [Cov:====================>              58%]
[Progress:===========================>  92%] [Cov:====================>              58%]
[Progress:===========================>  92%] [Cov:====================>              58%]
[Progress:===========================>  92%] [Cov:====================>              58%]
[Progress:===========================>  92%] [Cov:====================>              58%]
[Progress:===========================>  92%] [Cov:====================>              58%]
[Progress:===========================>  92%] [Cov:====================>              58%]
[Progress:===========================>  92%] [Cov:====================>              58%]
[Progress:===========================>  92%] [Cov:====================>              58%]
[Progress:===========================>  92%] [Cov:====================>              58%]
[Progress:===========================>  92%] [Cov:====================>              58%]
[Progress:===========================>  92%] [Cov:====================>              58%]
[Progress:===========================>  92%] [Cov:====================>              58%]
[Progress:===========================>  92%] [Cov:====================>              58%]
[Progress:===========================>  92%] [Cov:====================>              58%]
[Progress:===========================>  92%] [Cov:====================>              58%]
[Progress:===========================>  92%] [Cov:====================>              58%]
[Progress:===========================>  92%] [Cov:====================>              58%]
[Progress:===========================>  92%] [Cov:====================>              58%]
[Progress:===========================>  92%] [Cov:====================>              58%]
[Progress:===========================>  92%] [Cov:====================>              58%]
[Progress:===========================>  92%] [Cov:====================>              58%]
[Progress:===========================>  92%] [Cov:====================>              58%]
[Progress:===========================>  92%] [Cov:====================>              58%]
[Progress:===========================>  92%] [Cov:====================>              58%]
[Progress:===========================>  92%] [Cov:====================>              58%]
[Progress:===========================>  92%] [Cov:====================>              58%]
[Progress:===========================>  92%] [Cov:====================>              58%]
[Progress:===========================>  92%] [Cov:====================>              58%]
[Progress:===========================>  92%] [Cov:====================>              58%]
[Progress:===========================>  92%] [Cov:====================>              58%]
[Progress:===========================>  92%] [Cov:====================>              58%]
[Progress:===========================>  92%] [Cov:====================>              58%]
[Progress:===========================>  92%] [Cov:====================>              58%]
[Progress:===========================>  93%] [Cov:==================>                52%]
[Progress:===========================>  93%] [Cov:====================>              58%]
[Progress:===========================>  93%] [Cov:====================>              58%]
[Progress:===========================>  93%] [Cov:====================>              58%]
[Progress:===========================>  93%] [Cov:====================>              58%]
[Progress:===========================>  93%] [Cov:====================>              58%]
[Progress:===========================>  93%] [Cov:====================>              58%]
[Progress:===========================>  93%] [Cov:====================>              58%]
[Progress:===========================>  93%] [Cov:====================>              58%]
[Progress:===========================>  93%] [Cov:====================>              58%]
[Progress:===========================>  93%] [Cov:====================>              58%]
[Progress:===========================>  93%] [Cov:====================>              58%]
[Progress:===========================>  93%] [Cov:====================>              58%]
[Progress:===========================>  93%] [Cov:====================>              58%]
[Progress:===========================>  93%] [Cov:====================>              58%]
[Progress:===========================>  93%] [Cov:====================>              58%]
[Progress:===========================>  93%] [Cov:====================>              58%]
[Progress:===========================>  93%] [Cov:====================>              58%]
[Progress:===========================>  93%] [Cov:====================>              58%]
[Progress:===========================>  93%] [Cov:====================>              58%]
[Progress:===========================>  93%] [Cov:====================>              58%]
[Progress:===========================>  93%] [Cov:====================>              58%]
[Progress:===========================>  93%] [Cov:====================>              58%]
[Progress:===========================>  93%] [Cov:====================>              58%]
[Progress:===========================>  93%] [Cov:====================>              58%]
[Progress:===========================>  93%] [Cov:====================>              58%]
[Progress:===========================>  93%] [Cov:====================>              58%]
[Progress:===========================>  93%] [Cov:====================>              58%]
[Progress:============================> 94%] [Cov:==================>                53%]
[Progress:============================> 94%] [Cov:====================>              58%]
[Progress:============================> 94%] [Cov:====================>              58%]
[Progress:============================> 94%] [Cov:====================>              58%]
[Progress:============================> 94%] [Cov:====================>              58%]
[Progress:============================> 94%] [Cov:====================>              58%]
[Progress:============================> 94%] [Cov:====================>              58%]
[Progress:============================> 94%] [Cov:====================>              58%]
[Progress:============================> 94%] [Cov:====================>              58%]
[Progress:============================> 94%] [Cov:====================>              58%]
[Progress:============================> 94%] [Cov:====================>              58%]
[Progress:============================> 94%] [Cov:====================>              58%]
[Progress:============================> 94%] [Cov:====================>              58%]
[Progress:============================> 94%] [Cov:====================>              58%]
[Progress:============================> 94%] [Cov:====================>              58%]
[Progress:============================> 94%] [Cov:====================>              58%]
[Progress:============================> 94%] [Cov:====================>              58%]
[Progress:============================> 94%] [Cov:====================>              58%]
[Progress:============================> 94%] [Cov:====================>              58%]
[Progress:============================> 94%] [Cov:====================>              58%]
[Progress:============================> 94%] [Cov:====================>              58%]
[Progress:============================> 94%] [Cov:====================>              58%]
[Progress:============================> 94%] [Cov:====================>              58%]
[Progress:============================> 94%] [Cov:====================>              58%]
[Progress:============================> 94%] [Cov:====================>              58%]
[Progress:============================> 94%] [Cov:====================>              58%]
[Progress:============================> 94%] [Cov:====================>              58%]
[Progress:============================> 94%] [Cov:====================>              58%]
[Progress:============================> 94%] [Cov:====================>              58%]
[Progress:============================> 94%] [Cov:====================>              58%]
[Progress:============================> 94%] [Cov:====================>              58%]
[Progress:============================> 94%] [Cov:====================>              58%]
[Progress:============================> 94%] [Cov:====================>              58%]
[Progress:============================> 94%] [Cov:====================>              58%]
[Progress:============================> 94%] [Cov:====================>              58%]
[Progress:============================> 94%] [Cov:====================>              58%]
[Progress:============================> 94%] [Cov:====================>              58%]
[Progress:============================> 94%] [Cov:====================>              58%]
[Progress:============================> 94%] [Cov:====================>              58%]
[Progress:============================> 94%] [Cov:====================>              58%]
[Progress:============================> 94%] [Cov:====================>              58%]
[Progress:============================> 94%] [Cov:====================>              58%]
[Progress:============================> 94%] [Cov:====================>              58%]
[Progress:============================> 94%] [Cov:====================>              58%]
[Progress:============================> 94%] [Cov:====================>              58%]
[Progress:============================> 94%] [Cov:====================>              58%]
[Progress:============================> 94%] [Cov:====================>              58%]
[Progress:============================> 94%] [Cov:====================>              58%]
[Progress:============================> 94%] [Cov:====================>              58%]
[Progress:============================> 94%] [Cov:====================>              58%]
[Progress:============================> 94%] [Cov:====================>              58%]
[Progress:============================> 94%] [Cov:====================>              58%]
[Progress:============================> 94%] [Cov:====================>              58%]
[Progress:============================> 95%] [Cov:====================>              58%]
[Progress:============================> 95%] [Cov:====================>              58%]
[Progress:============================> 95%] [Cov:====================>              58%]
[Progress:============================> 95%] [Cov:====================>              58%]
[Progress:============================> 95%] [Cov:====================>              58%]
[Progress:============================> 95%] [Cov:====================>              58%]
[Progress:============================> 95%] [Cov:====================>              58%]
[Progress:============================> 95%] [Cov:====================>              58%]
[Progress:============================> 95%] [Cov:====================>              58%]
[Progress:============================> 95%] [Cov:====================>              58%]
[Progress:============================> 95%] [Cov:====================>              58%]
[Progress:============================> 95%] [Cov:====================>              58%]
[Progress:============================> 95%] [Cov:====================>              58%]
[Progress:============================> 95%] [Cov:====================>              58%]
[Progress:============================> 95%] [Cov:====================>              58%]
[Progress:============================> 95%] [Cov:====================>              58%]
[Progress:============================> 95%] [Cov:====================>              58%]
[Progress:============================> 95%] [Cov:====================>              58%]
[Progress:============================> 95%] [Cov:====================>              58%]
[Progress:============================> 95%] [Cov:====================>              58%]
[Progress:============================> 95%] [Cov:====================>              58%]
[Progress:============================> 95%] [Cov:====================>              58%]
[Progress:============================> 96%] [Cov:====================>              58%]
[Progress:============================> 96%] [Cov:====================>              58%]
[Progress:============================> 96%] [Cov:====================>              58%]
[Progress:============================> 96%] [Cov:====================>              58%]
[Progress:============================> 96%] [Cov:====================>              58%]
[Progress:============================> 96%] [Cov:====================>              58%]
[Progress:============================> 96%] [Cov:====================>              58%]
[Progress:============================> 96%] [Cov:====================>              58%]
[Progress:============================> 96%] [Cov:====================>              58%]
[Progress:============================> 96%] [Cov:====================>              58%]
[Progress:============================> 96%] [Cov:====================>              58%]
[Progress:============================> 96%] [Cov:====================>              58%]
[Progress:============================> 96%] [Cov:====================>              58%]
[Progress:============================> 96%] [Cov:====================>              58%]
[Progress:============================> 96%] [Cov:====================>              58%]
[Progress:============================> 96%] [Cov:====================>              58%]
[Progress:============================> 96%] [Cov:====================>              58%]
[Progress:============================> 96%] [Cov:====================>              58%]
[Progress:============================> 96%] [Cov:====================>              58%]
[Progress:============================> 96%] [Cov:====================>              58%]
[Progress:============================> 96%] [Cov:====================>              58%]
[Progress:============================> 96%] [Cov:====================>              58%]
[Progress:============================> 96%] [Cov:====================>              58%]
[Progress:============================> 96%] [Cov:====================>              58%]
[Progress:============================> 96%] [Cov:====================>              58%]
[Progress:============================> 96%] [Cov:====================>              58%]
[Progress:============================> 96%] [Cov:====================>              58%]
[Progress:============================> 96%] [Cov:====================>              58%]
[Progress:============================> 96%] [Cov:====================>              58%]
[Progress:============================> 96%] [Cov:====================>              58%]
[Progress:============================> 96%] [Cov:====================>              58%]
[Progress:============================> 96%] [Cov:====================>              58%]
[Progress:============================> 96%] [Cov:====================>              58%]
[Progress:============================> 96%] [Cov:====================>              58%]
[Progress:============================> 96%] [Cov:====================>              58%]
[Progress:============================> 96%] [Cov:====================>              58%]
[Progress:============================> 96%] [Cov:====================>              58%]
[Progress:============================> 96%] [Cov:====================>              58%]
[Progress:============================> 96%] [Cov:====================>              58%]
[Progress:============================> 96%] [Cov:====================>              58%]
[Progress:============================> 96%] [Cov:====================>              58%]
[Progress:============================> 96%] [Cov:====================>              58%]
[Progress:=============================>97%] [Cov:====================>              58%]
[Progress:=============================>97%] [Cov:====================>              58%]
[Progress:=============================>97%] [Cov:====================>              58%]
[Progress:=============================>97%] [Cov:====================>              58%]
[Progress:=============================>97%] [Cov:====================>              58%]
[Progress:=============================>97%] [Cov:====================>              58%]
[Progress:=============================>97%] [Cov:====================>              58%]
[Progress:=============================>97%] [Cov:====================>              58%]
[Progress:=============================>97%] [Cov:====================>              58%]
[Progress:=============================>97%] [Cov:====================>              58%]
[Progress:=============================>97%] [Cov:====================>              58%]
[Progress:=============================>97%] [Cov:====================>              58%]
[Progress:=============================>97%] [Cov:====================>              58%]
[Progress:=============================>97%] [Cov:====================>              58%]
[Progress:=============================>97%] [Cov:====================>              58%]
[Progress:=============================>97%] [Cov:====================>              58%]
[Progress:=============================>97%] [Cov:====================>              58%]
[Progress:=============================>97%] [Cov:====================>              58%]
[Progress:=============================>97%] [Cov:====================>              58%]
[Progress:=============================>97%] [Cov:====================>              58%]
[Progress:=============================>97%] [Cov:====================>              58%]
[Progress:=============================>97%] [Cov:====================>              58%]
[Progress:=============================>98%] [Cov:====================>              58%]
[Progress:=============================>98%] [Cov:====================>              58%]
[Progress:=============================>98%] [Cov:====================>              58%]
[Progress:=============================>98%] [Cov:====================>              58%]
[Progress:=============================>98%] [Cov:====================>              58%]
[Progress:=============================>98%] [Cov:====================>              58%]
[Progress:=============================>98%] [Cov:====================>              58%]
[Progress:=============================>98%] [Cov:====================>              58%]
[Progress:=============================>98%] [Cov:====================>              58%]
[Progress:=============================>98%] [Cov:====================>              58%]
[Progress:=============================>98%] [Cov:====================>              58%]
[Progress:=============================>98%] [Cov:====================>              58%]
[Progress:=============================>98%] [Cov:====================>              58%]
[Progress:=============================>98%] [Cov:====================>              58%]
[Progress:=============================>98%] [Cov:====================>              58%]
[Progress:=============================>98%] [Cov:====================>              58%]
[Progress:=============================>98%] [Cov:====================>              58%]
[Progress:=============================>98%] [Cov:====================>              58%]
[Progress:=============================>98%] [Cov:====================>              58%]
[Progress:=============================>98%] [Cov:====================>              58%]
[Progress:=============================>98%] [Cov:====================>              58%]
[Progress:=============================>98%] [Cov:====================>              58%]
[Progress:=============================>98%] [Cov:====================>              58%]
[Progress:=============================>98%] [Cov:====================>              58%]
[Progress:=============================>98%] [Cov:====================>              58%]
[Progress:=============================>98%] [Cov:====================>              58%]
[Progress:=============================>98%] [Cov:====================>              58%]
[Progress:=============================>98%] [Cov:====================>              58%]
[Progress:=============================>98%] [Cov:====================>              58%]
[Progress:=============================>98%] [Cov:====================>              58%]
[Progress:=============================>98%] [Cov:====================>              58%]
[Progress:=============================>98%] [Cov:====================>              58%]
[Progress:=============================>98%] [Cov:====================>              58%]
[Progress:=============================>98%] [Cov:====================>              58%]
[Progress:=============================>98%] [Cov:====================>              58%]
[Progress:=============================>98%] [Cov:====================>              58%]
[Progress:=============================>98%] [Cov:====================>              58%]
[Progress:=============================>98%] [Cov:====================>              58%]
[Progress:=============================>98%] [Cov:====================>              58%]
[Progress:=============================>98%] [Cov:====================>              58%]
[Progress:=============================>98%] [Cov:====================>              58%]
[Progress:=============================>98%] [Cov:====================>              58%]
[Progress:=============================>98%] [Cov:====================>              58%]
[Progress:=============================>98%] [Cov:====================>              58%]
[Progress:=============================>98%] [Cov:====================>              58%]
[Progress:=============================>98%] [Cov:====================>              58%]
[Progress:=============================>98%] [Cov:====================>              58%]
[Progress:=============================>98%] [Cov:====================>              58%]
[Progress:=============================>98%] [Cov:====================>              58%]
[Progress:=============================>99%] [Cov:====================>              58%]
[Progress:=============================>99%] [Cov:====================>              58%]
[Progress:=============================>99%] [Cov:====================>              58%]
[Progress:=============================>99%] [Cov:====================>              58%]
[Progress:=============================>99%] [Cov:====================>              58%]
[Progress:=============================>99%] [Cov:====================>              58%]
[Progress:=============================>99%] [Cov:====================>              58%]
[Progress:=============================>99%] [Cov:====================>              58%]
[Progress:=============================>99%] [Cov:====================>              58%]
[Progress:=============================>99%] [Cov:====================>              58%]
[Progress:=============================>99%] [Cov:====================>              58%]
[Progress:=============================>99%] [Cov:====================>              58%]
[Progress:=============================>99%] [Cov:====================>              58%]
[Progress:=============================>99%] [Cov:====================>              58%]
[Progress:=============================>99%] [Cov:====================>              58%]
[Progress:=============================>99%] [Cov:====================>              58%]
[Progress:=============================>99%] [Cov:====================>              58%]
[Progress:=============================>99%] [Cov:====================>              58%]
[Progress:=============================>99%] [Cov:====================>              58%]
[Progress:=============================>99%] [Cov:====================>              58%]
[Progress:=============================>99%] [Cov:====================>              58%]
[Progress:=============================>99%] [Cov:====================>              58%]
[Progress:=============================>99%] [Cov:====================>              58%]
[Progress:=============================>99%] [Cov:====================>              58%]
[Progress:=============================>99%] [Cov:====================>              58%]
[Progress:=============================>99%] [Cov:====================>              58%]
[Progress:=============================>99%] [Cov:====================>              58%]
[Progress:==============================100%] [Cov:==================>                53%]
[Progress:==============================100%] [Cov:====================>              58%]
[Progress:==============================100%] [Cov:====================>              58%]
[Progress:==============================100%] [Cov:====================>              58%]
[Progress:==============================100%] [Cov:====================>              58%]
[Progress:==============================100%] [Cov:====================>              58%]
[Progress:==============================100%] [Cov:====================>              58%]
[Progress:==============================100%] [Cov:====================>              58%]
[Progress:==============================100%] [Cov:====================>              58%]
[Progress:==============================100%] [Cov:====================>              58%]
[Progress:==============================100%] [Cov:====================>              58%]
[Progress:==============================100%] [Cov:====================>              58%]
[Progress:==============================100%] [Cov:====================>              58%]
[Progress:==============================100%] [Cov:====================>              58%]
[Progress:==============================100%] [Cov:====================>              58%]
[Progress:==============================100%] [Cov:====================>              58%]
[Progress:==============================100%] [Cov:====================>              58%]
[Progress:==============================100%] [Cov:====================>              58%]
[Progress:==============================100%] [Cov:====================>              58%]
[Progress:==============================100%] [Cov:====================>              58%]
[Progress:==============================100%] [Cov:====================>              58%]
[Progress:==============================100%] [Cov:====================>              58%]
[Progress:==============================100%] [Cov:====================>              58%]
[Progress:==============================100%] [Cov:====================>              58%]
[Progress:==============================100%] [Cov:====================>              58%]
[Progress:==============================100%] [Cov:====================>              58%]
[Progress:==============================100%] [Cov:====================>              58%]
[Progress:==============================100%] [Cov:====================>              58%]
[Progress:==============================100%] [Cov:====================>              58%]
[Progress:==============================100%] [Cov:====================>              58%]
* Search finished after 151s and 2628 generations, 479719 statements, best individual has fitness: 115.9655172413793
* Minimizing test suite
* Going to analyze the coverage criteria
* Coverage analysis for criterion LINE
* Coverage of criterion LINE: 43%
* Total number of goals: 49
* Number of covered goals: 21
* Coverage analysis for criterion BRANCH
* Coverage of criterion BRANCH: 41%
* Total number of goals: 17
* Number of covered goals: 7
* Coverage analysis for criterion EXCEPTION
* Coverage of criterion EXCEPTION: 0%
* Total number of goals: 7
* Number of covered goals: 0
* Coverage analysis for criterion WEAKMUTATION
* Coverage of criterion WEAKMUTATION: 20%
* Total number of goals: 85
* Number of covered goals: 17
* Coverage analysis for criterion OUTPUT
* Coverage of criterion OUTPUT: 38%
* Total number of goals: 8
* Number of covered goals: 3
* Coverage analysis for criterion METHOD
* Coverage of criterion METHOD: 100%
* Total number of goals: 3
* Number of covered goals: 3
* Coverage analysis for criterion METHODNOEXCEPTION
* Coverage of criterion METHODNOEXCEPTION: 100%
* Total number of goals: 3
* Number of covered goals: 3
* Coverage analysis for criterion CBRANCH
* Coverage of criterion CBRANCH: 41%
* Total number of goals: 17
* Number of covered goals: 7
* Generated 2 tests with total length 9
* Resulting test suite's coverage: 58% (average coverage for all fitness functions)
* Generating assertions
* Resulting test suite's mutation score: 13%
* Compiling and checking tests
* Writing tests to file
* Writing JUnit test case 'Cleaner_ESTest' to evosuite-tests
* Done!

* Computation finished

