CMD: /usr/lib/jvm/java-8-openjdk-amd64/bin/java -Dtools_jar_location=/usr/lib/jvm/java-8-openjdk-amd64/lib/tools.jar -jar /home/pizza/evosuite/evosuite-1.2.0.jar -generateSuite -class org.mockito.internal.invocation.InvocationMatcher -projectCP /home/pizza/evosuite/Test/Mockito-34b/target/classes:/home/pizza/defects4j/framework/projects/Mockito/lib/asm-all-5.0.4.jar:/home/pizza/defects4j/framework/projects/Mockito/lib/assertj-core-2.1.0.jar:/home/pizza/defects4j/framework/projects/Mockito/lib/cglib-and-asm-1.0.jar:/home/pizza/defects4j/framework/projects/Mockito/lib/cobertura-2.0.3.jar:/home/pizza/defects4j/framework/projects/Mockito/lib/fest-assert-1.3.jar:/home/pizza/defects4j/framework/projects/Mockito/lib/fest-util-1.1.4.jar:/home/pizza/defects4j/framework/projects/Mockito/lib/hamcrest-all-1.3.jar:/home/pizza/defects4j/framework/projects/Mockito/lib/hamcrest-core-1.1.jar:/home/pizza/defects4j/framework/projects/Mockito/lib/objenesis-2.1.jar:/home/pizza/defects4j/framework/projects/Mockito/lib/objenesis-2.2.jar:/home/pizza/defects4j/framework/projects/Mockito/lib/powermock-reflect-1.2.5.jar -base_dir /home/pizza/evosuite/results/project-Mockito/Mockito-34/round02/evosuite-work -seed 11 -Dalgorithm=NSGAII -Dsearch_budget=150 -Dtest_format=JUNIT4 -Dassertions=true

* EvoSuite 1.2.0
* Going to generate test cases for class: org.mockito.internal.invocation.InvocationMatcher
* Starting Client-0
* Connecting to master process on port 8222
* Analyzing classpath: 
  - /home/pizza/evosuite/Test/Mockito-34b/target/classes
  - /home/pizza/defects4j/framework/projects/Mockito/lib/asm-all-5.0.4.jar
  - /home/pizza/defects4j/framework/projects/Mockito/lib/assertj-core-2.1.0.jar
  - /home/pizza/defects4j/framework/projects/Mockito/lib/cglib-and-asm-1.0.jar
  - /home/pizza/defects4j/framework/projects/Mockito/lib/cobertura-2.0.3.jar
  - /home/pizza/defects4j/framework/projects/Mockito/lib/fest-assert-1.3.jar
  - /home/pizza/defects4j/framework/projects/Mockito/lib/fest-util-1.1.4.jar
  - /home/pizza/defects4j/framework/projects/Mockito/lib/hamcrest-all-1.3.jar
  - /home/pizza/defects4j/framework/projects/Mockito/lib/hamcrest-core-1.1.jar
  - /home/pizza/defects4j/framework/projects/Mockito/lib/objenesis-2.1.jar
  - /home/pizza/defects4j/framework/projects/Mockito/lib/objenesis-2.2.jar
  - /home/pizza/defects4j/framework/projects/Mockito/lib/powermock-reflect-1.2.5.jar
* Finished analyzing classpath
* Generating tests for class org.mockito.internal.invocation.InvocationMatcher
* Test criteria:
  - Line Coverage
  - Branch Coverage
  - Exception
  - Mutation testing (weak)
  - Method-Output Coverage
  - Top-Level Method Coverage
  - No-Exception Top-Level Method Coverage
  - Context Branch Coverage
* Setting up search algorithm for whole suite generation
* Total number of test goals: 
  - Line 38
  - Branch 39
  - Exception 0
  - MutationFactory 68
  - Output 44
  - Method 12
  - MethodNoException 12
  - CBranchFitnessFactory 39

[Progress:>                             0%] [Cov:>                                  0%]* Using seed 11
* Starting evolution
[MASTER] 22:21:00.097 [logback-1] WARN  TestCluster - Failed to check cache for org.mockito.internal.matchers.CapturingMatcher<T> : Type points to itself
[MASTER] 22:21:00.097 [logback-1] WARN  TestCluster - Failed to check cache for org.hamcrest.collection.IsMapContaining<K, V> : Type points to itself

[Progress:>                             1%] [Cov:>                                  0%]
[Progress:>                             2%] [Cov:>                                  2%]
[Progress:>                             2%] [Cov:=>                                 3%]
[Progress:>                             2%] [Cov:=====>                             16%]
[Progress:>                             2%] [Cov:======>                            18%]
[Progress:>                             2%] [Cov:=======>                           20%]
[Progress:>                             2%] [Cov:=======>                           21%]
[Progress:>                             2%] [Cov:=======>                           21%][MASTER] 22:21:05.015 [logback-1] WARN  TestChromosome - Functional mock problem: org.evosuite.ga.ConstructionFailedException: Failed to add constructor for org.mockito.internal.invocation.InvocationMatcher due to org.evosuite.ga.ConstructionFailedException: Failed to add constructor for org.mockito.internal.invocation.Invocation due to org.evosuite.ga.ConstructionFailedException: Failed to add constructor for org.mockito.internal.invocation.SerializableMethod due to org.evosuite.ga.ConstructionFailedException: Have no generator for class org.mockito.internal.invocation.Invocation canUseFunctionalMocks=false, canBeMocked: true

[Progress:>                             3%] [Cov:=====>                             16%]
[Progress:>                             3%] [Cov:=======>                           21%][MASTER] 22:21:05.178 [logback-1] WARN  TestChromosome - Functional mock problem: org.evosuite.ga.ConstructionFailedException: Have no generator for class org.mockito.internal.invocation.Invocation canUseFunctionalMocks=false, canBeMocked: true
[MASTER] 22:21:05.204 [logback-1] WARN  TestChromosome - Functional mock problem: org.evosuite.ga.ConstructionFailedException: Failed to add constructor for org.mockito.internal.invocation.InvocationMatcher due to org.evosuite.ga.ConstructionFailedException: Have no generator for class org.mockito.internal.invocation.Invocation canUseFunctionalMocks=false, canBeMocked: true

[Progress:>                             3%] [Cov:========>                          23%][MASTER] 22:21:05.269 [logback-1] WARN  TestChromosome - Functional mock problem: org.evosuite.ga.ConstructionFailedException: Failed to add constructor for org.mockito.internal.invocation.InvocationMatcher due to org.evosuite.ga.ConstructionFailedException: Failed to add constructor for org.mockito.internal.invocation.Invocation due to org.evosuite.ga.ConstructionFailedException: Failed to add constructor for org.mockito.internal.invocation.SerializableMethod due to org.evosuite.ga.ConstructionFailedException: Failed to add constructor for org.mockito.internal.stubbing.StubbedInvocationMatcher due to org.evosuite.ga.ConstructionFailedException: Max recursion depth reached

[Progress:>                             3%] [Cov:========>                          23%][MASTER] 22:21:05.335 [logback-1] WARN  TestChromosome - Functional mock problem: org.evosuite.ga.ConstructionFailedException: Failed to add constructor for org.mockito.internal.invocation.Invocation due to org.evosuite.ga.ConstructionFailedException: Failed to add constructor for org.mockito.internal.invocation.SerializableMethod due to org.evosuite.ga.ConstructionFailedException: Have no generator for class org.mockito.internal.invocation.Invocation canUseFunctionalMocks=false, canBeMocked: true
[MASTER] 22:21:05.366 [logback-1] WARN  TestChromosome - Functional mock problem: org.evosuite.ga.ConstructionFailedException: Failed to add constructor for org.mockito.internal.stubbing.StubbedInvocationMatcher due to org.evosuite.ga.ConstructionFailedException: Failed to add constructor for org.mockito.internal.invocation.InvocationMatcher due to org.evosuite.ga.ConstructionFailedException: Failed to add constructor for org.mockito.internal.invocation.Invocation due to org.evosuite.ga.ConstructionFailedException: Failed to add constructor for org.mockito.internal.invocation.SerializableMethod due to org.evosuite.ga.ConstructionFailedException: Max recursion depth reached
[MASTER] 22:21:05.383 [logback-1] WARN  TestChromosome - Functional mock problem: org.evosuite.ga.ConstructionFailedException: Have no generator for class org.mockito.internal.invocation.InvocationMatcher canUseFunctionalMocks=false, canBeMocked: false

[Progress:>                             3%] [Cov:========>                          25%]
[Progress:>                             3%] [Cov:=========>                         26%]
[Progress:>                             3%] [Cov:=========>                         26%][MASTER] 22:21:05.650 [logback-1] WARN  TestChromosome - Functional mock problem: org.evosuite.ga.ConstructionFailedException: Failed to add constructor for org.mockito.internal.invocation.Invocation due to org.evosuite.ga.ConstructionFailedException: Failed to add constructor for org.mockito.internal.invocation.SerializableMethod due to org.evosuite.ga.ConstructionFailedException: Failed to add constructor for org.mockito.internal.stubbing.StubbedInvocationMatcher due to org.evosuite.ga.ConstructionFailedException: Failed to add constructor for org.mockito.internal.invocation.InvocationMatcher due to org.evosuite.ga.ConstructionFailedException: Max recursion depth reached
[MASTER] 22:21:05.751 [logback-1] WARN  TestChromosome - Functional mock problem: org.evosuite.ga.ConstructionFailedException: Failed to add constructor for org.mockito.internal.invocation.Invocation due to org.evosuite.ga.ConstructionFailedException: Failed to add constructor for org.mockito.internal.invocation.SerializableMethod due to org.evosuite.ga.ConstructionFailedException: Failed to add constructor for org.mockito.internal.invocation.InvocationMatcher due to org.evosuite.ga.ConstructionFailedException: Have no generator for class org.mockito.internal.invocation.Invocation canUseFunctionalMocks=false, canBeMocked: true

[Progress:>                             3%] [Cov:=========>                         26%]
[Progress:=>                            4%] [Cov:=======>                           21%]
[Progress:=>                            4%] [Cov:=======>                           22%]
[Progress:=>                            4%] [Cov:========>                          23%][MASTER] 22:21:06.110 [logback-1] WARN  TestChromosome - Functional mock problem: org.evosuite.ga.ConstructionFailedException: Failed to add constructor for org.mockito.internal.invocation.Invocation due to org.evosuite.ga.ConstructionFailedException: Failed to add constructor for org.mockito.internal.invocation.SerializableMethod due to org.evosuite.ga.ConstructionFailedException: Failed to add constructor for org.mockito.internal.invocation.InvocationMatcher due to org.evosuite.ga.ConstructionFailedException: Failed to add constructor for org.mockito.internal.stubbing.StubbedInvocationMatcher due to org.evosuite.ga.ConstructionFailedException: Max recursion depth reached

[Progress:=>                            4%] [Cov:=========>                         26%][MASTER] 22:21:06.155 [logback-1] WARN  TestChromosome - Functional mock problem: org.evosuite.ga.ConstructionFailedException: Failed to add constructor for org.mockito.internal.invocation.Invocation due to org.evosuite.ga.ConstructionFailedException: Failed to add constructor for org.mockito.internal.invocation.realmethod.CGLIBProxyRealMethod due to org.evosuite.ga.ConstructionFailedException: Failed to add constructor for org.mockito.internal.creation.DelegatingMockitoMethodProxy due to org.evosuite.ga.ConstructionFailedException: Failed to add constructor for org.mockito.cglib.core.Signature due to org.evosuite.ga.ConstructionFailedException: Max recursion depth reached
[MASTER] 22:21:06.206 [logback-1] WARN  TestChromosome - Functional mock problem: org.evosuite.ga.ConstructionFailedException: Failed to add constructor for org.mockito.internal.stubbing.StubbedInvocationMatcher due to org.evosuite.ga.ConstructionFailedException: Failed to add constructor for org.mockito.internal.invocation.InvocationMatcher due to org.evosuite.ga.ConstructionFailedException: Failed to add constructor for org.mockito.internal.invocation.Invocation due to org.evosuite.ga.ConstructionFailedException: Failed to add constructor for org.mockito.internal.invocation.SerializableMethod due to org.evosuite.ga.ConstructionFailedException: Have no generator for class org.mockito.internal.invocation.Invocation canUseFunctionalMocks=false, canBeMocked: true
[MASTER] 22:21:06.220 [logback-1] WARN  TestChromosome - Functional mock problem: org.evosuite.ga.ConstructionFailedException: Have no generator for class java.lang.reflect.Method canUseFunctionalMocks=true, canBeMocked: false

[Progress:=>                            4%] [Cov:=========>                         27%]
[Progress:=>                            4%] [Cov:=========>                         28%][MASTER] 22:21:06.296 [logback-1] WARN  TestChromosome - Functional mock problem: org.evosuite.ga.ConstructionFailedException: Failed to add constructor for org.mockito.internal.invocation.InvocationMatcher due to org.evosuite.ga.ConstructionFailedException: Failed to add constructor for org.mockito.internal.invocation.Invocation due to org.evosuite.ga.ConstructionFailedException: Failed to add constructor for org.mockito.internal.invocation.SerializableMethod due to org.evosuite.ga.ConstructionFailedException: Failed to add constructor for org.mockito.internal.invocation.InvocationMatcher due to org.evosuite.ga.ConstructionFailedException: Max recursion depth reached

[Progress:=>                            4%] [Cov:=========>                         28%]
[Progress:=>                            4%] [Cov:==========>                        29%]
[Progress:=>                            4%] [Cov:==========>                        29%]
[Progress:=>                            4%] [Cov:==========>                        30%]
[Progress:=>                            4%] [Cov:==========>                        31%]
[Progress:=>                            4%] [Cov:==========>                        31%]
[Progress:=>                            4%] [Cov:==========>                        31%][MASTER] 22:21:07.256 [logback-1] WARN  TestChromosome - Functional mock problem: org.evosuite.ga.ConstructionFailedException: Failed to add constructor for org.mockito.internal.invocation.Invocation due to org.evosuite.ga.ConstructionFailedException: Failed to add constructor for org.mockito.internal.invocation.realmethod.FilteredCGLIBProxyRealMethod due to org.evosuite.ga.ConstructionFailedException: Failed to add constructor for org.mockito.internal.creation.DelegatingMockitoMethodProxy due to org.evosuite.ga.ConstructionFailedException: Failed to add constructor for org.mockito.cglib.core.Signature due to org.evosuite.ga.ConstructionFailedException: Max recursion depth reached

[Progress:=>                            4%] [Cov:==========>                        31%][MASTER] 22:21:07.509 [logback-1] WARN  TestChromosome - Functional mock problem: org.evosuite.ga.ConstructionFailedException: Have no generator for class org.mockito.internal.matchers.LocalizedMatcher canUseFunctionalMocks=false, canBeMocked: true

[Progress:=>                            4%] [Cov:===========>                       32%]
[Progress:=>                            4%] [Cov:===========>                       32%]
[Progress:=>                            4%] [Cov:===========>                       33%][MASTER] 22:21:07.721 [logback-1] WARN  TestChromosome - Functional mock problem: org.evosuite.ga.ConstructionFailedException: Failed to add constructor for org.mockito.internal.invocation.Invocation due to org.evosuite.ga.ConstructionFailedException: Have no generator for class org.mockito.internal.invocation.Invocation canUseFunctionalMocks=false, canBeMocked: true
[MASTER] 22:21:07.922 [logback-1] WARN  TestChromosome - Functional mock problem: org.evosuite.ga.ConstructionFailedException: Failed to add constructor for org.mockito.internal.invocation.Invocation due to org.evosuite.ga.ConstructionFailedException: Failed to add constructor for org.mockito.internal.invocation.InvocationMatcher due to org.evosuite.ga.ConstructionFailedException: Have no generator for class org.mockito.internal.invocation.Invocation canUseFunctionalMocks=false, canBeMocked: true

[Progress:=>                            4%] [Cov:===========>                       33%][MASTER] 22:21:08.065 [logback-1] WARN  TestChromosome - Functional mock problem: org.evosuite.ga.ConstructionFailedException: Failed to add constructor for org.mockito.internal.stubbing.StubbedInvocationMatcher due to org.evosuite.ga.ConstructionFailedException: Failed to add constructor for org.mockito.internal.invocation.InvocationMatcher due to org.evosuite.ga.ConstructionFailedException: Failed to add constructor for org.mockito.internal.invocation.Invocation due to org.evosuite.ga.ConstructionFailedException: Have no generator for class org.mockito.internal.invocation.Invocation canUseFunctionalMocks=false, canBeMocked: true

[Progress:=>                            5%] [Cov:==========>                        31%]
[Progress:=>                            5%] [Cov:===========>                       32%]
[Progress:=>                            5%] [Cov:===========>                       33%]
[Progress:=>                            5%] [Cov:===========>                       33%]
[Progress:=>                            5%] [Cov:===========>                       33%][MASTER] 22:21:08.460 [logback-1] WARN  TestChromosome - Functional mock problem: org.evosuite.ga.ConstructionFailedException: Failed to add constructor for org.mockito.internal.invocation.InvocationMatcher due to org.evosuite.ga.ConstructionFailedException: Have no generator for class org.mockito.internal.invocation.InvocationMatcher canUseFunctionalMocks=false, canBeMocked: false

[Progress:=>                            5%] [Cov:===========>                       34%]
[Progress:=>                            5%] [Cov:============>                      35%][MASTER] 22:21:08.586 [logback-1] WARN  TestChromosome - Functional mock problem: org.evosuite.ga.ConstructionFailedException: Failed to add constructor for org.mockito.internal.invocation.Invocation due to org.evosuite.ga.ConstructionFailedException: Failed to add constructor for org.mockito.internal.invocation.realmethod.FilteredCGLIBProxyRealMethod due to org.evosuite.ga.ConstructionFailedException: Failed to add constructor for org.mockito.internal.invocation.realmethod.CGLIBProxyRealMethod due to org.evosuite.ga.ConstructionFailedException: Failed to add constructor for org.mockito.internal.creation.SerializableMockitoMethodProxy due to org.evosuite.ga.ConstructionFailedException: Max recursion depth reached

[Progress:=>                            5%] [Cov:============>                      35%]
[Progress:=>                            5%] [Cov:============>                      36%][MASTER] 22:21:08.980 [logback-1] WARN  TestChromosome - Functional mock problem: org.evosuite.ga.ConstructionFailedException: Failed to add constructor for org.mockito.internal.invocation.InvocationMatcher due to org.evosuite.ga.ConstructionFailedException: Failed to add constructor for org.mockito.internal.stubbing.StubbedInvocationMatcher due to org.evosuite.ga.ConstructionFailedException: Have no generator for class org.mockito.internal.invocation.InvocationMatcher canUseFunctionalMocks=true, canBeMocked: false

[Progress:=>                            6%] [Cov:===========>                       33%]
[Progress:=>                            6%] [Cov:============>                      36%][MASTER] 22:21:09.184 [logback-1] WARN  TestChromosome - Functional mock problem: org.evosuite.ga.ConstructionFailedException: Failed to add constructor for org.mockito.internal.invocation.InvocationMatcher due to org.evosuite.ga.ConstructionFailedException: Failed to add constructor for org.mockito.internal.invocation.Invocation due to org.evosuite.ga.ConstructionFailedException: Failed to add constructor for org.mockito.internal.invocation.realmethod.CGLIBProxyRealMethod due to org.evosuite.ga.ConstructionFailedException: Failed to add constructor for org.mockito.internal.creation.DelegatingMockitoMethodProxy due to org.evosuite.ga.ConstructionFailedException: Max recursion depth reached

[Progress:=>                            6%] [Cov:============>                      36%]
[Progress:=>                            6%] [Cov:============>                      36%]
[Progress:=>                            6%] [Cov:============>                      36%]
[Progress:=>                            6%] [Cov:============>                      36%]
[Progress:=>                            6%] [Cov:============>                      37%]
[Progress:=>                            6%] [Cov:=============>                     38%]
[Progress:=>                            6%] [Cov:=============>                     38%]
[Progress:=>                            6%] [Cov:=============>                     39%]
[Progress:=>                            6%] [Cov:=============>                     39%]
[Progress:=>                            6%] [Cov:==============>                    40%][MASTER] 22:21:10.656 [logback-1] WARN  TestChromosome - Functional mock problem: org.evosuite.ga.ConstructionFailedException: Failed to add constructor for org.mockito.internal.invocation.InvocationMatcher due to org.evosuite.ga.ConstructionFailedException: Failed to add constructor for org.mockito.internal.invocation.Invocation due to org.evosuite.ga.ConstructionFailedException: Failed to add constructor for org.mockito.internal.invocation.realmethod.FilteredCGLIBProxyRealMethod due to org.evosuite.ga.ConstructionFailedException: Failed to add constructor for org.mockito.internal.invocation.realmethod.FilteredCGLIBProxyRealMethod due to org.evosuite.ga.ConstructionFailedException: Failed to add constructor for org.mockito.internal.creation.DelegatingMockitoMethodProxy due to org.evosuite.ga.ConstructionFailedException: Max recursion depth reached
[MASTER] 22:21:10.681 [logback-1] WARN  TestChromosome - Functional mock problem: org.evosuite.ga.ConstructionFailedException: Failed to add constructor for org.mockito.internal.stubbing.StubbedInvocationMatcher due to org.evosuite.ga.ConstructionFailedException: Failed to add constructor for org.mockito.internal.invocation.InvocationMatcher due to org.evosuite.ga.ConstructionFailedException: Failed to add constructor for org.mockito.internal.invocation.Invocation due to org.evosuite.ga.ConstructionFailedException: Failed to add constructor for org.mockito.internal.invocation.realmethod.CGLIBProxyRealMethod due to org.evosuite.ga.ConstructionFailedException: Failed to add constructor for org.mockito.internal.creation.DelegatingMockitoMethodProxy due to org.evosuite.ga.ConstructionFailedException: Max recursion depth reached

[Progress:=>                            6%] [Cov:==============>                    40%]
[Progress:==>                           7%] [Cov:============>                      36%]
[Progress:==>                           7%] [Cov:=============>                     38%]
[Progress:==>                           7%] [Cov:=============>                     39%]
[Progress:==>                           7%] [Cov:==============>                    40%]
[Progress:==>                           7%] [Cov:==============>                    40%]
[Progress:==>                           7%] [Cov:==============>                    40%][MASTER] 22:21:11.477 [logback-1] WARN  TestChromosome - Functional mock problem: org.evosuite.ga.ConstructionFailedException: Failed to add constructor for org.mockito.internal.invocation.InvocationMatcher due to org.evosuite.ga.ConstructionFailedException: Failed to add constructor for org.mockito.internal.invocation.Invocation due to org.evosuite.ga.ConstructionFailedException: Failed to add constructor for org.mockito.internal.matchers.LocalizedMatcher due to org.evosuite.ga.ConstructionFailedException: Failed to add constructor for org.hamcrest.beans.HasPropertyWithValue due to org.evosuite.ga.ConstructionFailedException: Failed to add constructor for org.hamcrest.collection.IsIn due to org.evosuite.ga.ConstructionFailedException: Max recursion depth reached
[MASTER] 22:21:11.530 [logback-1] WARN  TestChromosome - Functional mock problem: org.evosuite.ga.ConstructionFailedException: Failed to add constructor for org.mockito.internal.stubbing.StubbedInvocationMatcher due to org.evosuite.ga.ConstructionFailedException: Have no generator for class org.mockito.internal.invocation.InvocationMatcher canUseFunctionalMocks=true, canBeMocked: false
[MASTER] 22:21:11.604 [logback-1] WARN  TestChromosome - Functional mock problem: org.evosuite.ga.ConstructionFailedException: Failed to add constructor for org.mockito.internal.stubbing.StubbedInvocationMatcher due to org.evosuite.ga.ConstructionFailedException: Failed to add constructor for org.mockito.internal.invocation.InvocationMatcher due to org.evosuite.ga.ConstructionFailedException: Failed to add constructor for org.mockito.internal.invocation.Invocation due to org.evosuite.ga.ConstructionFailedException: Failed to add constructor for org.mockito.internal.invocation.InvocationMatcher due to org.evosuite.ga.ConstructionFailedException: Max recursion depth reached

[Progress:==>                           7%] [Cov:==============>                    40%]
[Progress:==>                           7%] [Cov:==============>                    41%]
[Progress:==>                           7%] [Cov:==============>                    40%]
[Progress:==>                           7%] [Cov:==============>                    41%]
[Progress:==>                           8%] [Cov:=============>                     39%]
[Progress:==>                           8%] [Cov:==============>                    40%]
[Progress:==>                           8%] [Cov:==============>                    40%]
[Progress:==>                           8%] [Cov:==============>                    41%]
[Progress:==>                           8%] [Cov:==============>                    40%]
[Progress:==>                           8%] [Cov:==============>                    41%][MASTER] 22:21:12.551 [logback-1] WARN  TestChromosome - Functional mock problem: org.evosuite.ga.ConstructionFailedException: Failed to add constructor for org.mockito.internal.invocation.InvocationMatcher due to org.evosuite.ga.ConstructionFailedException: Failed to add constructor for org.mockito.internal.invocation.Invocation due to org.evosuite.ga.ConstructionFailedException: Have no generator for class org.mockito.internal.invocation.Invocation canUseFunctionalMocks=false, canBeMocked: true

[Progress:==>                           8%] [Cov:==============>                    42%][MASTER] 22:21:12.615 [logback-1] WARN  TestChromosome - Functional mock problem: org.evosuite.ga.ConstructionFailedException: Failed to add constructor for org.mockito.internal.invocation.Invocation due to org.evosuite.ga.ConstructionFailedException: Failed to add constructor for org.mockito.internal.matchers.LocalizedMatcher due to org.evosuite.ga.ConstructionFailedException: Error: VariableReference: Statement 2, type java.util.TreeSet<org.hamcrest.Matcher<java.lang.Object>> is not assignable to java.lang.Iterable<org.hamcrest.Matcher<? super org.mockito.internal.matchers.LocalizedMatcher>>
[MASTER] 22:21:12.675 [logback-1] WARN  TestCluster - Failed to check cache for java.util.Comparator<T> : Type points to itself

[Progress:==>                           8%] [Cov:==============>                    42%]
[Progress:==>                           8%] [Cov:==============>                    40%]
[Progress:==>                           8%] [Cov:==============>                    42%]
[Progress:==>                           8%] [Cov:==============>                    40%]
[Progress:==>                           8%] [Cov:==============>                    41%]
[Progress:==>                           8%] [Cov:==============>                    42%][MASTER] 22:21:13.819 [logback-1] WARN  TestChromosome - Functional mock problem: org.evosuite.ga.ConstructionFailedException: Failed to add constructor for org.mockito.internal.invocation.Invocation due to org.evosuite.ga.ConstructionFailedException: Failed to add constructor for org.mockito.internal.invocation.realmethod.CGLIBProxyRealMethod due to org.evosuite.ga.ConstructionFailedException: Failed to add constructor for org.mockito.internal.creation.SerializableMockitoMethodProxy due to org.evosuite.ga.ConstructionFailedException: Failed to add constructor for org.mockito.cglib.core.Signature due to org.evosuite.ga.ConstructionFailedException: Max recursion depth reached

[Progress:==>                           8%] [Cov:==============>                    41%]
[Progress:==>                           8%] [Cov:==============>                    42%]
[Progress:==>                           8%] [Cov:===============>                   43%]
[Progress:==>                           9%] [Cov:==============>                    41%]
[Progress:==>                           9%] [Cov:==============>                    42%]
[Progress:==>                           9%] [Cov:===============>                   43%]
[Progress:==>                           9%] [Cov:===============>                   43%][MASTER] 22:21:14.395 [logback-1] WARN  TestChromosome - Functional mock problem: org.evosuite.ga.ConstructionFailedException: Failed to add constructor for org.mockito.internal.invocation.Invocation due to org.evosuite.ga.ConstructionFailedException: Failed to add constructor for org.mockito.internal.invocation.SerializableMethod due to org.evosuite.ga.ConstructionFailedException: Failed to add constructor for org.mockito.internal.invocation.InvocationMatcher due to org.evosuite.ga.ConstructionFailedException: Failed to add constructor for org.mockito.internal.invocation.InvocationMatcher due to org.evosuite.ga.ConstructionFailedException: Max recursion depth reached

[Progress:==>                           9%] [Cov:===============>                   43%]
[Progress:==>                           9%] [Cov:===============>                   44%]
[Progress:==>                           9%] [Cov:===============>                   44%][MASTER] 22:21:14.934 [logback-1] WARN  TestChromosome - Functional mock problem: org.evosuite.ga.ConstructionFailedException: Failed to add constructor for org.mockito.internal.invocation.InvocationMatcher due to org.evosuite.ga.ConstructionFailedException: Failed to add constructor for org.mockito.internal.invocation.Invocation due to org.evosuite.ga.ConstructionFailedException: Failed to add constructor for org.mockito.internal.invocation.realmethod.FilteredCGLIBProxyRealMethod due to org.evosuite.ga.ConstructionFailedException: Failed to add constructor for org.mockito.internal.invocation.realmethod.CGLIBProxyRealMethod due to org.evosuite.ga.ConstructionFailedException: Failed to add constructor for org.mockito.internal.creation.SerializableMockitoMethodProxy due to org.evosuite.ga.ConstructionFailedException: Max recursion depth reached

[Progress:===>                          10%] [Cov:==============>                    41%]
[Progress:===>                          10%] [Cov:===============>                   44%]
[Progress:===>                          10%] [Cov:================>                  46%]
[Progress:===>                          10%] [Cov:================>                  46%]
[Progress:===>                          10%] [Cov:================>                  46%][MASTER] 22:21:15.764 [logback-1] WARN  TestChromosome - Functional mock problem: org.evosuite.ga.ConstructionFailedException: Failed to add constructor for org.mockito.internal.invocation.InvocationMatcher due to org.evosuite.ga.ConstructionFailedException: Failed to add constructor for org.mockito.internal.invocation.Invocation due to org.evosuite.ga.ConstructionFailedException: Failed to add constructor for org.mockito.internal.stubbing.StubbedInvocationMatcher due to org.evosuite.ga.ConstructionFailedException: Failed to add constructor for org.mockito.internal.invocation.InvocationMatcher due to org.evosuite.ga.ConstructionFailedException: Max recursion depth reached

[Progress:===>                          10%] [Cov:================>                  47%][MASTER] 22:21:15.982 [logback-1] WARN  TestChromosome - Functional mock problem: org.evosuite.ga.ConstructionFailedException: Failed to add constructor for org.mockito.internal.invocation.InvocationMatcher due to org.evosuite.ga.ConstructionFailedException: Failed to add constructor for org.mockito.internal.invocation.Invocation due to org.evosuite.ga.ConstructionFailedException: Failed to add constructor for org.mockito.internal.matchers.LocalizedMatcher due to org.evosuite.ga.ConstructionFailedException: Failed to add constructor for org.hamcrest.beans.HasPropertyWithValue due to org.evosuite.ga.ConstructionFailedException: Max recursion depth reached

[Progress:===>                          10%] [Cov:================>                  47%][MASTER] 22:21:16.197 [logback-1] WARN  TestChromosome - Functional mock problem: org.evosuite.ga.ConstructionFailedException: Failed to add constructor for org.mockito.internal.stubbing.StubbedInvocationMatcher due to org.evosuite.ga.ConstructionFailedException: Failed to add constructor for org.mockito.internal.invocation.InvocationMatcher due to org.evosuite.ga.ConstructionFailedException: Have no generator for class org.mockito.internal.invocation.Invocation canUseFunctionalMocks=false, canBeMocked: true

[Progress:===>                          10%] [Cov:================>                  47%]
[Progress:===>                          10%] [Cov:================>                  47%]
[Progress:===>                          11%] [Cov:================>                  46%]
[Progress:===>                          11%] [Cov:================>                  47%]
[Progress:===>                          11%] [Cov:================>                  47%][MASTER] 22:21:17.292 [logback-1] WARN  TestChromosome - Functional mock problem: org.evosuite.ga.ConstructionFailedException: Failed to add constructor for org.mockito.internal.stubbing.StubbedInvocationMatcher due to org.evosuite.ga.ConstructionFailedException: Failed to add constructor for org.mockito.internal.invocation.InvocationMatcher due to org.evosuite.ga.ConstructionFailedException: Have no generator for class org.mockito.internal.invocation.InvocationMatcher canUseFunctionalMocks=false, canBeMocked: false
[MASTER] 22:21:17.392 [logback-1] WARN  TestChromosome - Functional mock problem: org.evosuite.ga.ConstructionFailedException: Failed to add constructor for org.mockito.internal.invocation.InvocationMatcher due to org.evosuite.ga.ConstructionFailedException: Failed to add constructor for org.mockito.internal.invocation.Invocation due to org.evosuite.ga.ConstructionFailedException: Failed to add constructor for org.mockito.internal.matchers.LocalizedMatcher due to org.evosuite.ga.ConstructionFailedException: Max recursion depth reached

[Progress:===>                          11%] [Cov:================>                  47%][MASTER] 22:21:17.606 [logback-1] WARN  TestChromosome - Functional mock problem: org.evosuite.ga.ConstructionFailedException: Failed to add constructor for org.mockito.internal.stubbing.StubbedInvocationMatcher due to org.evosuite.ga.ConstructionFailedException: Failed to add constructor for org.mockito.internal.invocation.InvocationMatcher due to org.evosuite.ga.ConstructionFailedException: Failed to add constructor for org.mockito.internal.invocation.Invocation due to org.evosuite.ga.ConstructionFailedException: Failed to add constructor for org.mockito.internal.invocation.realmethod.FilteredCGLIBProxyRealMethod due to org.evosuite.ga.ConstructionFailedException: Failed to add constructor for org.mockito.internal.creation.DelegatingMockitoMethodProxy due to org.evosuite.ga.ConstructionFailedException: Max recursion depth reached

[Progress:===>                          11%] [Cov:================>                  47%]
[Progress:===>                          12%] [Cov:================>                  46%]
[Progress:===>                          12%] [Cov:================>                  47%]
[Progress:===>                          12%] [Cov:================>                  47%]
[Progress:===>                          12%] [Cov:================>                  48%]
[Progress:===>                          12%] [Cov:================>                  47%]
[Progress:===>                          12%] [Cov:================>                  48%][MASTER] 22:21:18.879 [logback-1] WARN  TestChromosome - Functional mock problem: org.evosuite.ga.ConstructionFailedException: Failed to add constructor for org.mockito.internal.invocation.InvocationMatcher due to org.evosuite.ga.ConstructionFailedException: Failed to add constructor for org.mockito.internal.invocation.Invocation due to org.evosuite.ga.ConstructionFailedException: Failed to add constructor for org.mockito.internal.invocation.realmethod.FilteredCGLIBProxyRealMethod due to org.evosuite.ga.ConstructionFailedException: Failed to add constructor for org.mockito.internal.creation.DelegatingMockitoMethodProxy due to org.evosuite.ga.ConstructionFailedException: Max recursion depth reached

[Progress:===>                          12%] [Cov:================>                  47%]
[Progress:===>                          12%] [Cov:================>                  48%]
[Progress:===>                          12%] [Cov:================>                  47%][MASTER] 22:21:19.285 [logback-1] WARN  TestChromosome - Functional mock problem: org.evosuite.ga.ConstructionFailedException: Failed to add constructor for org.mockito.internal.invocation.Invocation due to org.evosuite.ga.ConstructionFailedException: Failed to add constructor for org.mockito.internal.invocation.realmethod.FilteredCGLIBProxyRealMethod due to org.evosuite.ga.ConstructionFailedException: Failed to add constructor for org.mockito.internal.invocation.realmethod.CGLIBProxyRealMethod due to org.evosuite.ga.ConstructionFailedException: Failed to add constructor for org.mockito.internal.creation.DelegatingMockitoMethodProxy due to org.evosuite.ga.ConstructionFailedException: Max recursion depth reached

[Progress:===>                          12%] [Cov:================>                  48%]
[Progress:===>                          12%] [Cov:================>                  47%]
[Progress:===>                          12%] [Cov:================>                  48%]
[Progress:===>                          12%] [Cov:================>                  47%]
[Progress:===>                          12%] [Cov:================>                  48%]
[Progress:===>                          13%] [Cov:================>                  48%][MASTER] 22:21:20.155 [logback-1] WARN  TestChromosome - Functional mock problem: org.evosuite.ga.ConstructionFailedException: Failed to add constructor for org.mockito.internal.invocation.InvocationMatcher due to org.evosuite.ga.ConstructionFailedException: Failed to add constructor for org.mockito.internal.invocation.Invocation due to org.evosuite.ga.ConstructionFailedException: Failed to add constructor for org.mockito.internal.matchers.LocalizedMatcher due to org.evosuite.ga.ConstructionFailedException: Failed to add constructor for org.hamcrest.core.CombinableMatcher due to org.evosuite.ga.ConstructionFailedException: Failed to add constructor for org.hamcrest.core.DescribedAs due to org.evosuite.ga.ConstructionFailedException: Max recursion depth reached

[Progress:===>                          13%] [Cov:================>                  47%]
[Progress:===>                          13%] [Cov:================>                  48%]
[Progress:===>                          13%] [Cov:================>                  47%]
[Progress:===>                          13%] [Cov:================>                  48%][MASTER] 22:21:21.047 [logback-1] WARN  TestChromosome - Functional mock problem: org.evosuite.ga.ConstructionFailedException: Failed to add constructor for org.mockito.internal.invocation.InvocationMatcher due to org.evosuite.ga.ConstructionFailedException: Failed to add constructor for org.mockito.internal.invocation.Invocation due to org.evosuite.ga.ConstructionFailedException: Failed to add constructor for org.mockito.internal.invocation.realmethod.FilteredCGLIBProxyRealMethod due to org.evosuite.ga.ConstructionFailedException: Failed to add constructor for org.mockito.internal.invocation.realmethod.CGLIBProxyRealMethod due to org.evosuite.ga.ConstructionFailedException: Max recursion depth reached

[Progress:===>                          13%] [Cov:================>                  47%]
[Progress:===>                          13%] [Cov:================>                  48%]
[Progress:====>                         14%] [Cov:================>                  48%]
[Progress:====>                         14%] [Cov:================>                  47%]
[Progress:====>                         14%] [Cov:================>                  48%][MASTER] 22:21:21.731 [logback-1] WARN  TestChromosome - Functional mock problem: org.evosuite.ga.ConstructionFailedException: Failed to add constructor for org.mockito.internal.invocation.Invocation due to org.evosuite.ga.ConstructionFailedException: Failed to add constructor for org.mockito.internal.matchers.LocalizedMatcher due to org.evosuite.ga.ConstructionFailedException: Failed to add constructor for org.hamcrest.core.CombinableMatcher due to org.evosuite.ga.ConstructionFailedException: Failed to add constructor for org.hamcrest.core.AllOf due to org.evosuite.ga.ConstructionFailedException: Error: VariableReference: Statement 5, type java.util.Vector<org.hamcrest.Matcher<java.lang.Object>> is not assignable to java.lang.Iterable<org.hamcrest.Matcher<? super java.lang.Object>>

[Progress:====>                         14%] [Cov:================>                  47%]
[Progress:====>                         14%] [Cov:================>                  48%][MASTER] 22:21:22.116 [logback-1] WARN  TestChromosome - Functional mock problem: org.evosuite.ga.ConstructionFailedException: Failed to add constructor for org.mockito.internal.invocation.InvocationMatcher due to org.evosuite.ga.ConstructionFailedException: Failed to add constructor for org.mockito.internal.invocation.Invocation due to org.evosuite.ga.ConstructionFailedException: Failed to add constructor for org.mockito.internal.invocation.realmethod.FilteredCGLIBProxyRealMethod due to org.evosuite.ga.ConstructionFailedException: Failed to add constructor for org.mockito.internal.invocation.realmethod.FilteredCGLIBProxyRealMethod due to org.evosuite.ga.ConstructionFailedException: Max recursion depth reached

[Progress:====>                         14%] [Cov:================>                  47%]
[Progress:====>                         14%] [Cov:================>                  48%][MASTER] 22:21:22.266 [logback-1] WARN  TestChromosome - Functional mock problem: org.evosuite.ga.ConstructionFailedException: Failed to add constructor for org.mockito.internal.invocation.InvocationMatcher due to org.evosuite.ga.ConstructionFailedException: Failed to add constructor for org.mockito.internal.invocation.Invocation due to org.evosuite.ga.ConstructionFailedException: Failed to add constructor for org.mockito.internal.matchers.LocalizedMatcher due to org.evosuite.ga.ConstructionFailedException: Error: VariableReference: Statement 1, type java.util.HashSet<org.hamcrest.Matcher<java.lang.Object>> is not assignable to java.lang.Iterable<org.hamcrest.Matcher<? super java.lang.Object>>
[MASTER] 22:21:22.285 [logback-1] WARN  TestChromosome - Functional mock problem: org.evosuite.ga.ConstructionFailedException: Failed to add constructor for org.hamcrest.core.DescribedAs due to org.evosuite.ga.ConstructionFailedException: Failed to add constructor for org.hamcrest.beans.SamePropertyValuesAs$PropertyMatcher due to org.evosuite.ga.ConstructionFailedException: Failed to add constructor for java.beans.PropertyDescriptor due to org.evosuite.ga.ConstructionFailedException: Have no generator for class org.mockito.internal.invocation.Invocation canUseFunctionalMocks=false, canBeMocked: true
[MASTER] 22:21:22.424 [logback-1] WARN  TestChromosome - Functional mock problem: org.evosuite.ga.ConstructionFailedException: Failed to add constructor for org.mockito.internal.matchers.LocalizedMatcher due to org.evosuite.ga.ConstructionFailedException: Error: VariableReference: Statement 7, type java.util.TreeSet<org.hamcrest.Matcher<java.lang.Object>> is not assignable to java.lang.Iterable<org.hamcrest.Matcher<? super java.lang.Object>>

[Progress:====>                         14%] [Cov:================>                  47%]
[Progress:====>                         14%] [Cov:================>                  48%][MASTER] 22:21:22.714 [logback-1] WARN  TestChromosome - Functional mock problem: org.evosuite.ga.ConstructionFailedException: Failed to add constructor for org.mockito.internal.stubbing.StubbedInvocationMatcher due to org.evosuite.ga.ConstructionFailedException: Failed to add constructor for org.mockito.internal.invocation.InvocationMatcher due to org.evosuite.ga.ConstructionFailedException: Failed to add constructor for org.mockito.internal.invocation.Invocation due to org.evosuite.ga.ConstructionFailedException: Failed to add constructor for org.mockito.internal.invocation.realmethod.CGLIBProxyRealMethod due to org.evosuite.ga.ConstructionFailedException: Max recursion depth reached

[Progress:====>                         14%] [Cov:================>                  47%]
[Progress:====>                         14%] [Cov:================>                  48%]
[Progress:====>                         15%] [Cov:===============>                   45%]
[Progress:====>                         15%] [Cov:================>                  48%][MASTER] 22:21:23.331 [logback-1] WARN  TestChromosome - Functional mock problem: org.evosuite.ga.ConstructionFailedException: Failed to add constructor for org.mockito.internal.invocation.Invocation due to org.evosuite.ga.ConstructionFailedException: Failed to add constructor for org.mockito.internal.stubbing.StubbedInvocationMatcher due to org.evosuite.ga.ConstructionFailedException: Failed to add constructor for org.mockito.internal.invocation.InvocationMatcher due to org.evosuite.ga.ConstructionFailedException: Have no generator for class org.mockito.internal.invocation.Invocation canUseFunctionalMocks=false, canBeMocked: true

[Progress:====>                         15%] [Cov:================>                  47%]
[Progress:====>                         15%] [Cov:================>                  48%]
[Progress:====>                         15%] [Cov:================>                  47%]
[Progress:====>                         15%] [Cov:================>                  48%][MASTER] 22:21:24.007 [logback-1] WARN  TestChromosome - Functional mock problem: org.evosuite.ga.ConstructionFailedException: Failed to add constructor for org.mockito.internal.invocation.InvocationMatcher due to org.evosuite.ga.ConstructionFailedException: Failed to add constructor for org.mockito.internal.invocation.Invocation due to org.evosuite.ga.ConstructionFailedException: Failed to add constructor for org.mockito.internal.invocation.InvocationMatcher due to org.evosuite.ga.ConstructionFailedException: Max recursion depth reached

[Progress:====>                         16%] [Cov:===============>                   43%]
[Progress:====>                         16%] [Cov:================>                  48%]
[Progress:====>                         16%] [Cov:================>                  47%]
[Progress:====>                         16%] [Cov:================>                  48%][MASTER] 22:21:24.260 [logback-1] WARN  TestChromosome - Functional mock problem: org.evosuite.ga.ConstructionFailedException: Failed to add constructor for org.mockito.internal.invocation.InvocationMatcher due to org.evosuite.ga.ConstructionFailedException: Failed to add constructor for org.mockito.internal.invocation.Invocation due to org.evosuite.ga.ConstructionFailedException: Failed to add constructor for org.mockito.internal.matchers.LocalizedMatcher due to org.evosuite.ga.ConstructionFailedException: Failed to add constructor for org.mockito.internal.matchers.LocalizedMatcher due to org.evosuite.ga.ConstructionFailedException: Max recursion depth reached

[Progress:====>                         16%] [Cov:================>                  47%]
[Progress:====>                         16%] [Cov:================>                  48%]
[Progress:====>                         16%] [Cov:================>                  47%]
[Progress:====>                         16%] [Cov:================>                  48%]
[Progress:====>                         16%] [Cov:================>                  47%]
[Progress:====>                         16%] [Cov:================>                  48%]
[Progress:====>                         16%] [Cov:================>                  47%]
[Progress:====>                         16%] [Cov:================>                  48%]
[Progress:====>                         16%] [Cov:================>                  47%]
[Progress:====>                         16%] [Cov:================>                  48%]
[Progress:=====>                        17%] [Cov:===>                               11%]
[Progress:=====>                        17%] [Cov:================>                  48%][MASTER] 22:21:26.201 [logback-1] WARN  TestChromosome - Functional mock problem: org.evosuite.ga.ConstructionFailedException: Failed to add constructor for org.mockito.internal.invocation.Invocation due to org.evosuite.ga.ConstructionFailedException: Failed to add constructor for org.mockito.internal.invocation.SerializableMethod due to org.evosuite.ga.ConstructionFailedException: Have no generator for class java.lang.reflect.Method canUseFunctionalMocks=true, canBeMocked: false

[Progress:=====>                        17%] [Cov:================>                  47%]
[Progress:=====>                        17%] [Cov:================>                  48%][MASTER] 22:21:26.679 [logback-1] WARN  TestChromosome - Functional mock problem: org.evosuite.ga.ConstructionFailedException: Failed to add constructor for org.mockito.internal.invocation.InvocationMatcher due to org.evosuite.ga.ConstructionFailedException: Failed to add constructor for org.mockito.internal.invocation.InvocationMatcher due to org.evosuite.ga.ConstructionFailedException: Failed to add constructor for org.mockito.internal.invocation.Invocation due to org.evosuite.ga.ConstructionFailedException: Failed to add constructor for org.mockito.internal.invocation.SerializableMethod due to org.evosuite.ga.ConstructionFailedException: Max recursion depth reached

[Progress:=====>                        17%] [Cov:================>                  47%]
[Progress:=====>                        17%] [Cov:================>                  48%]
[Progress:=====>                        18%] [Cov:================>                  48%]
[Progress:=====>                        18%] [Cov:================>                  47%]
[Progress:=====>                        18%] [Cov:================>                  48%]
[Progress:=====>                        18%] [Cov:================>                  47%]
[Progress:=====>                        18%] [Cov:================>                  48%]
[Progress:=====>                        18%] [Cov:=================>                 49%][MASTER] 22:21:27.672 [logback-1] WARN  TestChromosome - Functional mock problem: org.evosuite.ga.ConstructionFailedException: Failed to add constructor for org.mockito.internal.stubbing.StubbedInvocationMatcher due to org.evosuite.ga.ConstructionFailedException: Failed to add constructor for org.mockito.internal.invocation.InvocationMatcher due to org.evosuite.ga.ConstructionFailedException: Failed to add constructor for org.mockito.internal.invocation.Invocation due to org.evosuite.ga.ConstructionFailedException: Failed to add constructor for org.mockito.internal.invocation.realmethod.CGLIBProxyRealMethod due to org.evosuite.ga.ConstructionFailedException: Failed to add constructor for org.mockito.internal.creation.SerializableMockitoMethodProxy due to org.evosuite.ga.ConstructionFailedException: Max recursion depth reached

[Progress:=====>                        18%] [Cov:=================>                 49%]
[Progress:=====>                        18%] [Cov:=================>                 49%]
[Progress:=====>                        18%] [Cov:=================>                 50%][MASTER] 22:21:28.439 [logback-1] WARN  TestChromosome - Functional mock problem: org.evosuite.ga.ConstructionFailedException: Failed to add constructor for org.mockito.internal.invocation.Invocation due to org.evosuite.ga.ConstructionFailedException: Failed to add constructor for org.mockito.internal.invocation.InvocationMatcher due to org.evosuite.ga.ConstructionFailedException: Failed to add constructor for org.mockito.internal.stubbing.StubbedInvocationMatcher due to org.evosuite.ga.ConstructionFailedException: Max recursion depth reached

[Progress:=====>                        18%] [Cov:=================>                 50%][MASTER] 22:21:28.846 [logback-1] WARN  TestChromosome - Functional mock problem: org.evosuite.ga.ConstructionFailedException: Failed to add constructor for org.mockito.internal.invocation.Invocation due to org.evosuite.ga.ConstructionFailedException: Failed to add constructor for org.mockito.internal.invocation.realmethod.FilteredCGLIBProxyRealMethod due to org.evosuite.ga.ConstructionFailedException: Failed to add constructor for org.mockito.internal.creation.SerializableMockitoMethodProxy due to org.evosuite.ga.ConstructionFailedException: Failed to add constructor for org.mockito.cglib.core.Signature due to org.evosuite.ga.ConstructionFailedException: Max recursion depth reached

[Progress:=====>                        18%] [Cov:=================>                 50%][MASTER] 22:21:29.013 [logback-1] WARN  TestChromosome - Functional mock problem: org.evosuite.ga.ConstructionFailedException: Failed to add constructor for org.mockito.internal.invocation.InvocationMatcher due to org.evosuite.ga.ConstructionFailedException: Failed to add constructor for org.mockito.internal.invocation.Invocation due to org.evosuite.ga.ConstructionFailedException: Failed to add constructor for org.mockito.internal.matchers.LocalizedMatcher due to org.evosuite.ga.ConstructionFailedException: Failed to add constructor for org.hamcrest.core.IsEqual due to org.evosuite.ga.ConstructionFailedException: Max recursion depth reached

[Progress:=====>                        19%] [Cov:================>                  47%]
[Progress:=====>                        19%] [Cov:=================>                 49%]
[Progress:=====>                        19%] [Cov:=================>                 50%][MASTER] 22:21:29.101 [logback-1] WARN  TestChromosome - Functional mock problem: org.evosuite.ga.ConstructionFailedException: Failed to add constructor for org.mockito.internal.invocation.Invocation due to org.evosuite.ga.ConstructionFailedException: Failed to add constructor for org.mockito.internal.matchers.LocalizedMatcher due to org.evosuite.ga.ConstructionFailedException: Failed to add constructor for org.hamcrest.core.DescribedAs due to org.evosuite.ga.ConstructionFailedException: Max recursion depth reached

[Progress:=====>                        19%] [Cov:=================>                 50%][MASTER] 22:21:29.435 [logback-1] WARN  TestChromosome - Functional mock problem: org.evosuite.ga.ConstructionFailedException: Failed to add constructor for org.mockito.internal.invocation.Invocation due to org.evosuite.ga.ConstructionFailedException: Failed to add constructor for org.mockito.internal.invocation.realmethod.FilteredCGLIBProxyRealMethod due to org.evosuite.ga.ConstructionFailedException: Failed to add constructor for org.mockito.internal.invocation.realmethod.FilteredCGLIBProxyRealMethod due to org.evosuite.ga.ConstructionFailedException: Failed to add constructor for org.mockito.internal.creation.SerializableMockitoMethodProxy due to org.evosuite.ga.ConstructionFailedException: Max recursion depth reached

[Progress:=====>                        19%] [Cov:=================>                 49%]
[Progress:=====>                        19%] [Cov:=================>                 50%]
[Progress:======>                       20%] [Cov:=================>                 49%]
[Progress:======>                       20%] [Cov:=================>                 50%]
[Progress:======>                       20%] [Cov:=================>                 49%]
[Progress:======>                       20%] [Cov:=================>                 50%]
[Progress:======>                       20%] [Cov:=================>                 49%]
[Progress:======>                       20%] [Cov:=================>                 50%]
[Progress:======>                       20%] [Cov:=================>                 49%]
[Progress:======>                       20%] [Cov:=================>                 50%]
[Progress:======>                       20%] [Cov:=================>                 49%]
[Progress:======>                       20%] [Cov:=================>                 50%]
[Progress:======>                       20%] [Cov:=================>                 49%]
[Progress:======>                       20%] [Cov:=================>                 50%][MASTER] 22:21:31.812 [logback-1] WARN  TestChromosome - Functional mock problem: org.evosuite.ga.ConstructionFailedException: Failed to add constructor for org.mockito.internal.invocation.Invocation due to org.evosuite.ga.ConstructionFailedException: Failed to add constructor for org.mockito.internal.invocation.realmethod.FilteredCGLIBProxyRealMethod due to org.evosuite.ga.ConstructionFailedException: Failed to add constructor for org.mockito.internal.invocation.realmethod.FilteredCGLIBProxyRealMethod due to org.evosuite.ga.ConstructionFailedException: Failed to add constructor for org.mockito.internal.creation.DelegatingMockitoMethodProxy due to org.evosuite.ga.ConstructionFailedException: Max recursion depth reached

[Progress:======>                       21%] [Cov:=================>                 50%]
[Progress:======>                       21%] [Cov:=================>                 49%]
[Progress:======>                       21%] [Cov:=================>                 50%][MASTER] 22:21:32.561 [logback-1] WARN  TestChromosome - Functional mock problem: org.evosuite.ga.ConstructionFailedException: Failed to add constructor for org.mockito.internal.stubbing.StubbedInvocationMatcher due to org.evosuite.ga.ConstructionFailedException: Failed to add constructor for org.mockito.internal.invocation.InvocationMatcher due to org.evosuite.ga.ConstructionFailedException: Failed to add constructor for org.mockito.internal.invocation.Invocation due to org.evosuite.ga.ConstructionFailedException: Failed to add constructor for org.mockito.internal.invocation.realmethod.FilteredCGLIBProxyRealMethod due to org.evosuite.ga.ConstructionFailedException: Failed to add constructor for org.mockito.internal.creation.SerializableMockitoMethodProxy due to org.evosuite.ga.ConstructionFailedException: Max recursion depth reached

[Progress:======>                       21%] [Cov:=================>                 49%]
[Progress:======>                       21%] [Cov:=================>                 50%]
[Progress:======>                       21%] [Cov:=================>                 49%]
[Progress:======>                       21%] [Cov:=================>                 50%]
[Progress:======>                       22%] [Cov:=================>                 50%]
[Progress:======>                       22%] [Cov:=================>                 49%]
[Progress:======>                       22%] [Cov:=================>                 50%][MASTER] 22:21:33.515 [logback-1] WARN  TestChromosome - Functional mock problem: org.evosuite.ga.ConstructionFailedException: Failed to add constructor for org.mockito.internal.stubbing.StubbedInvocationMatcher due to org.evosuite.ga.ConstructionFailedException: Failed to add constructor for org.mockito.internal.invocation.InvocationMatcher due to org.evosuite.ga.ConstructionFailedException: Failed to add constructor for org.mockito.internal.invocation.Invocation due to org.evosuite.ga.ConstructionFailedException: Max recursion depth reached

[Progress:======>                       22%] [Cov:=================>                 49%]
[Progress:======>                       22%] [Cov:=================>                 50%]
[Progress:======>                       22%] [Cov:=================>                 49%]
[Progress:======>                       22%] [Cov:=================>                 50%]
[Progress:======>                       22%] [Cov:=================>                 49%]
[Progress:======>                       22%] [Cov:=================>                 50%]
[Progress:======>                       22%] [Cov:=================>                 49%]
[Progress:======>                       22%] [Cov:=================>                 50%]
[Progress:======>                       23%] [Cov:=================>                 50%]
[Progress:======>                       23%] [Cov:=================>                 49%]
[Progress:======>                       23%] [Cov:=================>                 50%][MASTER] 22:21:35.746 [logback-1] WARN  TestChromosome - Functional mock problem: org.evosuite.ga.ConstructionFailedException: Failed to add constructor for org.mockito.internal.invocation.InvocationMatcher due to org.evosuite.ga.ConstructionFailedException: Failed to add constructor for org.mockito.internal.invocation.Invocation due to org.evosuite.ga.ConstructionFailedException: Failed to add constructor for org.mockito.internal.invocation.realmethod.CGLIBProxyRealMethod due to org.evosuite.ga.ConstructionFailedException: Failed to add constructor for org.mockito.internal.creation.SerializableMockitoMethodProxy due to org.evosuite.ga.ConstructionFailedException: Max recursion depth reached

[Progress:======>                       23%] [Cov:=================>                 49%]
[Progress:======>                       23%] [Cov:=================>                 50%]
[Progress:=======>                      24%] [Cov:=================>                 50%]
[Progress:=======>                      24%] [Cov:=================>                 49%][MASTER] 22:21:36.324 [logback-1] WARN  TestChromosome - Functional mock problem: org.evosuite.ga.ConstructionFailedException: Failed to add constructor for org.mockito.internal.stubbing.StubbedInvocationMatcher due to org.evosuite.ga.ConstructionFailedException: Failed to add constructor for org.mockito.internal.invocation.InvocationMatcher due to org.evosuite.ga.ConstructionFailedException: Failed to add constructor for org.mockito.internal.invocation.Invocation due to org.evosuite.ga.ConstructionFailedException: Failed to add constructor for org.mockito.internal.invocation.realmethod.FilteredCGLIBProxyRealMethod due to org.evosuite.ga.ConstructionFailedException: Failed to add constructor for org.mockito.internal.invocation.realmethod.FilteredCGLIBProxyRealMethod due to org.evosuite.ga.ConstructionFailedException: Max recursion depth reached

[Progress:=======>                      24%] [Cov:=================>                 50%]
[Progress:=======>                      24%] [Cov:=================>                 49%]
[Progress:=======>                      24%] [Cov:=================>                 50%][MASTER] 22:21:37.004 [logback-1] WARN  TestChromosome - Functional mock problem: org.evosuite.ga.ConstructionFailedException: Failed to add constructor for org.mockito.internal.invocation.InvocationMatcher due to org.evosuite.ga.ConstructionFailedException: Failed to add constructor for org.mockito.internal.invocation.Invocation due to org.evosuite.ga.ConstructionFailedException: Failed to add constructor for org.mockito.internal.matchers.LocalizedMatcher due to org.evosuite.ga.ConstructionFailedException: Failed to add constructor for org.hamcrest.core.IsSame due to org.evosuite.ga.ConstructionFailedException: Max recursion depth reached

[Progress:=======>                      24%] [Cov:=================>                 49%]
[Progress:=======>                      24%] [Cov:=================>                 50%]
[Progress:=======>                      24%] [Cov:=================>                 49%]
[Progress:=======>                      24%] [Cov:=================>                 50%]
[Progress:=======>                      24%] [Cov:=================>                 51%]
[Progress:=======>                      25%] [Cov:=================>                 49%]
[Progress:=======>                      25%] [Cov:=================>                 50%]
[Progress:=======>                      25%] [Cov:=================>                 50%]
[Progress:=======>                      25%] [Cov:=================>                 50%]
[Progress:=======>                      25%] [Cov:=================>                 50%]
[Progress:=======>                      26%] [Cov:=================>                 50%][MASTER] 22:21:39.211 [logback-1] WARN  TestChromosome - Functional mock problem: org.evosuite.ga.ConstructionFailedException: Failed to add constructor for org.mockito.internal.invocation.Invocation due to org.evosuite.ga.ConstructionFailedException: Failed to add constructor for org.mockito.internal.matchers.LocalizedMatcher due to org.evosuite.ga.ConstructionFailedException: Max recursion depth reached

[Progress:=======>                      26%] [Cov:=================>                 50%]
[Progress:=======>                      26%] [Cov:=================>                 51%][MASTER] 22:21:39.614 [logback-1] WARN  TestChromosome - Functional mock problem: org.evosuite.ga.ConstructionFailedException: Failed to add constructor for org.mockito.internal.invocation.InvocationMatcher due to org.evosuite.ga.ConstructionFailedException: Failed to add constructor for org.mockito.internal.invocation.Invocation due to org.evosuite.ga.ConstructionFailedException: Failed to add constructor for org.mockito.internal.invocation.InvocationMatcher due to org.evosuite.ga.ConstructionFailedException: Have no generator for class org.mockito.internal.invocation.Invocation canUseFunctionalMocks=false, canBeMocked: true

[Progress:=======>                      26%] [Cov:=================>                 50%]
[Progress:=======>                      26%] [Cov:=================>                 51%]
[Progress:=======>                      26%] [Cov:=================>                 50%]
[Progress:=======>                      26%] [Cov:=================>                 51%]
[Progress:=======>                      26%] [Cov:=================>                 50%]
[Progress:=======>                      26%] [Cov:=================>                 51%]
[Progress:========>                     27%] [Cov:=================>                 51%]
[Progress:========>                     27%] [Cov:=================>                 50%]
[Progress:========>                     27%] [Cov:=================>                 51%]
[Progress:========>                     27%] [Cov:=================>                 50%]
[Progress:========>                     27%] [Cov:=================>                 51%][MASTER] 22:21:41.812 [logback-1] WARN  TestChromosome - Functional mock problem: org.evosuite.ga.ConstructionFailedException: Failed to add constructor for org.mockito.internal.invocation.InvocationMatcher due to org.evosuite.ga.ConstructionFailedException: Failed to add constructor for org.mockito.internal.invocation.Invocation due to org.evosuite.ga.ConstructionFailedException: Failed to add constructor for org.mockito.internal.invocation.realmethod.FilteredCGLIBProxyRealMethod due to org.evosuite.ga.ConstructionFailedException: Failed to add constructor for org.mockito.internal.creation.SerializableMockitoMethodProxy due to org.evosuite.ga.ConstructionFailedException: Max recursion depth reached

[Progress:========>                     28%] [Cov:=================>                 50%]
[Progress:========>                     28%] [Cov:=================>                 51%]
[Progress:========>                     28%] [Cov:=================>                 51%]
[Progress:========>                     28%] [Cov:=================>                 51%][MASTER] 22:21:42.762 [logback-1] WARN  TestChromosome - Functional mock problem: org.evosuite.ga.ConstructionFailedException: Failed to add constructor for org.mockito.internal.invocation.InvocationMatcher due to org.evosuite.ga.ConstructionFailedException: Failed to add constructor for org.mockito.internal.invocation.Invocation due to org.evosuite.ga.ConstructionFailedException: Failed to add constructor for org.mockito.internal.invocation.realmethod.FilteredCGLIBProxyRealMethod due to org.evosuite.ga.ConstructionFailedException: Failed to add constructor for org.mockito.internal.invocation.realmethod.CGLIBProxyRealMethod due to org.evosuite.ga.ConstructionFailedException: Failed to add constructor for org.mockito.internal.creation.DelegatingMockitoMethodProxy due to org.evosuite.ga.ConstructionFailedException: Max recursion depth reached

[Progress:========>                     28%] [Cov:=================>                 51%][MASTER] 22:21:42.903 [logback-1] WARN  TestChromosome - Functional mock problem: org.evosuite.ga.ConstructionFailedException: Failed to add constructor for org.mockito.internal.invocation.Invocation due to org.evosuite.ga.ConstructionFailedException: Failed to add constructor for org.mockito.internal.matchers.LocalizedMatcher due to org.evosuite.ga.ConstructionFailedException: Failed to add constructor for org.mockito.internal.matchers.LocalizedMatcher due to org.evosuite.ga.ConstructionFailedException: Max recursion depth reached

[Progress:========>                     28%] [Cov:=================>                 51%]
[Progress:========>                     28%] [Cov:=================>                 51%]
[Progress:========>                     29%] [Cov:=================>                 51%]
[Progress:========>                     29%] [Cov:=================>                 51%][MASTER] 22:21:44.226 [logback-1] WARN  TestChromosome - Functional mock problem: org.evosuite.ga.ConstructionFailedException: Failed to add constructor for org.mockito.internal.invocation.Invocation due to org.evosuite.ga.ConstructionFailedException: Failed to add constructor for org.mockito.internal.invocation.realmethod.FilteredCGLIBProxyRealMethod due to org.evosuite.ga.ConstructionFailedException: Failed to add constructor for org.mockito.internal.creation.SerializableMockitoMethodProxy due to org.evosuite.ga.ConstructionFailedException: Max recursion depth reached

[Progress:========>                     29%] [Cov:=================>                 51%]
[Progress:=========>                    30%] [Cov:=================>                 51%]
[Progress:=========>                    30%] [Cov:=================>                 51%]
[Progress:=========>                    30%] [Cov:=================>                 51%]
[Progress:=========>                    30%] [Cov:=================>                 51%]
[Progress:=========>                    30%] [Cov:=================>                 51%]
[Progress:=========>                    30%] [Cov:=================>                 51%]
[Progress:=========>                    31%] [Cov:=================>                 51%][MASTER] 22:21:47.143 [logback-1] WARN  TestChromosome - Functional mock problem: org.evosuite.ga.ConstructionFailedException: Failed to add constructor for org.mockito.internal.invocation.Invocation due to org.evosuite.ga.ConstructionFailedException: Failed to add constructor for org.mockito.internal.matchers.LocalizedMatcher due to org.evosuite.ga.ConstructionFailedException: Failed to add constructor for org.hamcrest.beans.HasPropertyWithValue due to org.evosuite.ga.ConstructionFailedException: Failed to add constructor for org.hamcrest.core.DescribedAs due to org.evosuite.ga.ConstructionFailedException: Max recursion depth reached

[Progress:=========>                    31%] [Cov:=================>                 51%]
[Progress:=========>                    31%] [Cov:=================>                 51%]
[Progress:=========>                    31%] [Cov:=================>                 51%]
[Progress:=========>                    32%] [Cov:=================>                 51%]
[Progress:=========>                    32%] [Cov:=================>                 51%]
[Progress:=========>                    32%] [Cov:=================>                 51%][MASTER] 22:21:49.041 [logback-1] WARN  TestChromosome - Functional mock problem: org.evosuite.ga.ConstructionFailedException: Failed to add constructor for org.mockito.internal.matchers.LocalizedMatcher due to org.evosuite.ga.ConstructionFailedException: Failed to add constructor for org.hamcrest.beans.SamePropertyValuesAs$PropertyMatcher due to org.evosuite.ga.ConstructionFailedException: Failed to add constructor for java.beans.PropertyDescriptor due to org.evosuite.ga.ConstructionFailedException: Failed to add constructor for org.mockito.internal.invocation.InvocationMatcher due to org.evosuite.ga.ConstructionFailedException: Max recursion depth reached

[Progress:=========>                    32%] [Cov:=================>                 51%]
[Progress:=========>                    32%] [Cov:=================>                 51%]
[Progress:=========>                    32%] [Cov:=================>                 51%]
[Progress:=========>                    33%] [Cov:=================>                 51%][MASTER] 22:21:50.267 [logback-1] WARN  TestChromosome - Functional mock problem: org.evosuite.ga.ConstructionFailedException: Failed to add constructor for org.mockito.internal.invocation.Invocation due to org.evosuite.ga.ConstructionFailedException: Failed to add constructor for org.mockito.internal.matchers.LocalizedMatcher due to org.evosuite.ga.ConstructionFailedException: Failed to add constructor for org.hamcrest.core.AllOf due to org.evosuite.ga.ConstructionFailedException: Error: VariableReference: Statement 5, type java.util.LinkedHashSet<org.hamcrest.Matcher<java.lang.Object>> is not assignable to java.lang.Iterable<org.hamcrest.Matcher<? super java.lang.Object>>

[Progress:=========>                    33%] [Cov:=================>                 51%][MASTER] 22:21:50.400 [logback-1] WARN  TestChromosome - Functional mock problem: org.evosuite.ga.ConstructionFailedException: Failed to add constructor for org.mockito.internal.invocation.Invocation due to org.evosuite.ga.ConstructionFailedException: Have no generator for class java.lang.reflect.AccessibleObject canUseFunctionalMocks=false, canBeMocked: true

[Progress:=========>                    33%] [Cov:=================>                 51%][MASTER] 22:21:50.972 [logback-1] WARN  TestChromosome - Functional mock problem: org.evosuite.ga.ConstructionFailedException: Failed to add constructor for org.mockito.internal.invocation.Invocation due to org.evosuite.ga.ConstructionFailedException: Failed to add constructor for org.mockito.internal.invocation.realmethod.CGLIBProxyRealMethod due to org.evosuite.ga.ConstructionFailedException: Failed to add constructor for org.mockito.internal.creation.DelegatingMockitoMethodProxy due to org.evosuite.ga.ConstructionFailedException: Max recursion depth reached

[Progress:==========>                   34%] [Cov:=================>                 51%]
[Progress:==========>                   34%] [Cov:=================>                 51%]
[Progress:==========>                   34%] [Cov:=================>                 51%][MASTER] 22:21:51.957 [logback-1] WARN  TestChromosome - Functional mock problem: org.evosuite.ga.ConstructionFailedException: Failed to add constructor for org.mockito.internal.invocation.InvocationMatcher due to org.evosuite.ga.ConstructionFailedException: Failed to add constructor for org.mockito.internal.invocation.Invocation due to org.evosuite.ga.ConstructionFailedException: Failed to add constructor for org.mockito.internal.invocation.realmethod.FilteredCGLIBProxyRealMethod due to org.evosuite.ga.ConstructionFailedException: Failed to add constructor for org.mockito.internal.invocation.realmethod.FilteredCGLIBProxyRealMethod due to org.evosuite.ga.ConstructionFailedException: Failed to add constructor for org.mockito.internal.creation.SerializableMockitoMethodProxy due to org.evosuite.ga.ConstructionFailedException: Max recursion depth reached

[Progress:==========>                   34%] [Cov:=================>                 51%][MASTER] 22:21:52.107 [logback-1] WARN  TestChromosome - Functional mock problem: org.evosuite.ga.ConstructionFailedException: Failed to add constructor for org.mockito.internal.invocation.Invocation due to org.evosuite.ga.ConstructionFailedException: Failed to add constructor for org.mockito.internal.invocation.realmethod.CGLIBProxyRealMethod due to org.evosuite.ga.ConstructionFailedException: Failed to add constructor for org.mockito.internal.creation.SerializableMockitoMethodProxy due to org.evosuite.ga.ConstructionFailedException: Max recursion depth reached

[Progress:==========>                   34%] [Cov:=================>                 51%]
[Progress:==========>                   34%] [Cov:=================>                 51%]
[Progress:==========>                   35%] [Cov:=================>                 51%]
[Progress:==========>                   35%] [Cov:=================>                 51%]
[Progress:==========>                   35%] [Cov:=================>                 51%]
[Progress:==========>                   35%] [Cov:=================>                 51%]
[Progress:==========>                   36%] [Cov:=================>                 49%]
[Progress:==========>                   36%] [Cov:=================>                 51%]
[Progress:==========>                   36%] [Cov:=================>                 51%]
[Progress:==========>                   36%] [Cov:=================>                 51%]
[Progress:==========>                   36%] [Cov:=================>                 51%][MASTER] 22:21:55.359 [logback-1] WARN  TestChromosome - Functional mock problem: org.evosuite.ga.ConstructionFailedException: Failed to add constructor for org.mockito.internal.matchers.LocalizedMatcher due to org.evosuite.ga.ConstructionFailedException: Failed to add constructor for org.hamcrest.core.CombinableMatcher due to org.evosuite.ga.ConstructionFailedException: Max recursion depth reached

[Progress:==========>                   36%] [Cov:=================>                 51%][MASTER] 22:21:55.640 [logback-1] WARN  TestChromosome - Functional mock problem: org.evosuite.ga.ConstructionFailedException: Failed to add constructor for org.mockito.internal.matchers.LocalizedMatcher due to org.evosuite.ga.ConstructionFailedException: Failed to add constructor for org.hamcrest.core.DescribedAs due to org.evosuite.ga.ConstructionFailedException: Max recursion depth reached

[Progress:==========>                   36%] [Cov:=================>                 51%]
[Progress:===========>                  37%] [Cov:=================>                 51%]
[Progress:===========>                  37%] [Cov:=================>                 51%]
[Progress:===========>                  37%] [Cov:=================>                 51%]
[Progress:===========>                  37%] [Cov:==================>                52%]
[Progress:===========>                  38%] [Cov:=================>                 51%][MASTER] 22:21:57.097 [logback-1] WARN  TestChromosome - Functional mock problem: org.evosuite.ga.ConstructionFailedException: Have no generator for class java.lang.reflect.Method canUseFunctionalMocks=false, canBeMocked: false

[Progress:===========>                  38%] [Cov:==================>                52%]
[Progress:===========>                  38%] [Cov:=================>                 51%]
[Progress:===========>                  38%] [Cov:==================>                52%]
[Progress:===========>                  38%] [Cov:=================>                 51%][MASTER] 22:21:58.057 [logback-1] WARN  TestChromosome - Functional mock problem: org.evosuite.ga.ConstructionFailedException: Failed to add constructor for org.mockito.internal.matchers.LocalizedMatcher due to org.evosuite.ga.ConstructionFailedException: Error: VariableReference: Statement 3, type java.util.PriorityQueue<org.hamcrest.Matcher<org.mockito.internal.matchers.LocalizedMatcher>> is not assignable to java.lang.Iterable<org.hamcrest.Matcher<? super org.mockito.internal.matchers.LocalizedMatcher>>

[Progress:===========>                  38%] [Cov:==================>                52%]
[Progress:===========>                  38%] [Cov:==================>                52%]
[Progress:===========>                  38%] [Cov:==================>                52%]
[Progress:===========>                  39%] [Cov:==================>                52%]
[Progress:===========>                  39%] [Cov:==================>                52%][MASTER] 22:21:59.542 [logback-1] WARN  TestChromosome - Functional mock problem: org.evosuite.ga.ConstructionFailedException: Failed to add constructor for org.hamcrest.beans.SamePropertyValuesAs due to org.evosuite.ga.ConstructionFailedException: Failed to add constructor for org.mockito.internal.matchers.LocalizedMatcher due to org.evosuite.ga.ConstructionFailedException: Failed to add constructor for org.hamcrest.core.AllOf due to org.evosuite.ga.ConstructionFailedException: Error: VariableReference: Statement 2, type java.lang.Class<org.hamcrest.Matcher> is not assignable to java.lang.Class<org.hamcrest.Matcher<org.mockito.internal.matchers.LocalizedMatcher>>

[Progress:===========>                  39%] [Cov:==================>                52%][MASTER] 22:21:59.833 [logback-1] WARN  TestChromosome - Functional mock problem: org.evosuite.ga.ConstructionFailedException: Failed to add constructor for org.mockito.internal.stubbing.StubbedInvocationMatcher due to org.evosuite.ga.ConstructionFailedException: Failed to add constructor for org.mockito.internal.invocation.InvocationMatcher due to org.evosuite.ga.ConstructionFailedException: Failed to add constructor for org.mockito.internal.invocation.Invocation due to org.evosuite.ga.ConstructionFailedException: Failed to add constructor for org.mockito.internal.invocation.realmethod.FilteredCGLIBProxyRealMethod due to org.evosuite.ga.ConstructionFailedException: Max recursion depth reached

[Progress:============>                 40%] [Cov:==================>                52%]
[Progress:============>                 40%] [Cov:==================>                52%]
[Progress:============>                 40%] [Cov:==================>                52%]
[Progress:============>                 40%] [Cov:==================>                52%]
[Progress:============>                 40%] [Cov:==================>                52%]
[Progress:============>                 40%] [Cov:==================>                52%][MASTER] 22:22:01.992 [logback-1] WARN  TestChromosome - Functional mock problem: org.evosuite.ga.ConstructionFailedException: Failed to add constructor for org.mockito.internal.matchers.LocalizedMatcher due to org.evosuite.ga.ConstructionFailedException: Failed to add constructor for org.hamcrest.core.CombinableMatcher due to org.evosuite.ga.ConstructionFailedException: Failed to add constructor for org.hamcrest.beans.HasPropertyWithValue due to org.evosuite.ga.ConstructionFailedException: Max recursion depth reached

[Progress:============>                 41%] [Cov:==================>                52%][MASTER] 22:22:02.292 [logback-1] WARN  TestChromosome - Functional mock problem: org.evosuite.ga.ConstructionFailedException: Failed to add constructor for org.mockito.internal.matchers.LocalizedMatcher due to org.evosuite.ga.ConstructionFailedException: Failed to add constructor for org.hamcrest.core.AllOf due to org.evosuite.ga.ConstructionFailedException: Error: VariableReference: Statement 4, type java.util.HashSet<org.hamcrest.Matcher<java.lang.Object>> is not assignable to java.lang.Iterable<org.hamcrest.Matcher<? super java.lang.annotation.Annotation>>

[Progress:============>                 41%] [Cov:==================>                52%]
[Progress:============>                 41%] [Cov:==================>                52%][MASTER] 22:22:02.816 [logback-1] WARN  TestChromosome - Functional mock problem: org.evosuite.ga.ConstructionFailedException: Failed to add constructor for org.mockito.internal.matchers.LocalizedMatcher due to org.evosuite.ga.ConstructionFailedException: Failed to add constructor for org.hamcrest.core.IsNot due to org.evosuite.ga.ConstructionFailedException: Error: VariableReference: Statement 5, type java.lang.Iterable<org.hamcrest.Matcher<java.lang.Object>> is not assignable to java.lang.Iterable<org.hamcrest.Matcher<? super java.lang.Object>>

[Progress:============>                 42%] [Cov:=================>                 51%]
[Progress:============>                 42%] [Cov:==================>                52%]
[Progress:============>                 42%] [Cov:==================>                52%][MASTER] 22:22:03.532 [logback-1] WARN  TestChromosome - Functional mock problem: org.evosuite.ga.ConstructionFailedException: Failed to add constructor for org.mockito.internal.matchers.LocalizedMatcher due to org.evosuite.ga.ConstructionFailedException: Error: VariableReference: Statement 2, type java.lang.Class<org.hamcrest.Matcher> is not assignable to java.lang.Class<org.hamcrest.Matcher<java.lang.Object>>

[Progress:============>                 42%] [Cov:==================>                52%][MASTER] 22:22:04.086 [logback-1] WARN  TestChromosome - Functional mock problem: org.evosuite.ga.ConstructionFailedException: Failed to add constructor for org.mockito.internal.matchers.LocalizedMatcher due to org.evosuite.ga.ConstructionFailedException: Error: VariableReference: Statement 6, type java.util.PriorityQueue<org.hamcrest.Matcher<java.lang.Object>> is not assignable to java.lang.Iterable<org.hamcrest.Matcher<? super org.mockito.internal.matchers.LocalizedMatcher>>

[Progress:============>                 42%] [Cov:==================>                52%][MASTER] 22:22:04.417 [logback-1] WARN  TestChromosome - Functional mock problem: org.evosuite.ga.ConstructionFailedException: Failed to add constructor for org.mockito.internal.matchers.LocalizedMatcher due to org.evosuite.ga.ConstructionFailedException: Failed to add constructor for org.hamcrest.core.AnyOf due to org.evosuite.ga.ConstructionFailedException: Error: VariableReference: Statement 2, type java.lang.Class<org.hamcrest.Matcher> is not assignable to java.lang.Class<org.hamcrest.Matcher<java.lang.Object>>

[Progress:============>                 42%] [Cov:=================>                 51%]
[Progress:============>                 42%] [Cov:==================>                52%]
[Progress:============>                 42%] [Cov:=================>                 51%]
[Progress:============>                 42%] [Cov:==================>                52%]
[Progress:============>                 43%] [Cov:==================>                52%][MASTER] 22:22:05.246 [logback-1] WARN  TestChromosome - Functional mock problem: org.evosuite.ga.ConstructionFailedException: Failed to add constructor for org.mockito.internal.invocation.Invocation due to org.evosuite.ga.ConstructionFailedException: Failed to add constructor for org.mockito.internal.stubbing.StubbedInvocationMatcher due to org.evosuite.ga.ConstructionFailedException: Failed to add constructor for org.mockito.internal.invocation.InvocationMatcher due to org.evosuite.ga.ConstructionFailedException: Max recursion depth reached

[Progress:============>                 43%] [Cov:=================>                 51%]
[Progress:============>                 43%] [Cov:==================>                52%][MASTER] 22:22:05.648 [logback-1] WARN  TestChromosome - Functional mock problem: org.evosuite.ga.ConstructionFailedException: Have no generator for class java.lang.reflect.AccessibleObject canUseFunctionalMocks=false, canBeMocked: true

[Progress:============>                 43%] [Cov:=================>                 51%]
[Progress:============>                 43%] [Cov:==================>                52%]
[Progress:=============>                44%] [Cov:==================>                52%]
[Progress:=============>                44%] [Cov:=================>                 51%]
[Progress:=============>                44%] [Cov:==================>                52%]
[Progress:=============>                44%] [Cov:=================>                 51%]
[Progress:=============>                44%] [Cov:==================>                52%]
[Progress:=============>                44%] [Cov:=================>                 51%]
[Progress:=============>                44%] [Cov:==================>                52%]
[Progress:=============>                44%] [Cov:=================>                 51%]
[Progress:=============>                44%] [Cov:==================>                52%]
[Progress:=============>                45%] [Cov:=================>                 51%]
[Progress:=============>                45%] [Cov:==================>                52%]
[Progress:=============>                45%] [Cov:=================>                 51%]
[Progress:=============>                45%] [Cov:==================>                52%][MASTER] 22:22:08.542 [logback-1] WARN  TestChromosome - Functional mock problem: org.evosuite.ga.ConstructionFailedException: Failed to add constructor for org.mockito.internal.stubbing.StubbedInvocationMatcher due to org.evosuite.ga.ConstructionFailedException: Failed to add constructor for org.mockito.internal.invocation.InvocationMatcher due to org.evosuite.ga.ConstructionFailedException: Failed to add constructor for org.mockito.internal.invocation.Invocation due to org.evosuite.ga.ConstructionFailedException: Failed to add constructor for org.mockito.internal.matchers.LocalizedMatcher due to org.evosuite.ga.ConstructionFailedException: Max recursion depth reached
[MASTER] 22:22:08.840 [logback-1] WARN  TestChromosome - Functional mock problem: org.evosuite.ga.ConstructionFailedException: Failed to add constructor for org.mockito.internal.matchers.LocalizedMatcher due to org.evosuite.ga.ConstructionFailedException: Failed to add constructor for org.hamcrest.core.CombinableMatcher due to org.evosuite.ga.ConstructionFailedException: Failed to add constructor for org.hamcrest.core.IsNot due to org.evosuite.ga.ConstructionFailedException: Max recursion depth reached

[Progress:=============>                45%] [Cov:=================>                 51%]
[Progress:=============>                45%] [Cov:==================>                52%]
[Progress:=============>                46%] [Cov:================>                  47%]
[Progress:=============>                46%] [Cov:=================>                 51%]
[Progress:=============>                46%] [Cov:==================>                52%]
[Progress:=============>                46%] [Cov:=================>                 51%]
[Progress:=============>                46%] [Cov:==================>                52%]
[Progress:=============>                46%] [Cov:=================>                 51%]
[Progress:=============>                46%] [Cov:==================>                52%]
[Progress:=============>                46%] [Cov:=================>                 51%]
[Progress:=============>                46%] [Cov:==================>                52%]
[Progress:=============>                46%] [Cov:=================>                 51%]
[Progress:=============>                46%] [Cov:==================>                52%]
[Progress:=============>                46%] [Cov:=================>                 51%]
[Progress:=============>                46%] [Cov:==================>                52%]
[Progress:==============>               47%] [Cov:==================>                52%]
[Progress:==============>               47%] [Cov:=================>                 51%]
[Progress:==============>               47%] [Cov:==================>                52%]
[Progress:==============>               47%] [Cov:=================>                 51%]
[Progress:==============>               47%] [Cov:==================>                52%]
[Progress:==============>               48%] [Cov:==================>                52%]
[Progress:==============>               48%] [Cov:=================>                 51%]
[Progress:==============>               48%] [Cov:==================>                52%]
[Progress:==============>               48%] [Cov:=================>                 51%]
[Progress:==============>               48%] [Cov:==================>                52%]
[Progress:==============>               48%] [Cov:=================>                 51%]
[Progress:==============>               48%] [Cov:==================>                52%][MASTER] 22:22:13.516 [logback-1] WARN  TestChromosome - Functional mock problem: org.evosuite.ga.ConstructionFailedException: Failed to add constructor for org.mockito.internal.matchers.LocalizedMatcher due to org.evosuite.ga.ConstructionFailedException: Failed to add constructor for org.hamcrest.core.IsEqual due to org.evosuite.ga.ConstructionFailedException: Have no generator for class java.lang.reflect.Method canUseFunctionalMocks=false, canBeMocked: false

[Progress:==============>               48%] [Cov:=================>                 51%]
[Progress:==============>               48%] [Cov:==================>                52%]
[Progress:==============>               48%] [Cov:=================>                 51%]
[Progress:==============>               48%] [Cov:==================>                52%]
[Progress:==============>               49%] [Cov:==================>                52%]
[Progress:==============>               49%] [Cov:=================>                 51%]
[Progress:==============>               49%] [Cov:==================>                52%]
[Progress:==============>               49%] [Cov:=================>                 51%]
[Progress:==============>               49%] [Cov:==================>                52%]
[Progress:===============>              50%] [Cov:=================>                 51%]
[Progress:===============>              50%] [Cov:==================>                52%]
[Progress:===============>              50%] [Cov:=================>                 51%]
[Progress:===============>              50%] [Cov:==================>                52%]
[Progress:===============>              50%] [Cov:=================>                 51%]
[Progress:===============>              50%] [Cov:==================>                52%]
[Progress:===============>              50%] [Cov:=================>                 51%]
[Progress:===============>              50%] [Cov:==================>                52%][MASTER] 22:22:16.553 [logback-1] WARN  TestChromosome - Functional mock problem: org.evosuite.ga.ConstructionFailedException: Failed to add constructor for org.mockito.internal.invocation.Invocation due to org.evosuite.ga.ConstructionFailedException: Failed to add constructor for org.mockito.internal.invocation.realmethod.FilteredCGLIBProxyRealMethod due to org.evosuite.ga.ConstructionFailedException: Failed to add constructor for org.mockito.internal.creation.DelegatingMockitoMethodProxy due to org.evosuite.ga.ConstructionFailedException: Max recursion depth reached

[Progress:===============>              50%] [Cov:=================>                 51%]
[Progress:===============>              50%] [Cov:==================>                52%]
[Progress:===============>              51%] [Cov:==================>                52%]
[Progress:===============>              51%] [Cov:=================>                 51%]
[Progress:===============>              51%] [Cov:==================>                52%]
[Progress:===============>              51%] [Cov:=================>                 51%]
[Progress:===============>              51%] [Cov:==================>                52%][MASTER] 22:22:17.905 [logback-1] WARN  TestChromosome - Functional mock problem: org.evosuite.ga.ConstructionFailedException: Failed to add constructor for org.mockito.internal.matchers.LocalizedMatcher due to org.evosuite.ga.ConstructionFailedException: Have no generator for class org.mockito.internal.invocation.Invocation canUseFunctionalMocks=false, canBeMocked: true

[Progress:===============>              51%] [Cov:=================>                 51%]
[Progress:===============>              51%] [Cov:==================>                52%]
[Progress:===============>              52%] [Cov:==================>                52%]
[Progress:===============>              52%] [Cov:=================>                 51%]
[Progress:===============>              52%] [Cov:==================>                52%]
[Progress:===============>              52%] [Cov:=================>                 51%]
[Progress:===============>              52%] [Cov:==================>                52%]
[Progress:===============>              52%] [Cov:=================>                 51%]
[Progress:===============>              52%] [Cov:==================>                52%][MASTER] 22:22:19.420 [logback-1] WARN  TestChromosome - Functional mock problem: org.evosuite.ga.ConstructionFailedException: Failed to add constructor for org.mockito.internal.matchers.LocalizedMatcher due to org.evosuite.ga.ConstructionFailedException: Failed to add constructor for org.hamcrest.core.CombinableMatcher due to org.evosuite.ga.ConstructionFailedException: Failed to add constructor for org.hamcrest.core.AllOf due to org.evosuite.ga.ConstructionFailedException: Error: VariableReference: Statement 5, type java.util.LinkedList<org.hamcrest.Matcher<java.lang.Object>> is not assignable to java.lang.Iterable<org.hamcrest.Matcher<? super java.lang.Object>>

[Progress:===============>              52%] [Cov:=================>                 51%]
[Progress:===============>              52%] [Cov:==================>                52%]
[Progress:===============>              53%] [Cov:==================>                52%]
[Progress:===============>              53%] [Cov:=================>                 51%]
[Progress:===============>              53%] [Cov:==================>                52%][MASTER] 22:22:20.310 [logback-1] WARN  TestChromosome - Functional mock problem: org.evosuite.ga.ConstructionFailedException: Failed to add constructor for org.mockito.internal.matchers.LocalizedMatcher due to org.evosuite.ga.ConstructionFailedException: Failed to add constructor for org.hamcrest.beans.HasPropertyWithValue due to org.evosuite.ga.ConstructionFailedException: Max recursion depth reached
[MASTER] 22:22:20.650 [logback-1] WARN  TestChromosome - Functional mock problem: org.evosuite.ga.ConstructionFailedException: Failed to add constructor for org.mockito.internal.matchers.LocalizedMatcher due to org.evosuite.ga.ConstructionFailedException: Failed to add constructor for org.hamcrest.core.AnyOf due to org.evosuite.ga.ConstructionFailedException: Error: VariableReference: Statement 6, type java.lang.Iterable<org.hamcrest.Matcher<java.lang.Object>> is not assignable to java.lang.Iterable<org.hamcrest.Matcher<? super java.lang.Object>>

[Progress:===============>              53%] [Cov:=================>                 51%]
[Progress:===============>              53%] [Cov:==================>                52%]
[Progress:================>             54%] [Cov:=================>                 49%]
[Progress:================>             54%] [Cov:=================>                 51%]
[Progress:================>             54%] [Cov:==================>                52%]
[Progress:================>             54%] [Cov:=================>                 51%]
[Progress:================>             54%] [Cov:==================>                52%]
[Progress:================>             54%] [Cov:=================>                 51%]
[Progress:================>             54%] [Cov:==================>                52%]
[Progress:================>             54%] [Cov:=================>                 51%]
[Progress:================>             54%] [Cov:==================>                52%]
[Progress:================>             54%] [Cov:=================>                 51%]
[Progress:================>             54%] [Cov:==================>                52%]
[Progress:================>             54%] [Cov:=================>                 51%]
[Progress:================>             54%] [Cov:==================>                52%]
[Progress:================>             55%] [Cov:==================>                52%]
[Progress:================>             55%] [Cov:=================>                 51%]
[Progress:================>             55%] [Cov:==================>                52%]
[Progress:================>             55%] [Cov:=================>                 51%]
[Progress:================>             55%] [Cov:==================>                52%]
[Progress:================>             56%] [Cov:==================>                52%]
[Progress:================>             56%] [Cov:=================>                 51%]
[Progress:================>             56%] [Cov:==================>                52%]
[Progress:================>             56%] [Cov:=================>                 51%]
[Progress:================>             56%] [Cov:==================>                52%]
[Progress:================>             56%] [Cov:=================>                 51%]
[Progress:================>             56%] [Cov:==================>                52%]
[Progress:================>             56%] [Cov:=================>                 51%]
[Progress:================>             56%] [Cov:==================>                52%]
[Progress:================>             56%] [Cov:=================>                 51%]
[Progress:================>             56%] [Cov:==================>                52%]
[Progress:=================>            57%] [Cov:================>                  48%]
[Progress:=================>            57%] [Cov:==================>                52%][MASTER] 22:22:26.147 [logback-1] WARN  TestChromosome - Functional mock problem: org.evosuite.ga.ConstructionFailedException: Failed to add constructor for org.mockito.internal.invocation.Invocation due to org.evosuite.ga.ConstructionFailedException: Failed to add constructor for org.mockito.internal.matchers.LocalizedMatcher due to org.evosuite.ga.ConstructionFailedException: Failed to add constructor for org.hamcrest.core.CombinableMatcher due to org.evosuite.ga.ConstructionFailedException: Failed to add constructor for org.hamcrest.beans.HasPropertyWithValue due to org.evosuite.ga.ConstructionFailedException: Failed to add constructor for org.hamcrest.core.AnyOf due to org.evosuite.ga.ConstructionFailedException: Max recursion depth reached
[MASTER] 22:22:26.394 [logback-1] WARN  TestChromosome - Functional mock problem: org.evosuite.ga.ConstructionFailedException: Failed to add constructor for org.mockito.internal.matchers.LocalizedMatcher due to org.evosuite.ga.ConstructionFailedException: Failed to add constructor for org.hamcrest.core.Is due to org.evosuite.ga.ConstructionFailedException: Max recursion depth reached

[Progress:=================>            57%] [Cov:=================>                 51%]
[Progress:=================>            57%] [Cov:==================>                52%]
[Progress:=================>            57%] [Cov:=================>                 51%]
[Progress:=================>            57%] [Cov:==================>                52%]
[Progress:=================>            58%] [Cov:==================>                52%]
[Progress:=================>            58%] [Cov:=================>                 51%]
[Progress:=================>            58%] [Cov:==================>                52%]
[Progress:=================>            58%] [Cov:=================>                 51%]
[Progress:=================>            58%] [Cov:==================>                52%]
[Progress:=================>            58%] [Cov:=================>                 51%]
[Progress:=================>            58%] [Cov:==================>                52%]
[Progress:=================>            58%] [Cov:=================>                 51%]
[Progress:=================>            58%] [Cov:==================>                52%][MASTER] 22:22:29.047 [logback-1] WARN  TestChromosome - Functional mock problem: org.evosuite.ga.ConstructionFailedException: Failed to add constructor for org.mockito.internal.invocation.InvocationMatcher due to org.evosuite.ga.ConstructionFailedException: Failed to add constructor for org.mockito.internal.invocation.Invocation due to org.evosuite.ga.ConstructionFailedException: Failed to add constructor for org.mockito.internal.matchers.LocalizedMatcher due to org.evosuite.ga.ConstructionFailedException: Error: VariableReference: Statement 11, type java.util.ArrayList<org.hamcrest.Matcher<java.lang.Object>> is not assignable to java.lang.Iterable<org.hamcrest.Matcher<? super java.lang.Object>>

[Progress:=================>            59%] [Cov:==================>                52%]
[Progress:=================>            59%] [Cov:=================>                 51%]
[Progress:=================>            59%] [Cov:==================>                52%]
[Progress:=================>            59%] [Cov:=================>                 51%]
[Progress:=================>            59%] [Cov:==================>                52%]
[Progress:==================>           60%] [Cov:==================>                52%]
[Progress:==================>           60%] [Cov:=================>                 51%]
[Progress:==================>           60%] [Cov:==================>                52%]
[Progress:==================>           60%] [Cov:=================>                 51%]
[Progress:==================>           60%] [Cov:==================>                52%]
[Progress:==================>           60%] [Cov:=================>                 51%]
[Progress:==================>           60%] [Cov:==================>                52%]
[Progress:==================>           60%] [Cov:=================>                 51%]
[Progress:==================>           60%] [Cov:==================>                52%]
[Progress:==================>           60%] [Cov:=================>                 51%]
[Progress:==================>           60%] [Cov:==================>                52%]
[Progress:==================>           61%] [Cov:==================>                52%]
[Progress:==================>           61%] [Cov:=================>                 51%]
[Progress:==================>           61%] [Cov:==================>                52%]
[Progress:==================>           61%] [Cov:=================>                 51%]
[Progress:==================>           61%] [Cov:==================>                52%]
[Progress:==================>           62%] [Cov:==================>                52%]
[Progress:==================>           62%] [Cov:=================>                 51%]
[Progress:==================>           62%] [Cov:==================>                52%]
[Progress:==================>           62%] [Cov:=================>                 51%]
[Progress:==================>           62%] [Cov:==================>                52%][MASTER] 22:22:33.897 [logback-1] WARN  TestChromosome - Functional mock problem: org.evosuite.ga.ConstructionFailedException: Failed to add constructor for org.mockito.internal.matchers.LocalizedMatcher due to org.evosuite.ga.ConstructionFailedException: Failed to add constructor for org.mockito.internal.invocation.Invocation due to org.evosuite.ga.ConstructionFailedException: Failed to add constructor for org.mockito.internal.invocation.realmethod.FilteredCGLIBProxyRealMethod due to org.evosuite.ga.ConstructionFailedException: Max recursion depth reached

[Progress:==================>           62%] [Cov:=================>                 51%]
[Progress:==================>           62%] [Cov:==================>                52%]
[Progress:==================>           62%] [Cov:=================>                 51%]
[Progress:==================>           62%] [Cov:==================>                52%][MASTER] 22:22:34.800 [logback-1] WARN  TestChromosome - Functional mock problem: org.evosuite.ga.ConstructionFailedException: Failed to add constructor for org.mockito.internal.invocation.InvocationMatcher due to org.evosuite.ga.ConstructionFailedException: Failed to add constructor for org.mockito.internal.invocation.Invocation due to org.evosuite.ga.ConstructionFailedException: Failed to add constructor for org.mockito.internal.matchers.LocalizedMatcher due to org.evosuite.ga.ConstructionFailedException: Failed to add constructor for org.hamcrest.core.CombinableMatcher due to org.evosuite.ga.ConstructionFailedException: Max recursion depth reached

[Progress:==================>           62%] [Cov:=================>                 51%]
[Progress:==================>           62%] [Cov:==================>                52%]
[Progress:==================>           63%] [Cov:==================>                52%]
[Progress:==================>           63%] [Cov:=================>                 51%]
[Progress:==================>           63%] [Cov:==================>                52%]
[Progress:==================>           63%] [Cov:=================>                 51%]
[Progress:==================>           63%] [Cov:==================>                52%]
[Progress:===================>          64%] [Cov:==================>                52%]
[Progress:===================>          64%] [Cov:=================>                 51%]
[Progress:===================>          64%] [Cov:==================>                52%]
[Progress:===================>          64%] [Cov:=================>                 51%]
[Progress:===================>          64%] [Cov:==================>                52%]
[Progress:===================>          64%] [Cov:=================>                 51%]
[Progress:===================>          64%] [Cov:==================>                52%]
[Progress:===================>          64%] [Cov:=================>                 51%]
[Progress:===================>          64%] [Cov:==================>                52%]
[Progress:===================>          64%] [Cov:=================>                 51%]
[Progress:===================>          64%] [Cov:==================>                52%]
[Progress:===================>          65%] [Cov:==================>                52%]
[Progress:===================>          65%] [Cov:=================>                 51%]
[Progress:===================>          65%] [Cov:==================>                52%]
[Progress:===================>          65%] [Cov:=================>                 51%]
[Progress:===================>          65%] [Cov:==================>                52%]
[Progress:===================>          66%] [Cov:==================>                52%]
[Progress:===================>          66%] [Cov:=================>                 51%]
[Progress:===================>          66%] [Cov:==================>                52%]
[Progress:===================>          66%] [Cov:=================>                 51%]
[Progress:===================>          66%] [Cov:==================>                52%]
[Progress:===================>          66%] [Cov:=================>                 51%]
[Progress:===================>          66%] [Cov:==================>                52%]
[Progress:===================>          66%] [Cov:=================>                 51%]
[Progress:===================>          66%] [Cov:==================>                52%]
[Progress:====================>         67%] [Cov:================>                  47%]
[Progress:====================>         67%] [Cov:=================>                 51%]
[Progress:====================>         67%] [Cov:==================>                52%]
[Progress:====================>         67%] [Cov:=================>                 51%]
[Progress:====================>         67%] [Cov:==================>                52%]
[Progress:====================>         67%] [Cov:=================>                 51%]
[Progress:====================>         67%] [Cov:==================>                52%]
[Progress:====================>         68%] [Cov:=================>                 51%]
[Progress:====================>         68%] [Cov:=================>                 51%]
[Progress:====================>         68%] [Cov:==================>                52%]
[Progress:====================>         68%] [Cov:=================>                 51%]
[Progress:====================>         68%] [Cov:==================>                52%]
[Progress:====================>         68%] [Cov:=================>                 51%]
[Progress:====================>         68%] [Cov:==================>                52%]
[Progress:====================>         68%] [Cov:=================>                 51%]
[Progress:====================>         68%] [Cov:==================>                52%]
[Progress:====================>         68%] [Cov:=================>                 51%]
[Progress:====================>         68%] [Cov:==================>                52%]
[Progress:====================>         69%] [Cov:==================>                52%]
[Progress:====================>         69%] [Cov:=================>                 51%]
[Progress:====================>         69%] [Cov:==================>                52%][MASTER] 22:22:44.758 [logback-1] WARN  TestChromosome - Functional mock problem: org.evosuite.ga.ConstructionFailedException: Failed to add constructor for org.mockito.internal.invocation.InvocationMatcher due to org.evosuite.ga.ConstructionFailedException: Failed to add constructor for org.mockito.internal.invocation.Invocation due to org.evosuite.ga.ConstructionFailedException: Failed to add constructor for org.mockito.internal.matchers.LocalizedMatcher due to org.evosuite.ga.ConstructionFailedException: Failed to add constructor for org.mockito.internal.stubbing.StubbedInvocationMatcher due to org.evosuite.ga.ConstructionFailedException: Failed to add constructor for org.mockito.internal.invocation.InvocationMatcher due to org.evosuite.ga.ConstructionFailedException: Have no generator for class org.mockito.internal.invocation.InvocationMatcher canUseFunctionalMocks=false, canBeMocked: false

[Progress:====================>         69%] [Cov:=================>                 51%]
[Progress:====================>         69%] [Cov:==================>                52%]
[Progress:=====================>        70%] [Cov:==================>                52%]
[Progress:=====================>        70%] [Cov:=================>                 51%]
[Progress:=====================>        70%] [Cov:==================>                52%]
[Progress:=====================>        70%] [Cov:=================>                 51%]
[Progress:=====================>        70%] [Cov:==================>                52%][MASTER] 22:22:45.759 [logback-1] WARN  TestChromosome - Functional mock problem: org.evosuite.ga.ConstructionFailedException: Failed to add constructor for org.mockito.internal.invocation.Invocation due to org.evosuite.ga.ConstructionFailedException: Failed to add constructor for org.mockito.internal.matchers.LocalizedMatcher due to org.evosuite.ga.ConstructionFailedException: Failed to add constructor for org.hamcrest.beans.HasPropertyWithValue due to org.evosuite.ga.ConstructionFailedException: Failed to add constructor for org.hamcrest.core.AllOf due to org.evosuite.ga.ConstructionFailedException: Max recursion depth reached
[MASTER] 22:22:45.994 [logback-1] WARN  TestChromosome - Functional mock problem: org.evosuite.ga.ConstructionFailedException: Failed to add constructor for org.mockito.internal.matchers.LocalizedMatcher due to org.evosuite.ga.ConstructionFailedException: Failed to add constructor for org.hamcrest.core.DescribedAs due to org.evosuite.ga.ConstructionFailedException: Failed to add constructor for org.hamcrest.beans.HasPropertyWithValue due to org.evosuite.ga.ConstructionFailedException: Have no generator for class org.mockito.internal.invocation.Invocation canUseFunctionalMocks=false, canBeMocked: true

[Progress:=====================>        70%] [Cov:=================>                 51%]
[Progress:=====================>        70%] [Cov:==================>                52%]
[Progress:=====================>        70%] [Cov:=================>                 51%]
[Progress:=====================>        70%] [Cov:==================>                52%]
[Progress:=====================>        70%] [Cov:=================>                 51%]
[Progress:=====================>        70%] [Cov:==================>                52%]
[Progress:=====================>        71%] [Cov:==================>                52%]
[Progress:=====================>        71%] [Cov:=================>                 51%]
[Progress:=====================>        71%] [Cov:==================>                52%]
[Progress:=====================>        71%] [Cov:=================>                 51%]
[Progress:=====================>        71%] [Cov:==================>                52%]
[Progress:=====================>        72%] [Cov:==================>                52%]
[Progress:=====================>        72%] [Cov:=================>                 51%]
[Progress:=====================>        72%] [Cov:==================>                52%]
[Progress:=====================>        72%] [Cov:=================>                 51%]
[Progress:=====================>        72%] [Cov:==================>                52%][MASTER] 22:22:48.524 [logback-1] WARN  TestChromosome - Functional mock problem: org.evosuite.ga.ConstructionFailedException: Failed to add constructor for org.mockito.internal.matchers.LocalizedMatcher due to org.evosuite.ga.ConstructionFailedException: Error: VariableReference: Statement 3, type java.util.TreeSet<org.hamcrest.Matcher<java.lang.Object>> is not assignable to java.lang.Iterable<org.hamcrest.Matcher<? super java.lang.Object>>

[Progress:=====================>        72%] [Cov:=================>                 51%]
[Progress:=====================>        72%] [Cov:==================>                52%]
[Progress:=====================>        72%] [Cov:=================>                 51%]
[Progress:=====================>        72%] [Cov:==================>                52%]
[Progress:=====================>        72%] [Cov:=================>                 51%]
[Progress:=====================>        72%] [Cov:==================>                52%]
[Progress:=====================>        72%] [Cov:=================>                 51%]
[Progress:=====================>        72%] [Cov:==================>                52%]
[Progress:=====================>        73%] [Cov:==================>                52%]
[Progress:=====================>        73%] [Cov:=================>                 51%]
[Progress:=====================>        73%] [Cov:==================>                52%]
[Progress:=====================>        73%] [Cov:=================>                 51%]
[Progress:=====================>        73%] [Cov:==================>                52%][MASTER] 22:22:50.891 [logback-1] WARN  TestChromosome - Functional mock problem: org.evosuite.ga.ConstructionFailedException: Failed to add constructor for org.mockito.internal.invocation.Invocation due to org.evosuite.ga.ConstructionFailedException: Failed to add constructor for org.mockito.internal.matchers.LocalizedMatcher due to org.evosuite.ga.ConstructionFailedException: Failed to add constructor for org.hamcrest.core.IsNot due to org.evosuite.ga.ConstructionFailedException: Max recursion depth reached

[Progress:======================>       74%] [Cov:==================>                52%]
[Progress:======================>       74%] [Cov:=================>                 51%]
[Progress:======================>       74%] [Cov:==================>                52%]
[Progress:======================>       74%] [Cov:=================>                 51%]
[Progress:======================>       74%] [Cov:==================>                52%]
[Progress:======================>       74%] [Cov:=================>                 51%]
[Progress:======================>       74%] [Cov:==================>                52%]
[Progress:======================>       74%] [Cov:=================>                 51%]
[Progress:======================>       74%] [Cov:==================>                52%]
[Progress:======================>       74%] [Cov:=================>                 51%]
[Progress:======================>       74%] [Cov:==================>                52%][MASTER] 22:22:52.911 [logback-1] WARN  TestChromosome - Functional mock problem: org.evosuite.ga.ConstructionFailedException: Failed to add constructor for org.mockito.internal.matchers.LocalizedMatcher due to org.evosuite.ga.ConstructionFailedException: Failed to add constructor for org.hamcrest.beans.HasPropertyWithValue due to org.evosuite.ga.ConstructionFailedException: Failed to add constructor for org.hamcrest.core.AllOf due to org.evosuite.ga.ConstructionFailedException: Error: VariableReference: Statement 8, type java.util.PriorityQueue<org.hamcrest.Matcher<java.lang.Object>> is not assignable to java.lang.Iterable<org.hamcrest.Matcher<? super org.mockito.internal.matchers.LocalizedMatcher>>
[MASTER] 22:22:53.047 [logback-1] WARN  TestChromosome - Functional mock problem: org.evosuite.ga.ConstructionFailedException: Failed to add constructor for org.mockito.internal.matchers.LocalizedMatcher due to org.evosuite.ga.ConstructionFailedException: Failed to add constructor for org.hamcrest.core.AllOf due to org.evosuite.ga.ConstructionFailedException: Error: VariableReference: Statement 3, type java.util.LinkedList<org.hamcrest.Matcher<org.mockito.internal.matchers.LocalizedMatcher>> is not assignable to java.lang.Iterable<org.hamcrest.Matcher<? super org.mockito.internal.matchers.LocalizedMatcher>>

[Progress:======================>       75%] [Cov:==================>                52%]
[Progress:======================>       75%] [Cov:=================>                 51%]
[Progress:======================>       75%] [Cov:==================>                52%]
[Progress:======================>       75%] [Cov:=================>                 51%]
[Progress:======================>       75%] [Cov:==================>                52%]
[Progress:======================>       76%] [Cov:==================>                52%]
[Progress:======================>       76%] [Cov:=================>                 51%]
[Progress:======================>       76%] [Cov:==================>                52%]
[Progress:======================>       76%] [Cov:=================>                 51%]
[Progress:======================>       76%] [Cov:==================>                52%]
[Progress:======================>       76%] [Cov:=================>                 51%]
[Progress:======================>       76%] [Cov:==================>                52%]
[Progress:======================>       76%] [Cov:=================>                 51%]
[Progress:======================>       76%] [Cov:==================>                52%][MASTER] 22:22:55.966 [logback-1] WARN  TestChromosome - Functional mock problem: org.evosuite.ga.ConstructionFailedException: Failed to add constructor for org.mockito.internal.invocation.Invocation due to org.evosuite.ga.ConstructionFailedException: Failed to add constructor for org.mockito.internal.matchers.LocalizedMatcher due to org.evosuite.ga.ConstructionFailedException: Have no generator for class org.mockito.internal.invocation.Invocation canUseFunctionalMocks=false, canBeMocked: true

[Progress:======================>       76%] [Cov:=================>                 51%]
[Progress:=======================>      77%] [Cov:==================>                52%]
[Progress:=======================>      77%] [Cov:=================>                 51%]
[Progress:=======================>      77%] [Cov:==================>                52%][MASTER] 22:22:56.803 [logback-1] WARN  TestChromosome - Functional mock problem: org.evosuite.ga.ConstructionFailedException: Failed to add constructor for org.mockito.internal.matchers.LocalizedMatcher due to org.evosuite.ga.ConstructionFailedException: Failed to add constructor for org.hamcrest.beans.SamePropertyValuesAs due to org.evosuite.ga.ConstructionFailedException: Failed to add constructor for org.mockito.internal.invocation.Invocation due to org.evosuite.ga.ConstructionFailedException: Failed to add constructor for org.mockito.internal.invocation.realmethod.CGLIBProxyRealMethod due to org.evosuite.ga.ConstructionFailedException: Failed to add constructor for org.mockito.internal.creation.SerializableMockitoMethodProxy due to org.evosuite.ga.ConstructionFailedException: Max recursion depth reached

[Progress:=======================>      77%] [Cov:=================>                 51%]
[Progress:=======================>      77%] [Cov:==================>                52%]
[Progress:=======================>      78%] [Cov:==================>                52%]
[Progress:=======================>      78%] [Cov:=================>                 51%]
[Progress:=======================>      78%] [Cov:==================>                52%]
[Progress:=======================>      78%] [Cov:=================>                 51%]
[Progress:=======================>      78%] [Cov:==================>                52%]
[Progress:=======================>      78%] [Cov:=================>                 51%]
[Progress:=======================>      78%] [Cov:==================>                52%]
[Progress:=======================>      78%] [Cov:=================>                 51%]
[Progress:=======================>      78%] [Cov:==================>                52%]
[Progress:=======================>      79%] [Cov:=================>                 50%]
[Progress:=======================>      79%] [Cov:==================>                52%]
[Progress:=======================>      79%] [Cov:=================>                 51%]
[Progress:=======================>      79%] [Cov:==================>                52%][MASTER] 22:22:59.866 [logback-1] WARN  TestChromosome - Functional mock problem: org.evosuite.ga.ConstructionFailedException: Failed to add constructor for org.mockito.internal.matchers.LocalizedMatcher due to org.evosuite.ga.ConstructionFailedException: Failed to add constructor for org.hamcrest.core.CombinableMatcher due to org.evosuite.ga.ConstructionFailedException: Failed to add constructor for org.hamcrest.core.AnyOf due to org.evosuite.ga.ConstructionFailedException: Error: VariableReference: Statement 2, type java.util.ArrayDeque<org.hamcrest.Matcher<java.lang.Object>> is not assignable to java.lang.Iterable<org.hamcrest.Matcher<? super java.lang.Object>>

[Progress:=======================>      79%] [Cov:=================>                 51%]
[Progress:=======================>      79%] [Cov:==================>                52%]
[Progress:========================>     80%] [Cov:==================>                52%]
[Progress:========================>     80%] [Cov:=================>                 51%]
[Progress:========================>     80%] [Cov:==================>                52%]
[Progress:========================>     80%] [Cov:=================>                 51%]
[Progress:========================>     80%] [Cov:==================>                52%]
[Progress:========================>     80%] [Cov:=================>                 51%]
[Progress:========================>     80%] [Cov:==================>                52%][MASTER] 22:23:01.785 [logback-1] WARN  TestChromosome - Functional mock problem: org.evosuite.ga.ConstructionFailedException: Failed to add constructor for org.mockito.internal.invocation.Invocation due to org.evosuite.ga.ConstructionFailedException: Failed to add constructor for org.mockito.internal.matchers.LocalizedMatcher due to org.evosuite.ga.ConstructionFailedException: Error: VariableReference: Statement 1, type java.lang.Iterable<org.hamcrest.Matcher<java.lang.Object>> is not assignable to java.lang.Iterable<org.hamcrest.Matcher<? super java.lang.Object>>

[Progress:========================>     80%] [Cov:=================>                 51%]
[Progress:========================>     80%] [Cov:==================>                52%]
[Progress:========================>     81%] [Cov:==================>                52%]
[Progress:========================>     81%] [Cov:=================>                 51%]
[Progress:========================>     81%] [Cov:==================>                52%]
[Progress:========================>     81%] [Cov:=================>                 51%]
[Progress:========================>     81%] [Cov:==================>                52%]
[Progress:========================>     82%] [Cov:================>                  48%]
[Progress:========================>     82%] [Cov:==================>                52%]
[Progress:========================>     82%] [Cov:=================>                 51%]
[Progress:========================>     82%] [Cov:==================>                52%]
[Progress:========================>     82%] [Cov:=================>                 51%]
[Progress:========================>     82%] [Cov:==================>                52%]
[Progress:========================>     82%] [Cov:=================>                 51%]
[Progress:========================>     82%] [Cov:==================>                52%]
[Progress:========================>     82%] [Cov:=================>                 51%]
[Progress:========================>     82%] [Cov:==================>                52%]
[Progress:========================>     83%] [Cov:==================>                52%]
[Progress:========================>     83%] [Cov:=================>                 51%]
[Progress:========================>     83%] [Cov:==================>                52%]
[Progress:========================>     83%] [Cov:=================>                 51%]
[Progress:========================>     83%] [Cov:==================>                52%][MASTER] 22:23:06.020 [logback-1] WARN  TestChromosome - Functional mock problem: org.evosuite.ga.ConstructionFailedException: Failed to add constructor for org.mockito.internal.invocation.InvocationMatcher due to org.evosuite.ga.ConstructionFailedException: Failed to add constructor for org.mockito.internal.invocation.Invocation due to org.evosuite.ga.ConstructionFailedException: Failed to add constructor for org.mockito.internal.matchers.LocalizedMatcher due to org.evosuite.ga.ConstructionFailedException: Failed to add constructor for org.hamcrest.object.HasToString due to org.evosuite.ga.ConstructionFailedException: Max recursion depth reached

[Progress:========================>     83%] [Cov:=================>                 51%]
[Progress:========================>     83%] [Cov:==================>                52%]
[Progress:=========================>    84%] [Cov:==================>                52%]
[Progress:=========================>    84%] [Cov:=================>                 51%]
[Progress:=========================>    84%] [Cov:==================>                52%][MASTER] 22:23:06.832 [logback-1] WARN  TestChromosome - Functional mock problem: org.evosuite.ga.ConstructionFailedException: Failed to add constructor for org.mockito.internal.matchers.LocalizedMatcher due to org.evosuite.ga.ConstructionFailedException: Failed to add constructor for org.mockito.internal.stubbing.StubbedInvocationMatcher due to org.evosuite.ga.ConstructionFailedException: Failed to add constructor for org.mockito.internal.invocation.InvocationMatcher due to org.evosuite.ga.ConstructionFailedException: Max recursion depth reached

[Progress:=========================>    84%] [Cov:=================>                 51%]
[Progress:=========================>    84%] [Cov:==================>                52%][MASTER] 22:23:07.355 [logback-1] WARN  TestChromosome - Functional mock problem: org.evosuite.ga.ConstructionFailedException: Failed to add constructor for org.mockito.internal.invocation.Invocation due to org.evosuite.ga.ConstructionFailedException: Failed to add constructor for org.mockito.internal.invocation.SerializableMethod due to org.evosuite.ga.ConstructionFailedException: Failed to add constructor for org.mockito.internal.invocation.InvocationMatcher due to org.evosuite.ga.ConstructionFailedException: Max recursion depth reached

[Progress:=========================>    84%] [Cov:=================>                 51%]
[Progress:=========================>    84%] [Cov:==================>                52%]
[Progress:=========================>    84%] [Cov:=================>                 51%]
[Progress:=========================>    84%] [Cov:==================>                52%]
[Progress:=========================>    85%] [Cov:==================>                52%]
[Progress:=========================>    85%] [Cov:=================>                 51%]
[Progress:=========================>    85%] [Cov:==================>                52%]
[Progress:=========================>    85%] [Cov:=================>                 51%]
[Progress:=========================>    85%] [Cov:==================>                52%]
[Progress:=========================>    86%] [Cov:==================>                52%]
[Progress:=========================>    86%] [Cov:=================>                 51%]
[Progress:=========================>    86%] [Cov:==================>                52%]
[Progress:=========================>    86%] [Cov:=================>                 51%]
[Progress:=========================>    86%] [Cov:==================>                52%]
[Progress:=========================>    86%] [Cov:=================>                 51%]
[Progress:=========================>    86%] [Cov:==================>                52%]
[Progress:=========================>    86%] [Cov:=================>                 51%]
[Progress:=========================>    86%] [Cov:==================>                52%][MASTER] 22:23:10.787 [logback-1] WARN  TestChromosome - Functional mock problem: org.evosuite.ga.ConstructionFailedException: Failed to add constructor for org.mockito.internal.invocation.Invocation due to org.evosuite.ga.ConstructionFailedException: Failed to add constructor for org.mockito.internal.matchers.LocalizedMatcher due to org.evosuite.ga.ConstructionFailedException: Error: VariableReference: Statement 5, type java.util.HashSet<org.hamcrest.Matcher<java.lang.Object>> is not assignable to java.lang.Iterable<org.hamcrest.Matcher<? super org.mockito.internal.matchers.LocalizedMatcher>>

[Progress:==========================>   87%] [Cov:==================>                52%]
[Progress:==========================>   87%] [Cov:=================>                 51%]
[Progress:==========================>   87%] [Cov:==================>                52%]
[Progress:==========================>   87%] [Cov:=================>                 51%]
[Progress:==========================>   87%] [Cov:==================>                52%][MASTER] 22:23:11.736 [logback-1] WARN  TestChromosome - Functional mock problem: org.evosuite.ga.ConstructionFailedException: Failed to add constructor for org.mockito.internal.invocation.Invocation due to org.evosuite.ga.ConstructionFailedException: Failed to add constructor for org.mockito.internal.matchers.LocalizedMatcher due to org.evosuite.ga.ConstructionFailedException: Error: VariableReference: Statement 6, type java.util.TreeSet<org.hamcrest.Matcher<org.mockito.internal.matchers.LocalizedMatcher>> is not assignable to java.lang.Iterable<org.hamcrest.Matcher<? super org.mockito.internal.matchers.LocalizedMatcher>>

[Progress:==========================>   88%] [Cov:==================>                52%]
[Progress:==========================>   88%] [Cov:=================>                 51%]
[Progress:==========================>   88%] [Cov:==================>                52%]
[Progress:==========================>   88%] [Cov:=================>                 51%]
[Progress:==========================>   88%] [Cov:==================>                52%]
[Progress:==========================>   88%] [Cov:=================>                 51%]
[Progress:==========================>   88%] [Cov:==================>                52%]
[Progress:==========================>   88%] [Cov:=================>                 51%]
[Progress:==========================>   88%] [Cov:==================>                52%]
[Progress:==========================>   88%] [Cov:=================>                 51%]
[Progress:==========================>   88%] [Cov:==================>                52%]
[Progress:==========================>   89%] [Cov:==================>                52%][MASTER] 22:23:14.238 [logback-1] WARN  TestChromosome - Functional mock problem: org.evosuite.ga.ConstructionFailedException: Failed to add constructor for org.hamcrest.core.AnyOf due to org.evosuite.ga.ConstructionFailedException: Error: VariableReference: Statement 1, type java.lang.Iterable<org.hamcrest.Matcher<java.lang.Object>> is not assignable to java.lang.Iterable<org.hamcrest.Matcher<? super java.lang.Object>>

[Progress:==========================>   89%] [Cov:=================>                 51%]
[Progress:==========================>   89%] [Cov:==================>                52%]
[Progress:==========================>   89%] [Cov:=================>                 51%]
[Progress:==========================>   89%] [Cov:==================>                52%]
[Progress:===========================>  90%] [Cov:==================>                52%]
[Progress:===========================>  90%] [Cov:=================>                 51%]
[Progress:===========================>  90%] [Cov:==================>                52%]
[Progress:===========================>  90%] [Cov:=================>                 51%]
[Progress:===========================>  90%] [Cov:==================>                52%]
[Progress:===========================>  90%] [Cov:=================>                 51%]
[Progress:===========================>  90%] [Cov:==================>                52%]
[Progress:===========================>  90%] [Cov:=================>                 51%]
[Progress:===========================>  90%] [Cov:==================>                52%]
[Progress:===========================>  90%] [Cov:=================>                 51%]
[Progress:===========================>  90%] [Cov:==================>                52%]
[Progress:===========================>  91%] [Cov:==================>                52%]
[Progress:===========================>  91%] [Cov:=================>                 51%]
[Progress:===========================>  91%] [Cov:==================>                52%][MASTER] 22:23:17.466 [logback-1] WARN  TestChromosome - Functional mock problem: org.evosuite.ga.ConstructionFailedException: Failed to add constructor for org.mockito.internal.matchers.LocalizedMatcher due to org.evosuite.ga.ConstructionFailedException: Failed to add constructor for org.hamcrest.core.IsEqual due to org.evosuite.ga.ConstructionFailedException: Have no generator for class org.mockito.internal.invocation.Invocation canUseFunctionalMocks=false, canBeMocked: true
[MASTER] 22:23:17.596 [logback-1] WARN  TestChromosome - Functional mock problem: org.evosuite.ga.ConstructionFailedException: Failed to add constructor for org.mockito.internal.stubbing.StubbedInvocationMatcher due to org.evosuite.ga.ConstructionFailedException: Failed to add constructor for org.mockito.internal.invocation.InvocationMatcher due to org.evosuite.ga.ConstructionFailedException: Failed to add constructor for org.mockito.internal.invocation.Invocation due to org.evosuite.ga.ConstructionFailedException: Failed to add constructor for org.mockito.internal.matchers.LocalizedMatcher due to org.evosuite.ga.ConstructionFailedException: Failed to add constructor for org.hamcrest.collection.IsIn due to org.evosuite.ga.ConstructionFailedException: Have no generator for class org.mockito.internal.invocation.Invocation canUseFunctionalMocks=false, canBeMocked: true

[Progress:===========================>  91%] [Cov:=================>                 51%]
[Progress:===========================>  91%] [Cov:==================>                52%]
[Progress:===========================>  92%] [Cov:==================>                52%]
[Progress:===========================>  92%] [Cov:=================>                 51%]
[Progress:===========================>  92%] [Cov:==================>                52%]
[Progress:===========================>  92%] [Cov:=================>                 51%]
[Progress:===========================>  92%] [Cov:==================>                52%]
[Progress:===========================>  92%] [Cov:=================>                 51%]
[Progress:===========================>  92%] [Cov:==================>                52%][MASTER] 22:23:19.581 [logback-1] WARN  TestChromosome - Functional mock problem: org.evosuite.ga.ConstructionFailedException: Failed to add constructor for org.mockito.internal.invocation.InvocationMatcher due to org.evosuite.ga.ConstructionFailedException: Failed to add constructor for org.mockito.internal.invocation.Invocation due to org.evosuite.ga.ConstructionFailedException: Failed to add constructor for org.mockito.internal.matchers.LocalizedMatcher due to org.evosuite.ga.ConstructionFailedException: Failed to add constructor for org.hamcrest.core.AllOf due to org.evosuite.ga.ConstructionFailedException: Error: VariableReference: Statement 1, type java.util.PriorityQueue<org.hamcrest.Matcher<java.lang.Object>> is not assignable to java.lang.Iterable<org.hamcrest.Matcher<? super java.lang.Object>>

[Progress:===========================>  92%] [Cov:=================>                 51%]
[Progress:===========================>  92%] [Cov:==================>                52%][MASTER] 22:23:19.776 [logback-1] WARN  TestChromosome - Functional mock problem: org.evosuite.ga.ConstructionFailedException: Failed to add constructor for org.mockito.internal.matchers.LocalizedMatcher due to org.evosuite.ga.ConstructionFailedException: Failed to add constructor for org.hamcrest.collection.IsIn due to org.evosuite.ga.ConstructionFailedException: Have no generator for class org.mockito.internal.invocation.Invocation canUseFunctionalMocks=false, canBeMocked: true

[Progress:===========================>  93%] [Cov:==================>                52%]
[Progress:===========================>  93%] [Cov:=================>                 51%]
[Progress:===========================>  93%] [Cov:==================>                52%]
[Progress:===========================>  93%] [Cov:=================>                 51%]
[Progress:===========================>  93%] [Cov:==================>                52%]
[Progress:============================> 94%] [Cov:==================>                52%]
[Progress:============================> 94%] [Cov:=================>                 51%]
[Progress:============================> 94%] [Cov:==================>                52%]
[Progress:============================> 94%] [Cov:=================>                 51%]
[Progress:============================> 94%] [Cov:==================>                52%]
[Progress:============================> 94%] [Cov:=================>                 51%]
[Progress:============================> 94%] [Cov:==================>                52%]
[Progress:============================> 94%] [Cov:=================>                 51%]
[Progress:============================> 94%] [Cov:==================>                52%]
[Progress:============================> 95%] [Cov:=================>                 51%]
[Progress:============================> 95%] [Cov:==================>                52%]
[Progress:============================> 95%] [Cov:=================>                 51%]
[Progress:============================> 95%] [Cov:==================>                52%]
[Progress:============================> 95%] [Cov:=================>                 51%]
[Progress:============================> 95%] [Cov:==================>                52%][MASTER] 22:23:23.565 [logback-1] WARN  TestChromosome - Functional mock problem: org.evosuite.ga.ConstructionFailedException: Failed to add constructor for org.mockito.internal.matchers.LocalizedMatcher due to org.evosuite.ga.ConstructionFailedException: Have no generator for class java.lang.reflect.AccessibleObject canUseFunctionalMocks=false, canBeMocked: true
[MASTER] 22:23:23.733 [logback-1] WARN  TestChromosome - Functional mock problem: org.evosuite.ga.ConstructionFailedException: Failed to add constructor for org.mockito.internal.stubbing.StubbedInvocationMatcher due to org.evosuite.ga.ConstructionFailedException: Failed to add constructor for org.mockito.internal.invocation.InvocationMatcher due to org.evosuite.ga.ConstructionFailedException: Failed to add constructor for org.mockito.internal.invocation.Invocation due to org.evosuite.ga.ConstructionFailedException: Failed to add constructor for org.mockito.internal.invocation.realmethod.FilteredCGLIBProxyRealMethod due to org.evosuite.ga.ConstructionFailedException: Failed to add constructor for org.mockito.internal.invocation.realmethod.CGLIBProxyRealMethod due to org.evosuite.ga.ConstructionFailedException: Max recursion depth reached

[Progress:============================> 95%] [Cov:=================>                 51%]
[Progress:============================> 95%] [Cov:==================>                52%]
[Progress:============================> 96%] [Cov:==================>                52%]
[Progress:============================> 96%] [Cov:=================>                 51%]
[Progress:============================> 96%] [Cov:==================>                52%]
[Progress:============================> 96%] [Cov:=================>                 51%]
[Progress:============================> 96%] [Cov:==================>                52%]
[Progress:============================> 96%] [Cov:=================>                 51%]
[Progress:============================> 96%] [Cov:==================>                52%]
[Progress:============================> 96%] [Cov:=================>                 51%]
[Progress:============================> 96%] [Cov:==================>                52%]
[Progress:=============================>97%] [Cov:==================>                52%]
[Progress:=============================>97%] [Cov:=================>                 51%]
[Progress:=============================>97%] [Cov:==================>                52%][MASTER] 22:23:26.245 [logback-1] WARN  TestChromosome - Functional mock problem: org.evosuite.ga.ConstructionFailedException: Failed to add constructor for org.mockito.internal.invocation.InvocationMatcher due to org.evosuite.ga.ConstructionFailedException: Failed to add constructor for org.mockito.internal.invocation.Invocation due to org.evosuite.ga.ConstructionFailedException: Failed to add constructor for org.mockito.internal.matchers.LocalizedMatcher due to org.evosuite.ga.ConstructionFailedException: Failed to add constructor for org.hamcrest.beans.SamePropertyValuesAs due to org.evosuite.ga.ConstructionFailedException: Max recursion depth reached

[Progress:=============================>97%] [Cov:=================>                 51%]
[Progress:=============================>97%] [Cov:==================>                52%]
[Progress:=============================>97%] [Cov:=================>                 51%]
[Progress:=============================>97%] [Cov:==================>                52%]
[Progress:=============================>98%] [Cov:==================>                52%]
[Progress:=============================>98%] [Cov:=================>                 51%]
[Progress:=============================>98%] [Cov:==================>                52%]
[Progress:=============================>98%] [Cov:=================>                 51%]
[Progress:=============================>98%] [Cov:==================>                52%]
[Progress:=============================>98%] [Cov:=================>                 51%]
[Progress:=============================>98%] [Cov:==================>                52%]
[Progress:=============================>98%] [Cov:=================>                 51%]
[Progress:=============================>98%] [Cov:==================>                52%][MASTER] 22:23:28.866 [logback-1] WARN  TestChromosome - Functional mock problem: org.evosuite.ga.ConstructionFailedException: Failed to add constructor for org.mockito.internal.matchers.LocalizedMatcher due to org.evosuite.ga.ConstructionFailedException: Failed to add constructor for org.hamcrest.core.IsSame due to org.evosuite.ga.ConstructionFailedException: Failed to add constructor for org.mockito.internal.invocation.Invocation due to org.evosuite.ga.ConstructionFailedException: Failed to add constructor for org.mockito.internal.invocation.realmethod.CGLIBProxyRealMethod due to org.evosuite.ga.ConstructionFailedException: Max recursion depth reached

[Progress:=============================>98%] [Cov:=================>                 51%]
[Progress:=============================>98%] [Cov:==================>                52%]
[Progress:=============================>99%] [Cov:==================>                52%]
[Progress:=============================>99%] [Cov:=================>                 51%]
[Progress:=============================>99%] [Cov:==================>                52%]
[Progress:=============================>99%] [Cov:=================>                 51%]
[Progress:=============================>99%] [Cov:==================>                52%]
[Progress:==============================100%] [Cov:==================>                52%]
[Progress:==============================100%] [Cov:=================>                 51%]
[Progress:==============================100%] [Cov:==================>                52%][MASTER] 22:23:30.549 [logback-1] WARN  TestChromosome - Functional mock problem: org.evosuite.ga.ConstructionFailedException: Failed to add constructor for org.mockito.internal.matchers.LocalizedMatcher due to org.evosuite.ga.ConstructionFailedException: Failed to add constructor for org.hamcrest.core.AllOf due to org.evosuite.ga.ConstructionFailedException: Error: VariableReference: Statement 2, type java.lang.Class<org.hamcrest.Matcher> is not assignable to java.lang.Class<org.hamcrest.Matcher<java.lang.Object>>

[Progress:==============================100%] [Cov:=================>                 51%]
[Progress:==============================100%] [Cov:==================>                52%]
[Progress:==============================100%] [Cov:=================>                 51%]
* Search finished after 152s and 354 generations, 133622 statements, best individual has fitness: 225.947368417793
* Minimizing test suite
* Going to analyze the coverage criteria
* Coverage analysis for criterion LINE
* Coverage of criterion LINE: 45%
* Total number of goals: 38
* Number of covered goals: 17
* Coverage analysis for criterion BRANCH
* Coverage of criterion BRANCH: 31%
* Total number of goals: 39
* Number of covered goals: 12
* Coverage analysis for criterion EXCEPTION
* Coverage of criterion EXCEPTION: 36%
* Total number of goals: 11
* Number of covered goals: 4
* Coverage analysis for criterion WEAKMUTATION
* Coverage of criterion WEAKMUTATION: 7%
* Total number of goals: 68
* Number of covered goals: 5
* Coverage analysis for criterion OUTPUT
* Coverage of criterion OUTPUT: 14%
* Total number of goals: 44
* Number of covered goals: 6
* Coverage analysis for criterion METHOD
* Coverage of criterion METHOD: 92%
* Total number of goals: 12
* Number of covered goals: 11
* Coverage analysis for criterion METHODNOEXCEPTION
* Coverage of criterion METHODNOEXCEPTION: 67%
* Total number of goals: 12
* Number of covered goals: 8
* Coverage analysis for criterion CBRANCH
* Coverage of criterion CBRANCH: 31%
* Total number of goals: 39
* Number of covered goals: 12
* Generated 10 tests with total length 36
* Resulting test suite's coverage: 51% (average coverage for all fitness functions)
* Generating assertions
* Resulting test suite's mutation score: 7%
* Compiling and checking tests
* Writing tests to file
* Writing JUnit test case 'InvocationMatcher_ESTest' to evosuite-tests
* Done!

* Computation finished

