CMD: /usr/lib/jvm/java-8-openjdk-amd64/bin/java -Dtools_jar_location=/usr/lib/jvm/java-8-openjdk-amd64/lib/tools.jar -jar /home/pizza/evosuite/evosuite-1.2.0.jar -generateSuite -class com.fasterxml.jackson.databind.deser.std.NullifyingDeserializer -projectCP /home/pizza/evosuite/Test/JacksonDatabind-39b/target/classes:/home/pizza/defects4j/framework/projects/JacksonDatabind/lib/com/fasterxml/jackson/core/jackson-annotations/2.6.0/jackson-annotations-2.6.0.jar:/home/pizza/defects4j/framework/projects/JacksonDatabind/lib/com/fasterxml/jackson/core/jackson-core/2.6.5/jackson-core-2.6.5.jar -base_dir /home/pizza/evosuite/results/project-JacksonDatabind/JacksonDatabind-39/round02/evosuite-work -seed 11 -Dalgorithm=NSGAII -Dsearch_budget=150 -Dtest_format=JUNIT4 -Dassertions=true

* EvoSuite 1.2.0
* Going to generate test cases for class: com.fasterxml.jackson.databind.deser.std.NullifyingDeserializer
* Starting Client-0
* Connecting to master process on port 8224
* Analyzing classpath: 
  - /home/pizza/evosuite/Test/JacksonDatabind-39b/target/classes
  - /home/pizza/defects4j/framework/projects/JacksonDatabind/lib/com/fasterxml/jackson/core/jackson-annotations/2.6.0/jackson-annotations-2.6.0.jar
  - /home/pizza/defects4j/framework/projects/JacksonDatabind/lib/com/fasterxml/jackson/core/jackson-core/2.6.5/jackson-core-2.6.5.jar
* Finished analyzing classpath
* Generating tests for class com.fasterxml.jackson.databind.deser.std.NullifyingDeserializer
* Test criteria:
  - Line Coverage
  - Branch Coverage
  - Exception
  - Mutation testing (weak)
  - Method-Output Coverage
  - Top-Level Method Coverage
  - No-Exception Top-Level Method Coverage
  - Context Branch Coverage
* Setting up search algorithm for whole suite generation
* Total number of test goals: 
  - Line 6
  - Branch 14
  - Exception 0
  - MutationFactory 0
  - Output 4
  - Method 3
  - MethodNoException 3
  - CBranchFitnessFactory 14
* Using seed 11
* Starting evolution

[Progress:>                             0%] [Cov:>                                  0%][MASTER] 05:15:41.623 [logback-1] WARN  TestCluster - Failed to check cache for java.util.Vector<E> : Type points to itself
[MASTER] 05:15:42.585 [logback-1] WARN  TestCluster - Failed to check cache for java.util.HashMap<K, V> : Type points to itself

[Progress:>                             1%] [Cov:>                                  0%]
[Progress:>                             2%] [Cov:==>                                6%]
[Progress:>                             2%] [Cov:==>                                8%]
[Progress:>                             2%] [Cov:=======>                           20%]
[Progress:>                             2%] [Cov:===========>                       33%]
[Progress:>                             2%] [Cov:============>                      36%]
[Progress:>                             2%] [Cov:===============>                   44%]
[Progress:>                             2%] [Cov:==================>                52%]
[Progress:>                             2%] [Cov:==================>                54%]
[Progress:>                             2%] [Cov:====================>              59%]
[Progress:>                             2%] [Cov:=====================>             60%][MASTER] 05:15:45.807 [logback-1] WARN  TestCluster - Failed to check cache for com.fasterxml.jackson.databind.JsonDeserializer<T> : Type points to itself

[Progress:>                             2%] [Cov:=====================>             61%]
[Progress:>                             2%] [Cov:=========================>         73%]
[Progress:>                             2%] [Cov:==========================>        75%]
[Progress:=>                            6%] [Cov:>                                  2%][MASTER] 05:15:50.950 [logback-1] WARN  TestCluster - Failed to check cache for com.fasterxml.jackson.annotation.ObjectIdGenerator<T> : Type points to itself

[Progress:=>                            6%] [Cov:==>                                6%]
[Progress:=>                            6%] [Cov:==>                                8%]
[Progress:=>                            6%] [Cov:=====>                             15%]
[Progress:=>                            6%] [Cov:=======>                           20%]
[Progress:=>                            6%] [Cov:=========>                         27%]
[Progress:=>                            6%] [Cov:===========>                       33%]
[Progress:=>                            6%] [Cov:============>                      36%]
[Progress:=>                            6%] [Cov:===============>                   44%]
[Progress:=>                            6%] [Cov:==================>                52%]
[Progress:=>                            6%] [Cov:==================>                54%]
[Progress:=>                            6%] [Cov:=====================>             61%]
[Progress:=>                            6%] [Cov:=========================>         73%]
[Progress:=>                            6%] [Cov:============================>      80%]
[Progress:===>                          10%] [Cov:==>                                6%]
[Progress:===>                          10%] [Cov:==>                                8%]
[Progress:===>                          10%] [Cov:=======>                           20%]
[Progress:===>                          10%] [Cov:===========>                       33%]
[Progress:===>                          10%] [Cov:============>                      36%]
[Progress:===>                          10%] [Cov:===============>                   44%]
[Progress:===>                          10%] [Cov:==================>                52%]
[Progress:===>                          10%] [Cov:==================>                54%]
[Progress:===>                          10%] [Cov:============================>      80%]
[Progress:===>                          10%] [Cov:============================>      80%]
[Progress:===>                          10%] [Cov:============================>      80%]
[Progress:===>                          10%] [Cov:============================>      80%]
[Progress:===>                          10%] [Cov:============================>      80%][MASTER] 05:15:58.278 [logback-1] WARN  TestChromosome - Functional mock problem: org.evosuite.ga.ConstructionFailedException: Max recursion depth reached

[Progress:===>                          10%] [Cov:============================>      80%]
[Progress:===>                          11%] [Cov:============================>      80%]
[Progress:===>                          11%] [Cov:============================>      80%]
[Progress:===>                          11%] [Cov:============================>      80%][MASTER] 05:15:59.047 [logback-1] WARN  TestChromosome - Functional mock problem: org.evosuite.ga.ConstructionFailedException: Have no generator for java.lang.reflect.Constructor<java.lang.Integer> canUseFunctionalMocks=false, canBeMocked: false

[Progress:===>                          11%] [Cov:============================>      80%]
[Progress:===>                          11%] [Cov:============================>      80%]
[Progress:===>                          12%] [Cov:============================>      80%]
[Progress:===>                          12%] [Cov:============================>      80%]
[Progress:===>                          12%] [Cov:============================>      80%]
[Progress:===>                          12%] [Cov:============================>      80%]
[Progress:===>                          12%] [Cov:============================>      80%]
[Progress:===>                          12%] [Cov:============================>      80%]
[Progress:===>                          12%] [Cov:============================>      80%]
[Progress:===>                          12%] [Cov:============================>      80%]
[Progress:===>                          12%] [Cov:============================>      80%]
[Progress:===>                          12%] [Cov:============================>      80%]
[Progress:===>                          12%] [Cov:============================>      80%]
[Progress:===>                          12%] [Cov:============================>      80%]
[Progress:===>                          13%] [Cov:============================>      80%]
[Progress:===>                          13%] [Cov:============================>      80%]
[Progress:===>                          13%] [Cov:============================>      80%][MASTER] 05:16:01.789 [logback-1] WARN  TestCluster - Failed to check cache for com.fasterxml.jackson.databind.JsonSerializer<T> : Type points to itself

[Progress:===>                          13%] [Cov:============================>      80%]
[Progress:===>                          13%] [Cov:============================>      80%]
[Progress:===>                          13%] [Cov:============================>      80%]
[Progress:====>                         14%] [Cov:============================>      80%]
[Progress:====>                         14%] [Cov:============================>      80%]
[Progress:====>                         14%] [Cov:============================>      80%]
[Progress:====>                         14%] [Cov:============================>      80%]
[Progress:====>                         14%] [Cov:============================>      80%]
[Progress:====>                         14%] [Cov:============================>      80%]
[Progress:====>                         14%] [Cov:============================>      80%]
[Progress:====>                         14%] [Cov:============================>      80%]
[Progress:====>                         14%] [Cov:============================>      80%]
[Progress:====>                         14%] [Cov:============================>      80%]
[Progress:====>                         14%] [Cov:============================>      80%]
[Progress:====>                         14%] [Cov:============================>      80%]
[Progress:====>                         14%] [Cov:============================>      80%]
[Progress:====>                         14%] [Cov:============================>      80%]
[Progress:====>                         14%] [Cov:============================>      80%][MASTER] 05:16:04.257 [logback-1] WARN  TestCluster - Failed to check cache for java.util.Comparator<T> : Type points to itself

[Progress:====>                         14%] [Cov:============================>      80%]
[Progress:====>                         15%] [Cov:============================>      80%]
[Progress:====>                         15%] [Cov:============================>      80%]
[Progress:====>                         15%] [Cov:============================>      80%]
[Progress:====>                         15%] [Cov:============================>      80%]
[Progress:====>                         15%] [Cov:============================>      80%]
[Progress:====>                         15%] [Cov:============================>      80%]
[Progress:====>                         15%] [Cov:============================>      80%]
[Progress:====>                         15%] [Cov:============================>      80%]
[Progress:====>                         15%] [Cov:============================>      80%]
[Progress:====>                         15%] [Cov:============================>      80%]
[Progress:====>                         16%] [Cov:============================>      80%]
[Progress:====>                         16%] [Cov:============================>      80%]
[Progress:====>                         16%] [Cov:============================>      80%]
[Progress:====>                         16%] [Cov:============================>      80%]
[Progress:====>                         16%] [Cov:============================>      80%]
[Progress:====>                         16%] [Cov:============================>      80%]
[Progress:====>                         16%] [Cov:============================>      80%]
[Progress:====>                         16%] [Cov:============================>      80%]
[Progress:====>                         16%] [Cov:============================>      80%][MASTER] 05:16:06.351 [logback-1] WARN  TestCluster - Failed to check cache for java.util.EnumSet<E> : Type points to itself

[Progress:====>                         16%] [Cov:============================>      80%]
[Progress:====>                         16%] [Cov:============================>      80%]
[Progress:====>                         16%] [Cov:============================>      80%]
[Progress:====>                         16%] [Cov:============================>      80%]
[Progress:====>                         16%] [Cov:============================>      80%]
[Progress:====>                         16%] [Cov:============================>      80%]
[Progress:====>                         16%] [Cov:============================>      80%]
[Progress:====>                         16%] [Cov:============================>      80%]
[Progress:====>                         16%] [Cov:============================>      80%]
[Progress:====>                         16%] [Cov:============================>      80%]
[Progress:====>                         16%] [Cov:============================>      80%]
[Progress:====>                         16%] [Cov:============================>      80%]
[Progress:====>                         16%] [Cov:============================>      80%]
[Progress:=====>                        17%] [Cov:============================>      80%]
[Progress:=====>                        17%] [Cov:============================>      80%]
[Progress:=====>                        17%] [Cov:============================>      80%]
[Progress:=====>                        17%] [Cov:============================>      80%]
[Progress:=====>                        17%] [Cov:============================>      80%]
[Progress:=====>                        17%] [Cov:============================>      80%]
[Progress:=====>                        17%] [Cov:============================>      80%]
[Progress:=====>                        17%] [Cov:============================>      80%]
[Progress:=====>                        17%] [Cov:============================>      80%]
[Progress:=====>                        17%] [Cov:============================>      80%]
[Progress:=====>                        17%] [Cov:============================>      80%]
[Progress:=====>                        17%] [Cov:============================>      80%]
[Progress:=====>                        17%] [Cov:============================>      80%]
[Progress:=====>                        18%] [Cov:=========================>         72%]
[Progress:=====>                        18%] [Cov:============================>      80%]
[Progress:=====>                        18%] [Cov:============================>      80%]
[Progress:=====>                        18%] [Cov:============================>      80%]
[Progress:=====>                        18%] [Cov:============================>      80%]
[Progress:=====>                        18%] [Cov:============================>      80%]
[Progress:=====>                        18%] [Cov:============================>      80%]
[Progress:=====>                        18%] [Cov:============================>      80%]
[Progress:=====>                        18%] [Cov:============================>      80%]
[Progress:=====>                        18%] [Cov:============================>      80%]
[Progress:=====>                        18%] [Cov:============================>      80%]
[Progress:=====>                        18%] [Cov:============================>      80%]
[Progress:=====>                        18%] [Cov:============================>      80%]
[Progress:=====>                        18%] [Cov:============================>      80%]
[Progress:=====>                        18%] [Cov:============================>      80%]
[Progress:=====>                        18%] [Cov:============================>      80%]
[Progress:=====>                        18%] [Cov:============================>      80%]
[Progress:=====>                        18%] [Cov:============================>      80%]
[Progress:=====>                        18%] [Cov:============================>      80%]
[Progress:=====>                        18%] [Cov:============================>      80%]
[Progress:=====>                        18%] [Cov:============================>      80%]
[Progress:=====>                        18%] [Cov:============================>      80%]
[Progress:=====>                        19%] [Cov:=========================>         72%]
[Progress:=====>                        19%] [Cov:============================>      80%]
[Progress:=====>                        19%] [Cov:============================>      80%]
[Progress:=====>                        19%] [Cov:============================>      80%]
[Progress:=====>                        19%] [Cov:============================>      80%]
[Progress:=====>                        19%] [Cov:============================>      80%]
[Progress:=====>                        19%] [Cov:============================>      80%]
[Progress:=====>                        19%] [Cov:============================>      80%]
[Progress:=====>                        19%] [Cov:============================>      80%]
[Progress:=====>                        19%] [Cov:============================>      80%]
[Progress:=====>                        19%] [Cov:============================>      80%]
[Progress:=====>                        19%] [Cov:============================>      80%]
[Progress:=====>                        19%] [Cov:============================>      80%]
[Progress:======>                       20%] [Cov:============================>      80%]
[Progress:======>                       20%] [Cov:============================>      80%]
[Progress:======>                       20%] [Cov:============================>      80%]
[Progress:======>                       20%] [Cov:============================>      80%][MASTER] 05:16:11.714 [logback-1] WARN  TestCluster - Failed to check cache for java.util.Enumeration<E> : Type points to itself

[Progress:======>                       20%] [Cov:============================>      80%]
[Progress:======>                       20%] [Cov:============================>      80%]
[Progress:======>                       20%] [Cov:============================>      80%]
[Progress:======>                       20%] [Cov:============================>      80%]
[Progress:======>                       20%] [Cov:============================>      80%]
[Progress:======>                       20%] [Cov:============================>      80%]
[Progress:======>                       20%] [Cov:============================>      80%]
[Progress:======>                       20%] [Cov:============================>      80%]
[Progress:======>                       20%] [Cov:============================>      80%]
[Progress:======>                       20%] [Cov:============================>      80%]
[Progress:======>                       20%] [Cov:============================>      80%]
[Progress:======>                       20%] [Cov:============================>      80%]
[Progress:======>                       20%] [Cov:============================>      80%]
[Progress:======>                       20%] [Cov:============================>      80%]
[Progress:======>                       20%] [Cov:============================>      80%]
[Progress:======>                       20%] [Cov:============================>      80%]
[Progress:======>                       20%] [Cov:============================>      80%]
[Progress:======>                       20%] [Cov:============================>      80%]
[Progress:======>                       21%] [Cov:===========================>       78%]
[Progress:======>                       21%] [Cov:============================>      80%]
[Progress:======>                       21%] [Cov:============================>      80%]
[Progress:======>                       21%] [Cov:============================>      80%]
[Progress:======>                       21%] [Cov:============================>      80%]
[Progress:======>                       21%] [Cov:============================>      80%]
[Progress:======>                       21%] [Cov:============================>      80%]
[Progress:======>                       21%] [Cov:============================>      80%]
[Progress:======>                       21%] [Cov:============================>      80%]
[Progress:======>                       21%] [Cov:============================>      80%]
[Progress:======>                       21%] [Cov:============================>      80%]
[Progress:======>                       21%] [Cov:============================>      80%]
[Progress:======>                       21%] [Cov:============================>      80%]
[Progress:======>                       21%] [Cov:============================>      80%]
[Progress:======>                       21%] [Cov:============================>      80%]
[Progress:======>                       21%] [Cov:============================>      80%]
[Progress:======>                       22%] [Cov:============================>      80%]
[Progress:======>                       22%] [Cov:============================>      80%]
[Progress:======>                       22%] [Cov:============================>      80%]
[Progress:======>                       22%] [Cov:============================>      80%]
[Progress:======>                       22%] [Cov:============================>      80%]
[Progress:======>                       22%] [Cov:============================>      80%]
[Progress:======>                       22%] [Cov:============================>      80%]
[Progress:======>                       22%] [Cov:============================>      80%]
[Progress:======>                       22%] [Cov:============================>      80%]
[Progress:======>                       22%] [Cov:============================>      80%]
[Progress:======>                       22%] [Cov:============================>      80%]
[Progress:======>                       22%] [Cov:============================>      80%]
[Progress:======>                       22%] [Cov:============================>      80%]
[Progress:======>                       22%] [Cov:============================>      80%]
[Progress:======>                       22%] [Cov:============================>      80%]
[Progress:=======>                      25%] [Cov:========================>          70%]
[Progress:=======>                      25%] [Cov:============================>      80%]
[Progress:=======>                      26%] [Cov:============================>      80%]
[Progress:=======>                      26%] [Cov:============================>      80%]
[Progress:=======>                      26%] [Cov:============================>      80%]
[Progress:=======>                      26%] [Cov:============================>      80%]
[Progress:=======>                      26%] [Cov:============================>      80%]
[Progress:=======>                      26%] [Cov:============================>      80%]
[Progress:=======>                      26%] [Cov:============================>      80%]
[Progress:=======>                      26%] [Cov:============================>      80%]
[Progress:=======>                      26%] [Cov:============================>      80%]
[Progress:=======>                      26%] [Cov:============================>      80%]
[Progress:=======>                      26%] [Cov:============================>      80%]
[Progress:=======>                      26%] [Cov:============================>      80%]
[Progress:=======>                      26%] [Cov:============================>      80%]
[Progress:=======>                      26%] [Cov:============================>      80%]
[Progress:=======>                      26%] [Cov:============================>      80%]
[Progress:=======>                      26%] [Cov:============================>      80%]
[Progress:=======>                      26%] [Cov:============================>      80%]
[Progress:=======>                      26%] [Cov:============================>      80%]
[Progress:=======>                      26%] [Cov:============================>      80%]
[Progress:=======>                      26%] [Cov:============================>      80%]
[Progress:=======>                      26%] [Cov:============================>      80%]
[Progress:=======>                      26%] [Cov:============================>      80%]
[Progress:=======>                      26%] [Cov:============================>      80%]
[Progress:========>                     27%] [Cov:============================>      80%]
[Progress:========>                     27%] [Cov:============================>      80%]
[Progress:========>                     27%] [Cov:============================>      80%]
[Progress:========>                     27%] [Cov:============================>      80%]
[Progress:========>                     27%] [Cov:============================>      80%]
[Progress:========>                     27%] [Cov:============================>      80%]
[Progress:========>                     27%] [Cov:============================>      80%]
[Progress:========>                     27%] [Cov:============================>      80%]
[Progress:========>                     27%] [Cov:============================>      80%]
[Progress:========>                     27%] [Cov:============================>      80%]
[Progress:========>                     27%] [Cov:============================>      80%]
[Progress:========>                     27%] [Cov:============================>      80%]
[Progress:========>                     27%] [Cov:============================>      80%]
[Progress:========>                     27%] [Cov:============================>      80%]
[Progress:========>                     27%] [Cov:============================>      80%]
[Progress:========>                     28%] [Cov:=========================>         72%]
[Progress:========>                     28%] [Cov:============================>      80%]
[Progress:========>                     28%] [Cov:============================>      80%]
[Progress:========>                     28%] [Cov:============================>      80%]
[Progress:========>                     28%] [Cov:============================>      80%]
[Progress:========>                     28%] [Cov:============================>      80%]
[Progress:========>                     28%] [Cov:============================>      80%]
[Progress:========>                     28%] [Cov:============================>      80%]
[Progress:========>                     28%] [Cov:============================>      80%]
[Progress:========>                     28%] [Cov:============================>      80%]
[Progress:========>                     28%] [Cov:============================>      80%]
[Progress:========>                     28%] [Cov:============================>      80%]
[Progress:========>                     28%] [Cov:============================>      80%]
[Progress:========>                     28%] [Cov:============================>      80%]
[Progress:========>                     28%] [Cov:============================>      80%]
[Progress:========>                     28%] [Cov:============================>      80%]
[Progress:========>                     28%] [Cov:============================>      80%]
[Progress:========>                     28%] [Cov:============================>      80%]
[Progress:========>                     28%] [Cov:============================>      80%]
[Progress:========>                     28%] [Cov:============================>      80%]
[Progress:========>                     28%] [Cov:============================>      80%]
[Progress:========>                     28%] [Cov:============================>      80%]
[Progress:========>                     28%] [Cov:============================>      80%]
[Progress:========>                     28%] [Cov:============================>      80%]
[Progress:========>                     28%] [Cov:============================>      80%]
[Progress:========>                     28%] [Cov:============================>      80%]
[Progress:========>                     28%] [Cov:============================>      80%]
[Progress:========>                     28%] [Cov:============================>      80%]
[Progress:========>                     28%] [Cov:============================>      80%]
[Progress:========>                     28%] [Cov:============================>      80%]
[Progress:========>                     28%] [Cov:============================>      80%]
[Progress:========>                     28%] [Cov:============================>      80%]
[Progress:========>                     29%] [Cov:==========================>        76%]
[Progress:========>                     29%] [Cov:============================>      80%]
[Progress:========>                     29%] [Cov:============================>      80%]
[Progress:========>                     29%] [Cov:============================>      80%]
[Progress:========>                     29%] [Cov:============================>      80%]
[Progress:========>                     29%] [Cov:============================>      80%]
[Progress:========>                     29%] [Cov:============================>      80%]
[Progress:========>                     29%] [Cov:============================>      80%]
[Progress:========>                     29%] [Cov:============================>      80%]
[Progress:========>                     29%] [Cov:============================>      80%]
[Progress:=========>                    32%] [Cov:========>                          25%]
[Progress:=========>                    32%] [Cov:============================>      80%]
[Progress:=========>                    32%] [Cov:============================>      80%]
[Progress:=========>                    32%] [Cov:============================>      80%]
[Progress:=========>                    32%] [Cov:============================>      80%]
[Progress:=========>                    32%] [Cov:============================>      80%]
[Progress:=========>                    32%] [Cov:============================>      80%]
[Progress:=========>                    32%] [Cov:============================>      80%]
[Progress:=========>                    32%] [Cov:============================>      80%]
[Progress:=========>                    33%] [Cov:=========================>         72%]
[Progress:=========>                    33%] [Cov:============================>      80%]
[Progress:=========>                    33%] [Cov:============================>      80%]
[Progress:=========>                    33%] [Cov:============================>      80%]
[Progress:=========>                    33%] [Cov:============================>      80%]
[Progress:=========>                    33%] [Cov:============================>      80%]
[Progress:=========>                    33%] [Cov:============================>      80%]
[Progress:=========>                    33%] [Cov:============================>      80%]
[Progress:=========>                    33%] [Cov:============================>      80%]
[Progress:=========>                    33%] [Cov:============================>      80%]
[Progress:=========>                    33%] [Cov:============================>      80%]
[Progress:=========>                    33%] [Cov:============================>      80%]
[Progress:=========>                    33%] [Cov:============================>      80%]
[Progress:=========>                    33%] [Cov:============================>      80%]
[Progress:=========>                    33%] [Cov:============================>      80%]
[Progress:==========>                   34%] [Cov:==========================>        76%]
[Progress:==========>                   34%] [Cov:============================>      80%]
[Progress:==========>                   34%] [Cov:============================>      80%]
[Progress:==========>                   34%] [Cov:============================>      80%]
[Progress:==========>                   34%] [Cov:============================>      80%]
[Progress:==========>                   34%] [Cov:============================>      80%]
[Progress:==========>                   34%] [Cov:============================>      80%]
[Progress:==========>                   34%] [Cov:============================>      80%]
[Progress:==========>                   34%] [Cov:============================>      80%]
[Progress:==========>                   34%] [Cov:============================>      80%]
[Progress:==========>                   34%] [Cov:============================>      80%]
[Progress:==========>                   34%] [Cov:============================>      80%]
[Progress:==========>                   34%] [Cov:============================>      80%]
[Progress:==========>                   34%] [Cov:============================>      80%]
[Progress:==========>                   34%] [Cov:============================>      80%]
[Progress:==========>                   34%] [Cov:============================>      80%]
[Progress:==========>                   34%] [Cov:============================>      80%]
[Progress:==========>                   34%] [Cov:============================>      80%]
[Progress:==========>                   34%] [Cov:============================>      80%]
[Progress:==========>                   34%] [Cov:============================>      80%]
[Progress:==========>                   34%] [Cov:============================>      80%]
[Progress:==========>                   34%] [Cov:============================>      80%]
[Progress:==========>                   34%] [Cov:============================>      80%]
[Progress:==========>                   34%] [Cov:============================>      80%]
[Progress:==========>                   34%] [Cov:============================>      80%]
[Progress:==========>                   34%] [Cov:============================>      80%]
[Progress:==========>                   34%] [Cov:============================>      80%]
[Progress:==========>                   34%] [Cov:============================>      80%]
[Progress:==========>                   34%] [Cov:============================>      80%]
[Progress:==========>                   35%] [Cov:============================>      80%]
[Progress:==========>                   35%] [Cov:============================>      80%]
[Progress:==========>                   35%] [Cov:============================>      80%]
[Progress:==========>                   35%] [Cov:============================>      80%]
[Progress:==========>                   35%] [Cov:============================>      80%]
[Progress:==========>                   35%] [Cov:============================>      80%]
[Progress:==========>                   35%] [Cov:============================>      80%]
[Progress:==========>                   35%] [Cov:============================>      80%]
[Progress:==========>                   35%] [Cov:============================>      80%]
[Progress:==========>                   35%] [Cov:============================>      80%]
[Progress:==========>                   35%] [Cov:============================>      80%]
[Progress:==========>                   35%] [Cov:============================>      80%]
[Progress:==========>                   35%] [Cov:============================>      80%]
[Progress:==========>                   35%] [Cov:============================>      80%]
[Progress:==========>                   35%] [Cov:============================>      80%]
[Progress:==========>                   35%] [Cov:============================>      80%]
[Progress:==========>                   36%] [Cov:========================>          71%]
[Progress:==========>                   36%] [Cov:============================>      80%]
[Progress:==========>                   36%] [Cov:============================>      80%]
[Progress:==========>                   36%] [Cov:============================>      80%]
[Progress:==========>                   36%] [Cov:============================>      80%]
[Progress:==========>                   36%] [Cov:============================>      80%]
[Progress:==========>                   36%] [Cov:============================>      80%]
[Progress:==========>                   36%] [Cov:============================>      80%]
[Progress:==========>                   36%] [Cov:============================>      80%]
[Progress:==========>                   36%] [Cov:============================>      80%]
[Progress:==========>                   36%] [Cov:============================>      80%]
[Progress:==========>                   36%] [Cov:============================>      80%]
[Progress:==========>                   36%] [Cov:============================>      80%]
[Progress:==========>                   36%] [Cov:============================>      80%]
[Progress:==========>                   36%] [Cov:============================>      80%]
[Progress:==========>                   36%] [Cov:============================>      80%]
[Progress:==========>                   36%] [Cov:============================>      80%]
[Progress:==========>                   36%] [Cov:============================>      80%]
[Progress:==========>                   36%] [Cov:============================>      80%]
[Progress:==========>                   36%] [Cov:============================>      80%]
[Progress:==========>                   36%] [Cov:============================>      80%]
[Progress:==========>                   36%] [Cov:============================>      80%]
[Progress:==========>                   36%] [Cov:============================>      80%]
[Progress:==========>                   36%] [Cov:============================>      80%]
[Progress:==========>                   36%] [Cov:============================>      80%]
[Progress:==========>                   36%] [Cov:============================>      80%]
[Progress:==========>                   36%] [Cov:============================>      80%]
[Progress:==========>                   36%] [Cov:============================>      80%]
[Progress:==========>                   36%] [Cov:============================>      80%]
[Progress:==========>                   36%] [Cov:============================>      80%]
[Progress:==========>                   36%] [Cov:============================>      80%]
[Progress:==========>                   36%] [Cov:============================>      80%]
[Progress:==========>                   36%] [Cov:============================>      80%]
[Progress:==========>                   36%] [Cov:============================>      80%]
[Progress:===========>                  37%] [Cov:============================>      80%]
[Progress:============>                 40%] [Cov:========================>          71%]
[Progress:============>                 40%] [Cov:============================>      80%]
[Progress:============>                 40%] [Cov:============================>      80%]
[Progress:============>                 40%] [Cov:============================>      80%]
[Progress:============>                 40%] [Cov:============================>      80%]
[Progress:============>                 40%] [Cov:============================>      80%]
[Progress:============>                 40%] [Cov:============================>      80%]
[Progress:============>                 40%] [Cov:============================>      80%]
[Progress:============>                 40%] [Cov:============================>      80%]
[Progress:============>                 40%] [Cov:============================>      80%]
[Progress:============>                 40%] [Cov:============================>      80%]
[Progress:============>                 40%] [Cov:============================>      80%]
[Progress:============>                 40%] [Cov:============================>      80%]
[Progress:============>                 41%] [Cov:============================>      80%]
[Progress:============>                 41%] [Cov:============================>      80%]
[Progress:============>                 41%] [Cov:============================>      80%]
[Progress:============>                 41%] [Cov:============================>      80%]
[Progress:============>                 41%] [Cov:============================>      80%]
[Progress:============>                 41%] [Cov:============================>      80%]
[Progress:============>                 41%] [Cov:============================>      80%]
[Progress:============>                 41%] [Cov:============================>      80%]
[Progress:============>                 41%] [Cov:============================>      80%]
[Progress:============>                 41%] [Cov:============================>      80%]
[Progress:============>                 41%] [Cov:============================>      80%]
[Progress:============>                 41%] [Cov:============================>      80%]
[Progress:============>                 41%] [Cov:============================>      80%]
[Progress:============>                 42%] [Cov:========================>          70%]
[Progress:============>                 42%] [Cov:============================>      80%]
[Progress:============>                 42%] [Cov:============================>      80%]
[Progress:============>                 42%] [Cov:============================>      80%]
[Progress:============>                 42%] [Cov:============================>      80%]
[Progress:============>                 42%] [Cov:============================>      80%]
[Progress:============>                 42%] [Cov:============================>      80%]
[Progress:============>                 42%] [Cov:============================>      80%]
[Progress:============>                 42%] [Cov:============================>      80%]
[Progress:============>                 42%] [Cov:============================>      80%]
[Progress:=============>                45%] [Cov:============================>      80%]
[Progress:=============>                45%] [Cov:============================>      80%]
[Progress:=============>                45%] [Cov:============================>      80%]
[Progress:=============>                45%] [Cov:============================>      80%]
[Progress:=============>                45%] [Cov:============================>      80%]
[Progress:=============>                45%] [Cov:============================>      80%]
[Progress:=============>                45%] [Cov:============================>      80%]
[Progress:=============>                45%] [Cov:============================>      80%]
[Progress:=============>                46%] [Cov:============================>      80%]
[Progress:=============>                46%] [Cov:============================>      80%]
[Progress:=============>                46%] [Cov:============================>      80%]
[Progress:=============>                46%] [Cov:============================>      80%]
[Progress:=============>                46%] [Cov:============================>      80%]
[Progress:=============>                46%] [Cov:============================>      80%]
[Progress:=============>                46%] [Cov:============================>      80%]
[Progress:=============>                46%] [Cov:============================>      80%]
[Progress:=============>                46%] [Cov:============================>      80%]
[Progress:=============>                46%] [Cov:============================>      80%]
[Progress:=============>                46%] [Cov:============================>      80%]
[Progress:=============>                46%] [Cov:============================>      80%]
[Progress:=============>                46%] [Cov:============================>      80%]
[Progress:=============>                46%] [Cov:============================>      80%]
[Progress:=============>                46%] [Cov:============================>      80%]
[Progress:=============>                46%] [Cov:============================>      80%]
[Progress:=============>                46%] [Cov:============================>      80%]
[Progress:=============>                46%] [Cov:============================>      80%]
[Progress:=============>                46%] [Cov:============================>      80%]
[Progress:=============>                46%] [Cov:============================>      80%]
[Progress:=============>                46%] [Cov:============================>      80%]
[Progress:=============>                46%] [Cov:============================>      80%]
[Progress:=============>                46%] [Cov:============================>      80%]
[Progress:=============>                46%] [Cov:============================>      80%]
[Progress:==============>               47%] [Cov:============================>      80%]
[Progress:==============>               47%] [Cov:============================>      80%]
[Progress:==============>               47%] [Cov:============================>      80%]
[Progress:==============>               47%] [Cov:============================>      80%]
[Progress:==============>               47%] [Cov:============================>      80%]
[Progress:===============>              50%] [Cov:========================>          70%]
[Progress:===============>              50%] [Cov:==========================>        75%]
[Progress:===============>              50%] [Cov:============================>      80%]
[Progress:===============>              50%] [Cov:============================>      80%]
[Progress:===============>              50%] [Cov:============================>      80%]
[Progress:===============>              50%] [Cov:============================>      80%]
[Progress:===============>              50%] [Cov:============================>      80%]
[Progress:===============>              50%] [Cov:============================>      80%]
[Progress:===============>              50%] [Cov:============================>      80%]
[Progress:===============>              50%] [Cov:============================>      80%]
[Progress:===============>              50%] [Cov:============================>      80%]
[Progress:===============>              50%] [Cov:============================>      80%]
[Progress:===============>              50%] [Cov:============================>      80%]
[Progress:===============>              51%] [Cov:============================>      80%]
[Progress:===============>              51%] [Cov:============================>      80%]
[Progress:===============>              51%] [Cov:============================>      80%]
[Progress:===============>              51%] [Cov:============================>      80%]
[Progress:===============>              51%] [Cov:============================>      80%]
[Progress:===============>              51%] [Cov:============================>      80%]
[Progress:===============>              51%] [Cov:============================>      80%]
[Progress:===============>              51%] [Cov:============================>      80%]
[Progress:===============>              51%] [Cov:============================>      80%]
[Progress:===============>              51%] [Cov:============================>      80%]
[Progress:===============>              51%] [Cov:============================>      80%]
[Progress:===============>              51%] [Cov:============================>      80%]
[Progress:===============>              51%] [Cov:============================>      80%]
[Progress:===============>              51%] [Cov:============================>      80%]
[Progress:===============>              52%] [Cov:=========================>         72%]
[Progress:===============>              52%] [Cov:============================>      80%]
[Progress:===============>              52%] [Cov:============================>      80%]
[Progress:===============>              52%] [Cov:============================>      80%][MASTER] 05:16:59.631 [logback-1] WARN  TestCluster - Failed to check cache for java.util.TreeSet<E> : Type points to itself

[Progress:===============>              52%] [Cov:============================>      80%]
[Progress:===============>              52%] [Cov:============================>      80%]
[Progress:===============>              52%] [Cov:============================>      80%]
[Progress:===============>              52%] [Cov:============================>      80%]
[Progress:===============>              52%] [Cov:============================>      80%]
[Progress:===============>              52%] [Cov:============================>      80%]
[Progress:===============>              52%] [Cov:============================>      80%]
[Progress:===============>              52%] [Cov:============================>      80%]
[Progress:===============>              52%] [Cov:============================>      80%]
[Progress:===============>              52%] [Cov:============================>      80%]
[Progress:===============>              52%] [Cov:============================>      80%]
[Progress:===============>              52%] [Cov:============================>      80%]
[Progress:===============>              52%] [Cov:============================>      80%]
[Progress:===============>              52%] [Cov:============================>      80%]
[Progress:===============>              52%] [Cov:============================>      80%]
[Progress:===============>              52%] [Cov:============================>      80%]
[Progress:===============>              52%] [Cov:============================>      80%]
[Progress:===============>              52%] [Cov:============================>      80%]
[Progress:===============>              52%] [Cov:============================>      80%]
[Progress:===============>              53%] [Cov:============================>      80%][MASTER] 05:17:01.465 [logback-1] WARN  TestCluster - Failed to check cache for java.util.PriorityQueue<E> : Type points to itself

[Progress:===============>              53%] [Cov:============================>      80%]
[Progress:===============>              53%] [Cov:============================>      80%]
[Progress:===============>              53%] [Cov:============================>      80%]
[Progress:===============>              53%] [Cov:============================>      80%]
[Progress:===============>              53%] [Cov:============================>      80%]
[Progress:===============>              53%] [Cov:============================>      80%]
[Progress:===============>              53%] [Cov:============================>      80%]
[Progress:===============>              53%] [Cov:============================>      80%]
[Progress:================>             54%] [Cov:========================>          71%]
[Progress:================>             54%] [Cov:============================>      80%]
[Progress:================>             54%] [Cov:============================>      80%]
[Progress:================>             54%] [Cov:============================>      80%]
[Progress:================>             54%] [Cov:============================>      80%]
[Progress:================>             54%] [Cov:============================>      80%]
[Progress:================>             54%] [Cov:============================>      80%]
[Progress:================>             54%] [Cov:============================>      80%]
[Progress:=================>            57%] [Cov:========================>          70%]
[Progress:=================>            57%] [Cov:============================>      80%]
[Progress:=================>            57%] [Cov:============================>      80%]
[Progress:=================>            57%] [Cov:============================>      80%]
[Progress:=================>            57%] [Cov:============================>      80%]
[Progress:=================>            57%] [Cov:============================>      80%]
[Progress:=================>            58%] [Cov:============================>      80%]
[Progress:=================>            58%] [Cov:============================>      80%]
[Progress:=================>            58%] [Cov:============================>      80%]
[Progress:=================>            58%] [Cov:============================>      80%]
[Progress:=================>            58%] [Cov:============================>      80%]
[Progress:=================>            58%] [Cov:============================>      80%]
[Progress:=================>            58%] [Cov:============================>      80%]
[Progress:=================>            58%] [Cov:============================>      80%]
[Progress:=================>            58%] [Cov:============================>      80%]
[Progress:=================>            58%] [Cov:============================>      80%]
[Progress:=================>            58%] [Cov:============================>      80%]
[Progress:=================>            58%] [Cov:============================>      80%]
[Progress:=================>            58%] [Cov:============================>      80%]
[Progress:=================>            58%] [Cov:============================>      80%]
[Progress:=================>            58%] [Cov:============================>      80%]
[Progress:=================>            58%] [Cov:============================>      80%]
[Progress:=================>            58%] [Cov:============================>      80%]
[Progress:=================>            58%] [Cov:============================>      80%][MASTER] 05:17:09.992 [logback-1] WARN  TestCluster - Failed to check cache for java.util.ArrayList<E> : Type points to itself

[Progress:=================>            58%] [Cov:============================>      80%]
[Progress:=================>            58%] [Cov:============================>      80%]
[Progress:=================>            58%] [Cov:============================>      80%]
[Progress:=================>            58%] [Cov:============================>      80%]
[Progress:=================>            58%] [Cov:============================>      80%]
[Progress:=================>            59%] [Cov:============================>      80%]
[Progress:=================>            59%] [Cov:============================>      80%]
[Progress:=================>            59%] [Cov:============================>      80%]
[Progress:=================>            59%] [Cov:============================>      80%]
[Progress:=================>            59%] [Cov:============================>      80%]
[Progress:=================>            59%] [Cov:============================>      80%]
[Progress:=================>            59%] [Cov:============================>      80%]
[Progress:=================>            59%] [Cov:============================>      80%]
[Progress:=================>            59%] [Cov:============================>      80%]
[Progress:=================>            59%] [Cov:============================>      80%]
[Progress:=================>            59%] [Cov:============================>      80%]
[Progress:=================>            59%] [Cov:============================>      80%]
[Progress:==================>           60%] [Cov:=========================>         72%]
[Progress:==================>           60%] [Cov:============================>      80%]
[Progress:==================>           60%] [Cov:============================>      80%]
[Progress:==================>           60%] [Cov:============================>      80%]
[Progress:==================>           60%] [Cov:============================>      80%]
[Progress:==================>           60%] [Cov:============================>      80%]
[Progress:==================>           60%] [Cov:============================>      80%]
[Progress:==================>           60%] [Cov:============================>      80%]
[Progress:==================>           60%] [Cov:============================>      80%]
[Progress:==================>           60%] [Cov:============================>      80%]
[Progress:==================>           60%] [Cov:============================>      80%]
[Progress:==================>           60%] [Cov:============================>      80%]
[Progress:==================>           60%] [Cov:============================>      80%]
[Progress:==================>           60%] [Cov:============================>      80%]
[Progress:==================>           60%] [Cov:============================>      80%]
[Progress:===================>          64%] [Cov:============================>      80%]
[Progress:===================>          64%] [Cov:============================>      80%]
[Progress:===================>          64%] [Cov:============================>      80%]
[Progress:===================>          64%] [Cov:============================>      80%]
[Progress:===================>          64%] [Cov:============================>      80%]
[Progress:===================>          64%] [Cov:============================>      80%]
[Progress:===================>          64%] [Cov:============================>      80%]
[Progress:===================>          64%] [Cov:============================>      80%]
[Progress:===================>          64%] [Cov:============================>      80%]
[Progress:===================>          64%] [Cov:============================>      80%]
[Progress:===================>          64%] [Cov:============================>      80%]
[Progress:===================>          64%] [Cov:============================>      80%]
[Progress:===================>          64%] [Cov:============================>      80%]
[Progress:===================>          64%] [Cov:============================>      80%]
[Progress:===================>          64%] [Cov:============================>      80%]
[Progress:===================>          64%] [Cov:============================>      80%]
[Progress:===================>          64%] [Cov:============================>      80%]
[Progress:===================>          64%] [Cov:============================>      80%]
[Progress:===================>          64%] [Cov:============================>      80%]
[Progress:===================>          64%] [Cov:============================>      80%]
[Progress:===================>          64%] [Cov:============================>      80%]
[Progress:===================>          64%] [Cov:============================>      80%]
[Progress:===================>          64%] [Cov:============================>      80%]
[Progress:===================>          64%] [Cov:============================>      80%]
[Progress:===================>          64%] [Cov:============================>      80%]
[Progress:===================>          65%] [Cov:=========================>         72%]
[Progress:===================>          65%] [Cov:============================>      80%]
[Progress:===================>          65%] [Cov:============================>      80%]
[Progress:===================>          65%] [Cov:============================>      80%]
[Progress:===================>          65%] [Cov:============================>      80%]
[Progress:===================>          65%] [Cov:============================>      80%]
[Progress:===================>          65%] [Cov:============================>      80%]
[Progress:===================>          65%] [Cov:============================>      80%]
[Progress:===================>          65%] [Cov:============================>      80%]
[Progress:===================>          65%] [Cov:============================>      80%]
[Progress:===================>          65%] [Cov:============================>      80%]
[Progress:===================>          66%] [Cov:=========================>         74%]
[Progress:===================>          66%] [Cov:============================>      80%]
[Progress:===================>          66%] [Cov:============================>      80%]
[Progress:===================>          66%] [Cov:============================>      80%]
[Progress:===================>          66%] [Cov:============================>      80%]
[Progress:===================>          66%] [Cov:============================>      80%]
[Progress:===================>          66%] [Cov:============================>      80%]
[Progress:===================>          66%] [Cov:============================>      80%]
[Progress:===================>          66%] [Cov:============================>      80%]
[Progress:===================>          66%] [Cov:============================>      80%]
[Progress:===================>          66%] [Cov:============================>      80%]
[Progress:===================>          66%] [Cov:============================>      80%]
[Progress:===================>          66%] [Cov:============================>      80%]
[Progress:===================>          66%] [Cov:============================>      80%]
[Progress:===================>          66%] [Cov:============================>      80%]
[Progress:===================>          66%] [Cov:============================>      80%]
[Progress:===================>          66%] [Cov:============================>      80%]
[Progress:===================>          66%] [Cov:============================>      80%]
[Progress:===================>          66%] [Cov:============================>      80%]
[Progress:===================>          66%] [Cov:============================>      80%]
[Progress:====================>         67%] [Cov:============================>      80%]
[Progress:====================>         67%] [Cov:============================>      80%]
[Progress:====================>         67%] [Cov:============================>      80%]
[Progress:====================>         67%] [Cov:============================>      80%]
[Progress:====================>         67%] [Cov:============================>      80%]
[Progress:=====================>        70%] [Cov:=========================>         72%]
[Progress:=====================>        70%] [Cov:============================>      80%]
[Progress:=====================>        70%] [Cov:============================>      80%]
[Progress:=====================>        70%] [Cov:============================>      80%]
[Progress:=====================>        70%] [Cov:============================>      80%]
[Progress:=====================>        70%] [Cov:============================>      80%]
[Progress:=====================>        70%] [Cov:============================>      80%]
[Progress:=====================>        70%] [Cov:============================>      80%]
[Progress:=====================>        70%] [Cov:============================>      80%]
[Progress:=====================>        70%] [Cov:============================>      80%]
[Progress:======================>       74%] [Cov:============================>      80%]
[Progress:======================>       74%] [Cov:============================>      80%]
[Progress:======================>       74%] [Cov:============================>      80%]
[Progress:=======================>      78%] [Cov:============================>      80%]
[Progress:=======================>      78%] [Cov:============================>      80%]
[Progress:=======================>      78%] [Cov:============================>      80%]
[Progress:=======================>      78%] [Cov:============================>      80%]
[Progress:=======================>      78%] [Cov:============================>      80%]
[Progress:=======================>      78%] [Cov:============================>      80%]
[Progress:=======================>      78%] [Cov:============================>      80%]
[Progress:=======================>      78%] [Cov:============================>      80%]
[Progress:=======================>      78%] [Cov:============================>      80%]
[Progress:=======================>      78%] [Cov:============================>      80%]
[Progress:=======================>      78%] [Cov:============================>      80%]
[Progress:=======================>      78%] [Cov:============================>      80%]
[Progress:=======================>      78%] [Cov:============================>      80%]
[Progress:=======================>      78%] [Cov:============================>      80%]
[Progress:=======================>      78%] [Cov:============================>      80%]
[Progress:=======================>      78%] [Cov:============================>      80%]
[Progress:=======================>      78%] [Cov:============================>      80%]
[Progress:=======================>      78%] [Cov:============================>      80%]
[Progress:=======================>      78%] [Cov:============================>      80%]
[Progress:=======================>      78%] [Cov:============================>      80%]
[Progress:=======================>      78%] [Cov:============================>      80%]
[Progress:=======================>      78%] [Cov:============================>      80%]
[Progress:=======================>      78%] [Cov:============================>      80%]
[Progress:=======================>      78%] [Cov:============================>      80%]
[Progress:=======================>      79%] [Cov:==========>                        29%]
[Progress:=======================>      79%] [Cov:=========================>         72%]
[Progress:=======================>      79%] [Cov:============================>      80%]
[Progress:=======================>      79%] [Cov:============================>      80%]
[Progress:=======================>      79%] [Cov:============================>      80%]
[Progress:=======================>      79%] [Cov:============================>      80%]
[Progress:=======================>      79%] [Cov:============================>      80%]
[Progress:=======================>      79%] [Cov:============================>      80%]
[Progress:=======================>      79%] [Cov:============================>      80%]
[Progress:=======================>      79%] [Cov:============================>      80%]
[Progress:=======================>      79%] [Cov:============================>      80%]
[Progress:=======================>      79%] [Cov:============================>      80%]
[Progress:=======================>      79%] [Cov:============================>      80%]
[Progress:=======================>      79%] [Cov:============================>      80%]
[Progress:========================>     80%] [Cov:============================>      80%]
[Progress:========================>     80%] [Cov:============================>      80%]
[Progress:========================>     80%] [Cov:============================>      80%]
[Progress:========================>     80%] [Cov:============================>      80%]
[Progress:========================>     80%] [Cov:============================>      80%]
[Progress:========================>     80%] [Cov:============================>      80%]
[Progress:========================>     80%] [Cov:============================>      80%]
[Progress:========================>     80%] [Cov:============================>      80%]
[Progress:========================>     80%] [Cov:============================>      80%][MASTER] 05:17:42.565 [logback-1] WARN  TestCluster - Failed to check cache for java.util.function.Function<T, R> : Type points to itself

[Progress:========================>     80%] [Cov:============================>      80%]
[Progress:========================>     80%] [Cov:============================>      80%]
[Progress:========================>     80%] [Cov:============================>      80%]
[Progress:========================>     80%] [Cov:============================>      80%]
[Progress:========================>     80%] [Cov:============================>      80%]
[Progress:========================>     80%] [Cov:============================>      80%]
[Progress:========================>     80%] [Cov:============================>      80%]
[Progress:========================>     80%] [Cov:============================>      80%]
[Progress:========================>     80%] [Cov:============================>      80%]
[Progress:========================>     80%] [Cov:============================>      80%]
[Progress:========================>     80%] [Cov:============================>      80%]
[Progress:========================>     81%] [Cov:============================>      80%]
[Progress:========================>     81%] [Cov:============================>      80%]
[Progress:========================>     81%] [Cov:============================>      80%]
[Progress:========================>     81%] [Cov:============================>      80%]
[Progress:========================>     81%] [Cov:============================>      80%]
[Progress:========================>     81%] [Cov:============================>      80%]
[Progress:========================>     81%] [Cov:============================>      80%]
[Progress:========================>     81%] [Cov:============================>      80%]
[Progress:========================>     81%] [Cov:============================>      80%]
[Progress:========================>     81%] [Cov:============================>      80%]
[Progress:========================>     81%] [Cov:============================>      80%]
[Progress:========================>     82%] [Cov:============================>      80%]
[Progress:========================>     82%] [Cov:============================>      80%]
[Progress:========================>     82%] [Cov:============================>      80%]
[Progress:========================>     82%] [Cov:============================>      80%]
[Progress:========================>     82%] [Cov:============================>      80%]
[Progress:========================>     82%] [Cov:============================>      80%]
[Progress:========================>     82%] [Cov:============================>      80%]
[Progress:========================>     82%] [Cov:============================>      80%]
[Progress:========================>     82%] [Cov:============================>      80%]
[Progress:========================>     82%] [Cov:============================>      80%]
[Progress:========================>     82%] [Cov:============================>      80%]
[Progress:========================>     82%] [Cov:============================>      80%]
[Progress:========================>     82%] [Cov:============================>      80%]
[Progress:========================>     82%] [Cov:============================>      80%]
[Progress:========================>     82%] [Cov:============================>      80%]
[Progress:========================>     82%] [Cov:============================>      80%]
[Progress:========================>     82%] [Cov:============================>      80%]
[Progress:========================>     82%] [Cov:============================>      80%]
[Progress:========================>     82%] [Cov:============================>      80%]
[Progress:========================>     82%] [Cov:============================>      80%]
[Progress:========================>     82%] [Cov:============================>      80%]
[Progress:========================>     82%] [Cov:============================>      80%]
[Progress:========================>     82%] [Cov:============================>      80%]
[Progress:========================>     82%] [Cov:============================>      80%]
[Progress:========================>     83%] [Cov:===========================>       78%]
[Progress:========================>     83%] [Cov:============================>      80%]
[Progress:========================>     83%] [Cov:============================>      80%]
[Progress:========================>     83%] [Cov:============================>      80%]
[Progress:========================>     83%] [Cov:============================>      80%]
[Progress:========================>     83%] [Cov:============================>      80%]
[Progress:========================>     83%] [Cov:============================>      80%]
[Progress:========================>     83%] [Cov:============================>      80%]
[Progress:========================>     83%] [Cov:============================>      80%]
[Progress:========================>     83%] [Cov:============================>      80%]
[Progress:========================>     83%] [Cov:============================>      80%]
[Progress:========================>     83%] [Cov:============================>      80%]
[Progress:========================>     83%] [Cov:============================>      80%]
[Progress:========================>     83%] [Cov:============================>      80%]
[Progress:========================>     83%] [Cov:============================>      80%]
[Progress:=========================>    84%] [Cov:==========================>        76%]
[Progress:=========================>    84%] [Cov:============================>      80%]
[Progress:=========================>    84%] [Cov:============================>      80%]
[Progress:=========================>    84%] [Cov:============================>      80%]
[Progress:=========================>    84%] [Cov:============================>      80%]
[Progress:=========================>    84%] [Cov:============================>      80%]
[Progress:=========================>    84%] [Cov:============================>      80%]
[Progress:=========================>    84%] [Cov:============================>      80%]
[Progress:=========================>    84%] [Cov:============================>      80%]
[Progress:=========================>    84%] [Cov:============================>      80%]
[Progress:=========================>    84%] [Cov:============================>      80%]
[Progress:=========================>    84%] [Cov:============================>      80%]
[Progress:=========================>    84%] [Cov:============================>      80%]
[Progress:=========================>    84%] [Cov:============================>      80%]
[Progress:=========================>    84%] [Cov:============================>      80%]
[Progress:=========================>    84%] [Cov:============================>      80%]
[Progress:=========================>    84%] [Cov:============================>      80%]
[Progress:=========================>    84%] [Cov:============================>      80%]
[Progress:=========================>    84%] [Cov:============================>      80%]
[Progress:=========================>    84%] [Cov:============================>      80%]
[Progress:=========================>    84%] [Cov:============================>      80%]
[Progress:=========================>    84%] [Cov:============================>      80%]
[Progress:=========================>    84%] [Cov:============================>      80%]
[Progress:=========================>    84%] [Cov:============================>      80%]
[Progress:=========================>    84%] [Cov:============================>      80%]
[Progress:=========================>    84%] [Cov:============================>      80%]
[Progress:=========================>    84%] [Cov:============================>      80%]
[Progress:=========================>    85%] [Cov:============================>      80%]
[Progress:=========================>    85%] [Cov:============================>      80%]
[Progress:=========================>    85%] [Cov:============================>      80%]
[Progress:=========================>    85%] [Cov:============================>      80%]
[Progress:=========================>    85%] [Cov:============================>      80%]
[Progress:=========================>    85%] [Cov:============================>      80%]
[Progress:=========================>    85%] [Cov:============================>      80%]
[Progress:=========================>    85%] [Cov:============================>      80%]
[Progress:=========================>    85%] [Cov:============================>      80%]
[Progress:=========================>    85%] [Cov:============================>      80%]
[Progress:=========================>    85%] [Cov:============================>      80%]
[Progress:=========================>    85%] [Cov:============================>      80%]
[Progress:=========================>    85%] [Cov:============================>      80%]
[Progress:=========================>    85%] [Cov:============================>      80%]
[Progress:=========================>    85%] [Cov:============================>      80%]
[Progress:=========================>    86%] [Cov:=========================>         72%]
[Progress:=========================>    86%] [Cov:============================>      80%]
[Progress:=========================>    86%] [Cov:============================>      80%]
[Progress:=========================>    86%] [Cov:============================>      80%]
[Progress:=========================>    86%] [Cov:============================>      80%]
[Progress:=========================>    86%] [Cov:============================>      80%]
[Progress:=========================>    86%] [Cov:============================>      80%]
[Progress:=========================>    86%] [Cov:============================>      80%]
[Progress:=========================>    86%] [Cov:============================>      80%]
[Progress:=========================>    86%] [Cov:============================>      80%]
[Progress:=========================>    86%] [Cov:============================>      80%]
[Progress:=========================>    86%] [Cov:============================>      80%]
[Progress:=========================>    86%] [Cov:============================>      80%]
[Progress:=========================>    86%] [Cov:============================>      80%]
[Progress:=========================>    86%] [Cov:============================>      80%]
[Progress:=========================>    86%] [Cov:============================>      80%]
[Progress:=========================>    86%] [Cov:============================>      80%]
[Progress:=========================>    86%] [Cov:============================>      80%]
[Progress:=========================>    86%] [Cov:============================>      80%]
[Progress:=========================>    86%] [Cov:============================>      80%]
[Progress:=========================>    86%] [Cov:============================>      80%]
[Progress:=========================>    86%] [Cov:============================>      80%]
[Progress:=========================>    86%] [Cov:============================>      80%]
[Progress:=========================>    86%] [Cov:============================>      80%]
[Progress:=========================>    86%] [Cov:============================>      80%]
[Progress:=========================>    86%] [Cov:============================>      80%]
[Progress:=========================>    86%] [Cov:============================>      80%]
[Progress:=========================>    86%] [Cov:============================>      80%]
[Progress:=========================>    86%] [Cov:============================>      80%]
[Progress:=========================>    86%] [Cov:============================>      80%]
[Progress:=========================>    86%] [Cov:============================>      80%]
[Progress:===========================>  90%] [Cov:============================>      80%]
[Progress:===========================>  90%] [Cov:============================>      80%]
[Progress:===========================>  90%] [Cov:============================>      80%]
[Progress:===========================>  90%] [Cov:============================>      80%]
[Progress:===========================>  90%] [Cov:============================>      80%]
[Progress:===========================>  90%] [Cov:============================>      80%]
[Progress:===========================>  90%] [Cov:============================>      80%]
[Progress:===========================>  90%] [Cov:============================>      80%]
[Progress:===========================>  90%] [Cov:============================>      80%]
[Progress:===========================>  90%] [Cov:============================>      80%]
[Progress:===========================>  90%] [Cov:============================>      80%]
[Progress:===========================>  90%] [Cov:============================>      80%]
[Progress:===========================>  90%] [Cov:============================>      80%]
[Progress:===========================>  90%] [Cov:============================>      80%]
[Progress:===========================>  90%] [Cov:============================>      80%]
[Progress:===========================>  90%] [Cov:============================>      80%]
[Progress:===========================>  90%] [Cov:============================>      80%]
[Progress:===========================>  90%] [Cov:============================>      80%]
[Progress:===========================>  90%] [Cov:============================>      80%]
[Progress:===========================>  91%] [Cov:============================>      80%]
[Progress:===========================>  91%] [Cov:============================>      80%]
[Progress:===========================>  91%] [Cov:============================>      80%]
[Progress:===========================>  91%] [Cov:============================>      80%]
[Progress:===========================>  91%] [Cov:============================>      80%]
[Progress:===========================>  91%] [Cov:============================>      80%]
[Progress:===========================>  91%] [Cov:============================>      80%]
[Progress:===========================>  91%] [Cov:============================>      80%]
[Progress:===========================>  91%] [Cov:============================>      80%]
[Progress:===========================>  91%] [Cov:============================>      80%]
[Progress:===========================>  91%] [Cov:============================>      80%]
[Progress:===========================>  91%] [Cov:============================>      80%]
[Progress:===========================>  91%] [Cov:============================>      80%]
[Progress:===========================>  92%] [Cov:============================>      80%]
[Progress:===========================>  92%] [Cov:============================>      80%]
[Progress:===========================>  92%] [Cov:============================>      80%]
[Progress:===========================>  92%] [Cov:============================>      80%]
[Progress:===========================>  92%] [Cov:============================>      80%]
[Progress:===========================>  92%] [Cov:============================>      80%]
[Progress:===========================>  92%] [Cov:============================>      80%]
[Progress:===========================>  92%] [Cov:============================>      80%]
[Progress:===========================>  92%] [Cov:============================>      80%]
[Progress:===========================>  92%] [Cov:============================>      80%]
[Progress:===========================>  92%] [Cov:============================>      80%]
[Progress:===========================>  92%] [Cov:============================>      80%]
[Progress:===========================>  92%] [Cov:============================>      80%]
[Progress:===========================>  92%] [Cov:============================>      80%]
[Progress:===========================>  92%] [Cov:============================>      80%]
[Progress:===========================>  92%] [Cov:============================>      80%]
[Progress:===========================>  92%] [Cov:============================>      80%]
[Progress:===========================>  92%] [Cov:============================>      80%]
[Progress:===========================>  92%] [Cov:============================>      80%]
[Progress:===========================>  92%] [Cov:============================>      80%]
[Progress:===========================>  92%] [Cov:============================>      80%]
[Progress:===========================>  93%] [Cov:============================>      80%]
[Progress:===========================>  93%] [Cov:============================>      80%]
[Progress:===========================>  93%] [Cov:============================>      80%]
[Progress:===========================>  93%] [Cov:============================>      80%]
[Progress:===========================>  93%] [Cov:============================>      80%]
[Progress:===========================>  93%] [Cov:============================>      80%]
[Progress:===========================>  93%] [Cov:============================>      80%]
[Progress:===========================>  93%] [Cov:============================>      80%]
[Progress:===========================>  93%] [Cov:============================>      80%]
[Progress:===========================>  93%] [Cov:============================>      80%]
[Progress:===========================>  93%] [Cov:============================>      80%]
[Progress:===========================>  93%] [Cov:============================>      80%]
[Progress:===========================>  93%] [Cov:============================>      80%]
[Progress:===========================>  93%] [Cov:============================>      80%]
[Progress:===========================>  93%] [Cov:============================>      80%]
[Progress:============================> 94%] [Cov:============================>      80%]
[Progress:============================> 94%] [Cov:============================>      80%]
[Progress:============================> 94%] [Cov:============================>      80%]
[Progress:============================> 94%] [Cov:============================>      80%]
[Progress:============================> 94%] [Cov:============================>      80%]
[Progress:============================> 94%] [Cov:============================>      80%]
[Progress:============================> 94%] [Cov:============================>      80%]
[Progress:============================> 94%] [Cov:============================>      80%]
[Progress:============================> 94%] [Cov:============================>      80%]
[Progress:============================> 94%] [Cov:============================>      80%]
[Progress:============================> 94%] [Cov:============================>      80%]
[Progress:============================> 94%] [Cov:============================>      80%]
[Progress:============================> 94%] [Cov:============================>      80%]
[Progress:============================> 94%] [Cov:============================>      80%]
[Progress:============================> 94%] [Cov:============================>      80%]
[Progress:============================> 94%] [Cov:============================>      80%]
[Progress:============================> 94%] [Cov:============================>      80%]
[Progress:============================> 94%] [Cov:============================>      80%]
[Progress:============================> 94%] [Cov:============================>      80%]
[Progress:============================> 94%] [Cov:============================>      80%]
[Progress:============================> 94%] [Cov:============================>      80%]
[Progress:============================> 94%] [Cov:============================>      80%]
[Progress:============================> 94%] [Cov:============================>      80%]
[Progress:============================> 94%] [Cov:============================>      80%]
[Progress:============================> 94%] [Cov:============================>      80%]
[Progress:============================> 94%] [Cov:============================>      80%]
[Progress:============================> 94%] [Cov:============================>      80%]
[Progress:============================> 95%] [Cov:============================>      80%]
[Progress:============================> 95%] [Cov:============================>      80%]
[Progress:============================> 95%] [Cov:============================>      80%]
[Progress:============================> 95%] [Cov:============================>      80%]
[Progress:============================> 95%] [Cov:============================>      80%]
[Progress:============================> 95%] [Cov:============================>      80%]
[Progress:============================> 95%] [Cov:============================>      80%]
[Progress:============================> 95%] [Cov:============================>      80%]
[Progress:============================> 95%] [Cov:============================>      80%]
[Progress:============================> 95%] [Cov:============================>      80%]
[Progress:============================> 95%] [Cov:============================>      80%]
[Progress:============================> 95%] [Cov:============================>      80%]
[Progress:============================> 95%] [Cov:============================>      80%]
[Progress:============================> 95%] [Cov:============================>      80%]
[Progress:============================> 95%] [Cov:============================>      80%]
[Progress:============================> 95%] [Cov:============================>      80%]
[Progress:============================> 96%] [Cov:=========================>         72%]
[Progress:============================> 96%] [Cov:==========================>        75%]
[Progress:============================> 96%] [Cov:============================>      80%]
[Progress:============================> 96%] [Cov:============================>      80%]
[Progress:============================> 96%] [Cov:============================>      80%]
[Progress:============================> 96%] [Cov:============================>      80%]
[Progress:============================> 96%] [Cov:============================>      80%]
[Progress:============================> 96%] [Cov:============================>      80%]
[Progress:============================> 96%] [Cov:============================>      80%]
[Progress:============================> 96%] [Cov:============================>      80%]
[Progress:============================> 96%] [Cov:============================>      80%]
[Progress:============================> 96%] [Cov:============================>      80%]
[Progress:============================> 96%] [Cov:============================>      80%]
[Progress:============================> 96%] [Cov:============================>      80%]
[Progress:============================> 96%] [Cov:============================>      80%]
[Progress:============================> 96%] [Cov:============================>      80%]
[Progress:============================> 96%] [Cov:============================>      80%]
[Progress:============================> 96%] [Cov:============================>      80%]
[Progress:============================> 96%] [Cov:============================>      80%]
[Progress:============================> 96%] [Cov:============================>      80%]
[Progress:============================> 96%] [Cov:============================>      80%]
[Progress:============================> 96%] [Cov:============================>      80%]
[Progress:============================> 96%] [Cov:============================>      80%]
[Progress:============================> 96%] [Cov:============================>      80%]
[Progress:============================> 96%] [Cov:============================>      80%]
[Progress:============================> 96%] [Cov:============================>      80%]
[Progress:============================> 96%] [Cov:============================>      80%]
[Progress:============================> 96%] [Cov:============================>      80%]
[Progress:=============================>97%] [Cov:============================>      80%]
[Progress:=============================>97%] [Cov:============================>      80%]
[Progress:=============================>97%] [Cov:============================>      80%]
[Progress:=============================>97%] [Cov:============================>      80%]
[Progress:=============================>97%] [Cov:============================>      80%]
[Progress:=============================>97%] [Cov:============================>      80%]
[Progress:=============================>97%] [Cov:============================>      80%]
[Progress:=============================>97%] [Cov:============================>      80%]
[Progress:=============================>97%] [Cov:============================>      80%]
[Progress:=============================>97%] [Cov:============================>      80%]
[Progress:=============================>97%] [Cov:============================>      80%]
[Progress:=============================>97%] [Cov:============================>      80%]
[Progress:=============================>97%] [Cov:============================>      80%]
[Progress:=============================>97%] [Cov:============================>      80%]
[Progress:=============================>97%] [Cov:============================>      80%]
[Progress:=============================>98%] [Cov:==========================>        76%]
[Progress:=============================>98%] [Cov:============================>      80%]
[Progress:=============================>98%] [Cov:============================>      80%]
[Progress:=============================>98%] [Cov:============================>      80%]
[Progress:=============================>98%] [Cov:============================>      80%]
[Progress:=============================>98%] [Cov:============================>      80%]
[Progress:=============================>98%] [Cov:============================>      80%]
[Progress:=============================>98%] [Cov:============================>      80%]
[Progress:=============================>98%] [Cov:============================>      80%]
[Progress:=============================>98%] [Cov:============================>      80%]
[Progress:=============================>98%] [Cov:============================>      80%]
[Progress:=============================>98%] [Cov:============================>      80%]
[Progress:=============================>98%] [Cov:============================>      80%]
[Progress:=============================>98%] [Cov:============================>      80%]
[Progress:=============================>98%] [Cov:============================>      80%]
[Progress:=============================>98%] [Cov:============================>      80%]
[Progress:=============================>98%] [Cov:============================>      80%]
[Progress:=============================>98%] [Cov:============================>      80%]
[Progress:=============================>98%] [Cov:============================>      80%]
[Progress:=============================>98%] [Cov:============================>      80%]
[Progress:=============================>98%] [Cov:============================>      80%]
[Progress:=============================>98%] [Cov:============================>      80%]
[Progress:=============================>98%] [Cov:============================>      80%]
[Progress:=============================>98%] [Cov:============================>      80%]
[Progress:=============================>98%] [Cov:============================>      80%]
[Progress:=============================>98%] [Cov:============================>      80%]
[Progress:=============================>98%] [Cov:============================>      80%]
[Progress:=============================>98%] [Cov:============================>      80%]
[Progress:=============================>98%] [Cov:============================>      80%]
[Progress:=============================>98%] [Cov:============================>      80%]
[Progress:=============================>99%] [Cov:============================>      80%]
[Progress:=============================>99%] [Cov:============================>      80%]
[Progress:=============================>99%] [Cov:============================>      80%]
[Progress:=============================>99%] [Cov:============================>      80%]
[Progress:=============================>99%] [Cov:============================>      80%]
[Progress:=============================>99%] [Cov:============================>      80%]
[Progress:=============================>99%] [Cov:============================>      80%]
[Progress:=============================>99%] [Cov:============================>      80%]
[Progress:=============================>99%] [Cov:============================>      80%]
[Progress:=============================>99%] [Cov:============================>      80%]
[Progress:=============================>99%] [Cov:============================>      80%]
[Progress:=============================>99%] [Cov:============================>      80%]
[Progress:=============================>99%] [Cov:============================>      80%]
[Progress:=============================>99%] [Cov:============================>      80%]
[Progress:=============================>99%] [Cov:============================>      80%]
[Progress:=============================>99%] [Cov:============================>      80%]
[Progress:==============================100%] [Cov:=========================>         72%]
[Progress:==============================100%] [Cov:==========================>        75%]
[Progress:==============================100%] [Cov:============================>      80%]
[Progress:==============================100%] [Cov:============================>      80%]
[Progress:==============================100%] [Cov:============================>      80%]
[Progress:==============================100%] [Cov:============================>      80%]
[Progress:==============================100%] [Cov:============================>      80%]
[Progress:==============================100%] [Cov:============================>      80%]
[Progress:==============================100%] [Cov:============================>      80%]
[Progress:==============================100%] [Cov:============================>      80%]
[Progress:==============================100%] [Cov:============================>      80%]
[Progress:==============================100%] [Cov:============================>      80%]
[Progress:==============================100%] [Cov:============================>      80%]
[Progress:==============================100%] [Cov:============================>      80%]
[Progress:==============================100%] [Cov:============================>      80%]
[Progress:==============================100%] [Cov:============================>      80%]
[Progress:==============================100%] [Cov:============================>      80%]
* Search finished after 151s and 938 generations, 289189 statements, best individual has fitness: 11.766666666666666
* Minimizing test suite
* Going to analyze the coverage criteria
* Coverage analysis for criterion LINE
* Coverage of criterion LINE: 83%
* Total number of goals: 6
* Number of covered goals: 5
* Coverage analysis for criterion BRANCH
* Coverage of criterion BRANCH: 57%
* Total number of goals: 14
* Number of covered goals: 8
* Coverage analysis for criterion EXCEPTION
* Coverage of criterion EXCEPTION: 0%
* Total number of goals: 2
* Number of covered goals: 0
* Coverage analysis for criterion WEAKMUTATION
* Coverage of criterion WEAKMUTATION: 100% (no goals)
* Coverage analysis for criterion OUTPUT
* Coverage of criterion OUTPUT: 50%
* Total number of goals: 4
* Number of covered goals: 2
* Coverage analysis for criterion METHOD
* Coverage of criterion METHOD: 100%
* Total number of goals: 3
* Number of covered goals: 3
* Coverage analysis for criterion METHODNOEXCEPTION
* Coverage of criterion METHODNOEXCEPTION: 100%
* Total number of goals: 3
* Number of covered goals: 3
* Coverage analysis for criterion CBRANCH
* Coverage of criterion CBRANCH: 57%
* Total number of goals: 14
* Number of covered goals: 8
* Generated 2 tests with total length 10
* Resulting test suite's coverage: 81% (average coverage for all fitness functions)
* Generating assertions
* Resulting test suite's mutation score: 100%
* Compiling and checking tests
* Permissions denied during test execution: 
  - java.lang.RuntimePermission: 
         writeFileDescriptor: 1
* Writing tests to file
* Writing JUnit test case 'NullifyingDeserializer_ESTest' to evosuite-tests
* Done!

* Computation finished

