CMD: /usr/lib/jvm/java-8-openjdk-amd64/bin/java -Dtools_jar_location=/usr/lib/jvm/java-8-openjdk-amd64/lib/tools.jar -jar /home/user/TestRound2/evosuite-1.2.0.jar -generateSuite -class org.mockito.internal.util.reflection.GenericMaster -projectCP /home/user/TestRound2/Test/Mockito-12b/target/classes:/home/user/defects4j/framework/projects/Mockito/lib/asm-all-5.0.4.jar:/home/user/defects4j/framework/projects/Mockito/lib/assertj-core-2.1.0.jar:/home/user/defects4j/framework/projects/Mockito/lib/cglib-and-asm-1.0.jar:/home/user/defects4j/framework/projects/Mockito/lib/cobertura-2.0.3.jar:/home/user/defects4j/framework/projects/Mockito/lib/fest-assert-1.3.jar:/home/user/defects4j/framework/projects/Mockito/lib/fest-util-1.1.4.jar:/home/user/defects4j/framework/projects/Mockito/lib/hamcrest-all-1.3.jar:/home/user/defects4j/framework/projects/Mockito/lib/hamcrest-core-1.1.jar:/home/user/defects4j/framework/projects/Mockito/lib/objenesis-2.1.jar:/home/user/defects4j/framework/projects/Mockito/lib/objenesis-2.2.jar:/home/user/defects4j/framework/projects/Mockito/lib/powermock-reflect-1.2.5.jar -base_dir /home/user/TestRound2/results/project-Mockito/Mockito-12/round03/evosuite-work -seed 11 -Dalgorithm=NSGAII -Dsearch_budget=60 -Dtest_format=JUNIT4 -Dassertions=true

* EvoSuite 1.2.0
* Going to generate test cases for class: org.mockito.internal.util.reflection.GenericMaster
* Starting Client-0
* Connecting to master process on port 8224
* Analyzing classpath: 
  - /home/user/TestRound2/Test/Mockito-12b/target/classes
  - /home/user/defects4j/framework/projects/Mockito/lib/asm-all-5.0.4.jar
  - /home/user/defects4j/framework/projects/Mockito/lib/assertj-core-2.1.0.jar
  - /home/user/defects4j/framework/projects/Mockito/lib/cglib-and-asm-1.0.jar
  - /home/user/defects4j/framework/projects/Mockito/lib/cobertura-2.0.3.jar
  - /home/user/defects4j/framework/projects/Mockito/lib/fest-assert-1.3.jar
  - /home/user/defects4j/framework/projects/Mockito/lib/fest-util-1.1.4.jar
  - /home/user/defects4j/framework/projects/Mockito/lib/hamcrest-all-1.3.jar
  - /home/user/defects4j/framework/projects/Mockito/lib/hamcrest-core-1.1.jar
  - /home/user/defects4j/framework/projects/Mockito/lib/objenesis-2.1.jar
  - /home/user/defects4j/framework/projects/Mockito/lib/objenesis-2.2.jar
  - /home/user/defects4j/framework/projects/Mockito/lib/powermock-reflect-1.2.5.jar
* Finished analyzing classpath
* Generating tests for class org.mockito.internal.util.reflection.GenericMaster
* Test criteria:
  - Line Coverage
  - Branch Coverage
  - Exception
  - Mutation testing (weak)
  - Method-Output Coverage
  - Top-Level Method Coverage
  - No-Exception Top-Level Method Coverage
  - Context Branch Coverage
* Setting up search algorithm for whole suite generation
* Total number of test goals: 
  - Line 6
  - Branch 5
  - Exception 0
  - MutationFactory 4
  - Output 16
  - Method 2
  - MethodNoException 2
  - CBranchFitnessFactory 5

[Progress:>                             0%] [Cov:>                                  0%]* Using seed 11
* Starting evolution

[Progress:>                             1%] [Cov:>                                  0%]
[Progress:>                             1%] [Cov:=>                                 4%]
[Progress:>                             1%] [Cov:==>                                6%]
[Progress:>                             1%] [Cov:======>                            19%]
[Progress:>                             1%] [Cov:==========>                        30%]
[Progress:>                             1%] [Cov:============>                      35%]
[Progress:>                             1%] [Cov:=============>                     38%]
[Progress:>                             3%] [Cov:=>                                 4%]
[Progress:>                             3%] [Cov:==>                                6%]
[Progress:>                             3%] [Cov:======>                            19%]
[Progress:>                             3%] [Cov:==========>                        30%]
[Progress:>                             3%] [Cov:============>                      35%]
[Progress:>                             3%] [Cov:=============>                     38%]
[Progress:>                             3%] [Cov:=============>                     38%]
[Progress:>                             3%] [Cov:=============>                     38%]
[Progress:>                             3%] [Cov:=============>                     38%]
[Progress:>                             3%] [Cov:=============>                     38%]
[Progress:>                             3%] [Cov:=============>                     38%]
[Progress:=>                            5%] [Cov:=============>                     38%]
[Progress:=>                            5%] [Cov:=============>                     38%]
[Progress:=>                            5%] [Cov:=============>                     38%]
[Progress:=>                            5%] [Cov:=============>                     38%]
[Progress:=>                            5%] [Cov:=============>                     38%]
[Progress:=>                            5%] [Cov:=============>                     38%]
[Progress:=>                            5%] [Cov:=============>                     38%]
[Progress:=>                            5%] [Cov:=============>                     38%]
[Progress:=>                            6%] [Cov:=============>                     38%]
[Progress:=>                            6%] [Cov:=============>                     38%]
[Progress:=>                            6%] [Cov:=============>                     38%]
[Progress:=>                            6%] [Cov:=============>                     38%]
[Progress:=>                            6%] [Cov:=============>                     38%]
[Progress:=>                            6%] [Cov:=============>                     38%]
[Progress:=>                            6%] [Cov:=============>                     38%]
[Progress:=>                            6%] [Cov:=============>                     38%]
[Progress:=>                            6%] [Cov:=============>                     38%]
[Progress:=>                            6%] [Cov:=============>                     38%]
[Progress:=>                            6%] [Cov:=============>                     38%]
[Progress:=>                            6%] [Cov:=============>                     38%]
[Progress:=>                            6%] [Cov:=============>                     38%]
[Progress:=>                            6%] [Cov:=============>                     38%]
[Progress:==>                           8%] [Cov:=============>                     38%]
[Progress:==>                           8%] [Cov:=============>                     38%]
[Progress:==>                           8%] [Cov:=============>                     38%]
[Progress:==>                           8%] [Cov:=============>                     38%]
[Progress:==>                           8%] [Cov:=============>                     38%]
[Progress:==>                           8%] [Cov:=============>                     38%]
[Progress:==>                           8%] [Cov:=============>                     38%]
[Progress:==>                           8%] [Cov:=============>                     38%]
[Progress:==>                           8%] [Cov:=============>                     38%]
[Progress:==>                           8%] [Cov:=============>                     38%]
[Progress:==>                           8%] [Cov:=============>                     38%]
[Progress:==>                           8%] [Cov:=============>                     38%]
[Progress:==>                           8%] [Cov:=============>                     38%]
[Progress:==>                           8%] [Cov:=============>                     38%]
[Progress:==>                           8%] [Cov:=============>                     38%]
[Progress:==>                           8%] [Cov:=============>                     38%]
[Progress:==>                           8%] [Cov:=============>                     38%]
[Progress:==>                           8%] [Cov:=============>                     38%]
[Progress:==>                           8%] [Cov:=============>                     38%]
[Progress:==>                           8%] [Cov:=============>                     38%]
[Progress:==>                           8%] [Cov:=============>                     38%]
[Progress:===>                          10%] [Cov:=============>                     38%]
[Progress:===>                          10%] [Cov:=============>                     38%]
[Progress:===>                          10%] [Cov:=============>                     38%]
[Progress:===>                          10%] [Cov:=============>                     38%]
[Progress:===>                          10%] [Cov:=============>                     38%]
[Progress:===>                          10%] [Cov:=============>                     38%]
[Progress:===>                          10%] [Cov:=============>                     38%]
[Progress:===>                          10%] [Cov:=============>                     38%]
[Progress:===>                          10%] [Cov:=============>                     38%]
[Progress:===>                          10%] [Cov:=============>                     38%]
[Progress:===>                          10%] [Cov:=============>                     38%]
[Progress:===>                          10%] [Cov:=============>                     38%]
[Progress:===>                          10%] [Cov:=============>                     38%]
[Progress:===>                          10%] [Cov:=============>                     38%]
[Progress:===>                          10%] [Cov:=============>                     38%]
[Progress:===>                          10%] [Cov:=============>                     38%]
[Progress:===>                          10%] [Cov:=============>                     38%]
[Progress:===>                          10%] [Cov:=============>                     38%]
[Progress:===>                          10%] [Cov:=============>                     38%]
[Progress:===>                          10%] [Cov:=============>                     38%]
[Progress:===>                          10%] [Cov:=============>                     38%]
[Progress:===>                          11%] [Cov:=========>                         28%]
[Progress:===>                          11%] [Cov:=============>                     38%]
[Progress:===>                          11%] [Cov:=============>                     38%]
[Progress:===>                          11%] [Cov:=============>                     38%]
[Progress:===>                          11%] [Cov:=============>                     38%]
[Progress:===>                          11%] [Cov:=============>                     38%]
[Progress:===>                          11%] [Cov:=============>                     38%]
[Progress:===>                          11%] [Cov:=============>                     38%]
[Progress:===>                          11%] [Cov:=============>                     38%]
[Progress:===>                          11%] [Cov:=============>                     38%]
[Progress:===>                          11%] [Cov:=============>                     38%]
[Progress:===>                          11%] [Cov:=============>                     38%]
[Progress:===>                          11%] [Cov:=============>                     38%]
[Progress:===>                          11%] [Cov:=============>                     38%]
[Progress:===>                          11%] [Cov:=============>                     38%]
[Progress:===>                          11%] [Cov:=============>                     38%]
[Progress:===>                          11%] [Cov:=============>                     38%]
[Progress:===>                          11%] [Cov:=============>                     38%]
[Progress:===>                          11%] [Cov:=============>                     38%]
[Progress:===>                          11%] [Cov:=============>                     38%]
[Progress:===>                          11%] [Cov:=============>                     38%]
[Progress:===>                          11%] [Cov:=============>                     38%]
[Progress:===>                          11%] [Cov:=============>                     38%]
[Progress:===>                          13%] [Cov:=============>                     38%]
[Progress:===>                          13%] [Cov:=============>                     38%]
[Progress:===>                          13%] [Cov:=============>                     38%]
[Progress:===>                          13%] [Cov:=============>                     38%]
[Progress:===>                          13%] [Cov:=============>                     38%]
[Progress:===>                          13%] [Cov:=============>                     38%]
[Progress:===>                          13%] [Cov:=============>                     38%]
[Progress:===>                          13%] [Cov:=============>                     38%]
[Progress:===>                          13%] [Cov:=============>                     38%]
[Progress:===>                          13%] [Cov:=============>                     38%]
[Progress:===>                          13%] [Cov:=============>                     38%]
[Progress:===>                          13%] [Cov:=============>                     38%]
[Progress:===>                          13%] [Cov:=============>                     38%]
[Progress:===>                          13%] [Cov:=============>                     38%]
[Progress:===>                          13%] [Cov:=============>                     38%]
[Progress:===>                          13%] [Cov:=============>                     38%]
[Progress:===>                          13%] [Cov:=============>                     38%]
[Progress:===>                          13%] [Cov:=============>                     38%]
[Progress:===>                          13%] [Cov:=============>                     38%]
[Progress:===>                          13%] [Cov:=============>                     38%]
[Progress:===>                          13%] [Cov:=============>                     38%]
[Progress:===>                          13%] [Cov:=============>                     38%]
[Progress:====>                         15%] [Cov:=============>                     38%]
[Progress:====>                         15%] [Cov:=============>                     38%]
[Progress:====>                         15%] [Cov:=============>                     38%]
[Progress:====>                         15%] [Cov:=============>                     38%]
[Progress:====>                         15%] [Cov:=============>                     38%]
[Progress:====>                         15%] [Cov:=============>                     38%]
[Progress:====>                         15%] [Cov:=============>                     38%]
[Progress:====>                         15%] [Cov:=============>                     38%]
[Progress:====>                         15%] [Cov:=============>                     38%]
[Progress:====>                         15%] [Cov:=============>                     38%]
[Progress:====>                         15%] [Cov:=============>                     38%]
[Progress:====>                         15%] [Cov:=============>                     38%]
[Progress:====>                         15%] [Cov:=============>                     38%]
[Progress:====>                         15%] [Cov:=============>                     38%]
[Progress:====>                         15%] [Cov:=============>                     38%]
[Progress:====>                         15%] [Cov:=============>                     38%]
[Progress:====>                         15%] [Cov:=============>                     38%]
[Progress:====>                         15%] [Cov:=============>                     38%]
[Progress:====>                         15%] [Cov:=============>                     38%]
[Progress:====>                         15%] [Cov:=============>                     38%]
[Progress:====>                         15%] [Cov:=============>                     38%]
[Progress:====>                         15%] [Cov:=============>                     38%]
[Progress:====>                         15%] [Cov:=============>                     38%]
[Progress:====>                         15%] [Cov:=============>                     38%]
[Progress:====>                         16%] [Cov:=============>                     38%]
[Progress:====>                         16%] [Cov:=============>                     38%]
[Progress:====>                         16%] [Cov:=============>                     38%]
[Progress:====>                         16%] [Cov:=============>                     38%]
[Progress:====>                         16%] [Cov:=============>                     38%]
[Progress:====>                         16%] [Cov:=============>                     38%]
[Progress:====>                         16%] [Cov:=============>                     38%]
[Progress:====>                         16%] [Cov:=============>                     38%]
[Progress:====>                         16%] [Cov:=============>                     38%]
[Progress:====>                         16%] [Cov:=============>                     38%]
[Progress:====>                         16%] [Cov:=============>                     38%]
[Progress:====>                         16%] [Cov:=============>                     38%]
[Progress:====>                         16%] [Cov:=============>                     38%]
[Progress:====>                         16%] [Cov:=============>                     38%]
[Progress:====>                         16%] [Cov:=============>                     38%]
[Progress:====>                         16%] [Cov:=============>                     38%]
[Progress:====>                         16%] [Cov:=============>                     38%]
[Progress:====>                         16%] [Cov:=============>                     38%]
[Progress:====>                         16%] [Cov:=============>                     38%]
[Progress:====>                         16%] [Cov:=============>                     38%]
[Progress:=====>                        18%] [Cov:=============>                     38%]
[Progress:=====>                        18%] [Cov:=============>                     38%]
[Progress:=====>                        18%] [Cov:=============>                     38%]
[Progress:=====>                        18%] [Cov:=============>                     38%]
[Progress:=====>                        18%] [Cov:=============>                     38%]
[Progress:=====>                        18%] [Cov:=============>                     38%]
[Progress:=====>                        18%] [Cov:=============>                     38%]
[Progress:=====>                        18%] [Cov:=============>                     38%]
[Progress:=====>                        18%] [Cov:=============>                     38%]
[Progress:=====>                        18%] [Cov:=============>                     38%]
[Progress:=====>                        18%] [Cov:=============>                     38%]
[Progress:=====>                        18%] [Cov:=============>                     38%]
[Progress:=====>                        18%] [Cov:=============>                     38%]
[Progress:=====>                        18%] [Cov:=============>                     38%]
[Progress:=====>                        18%] [Cov:=============>                     38%]
[Progress:=====>                        18%] [Cov:=============>                     38%]
[Progress:=====>                        18%] [Cov:=============>                     38%]
[Progress:=====>                        18%] [Cov:=============>                     38%]
[Progress:=====>                        18%] [Cov:=============>                     38%]
[Progress:=====>                        18%] [Cov:=============>                     38%]
[Progress:=====>                        18%] [Cov:=============>                     38%]
[Progress:=====>                        18%] [Cov:=============>                     38%]
[Progress:=====>                        18%] [Cov:=============>                     38%]
[Progress:=====>                        18%] [Cov:=============>                     38%]
[Progress:=====>                        18%] [Cov:=============>                     38%]
[Progress:=====>                        18%] [Cov:=============>                     38%]
[Progress:======>                       20%] [Cov:=============>                     38%]
[Progress:======>                       20%] [Cov:=============>                     38%]
[Progress:======>                       20%] [Cov:=============>                     38%]
[Progress:======>                       20%] [Cov:=============>                     38%]
[Progress:======>                       20%] [Cov:=============>                     38%]
[Progress:======>                       20%] [Cov:=============>                     38%]
[Progress:======>                       20%] [Cov:=============>                     38%]
[Progress:======>                       20%] [Cov:=============>                     38%]
[Progress:======>                       20%] [Cov:=============>                     38%]
[Progress:======>                       20%] [Cov:=============>                     38%]
[Progress:======>                       20%] [Cov:=============>                     38%]
[Progress:======>                       20%] [Cov:=============>                     38%]
[Progress:======>                       20%] [Cov:=============>                     38%]
[Progress:======>                       20%] [Cov:=============>                     38%]
[Progress:======>                       20%] [Cov:=============>                     38%]
[Progress:======>                       20%] [Cov:=============>                     38%]
[Progress:======>                       20%] [Cov:=============>                     38%]
[Progress:======>                       20%] [Cov:=============>                     38%]
[Progress:======>                       20%] [Cov:=============>                     38%]
[Progress:======>                       20%] [Cov:=============>                     38%]
[Progress:======>                       20%] [Cov:=============>                     38%]
[Progress:======>                       20%] [Cov:=============>                     38%]
[Progress:======>                       20%] [Cov:=============>                     38%]
[Progress:======>                       20%] [Cov:=============>                     38%]
[Progress:======>                       20%] [Cov:=============>                     38%]
[Progress:======>                       20%] [Cov:=============>                     38%]
[Progress:======>                       20%] [Cov:=============>                     38%]
[Progress:======>                       20%] [Cov:=============>                     38%]
[Progress:======>                       20%] [Cov:=============>                     38%]
[Progress:======>                       20%] [Cov:=============>                     38%]
[Progress:======>                       20%] [Cov:=============>                     38%]
[Progress:======>                       20%] [Cov:=============>                     38%]
[Progress:======>                       20%] [Cov:=============>                     38%]
[Progress:======>                       20%] [Cov:=============>                     38%]
[Progress:======>                       20%] [Cov:=============>                     38%]
[Progress:======>                       20%] [Cov:=============>                     38%]
[Progress:======>                       20%] [Cov:=============>                     38%]
[Progress:======>                       21%] [Cov:=============>                     38%]
[Progress:======>                       21%] [Cov:=============>                     38%]
[Progress:======>                       21%] [Cov:=============>                     38%]
[Progress:======>                       21%] [Cov:=============>                     38%]
[Progress:======>                       21%] [Cov:=============>                     38%]
[Progress:======>                       21%] [Cov:=============>                     38%]
[Progress:======>                       21%] [Cov:=============>                     38%]
[Progress:======>                       21%] [Cov:=============>                     38%]
[Progress:======>                       21%] [Cov:=============>                     38%]
[Progress:======>                       21%] [Cov:=============>                     38%]
[Progress:======>                       21%] [Cov:=============>                     38%]
[Progress:======>                       21%] [Cov:=============>                     38%]
[Progress:======>                       21%] [Cov:=============>                     38%]
[Progress:======>                       21%] [Cov:=============>                     38%]
[Progress:======>                       21%] [Cov:=============>                     38%]
[Progress:======>                       21%] [Cov:=============>                     38%]
[Progress:======>                       21%] [Cov:=============>                     38%]
[Progress:======>                       21%] [Cov:=============>                     38%]
[Progress:======>                       21%] [Cov:=============>                     38%]
[Progress:======>                       21%] [Cov:=============>                     38%]
[Progress:======>                       21%] [Cov:=============>                     38%]
[Progress:======>                       21%] [Cov:=============>                     38%]
[Progress:======>                       21%] [Cov:=============>                     38%]
[Progress:======>                       21%] [Cov:=============>                     38%]
[Progress:======>                       21%] [Cov:=============>                     38%]
[Progress:======>                       21%] [Cov:=============>                     38%]
[Progress:======>                       21%] [Cov:=============>                     38%]
[Progress:======>                       21%] [Cov:=============>                     38%]
[Progress:======>                       21%] [Cov:=============>                     38%]
[Progress:======>                       21%] [Cov:=============>                     38%]
[Progress:======>                       21%] [Cov:=============>                     38%]
[Progress:======>                       21%] [Cov:=============>                     38%]
[Progress:======>                       21%] [Cov:=============>                     38%]
[Progress:======>                       21%] [Cov:=============>                     38%]
[Progress:======>                       21%] [Cov:=============>                     38%]
[Progress:======>                       21%] [Cov:=============>                     38%]
[Progress:======>                       21%] [Cov:=============>                     38%]
[Progress:======>                       21%] [Cov:=============>                     38%]
[Progress:======>                       23%] [Cov:=============>                     38%]
[Progress:======>                       23%] [Cov:=============>                     38%]
[Progress:======>                       23%] [Cov:=============>                     38%]
[Progress:======>                       23%] [Cov:=============>                     38%]
[Progress:======>                       23%] [Cov:=============>                     38%]
[Progress:======>                       23%] [Cov:=============>                     38%]
[Progress:======>                       23%] [Cov:=============>                     38%]
[Progress:======>                       23%] [Cov:=============>                     38%]
[Progress:======>                       23%] [Cov:=============>                     38%]
[Progress:======>                       23%] [Cov:=============>                     38%]
[Progress:======>                       23%] [Cov:=============>                     38%]
[Progress:======>                       23%] [Cov:=============>                     38%]
[Progress:======>                       23%] [Cov:=============>                     38%]
[Progress:======>                       23%] [Cov:=============>                     38%]
[Progress:======>                       23%] [Cov:=============>                     38%]
[Progress:======>                       23%] [Cov:=============>                     38%]
[Progress:======>                       23%] [Cov:=============>                     38%]
[Progress:======>                       23%] [Cov:=============>                     38%]
[Progress:======>                       23%] [Cov:=============>                     38%]
[Progress:======>                       23%] [Cov:=============>                     38%]
[Progress:======>                       23%] [Cov:=============>                     38%]
[Progress:======>                       23%] [Cov:=============>                     38%]
[Progress:======>                       23%] [Cov:=============>                     38%]
[Progress:======>                       23%] [Cov:=============>                     38%]
[Progress:======>                       23%] [Cov:=============>                     38%]
[Progress:======>                       23%] [Cov:=============>                     38%]
[Progress:======>                       23%] [Cov:=============>                     38%]
[Progress:======>                       23%] [Cov:=============>                     38%]
[Progress:======>                       23%] [Cov:=============>                     38%]
[Progress:======>                       23%] [Cov:=============>                     38%]
[Progress:======>                       23%] [Cov:=============>                     38%]
[Progress:======>                       23%] [Cov:=============>                     38%]
[Progress:======>                       23%] [Cov:=============>                     38%]
[Progress:======>                       23%] [Cov:=============>                     38%]
[Progress:======>                       23%] [Cov:=============>                     38%]
[Progress:=======>                      25%] [Cov:=============>                     38%]
[Progress:=======>                      25%] [Cov:=============>                     38%]
[Progress:=======>                      25%] [Cov:=============>                     38%]
[Progress:=======>                      25%] [Cov:=============>                     38%]
[Progress:=======>                      25%] [Cov:=============>                     38%]
[Progress:=======>                      25%] [Cov:=============>                     38%]
[Progress:=======>                      25%] [Cov:=============>                     38%]
[Progress:=======>                      25%] [Cov:=============>                     38%]
[Progress:=======>                      25%] [Cov:=============>                     38%]
[Progress:=======>                      25%] [Cov:=============>                     38%]
[Progress:=======>                      25%] [Cov:=============>                     38%]
[Progress:=======>                      25%] [Cov:=============>                     38%]
[Progress:=======>                      25%] [Cov:=============>                     38%]
[Progress:=======>                      25%] [Cov:=============>                     38%]
[Progress:=======>                      25%] [Cov:=============>                     38%]
[Progress:=======>                      25%] [Cov:=============>                     38%]
[Progress:=======>                      25%] [Cov:=============>                     38%]
[Progress:=======>                      25%] [Cov:=============>                     38%]
[Progress:=======>                      25%] [Cov:=============>                     38%]
[Progress:=======>                      25%] [Cov:=============>                     38%]
[Progress:=======>                      25%] [Cov:=============>                     38%]
[Progress:=======>                      25%] [Cov:=============>                     38%]
[Progress:=======>                      25%] [Cov:=============>                     38%]
[Progress:=======>                      25%] [Cov:=============>                     38%]
[Progress:=======>                      25%] [Cov:=============>                     38%]
[Progress:=======>                      25%] [Cov:=============>                     38%]
[Progress:=======>                      25%] [Cov:=============>                     38%]
[Progress:=======>                      26%] [Cov:=============>                     38%]
[Progress:=======>                      26%] [Cov:=============>                     38%]
[Progress:=======>                      26%] [Cov:=============>                     38%]
[Progress:=======>                      26%] [Cov:=============>                     38%]
[Progress:=======>                      26%] [Cov:=============>                     38%]
[Progress:=======>                      26%] [Cov:=============>                     38%]
[Progress:=======>                      26%] [Cov:=============>                     38%]
[Progress:=======>                      26%] [Cov:=============>                     38%]
[Progress:=======>                      26%] [Cov:=============>                     38%]
[Progress:=======>                      26%] [Cov:=============>                     38%]
[Progress:=======>                      26%] [Cov:=============>                     38%]
[Progress:=======>                      26%] [Cov:=============>                     38%]
[Progress:=======>                      26%] [Cov:=============>                     38%]
[Progress:=======>                      26%] [Cov:=============>                     38%]
[Progress:=======>                      26%] [Cov:=============>                     38%]
[Progress:=======>                      26%] [Cov:=============>                     38%]
[Progress:=======>                      26%] [Cov:=============>                     38%]
[Progress:=======>                      26%] [Cov:=============>                     38%]
[Progress:=======>                      26%] [Cov:=============>                     38%]
[Progress:=======>                      26%] [Cov:=============>                     38%]
[Progress:=======>                      26%] [Cov:=============>                     38%]
[Progress:=======>                      26%] [Cov:=============>                     38%]
[Progress:=======>                      26%] [Cov:=============>                     38%]
[Progress:========>                     28%] [Cov:=============>                     38%]
[Progress:========>                     28%] [Cov:=============>                     38%]
[Progress:========>                     28%] [Cov:=============>                     38%]
[Progress:========>                     28%] [Cov:=============>                     38%]
[Progress:========>                     28%] [Cov:=============>                     38%]
[Progress:========>                     28%] [Cov:=============>                     38%]
[Progress:========>                     28%] [Cov:=============>                     38%]
[Progress:========>                     28%] [Cov:=============>                     38%]
[Progress:========>                     28%] [Cov:=============>                     38%]
[Progress:========>                     28%] [Cov:=============>                     38%]
[Progress:========>                     28%] [Cov:=============>                     38%]
[Progress:========>                     28%] [Cov:=============>                     38%]
[Progress:========>                     28%] [Cov:=============>                     38%]
[Progress:========>                     28%] [Cov:=============>                     38%]
[Progress:========>                     28%] [Cov:=============>                     38%]
[Progress:========>                     28%] [Cov:=============>                     38%]
[Progress:========>                     28%] [Cov:=============>                     38%]
[Progress:========>                     28%] [Cov:=============>                     38%]
[Progress:========>                     28%] [Cov:=============>                     38%]
[Progress:========>                     28%] [Cov:=============>                     38%]
[Progress:========>                     28%] [Cov:=============>                     38%]
[Progress:========>                     28%] [Cov:=============>                     38%]
[Progress:========>                     28%] [Cov:=============>                     38%]
[Progress:========>                     28%] [Cov:=============>                     38%]
[Progress:========>                     28%] [Cov:=============>                     38%]
[Progress:========>                     28%] [Cov:=============>                     38%]
[Progress:========>                     28%] [Cov:=============>                     38%]
[Progress:=========>                    30%] [Cov:=============>                     38%]
[Progress:=========>                    30%] [Cov:=============>                     38%]
[Progress:=========>                    30%] [Cov:=============>                     38%]
[Progress:=========>                    30%] [Cov:=============>                     38%]
[Progress:=========>                    30%] [Cov:=============>                     38%]
[Progress:=========>                    30%] [Cov:=============>                     38%]
[Progress:=========>                    30%] [Cov:=============>                     38%]
[Progress:=========>                    30%] [Cov:=============>                     38%]
[Progress:=========>                    30%] [Cov:=============>                     38%]
[Progress:=========>                    30%] [Cov:=============>                     38%]
[Progress:=========>                    30%] [Cov:=============>                     38%]
[Progress:=========>                    30%] [Cov:=============>                     38%]
[Progress:=========>                    30%] [Cov:=============>                     38%]
[Progress:=========>                    30%] [Cov:=============>                     38%]
[Progress:=========>                    30%] [Cov:=============>                     38%]
[Progress:=========>                    30%] [Cov:=============>                     38%]
[Progress:=========>                    30%] [Cov:=============>                     38%]
[Progress:=========>                    30%] [Cov:=============>                     38%]
[Progress:=========>                    30%] [Cov:=============>                     38%]
[Progress:=========>                    30%] [Cov:=============>                     38%]
[Progress:=========>                    30%] [Cov:=============>                     38%]
[Progress:=========>                    30%] [Cov:=============>                     38%]
[Progress:=========>                    30%] [Cov:=============>                     38%]
[Progress:=========>                    30%] [Cov:=============>                     38%]
[Progress:=========>                    30%] [Cov:=============>                     38%]
[Progress:=========>                    30%] [Cov:=============>                     38%]
[Progress:=========>                    30%] [Cov:=============>                     38%]
[Progress:=========>                    30%] [Cov:=============>                     38%]
[Progress:=========>                    30%] [Cov:=============>                     38%]
[Progress:=========>                    30%] [Cov:=============>                     38%]
[Progress:=========>                    31%] [Cov:=============>                     38%]
[Progress:=========>                    31%] [Cov:=============>                     38%]
[Progress:=========>                    31%] [Cov:=============>                     38%]
[Progress:=========>                    31%] [Cov:=============>                     38%]
[Progress:=========>                    31%] [Cov:=============>                     38%]
[Progress:=========>                    31%] [Cov:=============>                     38%]
[Progress:=========>                    31%] [Cov:=============>                     38%]
[Progress:=========>                    31%] [Cov:=============>                     38%]
[Progress:=========>                    31%] [Cov:=============>                     38%]
[Progress:=========>                    31%] [Cov:=============>                     38%]
[Progress:=========>                    31%] [Cov:=============>                     38%]
[Progress:=========>                    31%] [Cov:=============>                     38%]
[Progress:=========>                    31%] [Cov:=============>                     38%]
[Progress:=========>                    31%] [Cov:=============>                     38%]
[Progress:=========>                    31%] [Cov:=============>                     38%]
[Progress:=========>                    31%] [Cov:=============>                     38%]
[Progress:=========>                    31%] [Cov:=============>                     38%]
[Progress:=========>                    31%] [Cov:=============>                     38%]
[Progress:=========>                    31%] [Cov:=============>                     38%]
[Progress:=========>                    31%] [Cov:=============>                     38%]
[Progress:=========>                    31%] [Cov:=============>                     38%]
[Progress:=========>                    31%] [Cov:=============>                     38%]
[Progress:=========>                    31%] [Cov:=============>                     38%]
[Progress:=========>                    31%] [Cov:=============>                     38%]
[Progress:=========>                    31%] [Cov:=============>                     38%]
[Progress:=========>                    31%] [Cov:=============>                     38%]
[Progress:=========>                    31%] [Cov:=============>                     38%]
[Progress:=========>                    31%] [Cov:=============>                     38%]
[Progress:=========>                    33%] [Cov:=============>                     38%]
[Progress:=========>                    33%] [Cov:=============>                     38%]
[Progress:=========>                    33%] [Cov:=============>                     38%]
[Progress:=========>                    33%] [Cov:=============>                     38%]
[Progress:=========>                    33%] [Cov:=============>                     38%]
[Progress:=========>                    33%] [Cov:=============>                     38%]
[Progress:=========>                    33%] [Cov:=============>                     38%]
[Progress:=========>                    33%] [Cov:=============>                     38%]
[Progress:=========>                    33%] [Cov:=============>                     38%]
[Progress:=========>                    33%] [Cov:=============>                     38%]
[Progress:=========>                    33%] [Cov:=============>                     38%]
[Progress:=========>                    33%] [Cov:=============>                     38%]
[Progress:=========>                    33%] [Cov:=============>                     38%]
[Progress:=========>                    33%] [Cov:=============>                     38%]
[Progress:=========>                    33%] [Cov:=============>                     38%]
[Progress:=========>                    33%] [Cov:=============>                     38%]
[Progress:=========>                    33%] [Cov:=============>                     38%]
[Progress:=========>                    33%] [Cov:=============>                     38%]
[Progress:=========>                    33%] [Cov:=============>                     38%]
[Progress:=========>                    33%] [Cov:=============>                     38%]
[Progress:=========>                    33%] [Cov:=============>                     38%]
[Progress:=========>                    33%] [Cov:=============>                     38%]
[Progress:=========>                    33%] [Cov:=============>                     38%]
[Progress:=========>                    33%] [Cov:=============>                     38%]
[Progress:=========>                    33%] [Cov:=============>                     38%]
[Progress:=========>                    33%] [Cov:=============>                     38%]
[Progress:=========>                    33%] [Cov:=============>                     38%]
[Progress:=========>                    33%] [Cov:=============>                     38%]
[Progress:=========>                    33%] [Cov:=============>                     38%]
[Progress:=========>                    33%] [Cov:=============>                     38%]
[Progress:=========>                    33%] [Cov:=============>                     38%]
[Progress:=========>                    33%] [Cov:=============>                     38%]
[Progress:==========>                   35%] [Cov:============>                      36%]
[Progress:==========>                   35%] [Cov:=============>                     38%]
[Progress:==========>                   35%] [Cov:=============>                     38%]
[Progress:==========>                   35%] [Cov:=============>                     38%]
[Progress:==========>                   35%] [Cov:=============>                     38%]
[Progress:==========>                   35%] [Cov:=============>                     38%]
[Progress:==========>                   35%] [Cov:=============>                     38%]
[Progress:==========>                   35%] [Cov:=============>                     38%]
[Progress:==========>                   35%] [Cov:=============>                     38%]
[Progress:==========>                   35%] [Cov:=============>                     38%]
[Progress:==========>                   35%] [Cov:=============>                     38%]
[Progress:==========>                   35%] [Cov:=============>                     38%]
[Progress:==========>                   35%] [Cov:=============>                     38%]
[Progress:==========>                   35%] [Cov:=============>                     38%]
[Progress:==========>                   35%] [Cov:=============>                     38%]
[Progress:==========>                   35%] [Cov:=============>                     38%]
[Progress:==========>                   35%] [Cov:=============>                     38%]
[Progress:==========>                   35%] [Cov:=============>                     38%]
[Progress:==========>                   35%] [Cov:=============>                     38%]
[Progress:==========>                   35%] [Cov:=============>                     38%]
[Progress:==========>                   35%] [Cov:=============>                     38%]
[Progress:==========>                   35%] [Cov:=============>                     38%]
[Progress:==========>                   35%] [Cov:=============>                     38%]
[Progress:==========>                   35%] [Cov:=============>                     38%]
[Progress:==========>                   35%] [Cov:=============>                     38%]
[Progress:==========>                   35%] [Cov:=============>                     38%]
[Progress:==========>                   35%] [Cov:=============>                     38%]
[Progress:==========>                   35%] [Cov:=============>                     38%]
[Progress:==========>                   35%] [Cov:=============>                     38%]
[Progress:==========>                   35%] [Cov:=============>                     38%]
[Progress:==========>                   36%] [Cov:=============>                     38%]
[Progress:==========>                   36%] [Cov:=============>                     38%]
[Progress:==========>                   36%] [Cov:=============>                     38%]
[Progress:==========>                   36%] [Cov:=============>                     38%]
[Progress:==========>                   36%] [Cov:=============>                     38%]
[Progress:==========>                   36%] [Cov:=============>                     38%]
[Progress:==========>                   36%] [Cov:=============>                     38%]
[Progress:==========>                   36%] [Cov:=============>                     38%]
[Progress:==========>                   36%] [Cov:=============>                     38%]
[Progress:==========>                   36%] [Cov:=============>                     38%]
[Progress:==========>                   36%] [Cov:=============>                     38%]
[Progress:==========>                   36%] [Cov:=============>                     38%]
[Progress:==========>                   36%] [Cov:=============>                     38%]
[Progress:==========>                   36%] [Cov:=============>                     38%]
[Progress:==========>                   36%] [Cov:=============>                     38%]
[Progress:==========>                   36%] [Cov:=============>                     38%]
[Progress:==========>                   36%] [Cov:=============>                     38%]
[Progress:==========>                   36%] [Cov:=============>                     38%]
[Progress:==========>                   36%] [Cov:=============>                     38%]
[Progress:==========>                   36%] [Cov:=============>                     38%]
[Progress:==========>                   36%] [Cov:=============>                     38%]
[Progress:==========>                   36%] [Cov:=============>                     38%]
[Progress:==========>                   36%] [Cov:=============>                     38%]
[Progress:===========>                  38%] [Cov:=============>                     38%]
[Progress:===========>                  38%] [Cov:=============>                     38%]
[Progress:===========>                  38%] [Cov:=============>                     38%]
[Progress:===========>                  38%] [Cov:=============>                     38%]
[Progress:===========>                  38%] [Cov:=============>                     38%]
[Progress:===========>                  38%] [Cov:=============>                     38%]
[Progress:===========>                  38%] [Cov:=============>                     38%]
[Progress:===========>                  38%] [Cov:=============>                     38%]
[Progress:===========>                  38%] [Cov:=============>                     38%]
[Progress:===========>                  38%] [Cov:=============>                     38%]
[Progress:===========>                  38%] [Cov:=============>                     38%]
[Progress:===========>                  38%] [Cov:=============>                     38%]
[Progress:===========>                  38%] [Cov:=============>                     38%]
[Progress:===========>                  38%] [Cov:=============>                     38%]
[Progress:===========>                  38%] [Cov:=============>                     38%]
[Progress:===========>                  38%] [Cov:=============>                     38%]
[Progress:===========>                  38%] [Cov:=============>                     38%]
[Progress:===========>                  38%] [Cov:=============>                     38%]
[Progress:===========>                  38%] [Cov:=============>                     38%]
[Progress:===========>                  38%] [Cov:=============>                     38%]
[Progress:===========>                  38%] [Cov:=============>                     38%]
[Progress:===========>                  38%] [Cov:=============>                     38%]
[Progress:===========>                  38%] [Cov:=============>                     38%]
[Progress:===========>                  38%] [Cov:=============>                     38%]
[Progress:===========>                  38%] [Cov:=============>                     38%]
[Progress:===========>                  38%] [Cov:=============>                     38%]
[Progress:===========>                  38%] [Cov:=============>                     38%]
[Progress:===========>                  38%] [Cov:=============>                     38%]
[Progress:===========>                  38%] [Cov:=============>                     38%]
[Progress:===========>                  38%] [Cov:=============>                     38%]
[Progress:===========>                  38%] [Cov:=============>                     38%]
[Progress:============>                 40%] [Cov:=============>                     38%]
[Progress:============>                 40%] [Cov:=============>                     38%]
[Progress:============>                 40%] [Cov:=============>                     38%]
[Progress:============>                 40%] [Cov:=============>                     38%]
[Progress:============>                 40%] [Cov:=============>                     38%]
[Progress:============>                 40%] [Cov:=============>                     38%]
[Progress:============>                 40%] [Cov:=============>                     38%]
[Progress:============>                 40%] [Cov:=============>                     38%]
[Progress:============>                 40%] [Cov:=============>                     38%]
[Progress:============>                 40%] [Cov:=============>                     38%]
[Progress:============>                 40%] [Cov:=============>                     38%]
[Progress:============>                 40%] [Cov:=============>                     38%]
[Progress:============>                 40%] [Cov:=============>                     38%]
[Progress:============>                 40%] [Cov:=============>                     38%]
[Progress:============>                 40%] [Cov:=============>                     38%]
[Progress:============>                 40%] [Cov:=============>                     38%]
[Progress:============>                 40%] [Cov:=============>                     38%]
[Progress:============>                 40%] [Cov:=============>                     38%]
[Progress:============>                 40%] [Cov:=============>                     38%]
[Progress:============>                 40%] [Cov:=============>                     38%]
[Progress:============>                 40%] [Cov:=============>                     38%]
[Progress:============>                 40%] [Cov:=============>                     38%]
[Progress:============>                 40%] [Cov:=============>                     38%]
[Progress:============>                 40%] [Cov:=============>                     38%]
[Progress:============>                 40%] [Cov:=============>                     38%]
[Progress:============>                 40%] [Cov:=============>                     38%]
[Progress:============>                 40%] [Cov:=============>                     38%]
[Progress:============>                 40%] [Cov:=============>                     38%]
[Progress:============>                 40%] [Cov:=============>                     38%]
[Progress:============>                 40%] [Cov:=============>                     38%]
[Progress:============>                 40%] [Cov:=============>                     38%]
[Progress:============>                 40%] [Cov:=============>                     38%]
[Progress:============>                 40%] [Cov:=============>                     38%]
[Progress:============>                 40%] [Cov:=============>                     38%]
[Progress:============>                 40%] [Cov:=============>                     38%]
[Progress:============>                 40%] [Cov:=============>                     38%]
[Progress:============>                 40%] [Cov:=============>                     38%]
[Progress:============>                 41%] [Cov:=============>                     38%]
[Progress:============>                 41%] [Cov:=============>                     38%]
[Progress:============>                 41%] [Cov:=============>                     38%]
[Progress:============>                 41%] [Cov:=============>                     38%]
[Progress:============>                 41%] [Cov:=============>                     38%]
[Progress:============>                 41%] [Cov:=============>                     38%]
[Progress:============>                 41%] [Cov:=============>                     38%]
[Progress:============>                 41%] [Cov:=============>                     38%]
[Progress:============>                 41%] [Cov:=============>                     38%]
[Progress:============>                 41%] [Cov:=============>                     38%]
[Progress:============>                 41%] [Cov:=============>                     38%]
[Progress:============>                 41%] [Cov:=============>                     38%]
[Progress:============>                 41%] [Cov:=============>                     38%]
[Progress:============>                 41%] [Cov:=============>                     38%]
[Progress:============>                 41%] [Cov:=============>                     38%]
[Progress:============>                 41%] [Cov:=============>                     38%]
[Progress:============>                 41%] [Cov:=============>                     38%]
[Progress:============>                 41%] [Cov:=============>                     38%]
[Progress:============>                 41%] [Cov:=============>                     38%]
[Progress:============>                 41%] [Cov:=============>                     38%]
[Progress:============>                 41%] [Cov:=============>                     38%]
[Progress:============>                 41%] [Cov:=============>                     38%]
[Progress:============>                 41%] [Cov:=============>                     38%]
[Progress:============>                 41%] [Cov:=============>                     38%]
[Progress:============>                 41%] [Cov:=============>                     38%]
[Progress:============>                 41%] [Cov:=============>                     38%]
[Progress:============>                 41%] [Cov:=============>                     38%]
[Progress:============>                 41%] [Cov:=============>                     38%]
[Progress:============>                 41%] [Cov:=============>                     38%]
[Progress:============>                 41%] [Cov:=============>                     38%]
[Progress:============>                 41%] [Cov:=============>                     38%]
[Progress:============>                 41%] [Cov:=============>                     38%]
[Progress:============>                 41%] [Cov:=============>                     38%]
[Progress:============>                 41%] [Cov:=============>                     38%]
[Progress:============>                 41%] [Cov:=============>                     38%]
[Progress:============>                 41%] [Cov:=============>                     38%]
[Progress:============>                 41%] [Cov:=============>                     38%]
[Progress:============>                 41%] [Cov:=============>                     38%]
[Progress:============>                 41%] [Cov:=============>                     38%]
[Progress:============>                 41%] [Cov:=============>                     38%]
[Progress:============>                 41%] [Cov:=============>                     38%]
[Progress:============>                 41%] [Cov:=============>                     38%]
[Progress:============>                 43%] [Cov:=============>                     38%]
[Progress:============>                 43%] [Cov:=============>                     38%]
[Progress:============>                 43%] [Cov:=============>                     38%]
[Progress:============>                 43%] [Cov:=============>                     38%]
[Progress:============>                 43%] [Cov:=============>                     38%]
[Progress:============>                 43%] [Cov:=============>                     38%]
[Progress:============>                 43%] [Cov:=============>                     38%]
[Progress:============>                 43%] [Cov:=============>                     38%]
[Progress:============>                 43%] [Cov:=============>                     38%]
[Progress:============>                 43%] [Cov:=============>                     38%]
[Progress:============>                 43%] [Cov:=============>                     38%]
[Progress:============>                 43%] [Cov:=============>                     38%]
[Progress:============>                 43%] [Cov:=============>                     38%]
[Progress:============>                 43%] [Cov:=============>                     38%]
[Progress:============>                 43%] [Cov:=============>                     38%]
[Progress:============>                 43%] [Cov:=============>                     38%]
[Progress:============>                 43%] [Cov:=============>                     38%]
[Progress:============>                 43%] [Cov:=============>                     38%]
[Progress:============>                 43%] [Cov:=============>                     38%]
[Progress:============>                 43%] [Cov:=============>                     38%]
[Progress:============>                 43%] [Cov:=============>                     38%]
[Progress:============>                 43%] [Cov:=============>                     38%]
[Progress:============>                 43%] [Cov:=============>                     38%]
[Progress:============>                 43%] [Cov:=============>                     38%]
[Progress:============>                 43%] [Cov:=============>                     38%]
[Progress:============>                 43%] [Cov:=============>                     38%]
[Progress:============>                 43%] [Cov:=============>                     38%]
[Progress:============>                 43%] [Cov:=============>                     38%]
[Progress:============>                 43%] [Cov:=============>                     38%]
[Progress:============>                 43%] [Cov:=============>                     38%]
[Progress:============>                 43%] [Cov:=============>                     38%]
[Progress:============>                 43%] [Cov:=============>                     38%]
[Progress:============>                 43%] [Cov:=============>                     38%]
[Progress:============>                 43%] [Cov:=============>                     38%]
[Progress:============>                 43%] [Cov:=============>                     38%]
[Progress:============>                 43%] [Cov:=============>                     38%]
[Progress:============>                 43%] [Cov:=============>                     38%]
[Progress:============>                 43%] [Cov:=============>                     38%]
[Progress:============>                 43%] [Cov:=============>                     38%]
[Progress:============>                 43%] [Cov:=============>                     38%]
[Progress:============>                 43%] [Cov:=============>                     38%]
[Progress:=============>                45%] [Cov:=============>                     38%]
[Progress:=============>                45%] [Cov:=============>                     38%]
[Progress:=============>                45%] [Cov:=============>                     38%]
[Progress:=============>                45%] [Cov:=============>                     38%]
[Progress:=============>                45%] [Cov:=============>                     38%]
[Progress:=============>                45%] [Cov:=============>                     38%]
[Progress:=============>                45%] [Cov:=============>                     38%]
[Progress:=============>                45%] [Cov:=============>                     38%]
[Progress:=============>                45%] [Cov:=============>                     38%]
[Progress:=============>                45%] [Cov:=============>                     38%]
[Progress:=============>                45%] [Cov:=============>                     38%]
[Progress:=============>                45%] [Cov:=============>                     38%]
[Progress:=============>                45%] [Cov:=============>                     38%]
[Progress:=============>                45%] [Cov:=============>                     38%]
[Progress:=============>                45%] [Cov:=============>                     38%]
[Progress:=============>                45%] [Cov:=============>                     38%]
[Progress:=============>                45%] [Cov:=============>                     38%]
[Progress:=============>                45%] [Cov:=============>                     38%]
[Progress:=============>                45%] [Cov:=============>                     38%]
[Progress:=============>                45%] [Cov:=============>                     38%]
[Progress:=============>                45%] [Cov:=============>                     38%]
[Progress:=============>                45%] [Cov:=============>                     38%]
[Progress:=============>                45%] [Cov:=============>                     38%]
[Progress:=============>                45%] [Cov:=============>                     38%]
[Progress:=============>                45%] [Cov:=============>                     38%]
[Progress:=============>                45%] [Cov:=============>                     38%]
[Progress:=============>                45%] [Cov:=============>                     38%]
[Progress:=============>                45%] [Cov:=============>                     38%]
[Progress:=============>                45%] [Cov:=============>                     38%]
[Progress:=============>                45%] [Cov:=============>                     38%]
[Progress:=============>                45%] [Cov:=============>                     38%]
[Progress:=============>                45%] [Cov:=============>                     38%]
[Progress:=============>                45%] [Cov:=============>                     38%]
[Progress:=============>                45%] [Cov:=============>                     38%]
[Progress:=============>                45%] [Cov:=============>                     38%]
[Progress:=============>                45%] [Cov:=============>                     38%]
[Progress:=============>                45%] [Cov:=============>                     38%]
[Progress:=============>                46%] [Cov:=============>                     38%]
[Progress:=============>                46%] [Cov:=============>                     38%]
[Progress:=============>                46%] [Cov:=============>                     38%]
[Progress:=============>                46%] [Cov:=============>                     38%]
[Progress:=============>                46%] [Cov:=============>                     38%]
[Progress:=============>                46%] [Cov:=============>                     38%]
[Progress:=============>                46%] [Cov:=============>                     38%]
[Progress:=============>                46%] [Cov:=============>                     38%]
[Progress:=============>                46%] [Cov:=============>                     38%]
[Progress:=============>                46%] [Cov:=============>                     38%]
[Progress:=============>                46%] [Cov:=============>                     38%]
[Progress:=============>                46%] [Cov:=============>                     38%]
[Progress:=============>                46%] [Cov:=============>                     38%]
[Progress:=============>                46%] [Cov:=============>                     38%]
[Progress:=============>                46%] [Cov:=============>                     38%]
[Progress:=============>                46%] [Cov:=============>                     38%]
[Progress:=============>                46%] [Cov:=============>                     38%]
[Progress:=============>                46%] [Cov:=============>                     38%]
[Progress:=============>                46%] [Cov:=============>                     38%]
[Progress:=============>                46%] [Cov:=============>                     38%]
[Progress:=============>                46%] [Cov:=============>                     38%]
[Progress:=============>                46%] [Cov:=============>                     38%]
[Progress:=============>                46%] [Cov:=============>                     38%]
[Progress:=============>                46%] [Cov:=============>                     38%]
[Progress:=============>                46%] [Cov:=============>                     38%]
[Progress:=============>                46%] [Cov:=============>                     38%]
[Progress:=============>                46%] [Cov:=============>                     38%]
[Progress:=============>                46%] [Cov:=============>                     38%]
[Progress:=============>                46%] [Cov:=============>                     38%]
[Progress:==============>               48%] [Cov:============>                      36%]
[Progress:==============>               48%] [Cov:=============>                     38%]
[Progress:==============>               48%] [Cov:=============>                     38%]
[Progress:==============>               48%] [Cov:=============>                     38%]
[Progress:==============>               48%] [Cov:=============>                     38%]
[Progress:==============>               48%] [Cov:=============>                     38%]
[Progress:==============>               48%] [Cov:=============>                     38%]
[Progress:==============>               48%] [Cov:=============>                     38%]
[Progress:==============>               48%] [Cov:=============>                     38%]
[Progress:==============>               48%] [Cov:=============>                     38%]
[Progress:==============>               48%] [Cov:=============>                     38%]
[Progress:==============>               48%] [Cov:=============>                     38%]
[Progress:==============>               48%] [Cov:=============>                     38%]
[Progress:==============>               48%] [Cov:=============>                     38%]
[Progress:==============>               48%] [Cov:=============>                     38%]
[Progress:==============>               48%] [Cov:=============>                     38%]
[Progress:==============>               48%] [Cov:=============>                     38%]
[Progress:==============>               48%] [Cov:=============>                     38%]
[Progress:==============>               48%] [Cov:=============>                     38%]
[Progress:==============>               48%] [Cov:=============>                     38%]
[Progress:==============>               48%] [Cov:=============>                     38%]
[Progress:==============>               48%] [Cov:=============>                     38%]
[Progress:==============>               48%] [Cov:=============>                     38%]
[Progress:==============>               48%] [Cov:=============>                     38%]
[Progress:==============>               48%] [Cov:=============>                     38%]
[Progress:==============>               48%] [Cov:=============>                     38%]
[Progress:==============>               48%] [Cov:=============>                     38%]
[Progress:==============>               48%] [Cov:=============>                     38%]
[Progress:==============>               48%] [Cov:=============>                     38%]
[Progress:==============>               48%] [Cov:=============>                     38%]
[Progress:==============>               48%] [Cov:=============>                     38%]
[Progress:==============>               48%] [Cov:=============>                     38%]
[Progress:==============>               48%] [Cov:=============>                     38%]
[Progress:===============>              50%] [Cov:=============>                     38%]
[Progress:===============>              50%] [Cov:=============>                     38%]
[Progress:===============>              50%] [Cov:=============>                     38%]
[Progress:===============>              50%] [Cov:=============>                     38%]
[Progress:===============>              50%] [Cov:=============>                     38%]
[Progress:===============>              50%] [Cov:=============>                     38%]
[Progress:===============>              50%] [Cov:=============>                     38%]
[Progress:===============>              50%] [Cov:=============>                     38%]
[Progress:===============>              50%] [Cov:=============>                     38%]
[Progress:===============>              50%] [Cov:=============>                     38%]
[Progress:===============>              50%] [Cov:=============>                     38%]
[Progress:===============>              50%] [Cov:=============>                     38%]
[Progress:===============>              50%] [Cov:=============>                     38%]
[Progress:===============>              50%] [Cov:=============>                     38%]
[Progress:===============>              50%] [Cov:=============>                     38%]
[Progress:===============>              50%] [Cov:=============>                     38%]
[Progress:===============>              50%] [Cov:=============>                     38%]
[Progress:===============>              50%] [Cov:=============>                     38%]
[Progress:===============>              50%] [Cov:=============>                     38%]
[Progress:===============>              50%] [Cov:=============>                     38%]
[Progress:===============>              50%] [Cov:=============>                     38%]
[Progress:===============>              50%] [Cov:=============>                     38%]
[Progress:===============>              50%] [Cov:=============>                     38%]
[Progress:===============>              50%] [Cov:=============>                     38%]
[Progress:===============>              50%] [Cov:=============>                     38%]
[Progress:===============>              50%] [Cov:=============>                     38%]
[Progress:===============>              50%] [Cov:=============>                     38%]
[Progress:===============>              50%] [Cov:=============>                     38%]
[Progress:===============>              50%] [Cov:=============>                     38%]
[Progress:===============>              50%] [Cov:=============>                     38%]
[Progress:===============>              50%] [Cov:=============>                     38%]
[Progress:===============>              51%] [Cov:=============>                     38%]
[Progress:===============>              51%] [Cov:=============>                     38%]
[Progress:===============>              51%] [Cov:=============>                     38%]
[Progress:===============>              51%] [Cov:=============>                     38%]
[Progress:===============>              51%] [Cov:=============>                     38%]
[Progress:===============>              51%] [Cov:=============>                     38%]
[Progress:===============>              51%] [Cov:=============>                     38%]
[Progress:===============>              51%] [Cov:=============>                     38%]
[Progress:===============>              51%] [Cov:=============>                     38%]
[Progress:===============>              51%] [Cov:=============>                     38%]
[Progress:===============>              51%] [Cov:=============>                     38%]
[Progress:===============>              51%] [Cov:=============>                     38%]
[Progress:===============>              51%] [Cov:=============>                     38%]
[Progress:===============>              51%] [Cov:=============>                     38%]
[Progress:===============>              51%] [Cov:=============>                     38%]
[Progress:===============>              51%] [Cov:=============>                     38%]
[Progress:===============>              51%] [Cov:=============>                     38%]
[Progress:===============>              51%] [Cov:=============>                     38%]
[Progress:===============>              51%] [Cov:=============>                     38%]
[Progress:===============>              51%] [Cov:=============>                     38%]
[Progress:===============>              51%] [Cov:=============>                     38%]
[Progress:===============>              51%] [Cov:=============>                     38%]
[Progress:===============>              51%] [Cov:=============>                     38%]
[Progress:===============>              51%] [Cov:=============>                     38%]
[Progress:===============>              51%] [Cov:=============>                     38%]
[Progress:===============>              51%] [Cov:=============>                     38%]
[Progress:===============>              51%] [Cov:=============>                     38%]
[Progress:===============>              51%] [Cov:=============>                     38%]
[Progress:===============>              51%] [Cov:=============>                     38%]
[Progress:===============>              51%] [Cov:=============>                     38%]
[Progress:===============>              51%] [Cov:=============>                     38%]
[Progress:===============>              51%] [Cov:=============>                     38%]
[Progress:===============>              51%] [Cov:=============>                     38%]
[Progress:===============>              51%] [Cov:=============>                     38%]
[Progress:===============>              51%] [Cov:=============>                     38%]
[Progress:===============>              51%] [Cov:=============>                     38%]
[Progress:===============>              51%] [Cov:=============>                     38%]
[Progress:===============>              51%] [Cov:=============>                     38%]
[Progress:===============>              53%] [Cov:=============>                     38%]
[Progress:===============>              53%] [Cov:=============>                     38%]
[Progress:===============>              53%] [Cov:=============>                     38%]
[Progress:===============>              53%] [Cov:=============>                     38%]
[Progress:===============>              53%] [Cov:=============>                     38%]
[Progress:===============>              53%] [Cov:=============>                     38%]
[Progress:===============>              53%] [Cov:=============>                     38%]
[Progress:===============>              53%] [Cov:=============>                     38%]
[Progress:===============>              53%] [Cov:=============>                     38%]
[Progress:===============>              53%] [Cov:=============>                     38%]
[Progress:===============>              53%] [Cov:=============>                     38%]
[Progress:===============>              53%] [Cov:=============>                     38%]
[Progress:===============>              53%] [Cov:=============>                     38%]
[Progress:===============>              53%] [Cov:=============>                     38%]
[Progress:===============>              53%] [Cov:=============>                     38%]
[Progress:===============>              53%] [Cov:=============>                     38%]
[Progress:===============>              53%] [Cov:=============>                     38%]
[Progress:===============>              53%] [Cov:=============>                     38%]
[Progress:===============>              53%] [Cov:=============>                     38%]
[Progress:===============>              53%] [Cov:=============>                     38%]
[Progress:===============>              53%] [Cov:=============>                     38%]
[Progress:===============>              53%] [Cov:=============>                     38%]
[Progress:===============>              53%] [Cov:=============>                     38%]
[Progress:===============>              53%] [Cov:=============>                     38%]
[Progress:===============>              53%] [Cov:=============>                     38%]
[Progress:===============>              53%] [Cov:=============>                     38%]
[Progress:===============>              53%] [Cov:=============>                     38%]
[Progress:===============>              53%] [Cov:=============>                     38%]
[Progress:===============>              53%] [Cov:=============>                     38%]
[Progress:================>             55%] [Cov:=============>                     38%]
[Progress:================>             55%] [Cov:=============>                     38%]
[Progress:================>             55%] [Cov:=============>                     38%]
[Progress:================>             55%] [Cov:=============>                     38%]
[Progress:================>             55%] [Cov:=============>                     38%]
[Progress:================>             55%] [Cov:=============>                     38%]
[Progress:================>             55%] [Cov:=============>                     38%]
[Progress:================>             55%] [Cov:=============>                     38%]
[Progress:================>             55%] [Cov:=============>                     38%]
[Progress:================>             55%] [Cov:=============>                     38%]
[Progress:================>             55%] [Cov:=============>                     38%]
[Progress:================>             55%] [Cov:=============>                     38%]
[Progress:================>             55%] [Cov:=============>                     38%]
[Progress:================>             55%] [Cov:=============>                     38%]
[Progress:================>             55%] [Cov:=============>                     38%]
[Progress:================>             55%] [Cov:=============>                     38%]
[Progress:================>             55%] [Cov:=============>                     38%]
[Progress:================>             55%] [Cov:=============>                     38%]
[Progress:================>             55%] [Cov:=============>                     38%]
[Progress:================>             55%] [Cov:=============>                     38%]
[Progress:================>             55%] [Cov:=============>                     38%]
[Progress:================>             55%] [Cov:=============>                     38%]
[Progress:================>             55%] [Cov:=============>                     38%]
[Progress:================>             55%] [Cov:=============>                     38%]
[Progress:================>             55%] [Cov:=============>                     38%]
[Progress:================>             55%] [Cov:=============>                     38%]
[Progress:================>             55%] [Cov:=============>                     38%]
[Progress:================>             55%] [Cov:=============>                     38%]
[Progress:================>             55%] [Cov:=============>                     38%]
[Progress:================>             55%] [Cov:=============>                     38%]
[Progress:================>             55%] [Cov:=============>                     38%]
[Progress:================>             55%] [Cov:=============>                     38%]
[Progress:================>             55%] [Cov:=============>                     38%]
[Progress:================>             55%] [Cov:=============>                     38%]
[Progress:================>             55%] [Cov:=============>                     38%]
[Progress:================>             56%] [Cov:=============>                     38%]
[Progress:================>             56%] [Cov:=============>                     38%]
[Progress:================>             56%] [Cov:=============>                     38%]
[Progress:================>             56%] [Cov:=============>                     38%]
[Progress:================>             56%] [Cov:=============>                     38%]
[Progress:================>             56%] [Cov:=============>                     38%]
[Progress:================>             56%] [Cov:=============>                     38%]
[Progress:================>             56%] [Cov:=============>                     38%]
[Progress:================>             56%] [Cov:=============>                     38%]
[Progress:================>             56%] [Cov:=============>                     38%]
[Progress:================>             56%] [Cov:=============>                     38%]
[Progress:================>             56%] [Cov:=============>                     38%]
[Progress:================>             56%] [Cov:=============>                     38%]
[Progress:================>             56%] [Cov:=============>                     38%]
[Progress:================>             56%] [Cov:=============>                     38%]
[Progress:================>             56%] [Cov:=============>                     38%]
[Progress:================>             56%] [Cov:=============>                     38%]
[Progress:================>             56%] [Cov:=============>                     38%]
[Progress:================>             56%] [Cov:=============>                     38%]
[Progress:================>             56%] [Cov:=============>                     38%]
[Progress:================>             56%] [Cov:=============>                     38%]
[Progress:================>             56%] [Cov:=============>                     38%]
[Progress:================>             56%] [Cov:=============>                     38%]
[Progress:================>             56%] [Cov:=============>                     38%]
[Progress:================>             56%] [Cov:=============>                     38%]
[Progress:================>             56%] [Cov:=============>                     38%]
[Progress:================>             56%] [Cov:=============>                     38%]
[Progress:================>             56%] [Cov:=============>                     38%]
[Progress:================>             56%] [Cov:=============>                     38%]
[Progress:================>             56%] [Cov:=============>                     38%]
[Progress:================>             56%] [Cov:=============>                     38%]
[Progress:================>             56%] [Cov:=============>                     38%]
[Progress:=================>            58%] [Cov:=============>                     38%]
[Progress:=================>            58%] [Cov:=============>                     38%]
[Progress:=================>            58%] [Cov:=============>                     38%]
[Progress:=================>            58%] [Cov:=============>                     38%]
[Progress:=================>            58%] [Cov:=============>                     38%]
[Progress:=================>            58%] [Cov:=============>                     38%]
[Progress:=================>            58%] [Cov:=============>                     38%]
[Progress:=================>            58%] [Cov:=============>                     38%]
[Progress:=================>            58%] [Cov:=============>                     38%]
[Progress:=================>            58%] [Cov:=============>                     38%]
[Progress:=================>            58%] [Cov:=============>                     38%]
[Progress:=================>            58%] [Cov:=============>                     38%]
[Progress:=================>            58%] [Cov:=============>                     38%]
[Progress:=================>            58%] [Cov:=============>                     38%]
[Progress:=================>            58%] [Cov:=============>                     38%]
[Progress:=================>            58%] [Cov:=============>                     38%]
[Progress:=================>            58%] [Cov:=============>                     38%]
[Progress:=================>            58%] [Cov:=============>                     38%]
[Progress:=================>            58%] [Cov:=============>                     38%]
[Progress:=================>            58%] [Cov:=============>                     38%]
[Progress:=================>            58%] [Cov:=============>                     38%]
[Progress:=================>            58%] [Cov:=============>                     38%]
[Progress:=================>            58%] [Cov:=============>                     38%]
[Progress:==================>           60%] [Cov:=============>                     38%]
[Progress:==================>           60%] [Cov:=============>                     38%]
[Progress:==================>           60%] [Cov:=============>                     38%]
[Progress:==================>           60%] [Cov:=============>                     38%]
[Progress:==================>           60%] [Cov:=============>                     38%]
[Progress:==================>           60%] [Cov:=============>                     38%]
[Progress:==================>           60%] [Cov:=============>                     38%]
[Progress:==================>           60%] [Cov:=============>                     38%]
[Progress:==================>           60%] [Cov:=============>                     38%]
[Progress:==================>           60%] [Cov:=============>                     38%]
[Progress:==================>           60%] [Cov:=============>                     38%]
[Progress:==================>           60%] [Cov:=============>                     38%]
[Progress:==================>           60%] [Cov:=============>                     38%]
[Progress:==================>           60%] [Cov:=============>                     38%]
[Progress:==================>           60%] [Cov:=============>                     38%]
[Progress:==================>           60%] [Cov:=============>                     38%]
[Progress:==================>           60%] [Cov:=============>                     38%]
[Progress:==================>           60%] [Cov:=============>                     38%]
[Progress:==================>           60%] [Cov:=============>                     38%]
[Progress:==================>           61%] [Cov:============>                      36%]
[Progress:==================>           61%] [Cov:=============>                     38%]
[Progress:==================>           61%] [Cov:=============>                     38%]
[Progress:==================>           61%] [Cov:=============>                     38%]
[Progress:==================>           61%] [Cov:=============>                     38%]
[Progress:==================>           61%] [Cov:=============>                     38%]
[Progress:==================>           61%] [Cov:=============>                     38%]
[Progress:==================>           61%] [Cov:=============>                     38%]
[Progress:==================>           61%] [Cov:=============>                     38%]
[Progress:==================>           61%] [Cov:=============>                     38%]
[Progress:==================>           61%] [Cov:=============>                     38%]
[Progress:==================>           61%] [Cov:=============>                     38%]
[Progress:==================>           61%] [Cov:=============>                     38%]
[Progress:==================>           61%] [Cov:=============>                     38%]
[Progress:==================>           61%] [Cov:=============>                     38%]
[Progress:==================>           61%] [Cov:=============>                     38%]
[Progress:==================>           61%] [Cov:=============>                     38%]
[Progress:==================>           61%] [Cov:=============>                     38%]
[Progress:==================>           61%] [Cov:=============>                     38%]
[Progress:==================>           61%] [Cov:=============>                     38%]
[Progress:==================>           63%] [Cov:=============>                     38%]
[Progress:==================>           63%] [Cov:=============>                     38%]
[Progress:==================>           63%] [Cov:=============>                     38%]
[Progress:==================>           63%] [Cov:=============>                     38%]
[Progress:==================>           63%] [Cov:=============>                     38%]
[Progress:==================>           63%] [Cov:=============>                     38%]
[Progress:==================>           63%] [Cov:=============>                     38%]
[Progress:==================>           63%] [Cov:=============>                     38%]
[Progress:==================>           63%] [Cov:=============>                     38%]
[Progress:==================>           63%] [Cov:=============>                     38%]
[Progress:==================>           63%] [Cov:=============>                     38%]
[Progress:==================>           63%] [Cov:=============>                     38%]
[Progress:==================>           63%] [Cov:=============>                     38%]
[Progress:==================>           63%] [Cov:=============>                     38%]
[Progress:==================>           63%] [Cov:=============>                     38%]
[Progress:==================>           63%] [Cov:=============>                     38%]
[Progress:==================>           63%] [Cov:=============>                     38%]
[Progress:==================>           63%] [Cov:=============>                     38%]
[Progress:==================>           63%] [Cov:=============>                     38%]
[Progress:==================>           63%] [Cov:=============>                     38%]
[Progress:==================>           63%] [Cov:=============>                     38%]
[Progress:==================>           63%] [Cov:=============>                     38%]
[Progress:==================>           63%] [Cov:=============>                     38%]
[Progress:==================>           63%] [Cov:=============>                     38%]
[Progress:==================>           63%] [Cov:=============>                     38%]
[Progress:===================>          65%] [Cov:=============>                     38%]
[Progress:===================>          65%] [Cov:=============>                     38%]
[Progress:===================>          65%] [Cov:=============>                     38%]
[Progress:===================>          65%] [Cov:=============>                     38%]
[Progress:===================>          65%] [Cov:=============>                     38%]
[Progress:===================>          65%] [Cov:=============>                     38%]
[Progress:===================>          65%] [Cov:=============>                     38%]
[Progress:===================>          65%] [Cov:=============>                     38%]
[Progress:===================>          65%] [Cov:=============>                     38%]
[Progress:===================>          65%] [Cov:=============>                     38%]
[Progress:===================>          65%] [Cov:=============>                     38%]
[Progress:===================>          65%] [Cov:=============>                     38%]
[Progress:===================>          65%] [Cov:=============>                     38%]
[Progress:===================>          65%] [Cov:=============>                     38%]
[Progress:===================>          65%] [Cov:=============>                     38%]
[Progress:===================>          65%] [Cov:=============>                     38%]
[Progress:===================>          65%] [Cov:=============>                     38%]
[Progress:===================>          65%] [Cov:=============>                     38%]
[Progress:===================>          65%] [Cov:=============>                     38%]
[Progress:===================>          65%] [Cov:=============>                     38%]
[Progress:===================>          65%] [Cov:=============>                     38%]
[Progress:===================>          65%] [Cov:=============>                     38%]
[Progress:===================>          65%] [Cov:=============>                     38%]
[Progress:===================>          65%] [Cov:=============>                     38%]
[Progress:===================>          65%] [Cov:=============>                     38%]
[Progress:===================>          65%] [Cov:=============>                     38%]
[Progress:===================>          65%] [Cov:=============>                     38%]
[Progress:===================>          65%] [Cov:=============>                     38%]
[Progress:===================>          65%] [Cov:=============>                     38%]
[Progress:===================>          65%] [Cov:=============>                     38%]
[Progress:===================>          66%] [Cov:=============>                     38%]
[Progress:===================>          66%] [Cov:=============>                     38%]
[Progress:===================>          66%] [Cov:=============>                     38%]
[Progress:===================>          66%] [Cov:=============>                     38%]
[Progress:===================>          66%] [Cov:=============>                     38%]
[Progress:===================>          66%] [Cov:=============>                     38%]
[Progress:===================>          66%] [Cov:=============>                     38%]
[Progress:===================>          66%] [Cov:=============>                     38%]
[Progress:===================>          66%] [Cov:=============>                     38%]
[Progress:===================>          66%] [Cov:=============>                     38%]
[Progress:===================>          66%] [Cov:=============>                     38%]
[Progress:===================>          66%] [Cov:=============>                     38%]
[Progress:===================>          66%] [Cov:=============>                     38%]
[Progress:===================>          66%] [Cov:=============>                     38%]
[Progress:===================>          66%] [Cov:=============>                     38%]
[Progress:===================>          66%] [Cov:=============>                     38%]
[Progress:===================>          66%] [Cov:=============>                     38%]
[Progress:===================>          66%] [Cov:=============>                     38%]
[Progress:===================>          66%] [Cov:=============>                     38%]
[Progress:===================>          66%] [Cov:=============>                     38%]
[Progress:===================>          66%] [Cov:=============>                     38%]
[Progress:===================>          66%] [Cov:=============>                     38%]
[Progress:===================>          66%] [Cov:=============>                     38%]
[Progress:====================>         68%] [Cov:=============>                     38%]
[Progress:====================>         68%] [Cov:=============>                     38%]
[Progress:====================>         68%] [Cov:=============>                     38%]
[Progress:====================>         68%] [Cov:=============>                     38%]
[Progress:====================>         68%] [Cov:=============>                     38%]
[Progress:====================>         68%] [Cov:=============>                     38%]
[Progress:====================>         68%] [Cov:=============>                     38%]
[Progress:====================>         68%] [Cov:=============>                     38%]
[Progress:====================>         68%] [Cov:=============>                     38%]
[Progress:====================>         68%] [Cov:=============>                     38%]
[Progress:====================>         68%] [Cov:=============>                     38%]
[Progress:====================>         68%] [Cov:=============>                     38%]
[Progress:====================>         68%] [Cov:=============>                     38%]
[Progress:====================>         68%] [Cov:=============>                     38%]
[Progress:====================>         68%] [Cov:=============>                     38%]
[Progress:====================>         68%] [Cov:=============>                     38%]
[Progress:====================>         68%] [Cov:=============>                     38%]
[Progress:====================>         68%] [Cov:=============>                     38%]
[Progress:====================>         68%] [Cov:=============>                     38%]
[Progress:====================>         68%] [Cov:=============>                     38%]
[Progress:====================>         68%] [Cov:=============>                     38%]
[Progress:====================>         68%] [Cov:=============>                     38%]
[Progress:====================>         68%] [Cov:=============>                     38%]
[Progress:=====================>        70%] [Cov:=============>                     38%]
[Progress:=====================>        70%] [Cov:=============>                     38%]
[Progress:=====================>        70%] [Cov:=============>                     38%]
[Progress:=====================>        70%] [Cov:=============>                     38%]
[Progress:=====================>        70%] [Cov:=============>                     38%]
[Progress:=====================>        70%] [Cov:=============>                     38%]
[Progress:=====================>        70%] [Cov:=============>                     38%]
[Progress:=====================>        70%] [Cov:=============>                     38%]
[Progress:=====================>        70%] [Cov:=============>                     38%]
[Progress:=====================>        70%] [Cov:=============>                     38%]
[Progress:=====================>        70%] [Cov:=============>                     38%]
[Progress:=====================>        70%] [Cov:=============>                     38%]
[Progress:=====================>        70%] [Cov:=============>                     38%]
[Progress:=====================>        70%] [Cov:=============>                     38%]
[Progress:=====================>        70%] [Cov:=============>                     38%]
[Progress:=====================>        70%] [Cov:=============>                     38%]
[Progress:=====================>        70%] [Cov:=============>                     38%]
[Progress:=====================>        70%] [Cov:=============>                     38%]
[Progress:=====================>        70%] [Cov:=============>                     38%]
[Progress:=====================>        71%] [Cov:=============>                     38%]
[Progress:=====================>        71%] [Cov:=============>                     38%]
[Progress:=====================>        71%] [Cov:=============>                     38%]
[Progress:=====================>        71%] [Cov:=============>                     38%]
[Progress:=====================>        71%] [Cov:=============>                     38%]
[Progress:=====================>        71%] [Cov:=============>                     38%]
[Progress:=====================>        71%] [Cov:=============>                     38%]
[Progress:=====================>        71%] [Cov:=============>                     38%]
[Progress:=====================>        71%] [Cov:=============>                     38%]
[Progress:=====================>        71%] [Cov:=============>                     38%]
[Progress:=====================>        71%] [Cov:=============>                     38%]
[Progress:=====================>        71%] [Cov:=============>                     38%]
[Progress:=====================>        71%] [Cov:=============>                     38%]
[Progress:=====================>        71%] [Cov:=============>                     38%]
[Progress:=====================>        71%] [Cov:=============>                     38%]
[Progress:=====================>        71%] [Cov:=============>                     38%]
[Progress:=====================>        71%] [Cov:=============>                     38%]
[Progress:=====================>        71%] [Cov:=============>                     38%]
[Progress:=====================>        71%] [Cov:=============>                     38%]
[Progress:=====================>        71%] [Cov:=============>                     38%]
[Progress:=====================>        71%] [Cov:=============>                     38%]
[Progress:=====================>        71%] [Cov:=============>                     38%]
[Progress:=====================>        71%] [Cov:=============>                     38%]
[Progress:=====================>        71%] [Cov:=============>                     38%]
[Progress:=====================>        71%] [Cov:=============>                     38%]
[Progress:=====================>        71%] [Cov:=============>                     38%]
[Progress:=====================>        71%] [Cov:=============>                     38%]
[Progress:=====================>        73%] [Cov:=============>                     38%]
[Progress:=====================>        73%] [Cov:=============>                     38%]
[Progress:=====================>        73%] [Cov:=============>                     38%]
[Progress:=====================>        73%] [Cov:=============>                     38%]
[Progress:=====================>        73%] [Cov:=============>                     38%]
[Progress:=====================>        73%] [Cov:=============>                     38%]
[Progress:=====================>        73%] [Cov:=============>                     38%]
[Progress:=====================>        73%] [Cov:=============>                     38%]
[Progress:=====================>        73%] [Cov:=============>                     38%]
[Progress:=====================>        73%] [Cov:=============>                     38%]
[Progress:=====================>        73%] [Cov:=============>                     38%]
[Progress:=====================>        73%] [Cov:=============>                     38%]
[Progress:=====================>        73%] [Cov:=============>                     38%]
[Progress:=====================>        73%] [Cov:=============>                     38%]
[Progress:=====================>        73%] [Cov:=============>                     38%]
[Progress:=====================>        73%] [Cov:=============>                     38%]
[Progress:=====================>        73%] [Cov:=============>                     38%]
[Progress:=====================>        73%] [Cov:=============>                     38%]
[Progress:=====================>        73%] [Cov:=============>                     38%]
[Progress:=====================>        73%] [Cov:=============>                     38%]
[Progress:=====================>        73%] [Cov:=============>                     38%]
[Progress:=====================>        73%] [Cov:=============>                     38%]
[Progress:=====================>        73%] [Cov:=============>                     38%]
[Progress:=====================>        73%] [Cov:=============>                     38%]
[Progress:=====================>        73%] [Cov:=============>                     38%]
[Progress:=====================>        73%] [Cov:=============>                     38%]
[Progress:=====================>        73%] [Cov:=============>                     38%]
[Progress:=====================>        73%] [Cov:=============>                     38%]
[Progress:=====================>        73%] [Cov:=============>                     38%]
[Progress:=====================>        73%] [Cov:=============>                     38%]
[Progress:======================>       75%] [Cov:=============>                     38%]
[Progress:======================>       75%] [Cov:=============>                     38%]
[Progress:======================>       75%] [Cov:=============>                     38%]
[Progress:======================>       75%] [Cov:=============>                     38%]
[Progress:======================>       75%] [Cov:=============>                     38%]
[Progress:======================>       75%] [Cov:=============>                     38%]
[Progress:======================>       75%] [Cov:=============>                     38%]
[Progress:======================>       75%] [Cov:=============>                     38%]
[Progress:======================>       75%] [Cov:=============>                     38%]
[Progress:======================>       75%] [Cov:=============>                     38%]
[Progress:======================>       75%] [Cov:=============>                     38%]
[Progress:======================>       75%] [Cov:=============>                     38%]
[Progress:======================>       75%] [Cov:=============>                     38%]
[Progress:======================>       75%] [Cov:=============>                     38%]
[Progress:======================>       75%] [Cov:=============>                     38%]
[Progress:======================>       75%] [Cov:=============>                     38%]
[Progress:======================>       75%] [Cov:=============>                     38%]
[Progress:======================>       75%] [Cov:=============>                     38%]
[Progress:======================>       75%] [Cov:=============>                     38%]
[Progress:======================>       75%] [Cov:=============>                     38%]
[Progress:======================>       75%] [Cov:=============>                     38%]
[Progress:======================>       75%] [Cov:=============>                     38%]
[Progress:======================>       76%] [Cov:=============>                     38%]
[Progress:======================>       76%] [Cov:=============>                     38%]
[Progress:======================>       76%] [Cov:=============>                     38%]
[Progress:======================>       76%] [Cov:=============>                     38%]
[Progress:======================>       76%] [Cov:=============>                     38%]
[Progress:======================>       76%] [Cov:=============>                     38%]
[Progress:======================>       76%] [Cov:=============>                     38%]
[Progress:======================>       76%] [Cov:=============>                     38%]
[Progress:======================>       76%] [Cov:=============>                     38%]
[Progress:======================>       76%] [Cov:=============>                     38%]
[Progress:======================>       76%] [Cov:=============>                     38%]
[Progress:======================>       76%] [Cov:=============>                     38%]
[Progress:======================>       76%] [Cov:=============>                     38%]
[Progress:======================>       76%] [Cov:=============>                     38%]
[Progress:======================>       76%] [Cov:=============>                     38%]
[Progress:======================>       76%] [Cov:=============>                     38%]
[Progress:======================>       76%] [Cov:=============>                     38%]
[Progress:======================>       76%] [Cov:=============>                     38%]
[Progress:======================>       76%] [Cov:=============>                     38%]
[Progress:======================>       76%] [Cov:=============>                     38%]
[Progress:=======================>      78%] [Cov:===>                               11%]
[Progress:=======================>      78%] [Cov:=============>                     38%]
[Progress:=======================>      78%] [Cov:=============>                     38%]
[Progress:=======================>      78%] [Cov:=============>                     38%]
[Progress:=======================>      78%] [Cov:=============>                     38%]
[Progress:=======================>      78%] [Cov:=============>                     38%]
[Progress:=======================>      78%] [Cov:=============>                     38%]
[Progress:=======================>      78%] [Cov:=============>                     38%]
[Progress:=======================>      78%] [Cov:=============>                     38%]
[Progress:=======================>      78%] [Cov:=============>                     38%]
[Progress:=======================>      78%] [Cov:=============>                     38%]
[Progress:=======================>      78%] [Cov:=============>                     38%]
[Progress:=======================>      78%] [Cov:=============>                     38%]
[Progress:=======================>      78%] [Cov:=============>                     38%]
[Progress:=======================>      78%] [Cov:=============>                     38%]
[Progress:=======================>      78%] [Cov:=============>                     38%]
[Progress:=======================>      78%] [Cov:=============>                     38%]
[Progress:=======================>      78%] [Cov:=============>                     38%]
[Progress:=======================>      78%] [Cov:=============>                     38%]
[Progress:========================>     80%] [Cov:=============>                     38%]
[Progress:========================>     80%] [Cov:=============>                     38%]
[Progress:========================>     80%] [Cov:=============>                     38%]
[Progress:========================>     80%] [Cov:=============>                     38%]
[Progress:========================>     80%] [Cov:=============>                     38%]
[Progress:========================>     80%] [Cov:=============>                     38%]
[Progress:========================>     80%] [Cov:=============>                     38%]
[Progress:========================>     80%] [Cov:=============>                     38%]
[Progress:========================>     80%] [Cov:=============>                     38%]
[Progress:========================>     80%] [Cov:=============>                     38%]
[Progress:========================>     80%] [Cov:=============>                     38%]
[Progress:========================>     80%] [Cov:=============>                     38%]
[Progress:========================>     80%] [Cov:=============>                     38%]
[Progress:========================>     80%] [Cov:=============>                     38%]
[Progress:========================>     80%] [Cov:=============>                     38%]
[Progress:========================>     80%] [Cov:=============>                     38%]
[Progress:========================>     80%] [Cov:=============>                     38%]
[Progress:========================>     80%] [Cov:=============>                     38%]
[Progress:========================>     80%] [Cov:=============>                     38%]
[Progress:========================>     80%] [Cov:=============>                     38%]
[Progress:========================>     80%] [Cov:=============>                     38%]
[Progress:========================>     80%] [Cov:=============>                     38%]
[Progress:========================>     80%] [Cov:=============>                     38%]
[Progress:========================>     80%] [Cov:=============>                     38%]
[Progress:========================>     80%] [Cov:=============>                     38%]
[Progress:========================>     80%] [Cov:=============>                     38%]
[Progress:========================>     80%] [Cov:=============>                     38%]
[Progress:========================>     80%] [Cov:=============>                     38%]
[Progress:========================>     81%] [Cov:==========>                        30%]
[Progress:========================>     81%] [Cov:=============>                     38%]
[Progress:========================>     81%] [Cov:=============>                     38%]
[Progress:========================>     81%] [Cov:=============>                     38%]
[Progress:========================>     81%] [Cov:=============>                     38%]
[Progress:========================>     81%] [Cov:=============>                     38%]
[Progress:========================>     81%] [Cov:=============>                     38%]
[Progress:========================>     81%] [Cov:=============>                     38%]
[Progress:========================>     81%] [Cov:=============>                     38%]
[Progress:========================>     81%] [Cov:=============>                     38%]
[Progress:========================>     81%] [Cov:=============>                     38%]
[Progress:========================>     81%] [Cov:=============>                     38%]
[Progress:========================>     81%] [Cov:=============>                     38%]
[Progress:========================>     81%] [Cov:=============>                     38%]
[Progress:========================>     81%] [Cov:=============>                     38%]
[Progress:========================>     81%] [Cov:=============>                     38%]
[Progress:========================>     81%] [Cov:=============>                     38%]
[Progress:========================>     81%] [Cov:=============>                     38%]
[Progress:========================>     81%] [Cov:=============>                     38%]
[Progress:========================>     81%] [Cov:=============>                     38%]
[Progress:========================>     81%] [Cov:=============>                     38%]
[Progress:========================>     81%] [Cov:=============>                     38%]
[Progress:========================>     81%] [Cov:=============>                     38%]
[Progress:========================>     83%] [Cov:=============>                     38%]
[Progress:========================>     83%] [Cov:=============>                     38%]
[Progress:========================>     83%] [Cov:=============>                     38%]
[Progress:========================>     83%] [Cov:=============>                     38%]
[Progress:========================>     83%] [Cov:=============>                     38%]
[Progress:========================>     83%] [Cov:=============>                     38%]
[Progress:========================>     83%] [Cov:=============>                     38%]
[Progress:========================>     83%] [Cov:=============>                     38%]
[Progress:========================>     83%] [Cov:=============>                     38%]
[Progress:========================>     83%] [Cov:=============>                     38%]
[Progress:========================>     83%] [Cov:=============>                     38%]
[Progress:========================>     83%] [Cov:=============>                     38%]
[Progress:========================>     83%] [Cov:=============>                     38%]
[Progress:========================>     83%] [Cov:=============>                     38%]
[Progress:========================>     83%] [Cov:=============>                     38%]
[Progress:========================>     83%] [Cov:=============>                     38%]
[Progress:========================>     83%] [Cov:=============>                     38%]
[Progress:========================>     83%] [Cov:=============>                     38%]
[Progress:========================>     83%] [Cov:=============>                     38%]
[Progress:========================>     83%] [Cov:=============>                     38%]
[Progress:========================>     83%] [Cov:=============>                     38%]
[Progress:========================>     83%] [Cov:=============>                     38%]
[Progress:========================>     83%] [Cov:=============>                     38%]
[Progress:=========================>    85%] [Cov:=============>                     38%]
[Progress:=========================>    85%] [Cov:=============>                     38%]
[Progress:=========================>    85%] [Cov:=============>                     38%]
[Progress:=========================>    85%] [Cov:=============>                     38%]
[Progress:=========================>    85%] [Cov:=============>                     38%]
[Progress:=========================>    85%] [Cov:=============>                     38%]
[Progress:=========================>    85%] [Cov:=============>                     38%]
[Progress:=========================>    85%] [Cov:=============>                     38%]
[Progress:=========================>    85%] [Cov:=============>                     38%]
[Progress:=========================>    85%] [Cov:=============>                     38%]
[Progress:=========================>    85%] [Cov:=============>                     38%]
[Progress:=========================>    85%] [Cov:=============>                     38%]
[Progress:=========================>    85%] [Cov:=============>                     38%]
[Progress:=========================>    85%] [Cov:=============>                     38%]
[Progress:=========================>    85%] [Cov:=============>                     38%]
[Progress:=========================>    85%] [Cov:=============>                     38%]
[Progress:=========================>    85%] [Cov:=============>                     38%]
[Progress:=========================>    85%] [Cov:=============>                     38%]
[Progress:=========================>    85%] [Cov:=============>                     38%]
[Progress:=========================>    85%] [Cov:=============>                     38%]
[Progress:=========================>    85%] [Cov:=============>                     38%]
[Progress:=========================>    85%] [Cov:=============>                     38%]
[Progress:=========================>    85%] [Cov:=============>                     38%]
[Progress:=========================>    85%] [Cov:=============>                     38%]
[Progress:=========================>    85%] [Cov:=============>                     38%]
[Progress:=========================>    85%] [Cov:=============>                     38%]
[Progress:=========================>    85%] [Cov:=============>                     38%]
[Progress:=========================>    85%] [Cov:=============>                     38%]
[Progress:=========================>    85%] [Cov:=============>                     38%]
[Progress:=========================>    85%] [Cov:=============>                     38%]
[Progress:=========================>    85%] [Cov:=============>                     38%]
[Progress:=========================>    85%] [Cov:=============>                     38%]
[Progress:=========================>    85%] [Cov:=============>                     38%]
[Progress:=========================>    85%] [Cov:=============>                     38%]
[Progress:=========================>    85%] [Cov:=============>                     38%]
[Progress:=========================>    85%] [Cov:=============>                     38%]
[Progress:=========================>    85%] [Cov:=============>                     38%]
[Progress:=========================>    85%] [Cov:=============>                     38%]
[Progress:=========================>    85%] [Cov:=============>                     38%]
[Progress:=========================>    86%] [Cov:=============>                     38%]
[Progress:=========================>    86%] [Cov:=============>                     38%]
[Progress:=========================>    86%] [Cov:=============>                     38%]
[Progress:=========================>    86%] [Cov:=============>                     38%]
[Progress:=========================>    86%] [Cov:=============>                     38%]
[Progress:=========================>    86%] [Cov:=============>                     38%]
[Progress:=========================>    86%] [Cov:=============>                     38%]
[Progress:=========================>    86%] [Cov:=============>                     38%]
[Progress:=========================>    86%] [Cov:=============>                     38%]
[Progress:=========================>    86%] [Cov:=============>                     38%]
[Progress:=========================>    86%] [Cov:=============>                     38%]
[Progress:=========================>    86%] [Cov:=============>                     38%]
[Progress:=========================>    86%] [Cov:=============>                     38%]
[Progress:=========================>    86%] [Cov:=============>                     38%]
[Progress:=========================>    86%] [Cov:=============>                     38%]
[Progress:=========================>    86%] [Cov:=============>                     38%]
[Progress:=========================>    86%] [Cov:=============>                     38%]
[Progress:=========================>    86%] [Cov:=============>                     38%]
[Progress:=========================>    86%] [Cov:=============>                     38%]
[Progress:=========================>    86%] [Cov:=============>                     38%]
[Progress:=========================>    86%] [Cov:=============>                     38%]
[Progress:=========================>    86%] [Cov:=============>                     38%]
[Progress:=========================>    86%] [Cov:=============>                     38%]
[Progress:=========================>    86%] [Cov:=============>                     38%]
[Progress:=========================>    86%] [Cov:=============>                     38%]
[Progress:=========================>    86%] [Cov:=============>                     38%]
[Progress:=========================>    86%] [Cov:=============>                     38%]
[Progress:==========================>   88%] [Cov:=============>                     38%]
[Progress:==========================>   88%] [Cov:=============>                     38%]
[Progress:==========================>   88%] [Cov:=============>                     38%]
[Progress:==========================>   88%] [Cov:=============>                     38%]
[Progress:==========================>   88%] [Cov:=============>                     38%]
[Progress:==========================>   88%] [Cov:=============>                     38%]
[Progress:==========================>   88%] [Cov:=============>                     38%]
[Progress:==========================>   88%] [Cov:=============>                     38%]
[Progress:==========================>   88%] [Cov:=============>                     38%]
[Progress:==========================>   88%] [Cov:=============>                     38%]
[Progress:==========================>   88%] [Cov:=============>                     38%]
[Progress:==========================>   88%] [Cov:=============>                     38%]
[Progress:==========================>   88%] [Cov:=============>                     38%]
[Progress:==========================>   88%] [Cov:=============>                     38%]
[Progress:==========================>   88%] [Cov:=============>                     38%]
[Progress:==========================>   88%] [Cov:=============>                     38%]
[Progress:==========================>   88%] [Cov:=============>                     38%]
[Progress:==========================>   88%] [Cov:=============>                     38%]
[Progress:==========================>   88%] [Cov:=============>                     38%]
[Progress:==========================>   88%] [Cov:=============>                     38%]
[Progress:==========================>   88%] [Cov:=============>                     38%]
[Progress:==========================>   88%] [Cov:=============>                     38%]
[Progress:==========================>   88%] [Cov:=============>                     38%]
[Progress:==========================>   88%] [Cov:=============>                     38%]
[Progress:==========================>   88%] [Cov:=============>                     38%]
[Progress:===========================>  90%] [Cov:=============>                     38%]
[Progress:===========================>  90%] [Cov:=============>                     38%]
[Progress:===========================>  90%] [Cov:=============>                     38%]
[Progress:===========================>  90%] [Cov:=============>                     38%]
[Progress:===========================>  90%] [Cov:=============>                     38%]
[Progress:===========================>  90%] [Cov:=============>                     38%]
[Progress:===========================>  90%] [Cov:=============>                     38%]
[Progress:===========================>  90%] [Cov:=============>                     38%]
[Progress:===========================>  90%] [Cov:=============>                     38%]
[Progress:===========================>  90%] [Cov:=============>                     38%]
[Progress:===========================>  90%] [Cov:=============>                     38%]
[Progress:===========================>  90%] [Cov:=============>                     38%]
[Progress:===========================>  90%] [Cov:=============>                     38%]
[Progress:===========================>  90%] [Cov:=============>                     38%]
[Progress:===========================>  90%] [Cov:=============>                     38%]
[Progress:===========================>  90%] [Cov:=============>                     38%]
[Progress:===========================>  90%] [Cov:=============>                     38%]
[Progress:===========================>  90%] [Cov:=============>                     38%]
[Progress:===========================>  90%] [Cov:=============>                     38%]
[Progress:===========================>  90%] [Cov:=============>                     38%]
[Progress:===========================>  90%] [Cov:=============>                     38%]
[Progress:===========================>  90%] [Cov:=============>                     38%]
[Progress:===========================>  90%] [Cov:=============>                     38%]
[Progress:===========================>  90%] [Cov:=============>                     38%]
[Progress:===========================>  90%] [Cov:=============>                     38%]
[Progress:===========================>  90%] [Cov:=============>                     38%]
[Progress:===========================>  91%] [Cov:=============>                     38%]
[Progress:===========================>  91%] [Cov:=============>                     38%]
[Progress:===========================>  91%] [Cov:=============>                     38%]
[Progress:===========================>  91%] [Cov:=============>                     38%]
[Progress:===========================>  91%] [Cov:=============>                     38%]
[Progress:===========================>  91%] [Cov:=============>                     38%]
[Progress:===========================>  91%] [Cov:=============>                     38%]
[Progress:===========================>  91%] [Cov:=============>                     38%]
[Progress:===========================>  91%] [Cov:=============>                     38%]
[Progress:===========================>  91%] [Cov:=============>                     38%]
[Progress:===========================>  91%] [Cov:=============>                     38%]
[Progress:===========================>  91%] [Cov:=============>                     38%]
[Progress:===========================>  91%] [Cov:=============>                     38%]
[Progress:===========================>  91%] [Cov:=============>                     38%]
[Progress:===========================>  91%] [Cov:=============>                     38%]
[Progress:===========================>  91%] [Cov:=============>                     38%]
[Progress:===========================>  91%] [Cov:=============>                     38%]
[Progress:===========================>  91%] [Cov:=============>                     38%]
[Progress:===========================>  91%] [Cov:=============>                     38%]
[Progress:===========================>  91%] [Cov:=============>                     38%]
[Progress:===========================>  91%] [Cov:=============>                     38%]
[Progress:===========================>  91%] [Cov:=============>                     38%]
[Progress:===========================>  91%] [Cov:=============>                     38%]
[Progress:===========================>  91%] [Cov:=============>                     38%]
[Progress:===========================>  93%] [Cov:=============>                     38%]
[Progress:===========================>  93%] [Cov:=============>                     38%]
[Progress:===========================>  93%] [Cov:=============>                     38%]
[Progress:===========================>  93%] [Cov:=============>                     38%]
[Progress:===========================>  93%] [Cov:=============>                     38%]
[Progress:===========================>  93%] [Cov:=============>                     38%]
[Progress:===========================>  93%] [Cov:=============>                     38%]
[Progress:===========================>  93%] [Cov:=============>                     38%]
[Progress:===========================>  93%] [Cov:=============>                     38%]
[Progress:===========================>  93%] [Cov:=============>                     38%]
[Progress:===========================>  93%] [Cov:=============>                     38%]
[Progress:===========================>  93%] [Cov:=============>                     38%]
[Progress:===========================>  93%] [Cov:=============>                     38%]
[Progress:===========================>  93%] [Cov:=============>                     38%]
[Progress:===========================>  93%] [Cov:=============>                     38%]
[Progress:===========================>  93%] [Cov:=============>                     38%]
[Progress:===========================>  93%] [Cov:=============>                     38%]
[Progress:===========================>  93%] [Cov:=============>                     38%]
[Progress:===========================>  93%] [Cov:=============>                     38%]
[Progress:===========================>  93%] [Cov:=============>                     38%]
[Progress:===========================>  93%] [Cov:=============>                     38%]
[Progress:===========================>  93%] [Cov:=============>                     38%]
[Progress:============================> 95%] [Cov:=============>                     38%]
[Progress:============================> 95%] [Cov:=============>                     38%]
[Progress:============================> 95%] [Cov:=============>                     38%]
[Progress:============================> 95%] [Cov:=============>                     38%]
[Progress:============================> 95%] [Cov:=============>                     38%]
[Progress:============================> 95%] [Cov:=============>                     38%]
[Progress:============================> 95%] [Cov:=============>                     38%]
[Progress:============================> 95%] [Cov:=============>                     38%]
[Progress:============================> 95%] [Cov:=============>                     38%]
[Progress:============================> 95%] [Cov:=============>                     38%]
[Progress:============================> 95%] [Cov:=============>                     38%]
[Progress:============================> 95%] [Cov:=============>                     38%]
[Progress:============================> 95%] [Cov:=============>                     38%]
[Progress:============================> 95%] [Cov:=============>                     38%]
[Progress:============================> 95%] [Cov:=============>                     38%]
[Progress:============================> 95%] [Cov:=============>                     38%]
[Progress:============================> 95%] [Cov:=============>                     38%]
[Progress:============================> 95%] [Cov:=============>                     38%]
[Progress:============================> 95%] [Cov:=============>                     38%]
[Progress:============================> 95%] [Cov:=============>                     38%]
[Progress:============================> 95%] [Cov:=============>                     38%]
[Progress:============================> 96%] [Cov:===========>                       34%]
[Progress:============================> 96%] [Cov:============>                      36%]
[Progress:============================> 96%] [Cov:=============>                     38%]
[Progress:============================> 96%] [Cov:=============>                     38%]
[Progress:============================> 96%] [Cov:=============>                     38%]
[Progress:============================> 96%] [Cov:=============>                     38%]
[Progress:============================> 96%] [Cov:=============>                     38%]
[Progress:============================> 96%] [Cov:=============>                     38%]
[Progress:============================> 96%] [Cov:=============>                     38%]
[Progress:============================> 96%] [Cov:=============>                     38%]
[Progress:============================> 96%] [Cov:=============>                     38%]
[Progress:============================> 96%] [Cov:=============>                     38%]
[Progress:============================> 96%] [Cov:=============>                     38%]
[Progress:============================> 96%] [Cov:=============>                     38%]
[Progress:============================> 96%] [Cov:=============>                     38%]
[Progress:============================> 96%] [Cov:=============>                     38%]
[Progress:============================> 96%] [Cov:=============>                     38%]
[Progress:============================> 96%] [Cov:=============>                     38%]
[Progress:============================> 96%] [Cov:=============>                     38%]
[Progress:============================> 96%] [Cov:=============>                     38%]
[Progress:============================> 96%] [Cov:=============>                     38%]
[Progress:============================> 96%] [Cov:=============>                     38%]
[Progress:============================> 96%] [Cov:=============>                     38%]
[Progress:============================> 96%] [Cov:=============>                     38%]
[Progress:============================> 96%] [Cov:=============>                     38%]
[Progress:============================> 96%] [Cov:=============>                     38%]
[Progress:============================> 96%] [Cov:=============>                     38%]
[Progress:============================> 96%] [Cov:=============>                     38%]
[Progress:============================> 96%] [Cov:=============>                     38%]
[Progress:============================> 96%] [Cov:=============>                     38%]
[Progress:============================> 96%] [Cov:=============>                     38%]
[Progress:============================> 96%] [Cov:=============>                     38%]
[Progress:============================> 96%] [Cov:=============>                     38%]
[Progress:=============================>98%] [Cov:===>                               11%]
[Progress:=============================>98%] [Cov:=============>                     38%]
[Progress:=============================>98%] [Cov:=============>                     38%]
[Progress:=============================>98%] [Cov:=============>                     38%]
[Progress:=============================>98%] [Cov:=============>                     38%]
[Progress:=============================>98%] [Cov:=============>                     38%]
[Progress:=============================>98%] [Cov:=============>                     38%]
[Progress:=============================>98%] [Cov:=============>                     38%]
[Progress:=============================>98%] [Cov:=============>                     38%]
[Progress:=============================>98%] [Cov:=============>                     38%]
[Progress:=============================>98%] [Cov:=============>                     38%]
[Progress:=============================>98%] [Cov:=============>                     38%]
[Progress:=============================>98%] [Cov:=============>                     38%]
[Progress:=============================>98%] [Cov:=============>                     38%]
[Progress:=============================>98%] [Cov:=============>                     38%]
[Progress:=============================>98%] [Cov:=============>                     38%]
[Progress:=============================>98%] [Cov:=============>                     38%]
[Progress:=============================>98%] [Cov:=============>                     38%]
[Progress:=============================>98%] [Cov:=============>                     38%]
[Progress:=============================>98%] [Cov:=============>                     38%]
[Progress:=============================>98%] [Cov:=============>                     38%]
[Progress:=============================>98%] [Cov:=============>                     38%]
[Progress:=============================>98%] [Cov:=============>                     38%]
[Progress:=============================>98%] [Cov:=============>                     38%]
[Progress:=============================>98%] [Cov:=============>                     38%]
[Progress:==============================100%] [Cov:=============>                     38%]
[Progress:==============================100%] [Cov:=============>                     38%]
[Progress:==============================100%] [Cov:=============>                     38%]
[Progress:==============================100%] [Cov:=============>                     38%]
[Progress:==============================100%] [Cov:=============>                     38%]
[Progress:==============================100%] [Cov:=============>                     38%]
[Progress:==============================100%] [Cov:=============>                     38%]
[Progress:==============================100%] [Cov:=============>                     38%]
[Progress:==============================100%] [Cov:=============>                     38%]
[Progress:==============================100%] [Cov:=============>                     38%]
[Progress:==============================100%] [Cov:=============>                     38%]
[Progress:==============================100%] [Cov:=============>                     38%]
[Progress:==============================100%] [Cov:=============>                     38%]
[Progress:==============================100%] [Cov:=============>                     38%]
[Progress:==============================100%] [Cov:=============>                     38%]
[Progress:==============================100%] [Cov:=============>                     38%]
[Progress:==============================100%] [Cov:=============>                     38%]
[Progress:==============================100%] [Cov:=============>                     38%]
[Progress:==============================100%] [Cov:=============>                     38%]
[Progress:==============================100%] [Cov:=============>                     38%]
[Progress:==============================100%] [Cov:=============>                     38%]
[Progress:==============================100%] [Cov:=============>                     38%]
[Progress:==============================100%] [Cov:=============>                     38%]
* Search finished after 61s and 1502 generations, 62484 statements, best individual has fitness: 41.8
* Minimizing test suite
* Going to analyze the coverage criteria
* Coverage analysis for criterion LINE
* Coverage of criterion LINE: 33%
* Total number of goals: 6
* Number of covered goals: 2
* Coverage analysis for criterion BRANCH
* Coverage of criterion BRANCH: 20%
* Total number of goals: 5
* Number of covered goals: 1
* Coverage analysis for criterion EXCEPTION
* Coverage of criterion EXCEPTION: 100%
* Total number of goals: 1
* Number of covered goals: 1
* Coverage analysis for criterion WEAKMUTATION
* Coverage of criterion WEAKMUTATION: 0%
* Total number of goals: 4
* Number of covered goals: 0
* Coverage analysis for criterion OUTPUT
* Coverage of criterion OUTPUT: 0%
* Total number of goals: 16
* Number of covered goals: 0
* Coverage analysis for criterion METHOD
* Coverage of criterion METHOD: 100%
* Total number of goals: 2
* Number of covered goals: 2
* Coverage analysis for criterion METHODNOEXCEPTION
* Coverage of criterion METHODNOEXCEPTION: 50%
* Total number of goals: 2
* Number of covered goals: 1
* Coverage analysis for criterion CBRANCH
* Coverage of criterion CBRANCH: 20%
* Total number of goals: 5
* Number of covered goals: 1
* Generated 1 tests with total length 2
* Resulting test suite's coverage: 38% (average coverage for all fitness functions)
* Generating assertions
* Resulting test suite's mutation score: 0%
* Compiling and checking tests
* Writing tests to file
* Writing JUnit test case 'GenericMaster_ESTest' to evosuite-tests
* Done!

* Computation finished

