CMD: /usr/lib/jvm/java-8-openjdk-amd64/bin/java -Dtools_jar_location=/usr/lib/jvm/java-8-openjdk-amd64/lib/tools.jar -jar /home/user/TestRound2/evosuite-1.2.0.jar -generateSuite -class org.mockito.internal.configuration.injection.FinalMockCandidateFilter -projectCP /home/user/TestRound2/Test/Mockito-15b/target/classes:/home/user/defects4j/framework/projects/Mockito/lib/asm-all-5.0.4.jar:/home/user/defects4j/framework/projects/Mockito/lib/assertj-core-2.1.0.jar:/home/user/defects4j/framework/projects/Mockito/lib/cglib-and-asm-1.0.jar:/home/user/defects4j/framework/projects/Mockito/lib/cobertura-2.0.3.jar:/home/user/defects4j/framework/projects/Mockito/lib/fest-assert-1.3.jar:/home/user/defects4j/framework/projects/Mockito/lib/fest-util-1.1.4.jar:/home/user/defects4j/framework/projects/Mockito/lib/hamcrest-all-1.3.jar:/home/user/defects4j/framework/projects/Mockito/lib/hamcrest-core-1.1.jar:/home/user/defects4j/framework/projects/Mockito/lib/objenesis-2.1.jar:/home/user/defects4j/framework/projects/Mockito/lib/objenesis-2.2.jar:/home/user/defects4j/framework/projects/Mockito/lib/powermock-reflect-1.2.5.jar -base_dir /home/user/TestRound2/results/project-Mockito/Mockito-15/round03/evosuite-work -seed 11 -Dalgorithm=NSGAII -Dsearch_budget=60 -Dtest_format=JUNIT4 -Dassertions=true

* EvoSuite 1.2.0
* Going to generate test cases for class: org.mockito.internal.configuration.injection.FinalMockCandidateFilter
* Starting Client-0
* Connecting to master process on port 8220
* Analyzing classpath: 
  - /home/user/TestRound2/Test/Mockito-15b/target/classes
  - /home/user/defects4j/framework/projects/Mockito/lib/asm-all-5.0.4.jar
  - /home/user/defects4j/framework/projects/Mockito/lib/assertj-core-2.1.0.jar
  - /home/user/defects4j/framework/projects/Mockito/lib/cglib-and-asm-1.0.jar
  - /home/user/defects4j/framework/projects/Mockito/lib/cobertura-2.0.3.jar
  - /home/user/defects4j/framework/projects/Mockito/lib/fest-assert-1.3.jar
  - /home/user/defects4j/framework/projects/Mockito/lib/fest-util-1.1.4.jar
  - /home/user/defects4j/framework/projects/Mockito/lib/hamcrest-all-1.3.jar
  - /home/user/defects4j/framework/projects/Mockito/lib/hamcrest-core-1.1.jar
  - /home/user/defects4j/framework/projects/Mockito/lib/objenesis-2.1.jar
  - /home/user/defects4j/framework/projects/Mockito/lib/objenesis-2.2.jar
  - /home/user/defects4j/framework/projects/Mockito/lib/powermock-reflect-1.2.5.jar
* Finished analyzing classpath
* Generating tests for class org.mockito.internal.configuration.injection.FinalMockCandidateFilter
* Test criteria:
  - Line Coverage
  - Branch Coverage
  - Exception
  - Mutation testing (weak)
  - Method-Output Coverage
  - Top-Level Method Coverage
  - No-Exception Top-Level Method Coverage
  - Context Branch Coverage
* Setting up search algorithm for whole suite generation
* Total number of test goals: 
  - Line 11
  - Branch 7
  - Exception 0
  - MutationFactory 7
  - Output 2
  - Method 2
  - MethodNoException 2
  - CBranchFitnessFactory 7

[Progress:>                             0%] [Cov:>                                  0%]* Using seed 11
* Starting evolution

[Progress:>                             1%] [Cov:>                                  0%]
[Progress:>                             1%] [Cov:=>                                 5%]
[Progress:>                             1%] [Cov:====>                              14%]
[Progress:>                             1%] [Cov:=========>                         27%]
[Progress:>                             1%] [Cov:=============>                     38%]
[Progress:>                             1%] [Cov:===============>                   43%]
[Progress:>                             1%] [Cov:===================>               55%]
[Progress:>                             1%] [Cov:=======================>           66%]
[Progress:>                             1%] [Cov:=========================>         74%]
[Progress:>                             3%] [Cov:=>                                 5%]
[Progress:>                             3%] [Cov:====>                              14%]
[Progress:>                             3%] [Cov:=========>                         27%]
[Progress:>                             3%] [Cov:=============>                     38%]
[Progress:>                             3%] [Cov:===============>                   43%]
[Progress:>                             3%] [Cov:===================>               55%]
[Progress:>                             3%] [Cov:=======================>           66%]
[Progress:>                             3%] [Cov:=========================>         74%]
[Progress:>                             3%] [Cov:=========================>         74%]
[Progress:=>                            5%] [Cov:=========================>         74%]
[Progress:=>                            5%] [Cov:=========================>         74%]
[Progress:=>                            5%] [Cov:=========================>         74%]
[Progress:=>                            5%] [Cov:=========================>         74%]
[Progress:=>                            5%] [Cov:=========================>         74%]
[Progress:=>                            6%] [Cov:=========================>         74%]
[Progress:=>                            6%] [Cov:=========================>         74%]
[Progress:=>                            6%] [Cov:=========================>         74%]
[Progress:=>                            6%] [Cov:=========================>         74%]
[Progress:=>                            6%] [Cov:=========================>         74%]
[Progress:=>                            6%] [Cov:=========================>         74%]
[Progress:==>                           8%] [Cov:========================>          70%]
[Progress:==>                           8%] [Cov:=========================>         74%]
[Progress:==>                           8%] [Cov:=========================>         74%]
[Progress:==>                           8%] [Cov:=========================>         74%]
[Progress:==>                           8%] [Cov:=========================>         74%]
[Progress:==>                           8%] [Cov:=========================>         74%]
[Progress:==>                           8%] [Cov:=========================>         74%]
[Progress:==>                           8%] [Cov:=========================>         74%]
[Progress:==>                           8%] [Cov:=========================>         74%]
[Progress:==>                           8%] [Cov:=========================>         74%]
[Progress:===>                          10%] [Cov:=========================>         74%]
[Progress:===>                          10%] [Cov:=========================>         74%]
[Progress:===>                          10%] [Cov:=========================>         74%]
[Progress:===>                          10%] [Cov:=========================>         74%]
[Progress:===>                          10%] [Cov:=========================>         74%]
[Progress:===>                          10%] [Cov:=========================>         74%]
[Progress:===>                          10%] [Cov:=========================>         74%]
[Progress:===>                          10%] [Cov:=========================>         74%]
[Progress:===>                          10%] [Cov:=========================>         74%]
[Progress:===>                          11%] [Cov:=========================>         74%]
[Progress:===>                          11%] [Cov:=========================>         74%]
[Progress:===>                          11%] [Cov:=========================>         74%]
[Progress:===>                          11%] [Cov:=========================>         74%]
[Progress:===>                          11%] [Cov:=========================>         74%]
[Progress:===>                          11%] [Cov:=========================>         74%]
[Progress:===>                          11%] [Cov:=========================>         74%]
[Progress:===>                          11%] [Cov:=========================>         74%]
[Progress:===>                          11%] [Cov:=========================>         74%]
[Progress:===>                          11%] [Cov:=========================>         74%]
[Progress:===>                          11%] [Cov:=========================>         74%]
[Progress:===>                          11%] [Cov:=========================>         74%]
[Progress:===>                          11%] [Cov:=========================>         74%]
[Progress:===>                          13%] [Cov:=========================>         74%]
[Progress:===>                          13%] [Cov:=========================>         74%]
[Progress:===>                          13%] [Cov:=========================>         74%]
[Progress:===>                          13%] [Cov:=========================>         74%]
[Progress:===>                          13%] [Cov:=========================>         74%]
[Progress:===>                          13%] [Cov:=========================>         74%]
[Progress:===>                          13%] [Cov:=========================>         74%]
[Progress:===>                          13%] [Cov:=========================>         74%]
[Progress:===>                          13%] [Cov:=========================>         74%]
[Progress:===>                          13%] [Cov:=========================>         74%]
[Progress:===>                          13%] [Cov:=========================>         74%]
[Progress:===>                          13%] [Cov:=========================>         74%]
[Progress:===>                          13%] [Cov:=========================>         74%]
[Progress:===>                          13%] [Cov:=========================>         74%]
[Progress:===>                          13%] [Cov:=========================>         74%]
[Progress:===>                          13%] [Cov:=========================>         74%]
[Progress:===>                          13%] [Cov:=========================>         74%]
[Progress:====>                         15%] [Cov:=========================>         74%]
[Progress:====>                         15%] [Cov:=========================>         74%]
[Progress:====>                         15%] [Cov:=========================>         74%]
[Progress:====>                         15%] [Cov:=========================>         74%]
[Progress:====>                         15%] [Cov:=========================>         74%]
[Progress:====>                         15%] [Cov:=========================>         74%]
[Progress:====>                         15%] [Cov:=========================>         74%][MASTER] 20:46:07.341 [logback-1] WARN  TestCluster - Failed to check cache for java.util.function.Function<T, R> : Type points to itself

[Progress:====>                         15%] [Cov:=========================>         74%]
[Progress:====>                         15%] [Cov:=========================>         74%]
[Progress:====>                         15%] [Cov:=========================>         74%]
[Progress:====>                         15%] [Cov:=========================>         74%]
[Progress:====>                         15%] [Cov:=========================>         74%]
[Progress:====>                         15%] [Cov:=========================>         74%]
[Progress:====>                         15%] [Cov:=========================>         74%]
[Progress:====>                         15%] [Cov:=========================>         74%]
[Progress:====>                         15%] [Cov:=========================>         74%]
[Progress:====>                         15%] [Cov:=========================>         74%]
[Progress:====>                         15%] [Cov:=========================>         74%]
[Progress:====>                         16%] [Cov:=========================>         72%]
[Progress:====>                         16%] [Cov:=========================>         74%]
[Progress:====>                         16%] [Cov:=========================>         74%]
[Progress:====>                         16%] [Cov:=========================>         74%]
[Progress:====>                         16%] [Cov:=========================>         74%]
[Progress:====>                         16%] [Cov:=========================>         74%]
[Progress:====>                         16%] [Cov:=========================>         74%]
[Progress:====>                         16%] [Cov:=========================>         74%]
[Progress:====>                         16%] [Cov:=========================>         74%]
[Progress:====>                         16%] [Cov:=========================>         74%]
[Progress:====>                         16%] [Cov:=========================>         74%]
[Progress:====>                         16%] [Cov:=========================>         74%]
[Progress:====>                         16%] [Cov:=========================>         74%]
[Progress:====>                         16%] [Cov:=========================>         74%]
[Progress:====>                         16%] [Cov:=========================>         74%]
[Progress:====>                         16%] [Cov:=========================>         74%]
[Progress:====>                         16%] [Cov:=========================>         74%]
[Progress:====>                         16%] [Cov:=========================>         74%]
[Progress:====>                         16%] [Cov:=========================>         74%]
[Progress:====>                         16%] [Cov:=========================>         74%]
[Progress:====>                         16%] [Cov:=========================>         74%]
[Progress:====>                         16%] [Cov:=========================>         74%]
[Progress:====>                         16%] [Cov:=========================>         74%]
[Progress:====>                         16%] [Cov:=========================>         74%]
[Progress:=====>                        18%] [Cov:=========================>         74%]
[Progress:=====>                        18%] [Cov:=========================>         74%]
[Progress:=====>                        18%] [Cov:=========================>         74%]
[Progress:=====>                        18%] [Cov:=========================>         74%]
[Progress:=====>                        18%] [Cov:=========================>         74%]
[Progress:=====>                        18%] [Cov:=========================>         74%]
[Progress:=====>                        18%] [Cov:=========================>         74%]
[Progress:=====>                        18%] [Cov:=========================>         74%]
[Progress:=====>                        18%] [Cov:=========================>         74%]
[Progress:=====>                        18%] [Cov:=========================>         74%]
[Progress:=====>                        18%] [Cov:=========================>         74%]
[Progress:=====>                        18%] [Cov:=========================>         74%]
[Progress:=====>                        18%] [Cov:=========================>         74%]
[Progress:=====>                        18%] [Cov:=========================>         74%]
[Progress:=====>                        18%] [Cov:=========================>         74%]
[Progress:=====>                        18%] [Cov:=========================>         74%]
[Progress:=====>                        18%] [Cov:=========================>         74%]
[Progress:=====>                        18%] [Cov:=========================>         74%]
[Progress:=====>                        18%] [Cov:=========================>         74%]
[Progress:=====>                        18%] [Cov:=========================>         74%]
[Progress:=====>                        18%] [Cov:=========================>         74%]
[Progress:=====>                        18%] [Cov:=========================>         74%]
[Progress:=====>                        18%] [Cov:=========================>         74%]
[Progress:=====>                        18%] [Cov:=========================>         74%]
[Progress:======>                       20%] [Cov:===================>               57%]
[Progress:======>                       20%] [Cov:========================>          69%]
[Progress:======>                       20%] [Cov:=========================>         74%]
[Progress:======>                       20%] [Cov:=========================>         74%]
[Progress:======>                       20%] [Cov:=========================>         74%]
[Progress:======>                       20%] [Cov:=========================>         74%]
[Progress:======>                       20%] [Cov:=========================>         74%]
[Progress:======>                       20%] [Cov:=========================>         74%]
[Progress:======>                       20%] [Cov:=========================>         74%]
[Progress:======>                       20%] [Cov:=========================>         74%]
[Progress:======>                       20%] [Cov:=========================>         74%]
[Progress:======>                       20%] [Cov:=========================>         74%]
[Progress:======>                       20%] [Cov:=========================>         74%]
[Progress:======>                       20%] [Cov:=========================>         74%]
[Progress:======>                       20%] [Cov:=========================>         74%]
[Progress:======>                       20%] [Cov:=========================>         74%]
[Progress:======>                       20%] [Cov:=========================>         74%]
[Progress:======>                       20%] [Cov:=========================>         74%]
[Progress:======>                       20%] [Cov:=========================>         74%]
[Progress:======>                       20%] [Cov:=========================>         74%]
[Progress:======>                       20%] [Cov:=========================>         74%]
[Progress:======>                       20%] [Cov:=========================>         74%]
[Progress:======>                       20%] [Cov:=========================>         74%]
[Progress:======>                       20%] [Cov:=========================>         74%]
[Progress:======>                       20%] [Cov:=========================>         74%]
[Progress:======>                       20%] [Cov:=========================>         74%]
[Progress:======>                       20%] [Cov:=========================>         74%]
[Progress:======>                       20%] [Cov:=========================>         74%]
[Progress:======>                       20%] [Cov:=========================>         74%]
[Progress:======>                       20%] [Cov:=========================>         74%]
[Progress:======>                       21%] [Cov:=========================>         74%]
[Progress:======>                       21%] [Cov:=========================>         74%]
[Progress:======>                       21%] [Cov:=========================>         74%]
[Progress:======>                       21%] [Cov:=========================>         74%]
[Progress:======>                       21%] [Cov:=========================>         74%]
[Progress:======>                       21%] [Cov:=========================>         74%]
[Progress:======>                       21%] [Cov:=========================>         74%]
[Progress:======>                       21%] [Cov:=========================>         74%]
[Progress:======>                       21%] [Cov:=========================>         74%]
[Progress:======>                       21%] [Cov:=========================>         74%]
[Progress:======>                       21%] [Cov:=========================>         74%]
[Progress:======>                       21%] [Cov:=========================>         74%]
[Progress:======>                       21%] [Cov:=========================>         74%]
[Progress:======>                       21%] [Cov:=========================>         74%]
[Progress:======>                       21%] [Cov:=========================>         74%]
[Progress:======>                       21%] [Cov:=========================>         74%]
[Progress:======>                       21%] [Cov:=========================>         74%]
[Progress:======>                       21%] [Cov:=========================>         74%]
[Progress:======>                       21%] [Cov:=========================>         74%]
[Progress:======>                       21%] [Cov:=========================>         74%]
[Progress:======>                       21%] [Cov:=========================>         74%]
[Progress:======>                       21%] [Cov:=========================>         74%]
[Progress:======>                       21%] [Cov:=========================>         74%]
[Progress:======>                       21%] [Cov:=========================>         74%]
[Progress:======>                       21%] [Cov:=========================>         74%]
[Progress:======>                       21%] [Cov:=========================>         74%]
[Progress:======>                       21%] [Cov:=========================>         74%]
[Progress:======>                       21%] [Cov:=========================>         74%]
[Progress:======>                       21%] [Cov:=========================>         74%]
[Progress:======>                       21%] [Cov:=========================>         74%]
[Progress:======>                       21%] [Cov:=========================>         74%]
[Progress:======>                       23%] [Cov:=========================>         74%]
[Progress:======>                       23%] [Cov:=========================>         74%]
[Progress:======>                       23%] [Cov:=========================>         74%]
[Progress:======>                       23%] [Cov:=========================>         74%]
[Progress:======>                       23%] [Cov:=========================>         74%]
[Progress:======>                       23%] [Cov:=========================>         74%]
[Progress:======>                       23%] [Cov:=========================>         74%]
[Progress:======>                       23%] [Cov:=========================>         74%]
[Progress:======>                       23%] [Cov:=========================>         74%]
[Progress:======>                       23%] [Cov:=========================>         74%]
[Progress:======>                       23%] [Cov:=========================>         74%]
[Progress:======>                       23%] [Cov:=========================>         74%]
[Progress:======>                       23%] [Cov:=========================>         74%]
[Progress:======>                       23%] [Cov:=========================>         74%]
[Progress:======>                       23%] [Cov:=========================>         74%]
[Progress:======>                       23%] [Cov:=========================>         74%]
[Progress:======>                       23%] [Cov:=========================>         74%]
[Progress:======>                       23%] [Cov:=========================>         74%]
[Progress:======>                       23%] [Cov:=========================>         74%]
[Progress:======>                       23%] [Cov:=========================>         74%]
[Progress:======>                       23%] [Cov:=========================>         74%]
[Progress:======>                       23%] [Cov:=========================>         74%]
[Progress:======>                       23%] [Cov:=========================>         74%]
[Progress:======>                       23%] [Cov:=========================>         74%]
[Progress:======>                       23%] [Cov:=========================>         74%]
[Progress:======>                       23%] [Cov:=========================>         74%]
[Progress:=======>                      25%] [Cov:=========================>         74%]
[Progress:=======>                      25%] [Cov:=========================>         74%]
[Progress:=======>                      25%] [Cov:=========================>         74%]
[Progress:=======>                      25%] [Cov:=========================>         74%]
[Progress:=======>                      25%] [Cov:=========================>         74%]
[Progress:=======>                      25%] [Cov:=========================>         74%]
[Progress:=======>                      25%] [Cov:=========================>         74%]
[Progress:=======>                      25%] [Cov:=========================>         74%]
[Progress:=======>                      25%] [Cov:=========================>         74%]
[Progress:=======>                      25%] [Cov:=========================>         74%]
[Progress:=======>                      25%] [Cov:=========================>         74%]
[Progress:=======>                      25%] [Cov:=========================>         74%]
[Progress:=======>                      25%] [Cov:=========================>         74%]
[Progress:=======>                      25%] [Cov:=========================>         74%]
[Progress:=======>                      25%] [Cov:=========================>         74%]
[Progress:=======>                      25%] [Cov:=========================>         74%]
[Progress:=======>                      25%] [Cov:=========================>         74%]
[Progress:=======>                      25%] [Cov:=========================>         74%]
[Progress:=======>                      25%] [Cov:=========================>         74%]
[Progress:=======>                      25%] [Cov:=========================>         74%]
[Progress:=======>                      25%] [Cov:=========================>         74%]
[Progress:=======>                      25%] [Cov:=========================>         74%]
[Progress:=======>                      25%] [Cov:=========================>         74%]
[Progress:=======>                      25%] [Cov:=========================>         74%]
[Progress:=======>                      25%] [Cov:=========================>         74%]
[Progress:=======>                      25%] [Cov:=========================>         74%]
[Progress:=======>                      25%] [Cov:=========================>         74%]
[Progress:=======>                      25%] [Cov:=========================>         74%]
[Progress:=======>                      25%] [Cov:=========================>         74%]
[Progress:=======>                      25%] [Cov:=========================>         74%]
[Progress:=======>                      25%] [Cov:=========================>         74%]
[Progress:=======>                      26%] [Cov:=========================>         72%]
[Progress:=======>                      26%] [Cov:=========================>         74%]
[Progress:=======>                      26%] [Cov:=========================>         74%]
[Progress:=======>                      26%] [Cov:=========================>         74%]
[Progress:=======>                      26%] [Cov:=========================>         74%]
[Progress:=======>                      26%] [Cov:=========================>         74%]
[Progress:=======>                      26%] [Cov:=========================>         74%]
[Progress:=======>                      26%] [Cov:=========================>         74%]
[Progress:=======>                      26%] [Cov:=========================>         74%]
[Progress:=======>                      26%] [Cov:=========================>         74%]
[Progress:=======>                      26%] [Cov:=========================>         74%]
[Progress:=======>                      26%] [Cov:=========================>         74%]
[Progress:=======>                      26%] [Cov:=========================>         74%]
[Progress:=======>                      26%] [Cov:=========================>         74%]
[Progress:=======>                      26%] [Cov:=========================>         74%]
[Progress:=======>                      26%] [Cov:=========================>         74%]
[Progress:=======>                      26%] [Cov:=========================>         74%]
[Progress:=======>                      26%] [Cov:=========================>         74%]
[Progress:=======>                      26%] [Cov:=========================>         74%]
[Progress:=======>                      26%] [Cov:=========================>         74%]
[Progress:=======>                      26%] [Cov:=========================>         74%]
[Progress:=======>                      26%] [Cov:=========================>         74%]
[Progress:=======>                      26%] [Cov:=========================>         74%]
[Progress:=======>                      26%] [Cov:=========================>         74%]
[Progress:=======>                      26%] [Cov:=========================>         74%]
[Progress:=======>                      26%] [Cov:=========================>         74%]
[Progress:=======>                      26%] [Cov:=========================>         74%]
[Progress:=======>                      26%] [Cov:=========================>         74%]
[Progress:=======>                      26%] [Cov:=========================>         74%]
[Progress:=======>                      26%] [Cov:=========================>         74%]
[Progress:========>                     28%] [Cov:=========================>         74%]
[Progress:========>                     28%] [Cov:=========================>         74%]
[Progress:========>                     28%] [Cov:=========================>         74%]
[Progress:========>                     28%] [Cov:=========================>         74%]
[Progress:========>                     28%] [Cov:=========================>         74%]
[Progress:========>                     28%] [Cov:=========================>         74%]
[Progress:========>                     28%] [Cov:=========================>         74%]
[Progress:========>                     28%] [Cov:=========================>         74%]
[Progress:========>                     28%] [Cov:=========================>         74%]
[Progress:========>                     28%] [Cov:=========================>         74%]
[Progress:========>                     28%] [Cov:=========================>         74%]
[Progress:========>                     28%] [Cov:=========================>         74%]
[Progress:========>                     28%] [Cov:=========================>         74%]
[Progress:========>                     28%] [Cov:=========================>         74%]
[Progress:========>                     28%] [Cov:=========================>         74%]
[Progress:========>                     28%] [Cov:=========================>         74%]
[Progress:========>                     28%] [Cov:=========================>         74%]
[Progress:========>                     28%] [Cov:=========================>         74%]
[Progress:========>                     28%] [Cov:=========================>         74%]
[Progress:========>                     28%] [Cov:=========================>         74%]
[Progress:========>                     28%] [Cov:=========================>         74%]
[Progress:========>                     28%] [Cov:=========================>         74%]
[Progress:========>                     28%] [Cov:=========================>         74%]
[Progress:========>                     28%] [Cov:=========================>         74%]
[Progress:========>                     28%] [Cov:=========================>         74%]
[Progress:========>                     28%] [Cov:=========================>         74%]
[Progress:========>                     28%] [Cov:=========================>         74%]
[Progress:========>                     28%] [Cov:=========================>         74%]
[Progress:========>                     28%] [Cov:=========================>         74%]
[Progress:========>                     28%] [Cov:=========================>         74%]
[Progress:=========>                    30%] [Cov:=========================>         74%]
[Progress:=========>                    30%] [Cov:=========================>         74%]
[Progress:=========>                    30%] [Cov:=========================>         74%]
[Progress:=========>                    30%] [Cov:=========================>         74%]
[Progress:=========>                    30%] [Cov:=========================>         74%]
[Progress:=========>                    30%] [Cov:=========================>         74%]
[Progress:=========>                    30%] [Cov:=========================>         74%]
[Progress:=========>                    30%] [Cov:=========================>         74%]
[Progress:=========>                    30%] [Cov:=========================>         74%]
[Progress:=========>                    30%] [Cov:=========================>         74%]
[Progress:=========>                    30%] [Cov:=========================>         74%]
[Progress:=========>                    30%] [Cov:=========================>         74%]
[Progress:=========>                    30%] [Cov:=========================>         74%]
[Progress:=========>                    30%] [Cov:=========================>         74%]
[Progress:=========>                    30%] [Cov:=========================>         74%]
[Progress:=========>                    30%] [Cov:=========================>         74%]
[Progress:=========>                    30%] [Cov:=========================>         74%]
[Progress:=========>                    30%] [Cov:=========================>         74%]
[Progress:=========>                    30%] [Cov:=========================>         74%]
[Progress:=========>                    30%] [Cov:=========================>         74%]
[Progress:=========>                    30%] [Cov:=========================>         74%]
[Progress:=========>                    30%] [Cov:=========================>         74%]
[Progress:=========>                    30%] [Cov:=========================>         74%]
[Progress:=========>                    30%] [Cov:=========================>         74%]
[Progress:=========>                    30%] [Cov:=========================>         74%]
[Progress:=========>                    31%] [Cov:=========================>         74%]
[Progress:=========>                    31%] [Cov:=========================>         74%]
[Progress:=========>                    31%] [Cov:=========================>         74%]
[Progress:=========>                    31%] [Cov:=========================>         74%]
[Progress:=========>                    31%] [Cov:=========================>         74%]
[Progress:=========>                    31%] [Cov:=========================>         74%]
[Progress:=========>                    31%] [Cov:=========================>         74%]
[Progress:=========>                    31%] [Cov:=========================>         74%]
[Progress:=========>                    31%] [Cov:=========================>         74%]
[Progress:=========>                    31%] [Cov:=========================>         74%]
[Progress:=========>                    31%] [Cov:=========================>         74%]
[Progress:=========>                    31%] [Cov:=========================>         74%]
[Progress:=========>                    31%] [Cov:=========================>         74%]
[Progress:=========>                    31%] [Cov:=========================>         74%]
[Progress:=========>                    31%] [Cov:=========================>         74%]
[Progress:=========>                    31%] [Cov:=========================>         74%]
[Progress:=========>                    31%] [Cov:=========================>         74%]
[Progress:=========>                    31%] [Cov:=========================>         74%]
[Progress:=========>                    31%] [Cov:=========================>         74%]
[Progress:=========>                    31%] [Cov:=========================>         74%]
[Progress:=========>                    31%] [Cov:=========================>         74%]
[Progress:=========>                    31%] [Cov:=========================>         74%]
[Progress:=========>                    31%] [Cov:=========================>         74%]
[Progress:=========>                    31%] [Cov:=========================>         74%]
[Progress:=========>                    31%] [Cov:=========================>         74%]
[Progress:=========>                    31%] [Cov:=========================>         74%]
[Progress:=========>                    31%] [Cov:=========================>         74%]
[Progress:=========>                    33%] [Cov:=========================>         74%]
[Progress:=========>                    33%] [Cov:=========================>         74%]
[Progress:=========>                    33%] [Cov:=========================>         74%]
[Progress:=========>                    33%] [Cov:=========================>         74%]
[Progress:=========>                    33%] [Cov:=========================>         74%]
[Progress:=========>                    33%] [Cov:=========================>         74%]
[Progress:=========>                    33%] [Cov:=========================>         74%]
[Progress:=========>                    33%] [Cov:=========================>         74%]
[Progress:=========>                    33%] [Cov:=========================>         74%]
[Progress:=========>                    33%] [Cov:=========================>         74%]
[Progress:=========>                    33%] [Cov:=========================>         74%]
[Progress:=========>                    33%] [Cov:=========================>         74%]
[Progress:=========>                    33%] [Cov:=========================>         74%]
[Progress:=========>                    33%] [Cov:=========================>         74%]
[Progress:=========>                    33%] [Cov:=========================>         74%]
[Progress:=========>                    33%] [Cov:=========================>         74%]
[Progress:=========>                    33%] [Cov:=========================>         74%]
[Progress:=========>                    33%] [Cov:=========================>         74%]
[Progress:=========>                    33%] [Cov:=========================>         74%]
[Progress:=========>                    33%] [Cov:=========================>         74%]
[Progress:=========>                    33%] [Cov:=========================>         74%]
[Progress:=========>                    33%] [Cov:=========================>         74%]
[Progress:=========>                    33%] [Cov:=========================>         74%]
[Progress:=========>                    33%] [Cov:=========================>         74%]
[Progress:=========>                    33%] [Cov:=========================>         74%]
[Progress:=========>                    33%] [Cov:=========================>         74%]
[Progress:==========>                   35%] [Cov:=========================>         74%]
[Progress:==========>                   35%] [Cov:=========================>         74%]
[Progress:==========>                   35%] [Cov:=========================>         74%]
[Progress:==========>                   35%] [Cov:=========================>         74%]
[Progress:==========>                   35%] [Cov:=========================>         74%]
[Progress:==========>                   35%] [Cov:=========================>         74%]
[Progress:==========>                   35%] [Cov:=========================>         74%]
[Progress:==========>                   35%] [Cov:=========================>         74%]
[Progress:==========>                   35%] [Cov:=========================>         74%]
[Progress:==========>                   35%] [Cov:=========================>         74%]
[Progress:==========>                   35%] [Cov:=========================>         74%]
[Progress:==========>                   35%] [Cov:=========================>         74%]
[Progress:==========>                   35%] [Cov:=========================>         74%]
[Progress:==========>                   35%] [Cov:=========================>         74%]
[Progress:==========>                   35%] [Cov:=========================>         74%]
[Progress:==========>                   35%] [Cov:=========================>         74%]
[Progress:==========>                   35%] [Cov:=========================>         74%]
[Progress:==========>                   35%] [Cov:=========================>         74%]
[Progress:==========>                   35%] [Cov:=========================>         74%]
[Progress:==========>                   35%] [Cov:=========================>         74%]
[Progress:==========>                   35%] [Cov:=========================>         74%]
[Progress:==========>                   35%] [Cov:=========================>         74%]
[Progress:==========>                   35%] [Cov:=========================>         74%]
[Progress:==========>                   35%] [Cov:=========================>         74%]
[Progress:==========>                   35%] [Cov:=========================>         74%]
[Progress:==========>                   35%] [Cov:=========================>         74%]
[Progress:==========>                   35%] [Cov:=========================>         74%]
[Progress:==========>                   35%] [Cov:=========================>         74%]
[Progress:==========>                   35%] [Cov:=========================>         74%]
[Progress:==========>                   36%] [Cov:========================>          70%]
[Progress:==========>                   36%] [Cov:=========================>         74%]
[Progress:==========>                   36%] [Cov:=========================>         74%]
[Progress:==========>                   36%] [Cov:=========================>         74%]
[Progress:==========>                   36%] [Cov:=========================>         74%]
[Progress:==========>                   36%] [Cov:=========================>         74%]
[Progress:==========>                   36%] [Cov:=========================>         74%]
[Progress:==========>                   36%] [Cov:=========================>         74%]
[Progress:==========>                   36%] [Cov:=========================>         74%]
[Progress:==========>                   36%] [Cov:=========================>         74%]
[Progress:==========>                   36%] [Cov:=========================>         74%]
[Progress:==========>                   36%] [Cov:=========================>         74%]
[Progress:==========>                   36%] [Cov:=========================>         74%]
[Progress:==========>                   36%] [Cov:=========================>         74%]
[Progress:==========>                   36%] [Cov:=========================>         74%]
[Progress:==========>                   36%] [Cov:=========================>         74%]
[Progress:==========>                   36%] [Cov:=========================>         74%]
[Progress:==========>                   36%] [Cov:=========================>         74%]
[Progress:==========>                   36%] [Cov:=========================>         74%]
[Progress:==========>                   36%] [Cov:=========================>         74%]
[Progress:==========>                   36%] [Cov:=========================>         74%]
[Progress:==========>                   36%] [Cov:=========================>         74%]
[Progress:==========>                   36%] [Cov:=========================>         74%]
[Progress:==========>                   36%] [Cov:=========================>         74%]
[Progress:==========>                   36%] [Cov:=========================>         74%]
[Progress:==========>                   36%] [Cov:=========================>         74%]
[Progress:==========>                   36%] [Cov:=========================>         74%]
[Progress:==========>                   36%] [Cov:=========================>         74%]
[Progress:==========>                   36%] [Cov:=========================>         74%]
[Progress:==========>                   36%] [Cov:=========================>         74%]
[Progress:==========>                   36%] [Cov:=========================>         74%]
[Progress:==========>                   36%] [Cov:=========================>         74%]
[Progress:==========>                   36%] [Cov:=========================>         74%]
[Progress:===========>                  38%] [Cov:=========================>         74%]
[Progress:===========>                  38%] [Cov:=========================>         74%]
[Progress:===========>                  38%] [Cov:=========================>         74%]
[Progress:===========>                  38%] [Cov:=========================>         74%]
[Progress:===========>                  38%] [Cov:=========================>         74%]
[Progress:===========>                  38%] [Cov:=========================>         74%]
[Progress:===========>                  38%] [Cov:=========================>         74%]
[Progress:===========>                  38%] [Cov:=========================>         74%]
[Progress:===========>                  38%] [Cov:=========================>         74%]
[Progress:===========>                  38%] [Cov:=========================>         74%]
[Progress:===========>                  38%] [Cov:=========================>         74%]
[Progress:===========>                  38%] [Cov:=========================>         74%]
[Progress:===========>                  38%] [Cov:=========================>         74%]
[Progress:===========>                  38%] [Cov:=========================>         74%]
[Progress:===========>                  38%] [Cov:=========================>         74%]
[Progress:===========>                  38%] [Cov:=========================>         74%]
[Progress:===========>                  38%] [Cov:=========================>         74%]
[Progress:===========>                  38%] [Cov:=========================>         74%]
[Progress:===========>                  38%] [Cov:=========================>         74%]
[Progress:===========>                  38%] [Cov:=========================>         74%]
[Progress:===========>                  38%] [Cov:=========================>         74%]
[Progress:===========>                  38%] [Cov:=========================>         74%]
[Progress:===========>                  38%] [Cov:=========================>         74%]
[Progress:===========>                  38%] [Cov:=========================>         74%]
[Progress:============>                 40%] [Cov:========================>          70%]
[Progress:============>                 40%] [Cov:=========================>         74%]
[Progress:============>                 40%] [Cov:=========================>         74%]
[Progress:============>                 40%] [Cov:=========================>         74%]
[Progress:============>                 40%] [Cov:=========================>         74%]
[Progress:============>                 40%] [Cov:=========================>         74%]
[Progress:============>                 40%] [Cov:=========================>         74%]
[Progress:============>                 40%] [Cov:=========================>         74%]
[Progress:============>                 40%] [Cov:=========================>         74%]
[Progress:============>                 40%] [Cov:=========================>         74%]
[Progress:============>                 40%] [Cov:=========================>         74%]
[Progress:============>                 40%] [Cov:=========================>         74%]
[Progress:============>                 40%] [Cov:=========================>         74%]
[Progress:============>                 40%] [Cov:=========================>         74%]
[Progress:============>                 40%] [Cov:=========================>         74%]
[Progress:============>                 40%] [Cov:=========================>         74%]
[Progress:============>                 40%] [Cov:=========================>         74%]
[Progress:============>                 40%] [Cov:=========================>         74%]
[Progress:============>                 40%] [Cov:=========================>         74%]
[Progress:============>                 40%] [Cov:=========================>         74%]
[Progress:============>                 40%] [Cov:=========================>         74%]
[Progress:============>                 40%] [Cov:=========================>         74%]
[Progress:============>                 40%] [Cov:=========================>         74%]
[Progress:============>                 40%] [Cov:=========================>         74%]
[Progress:============>                 40%] [Cov:=========================>         74%]
[Progress:============>                 40%] [Cov:=========================>         74%]
[Progress:============>                 40%] [Cov:=========================>         74%]
[Progress:============>                 40%] [Cov:=========================>         74%]
[Progress:============>                 41%] [Cov:=========================>         74%]
[Progress:============>                 41%] [Cov:=========================>         74%]
[Progress:============>                 41%] [Cov:=========================>         74%]
[Progress:============>                 41%] [Cov:=========================>         74%]
[Progress:============>                 41%] [Cov:=========================>         74%]
[Progress:============>                 41%] [Cov:=========================>         74%]
[Progress:============>                 41%] [Cov:=========================>         74%]
[Progress:============>                 41%] [Cov:=========================>         74%]
[Progress:============>                 41%] [Cov:=========================>         74%]
[Progress:============>                 41%] [Cov:=========================>         74%]
[Progress:============>                 41%] [Cov:=========================>         74%]
[Progress:============>                 41%] [Cov:=========================>         74%]
[Progress:============>                 41%] [Cov:=========================>         74%]
[Progress:============>                 41%] [Cov:=========================>         74%]
[Progress:============>                 41%] [Cov:=========================>         74%]
[Progress:============>                 41%] [Cov:=========================>         74%]
[Progress:============>                 41%] [Cov:=========================>         74%]
[Progress:============>                 41%] [Cov:=========================>         74%]
[Progress:============>                 41%] [Cov:=========================>         74%]
[Progress:============>                 41%] [Cov:=========================>         74%]
[Progress:============>                 41%] [Cov:=========================>         74%]
[Progress:============>                 41%] [Cov:=========================>         74%]
[Progress:============>                 41%] [Cov:=========================>         74%]
[Progress:============>                 41%] [Cov:=========================>         74%]
[Progress:============>                 41%] [Cov:=========================>         74%]
[Progress:============>                 41%] [Cov:=========================>         74%]
[Progress:============>                 41%] [Cov:=========================>         74%]
[Progress:============>                 43%] [Cov:=========================>         74%]
[Progress:============>                 43%] [Cov:=========================>         74%]
[Progress:============>                 43%] [Cov:=========================>         74%]
[Progress:============>                 43%] [Cov:=========================>         74%]
[Progress:============>                 43%] [Cov:=========================>         74%]
[Progress:============>                 43%] [Cov:=========================>         74%]
[Progress:============>                 43%] [Cov:=========================>         74%]
[Progress:============>                 43%] [Cov:=========================>         74%]
[Progress:============>                 43%] [Cov:=========================>         74%]
[Progress:============>                 43%] [Cov:=========================>         74%]
[Progress:============>                 43%] [Cov:=========================>         74%]
[Progress:============>                 43%] [Cov:=========================>         74%]
[Progress:============>                 43%] [Cov:=========================>         74%]
[Progress:============>                 43%] [Cov:=========================>         74%]
[Progress:============>                 43%] [Cov:=========================>         74%]
[Progress:============>                 43%] [Cov:=========================>         74%]
[Progress:============>                 43%] [Cov:=========================>         74%]
[Progress:============>                 43%] [Cov:=========================>         74%]
[Progress:============>                 43%] [Cov:=========================>         74%]
[Progress:============>                 43%] [Cov:=========================>         74%]
[Progress:============>                 43%] [Cov:=========================>         74%]
[Progress:============>                 43%] [Cov:=========================>         74%]
[Progress:============>                 43%] [Cov:=========================>         74%]
[Progress:============>                 43%] [Cov:=========================>         74%]
[Progress:=============>                45%] [Cov:=========================>         74%]
[Progress:=============>                45%] [Cov:=========================>         74%]
[Progress:=============>                45%] [Cov:=========================>         74%]
[Progress:=============>                45%] [Cov:=========================>         74%]
[Progress:=============>                45%] [Cov:=========================>         74%]
[Progress:=============>                45%] [Cov:=========================>         74%]
[Progress:=============>                45%] [Cov:=========================>         74%]
[Progress:=============>                45%] [Cov:=========================>         74%]
[Progress:=============>                45%] [Cov:=========================>         74%]
[Progress:=============>                45%] [Cov:=========================>         74%]
[Progress:=============>                45%] [Cov:=========================>         74%]
[Progress:=============>                45%] [Cov:=========================>         74%]
[Progress:=============>                45%] [Cov:=========================>         74%]
[Progress:=============>                45%] [Cov:=========================>         74%]
[Progress:=============>                45%] [Cov:=========================>         74%]
[Progress:=============>                45%] [Cov:=========================>         74%]
[Progress:=============>                45%] [Cov:=========================>         74%]
[Progress:=============>                45%] [Cov:=========================>         74%]
[Progress:=============>                45%] [Cov:=========================>         74%]
[Progress:=============>                45%] [Cov:=========================>         74%]
[Progress:=============>                45%] [Cov:=========================>         74%]
[Progress:=============>                45%] [Cov:=========================>         74%]
[Progress:=============>                45%] [Cov:=========================>         74%]
[Progress:=============>                45%] [Cov:=========================>         74%]
[Progress:=============>                45%] [Cov:=========================>         74%]
[Progress:=============>                45%] [Cov:=========================>         74%]
[Progress:=============>                45%] [Cov:=========================>         74%]
[Progress:=============>                45%] [Cov:=========================>         74%]
[Progress:=============>                45%] [Cov:=========================>         74%]
[Progress:=============>                45%] [Cov:=========================>         74%]
[Progress:=============>                45%] [Cov:=========================>         74%]
[Progress:=============>                45%] [Cov:=========================>         74%]
[Progress:=============>                45%] [Cov:=========================>         74%]
[Progress:=============>                45%] [Cov:=========================>         74%]
[Progress:=============>                45%] [Cov:=========================>         74%]
[Progress:=============>                45%] [Cov:=========================>         74%]
[Progress:=============>                45%] [Cov:=========================>         74%]
[Progress:=============>                45%] [Cov:=========================>         74%]
[Progress:=============>                45%] [Cov:=========================>         74%]
[Progress:=============>                45%] [Cov:=========================>         74%]
[Progress:=============>                45%] [Cov:=========================>         74%]
[Progress:=============>                45%] [Cov:=========================>         74%]
[Progress:=============>                45%] [Cov:=========================>         74%]
[Progress:=============>                46%] [Cov:=========================>         72%]
[Progress:=============>                46%] [Cov:=========================>         74%]
[Progress:=============>                46%] [Cov:=========================>         74%]
[Progress:=============>                46%] [Cov:=========================>         74%]
[Progress:=============>                46%] [Cov:=========================>         74%]
[Progress:=============>                46%] [Cov:=========================>         74%]
[Progress:=============>                46%] [Cov:=========================>         74%]
[Progress:=============>                46%] [Cov:=========================>         74%]
[Progress:=============>                46%] [Cov:=========================>         74%]
[Progress:=============>                46%] [Cov:=========================>         74%]
[Progress:=============>                46%] [Cov:=========================>         74%]
[Progress:=============>                46%] [Cov:=========================>         74%]
[Progress:=============>                46%] [Cov:=========================>         74%]
[Progress:=============>                46%] [Cov:=========================>         74%]
[Progress:=============>                46%] [Cov:=========================>         74%]
[Progress:=============>                46%] [Cov:=========================>         74%]
[Progress:=============>                46%] [Cov:=========================>         74%]
[Progress:=============>                46%] [Cov:=========================>         74%]
[Progress:=============>                46%] [Cov:=========================>         74%]
[Progress:=============>                46%] [Cov:=========================>         74%]
[Progress:=============>                46%] [Cov:=========================>         74%]
[Progress:=============>                46%] [Cov:=========================>         74%]
[Progress:=============>                46%] [Cov:=========================>         74%]
[Progress:=============>                46%] [Cov:=========================>         74%]
[Progress:=============>                46%] [Cov:=========================>         74%]
[Progress:=============>                46%] [Cov:=========================>         74%]
[Progress:=============>                46%] [Cov:=========================>         74%]
[Progress:=============>                46%] [Cov:=========================>         74%]
[Progress:=============>                46%] [Cov:=========================>         74%]
[Progress:=============>                46%] [Cov:=========================>         74%]
[Progress:=============>                46%] [Cov:=========================>         74%]
[Progress:=============>                46%] [Cov:=========================>         74%]
[Progress:=============>                46%] [Cov:=========================>         74%]
[Progress:=============>                46%] [Cov:=========================>         74%]
[Progress:=============>                46%] [Cov:=========================>         74%]
[Progress:=============>                46%] [Cov:=========================>         74%]
[Progress:=============>                46%] [Cov:=========================>         74%]
[Progress:=============>                46%] [Cov:=========================>         74%]
[Progress:=============>                46%] [Cov:=========================>         74%]
[Progress:=============>                46%] [Cov:=========================>         74%]
[Progress:==============>               48%] [Cov:=========================>         74%]
[Progress:==============>               48%] [Cov:=========================>         74%]
[Progress:==============>               48%] [Cov:=========================>         74%]
[Progress:==============>               48%] [Cov:=========================>         74%]
[Progress:==============>               48%] [Cov:=========================>         74%]
[Progress:==============>               48%] [Cov:=========================>         74%]
[Progress:==============>               48%] [Cov:=========================>         74%]
[Progress:==============>               48%] [Cov:=========================>         74%]
[Progress:==============>               48%] [Cov:=========================>         74%]
[Progress:==============>               48%] [Cov:=========================>         74%]
[Progress:==============>               48%] [Cov:=========================>         74%]
[Progress:==============>               48%] [Cov:=========================>         74%]
[Progress:==============>               48%] [Cov:=========================>         74%]
[Progress:==============>               48%] [Cov:=========================>         74%]
[Progress:==============>               48%] [Cov:=========================>         74%]
[Progress:==============>               48%] [Cov:=========================>         74%]
[Progress:==============>               48%] [Cov:=========================>         74%]
[Progress:==============>               48%] [Cov:=========================>         74%]
[Progress:==============>               48%] [Cov:=========================>         74%]
[Progress:==============>               48%] [Cov:=========================>         74%]
[Progress:==============>               48%] [Cov:=========================>         74%]
[Progress:==============>               48%] [Cov:=========================>         74%]
[Progress:==============>               48%] [Cov:=========================>         74%]
[Progress:==============>               48%] [Cov:=========================>         74%]
[Progress:==============>               48%] [Cov:=========================>         74%]
[Progress:==============>               48%] [Cov:=========================>         74%]
[Progress:==============>               48%] [Cov:=========================>         74%]
[Progress:==============>               48%] [Cov:=========================>         74%]
[Progress:==============>               48%] [Cov:=========================>         74%]
[Progress:==============>               48%] [Cov:=========================>         74%]
[Progress:==============>               48%] [Cov:=========================>         74%]
[Progress:==============>               48%] [Cov:=========================>         74%]
[Progress:===============>              50%] [Cov:=========================>         74%]
[Progress:===============>              50%] [Cov:=========================>         74%]
[Progress:===============>              50%] [Cov:=========================>         74%]
[Progress:===============>              50%] [Cov:=========================>         74%]
[Progress:===============>              50%] [Cov:=========================>         74%]
[Progress:===============>              50%] [Cov:=========================>         74%]
[Progress:===============>              50%] [Cov:=========================>         74%]
[Progress:===============>              50%] [Cov:=========================>         74%]
[Progress:===============>              50%] [Cov:=========================>         74%]
[Progress:===============>              50%] [Cov:=========================>         74%]
[Progress:===============>              50%] [Cov:=========================>         74%]
[Progress:===============>              50%] [Cov:=========================>         74%]
[Progress:===============>              50%] [Cov:=========================>         74%]
[Progress:===============>              50%] [Cov:=========================>         74%]
[Progress:===============>              50%] [Cov:=========================>         74%]
[Progress:===============>              50%] [Cov:=========================>         74%]
[Progress:===============>              50%] [Cov:=========================>         74%]
[Progress:===============>              50%] [Cov:=========================>         74%]
[Progress:===============>              50%] [Cov:=========================>         74%]
[Progress:===============>              50%] [Cov:=========================>         74%]
[Progress:===============>              50%] [Cov:=========================>         74%]
[Progress:===============>              50%] [Cov:=========================>         74%]
[Progress:===============>              50%] [Cov:=========================>         74%]
[Progress:===============>              50%] [Cov:=========================>         74%]
[Progress:===============>              50%] [Cov:=========================>         74%]
[Progress:===============>              50%] [Cov:=========================>         74%]
[Progress:===============>              50%] [Cov:=========================>         74%]
[Progress:===============>              50%] [Cov:=========================>         74%]
[Progress:===============>              50%] [Cov:=========================>         74%]
[Progress:===============>              50%] [Cov:=========================>         74%]
[Progress:===============>              51%] [Cov:=========================>         74%]
[Progress:===============>              51%] [Cov:=========================>         74%]
[Progress:===============>              51%] [Cov:=========================>         74%]
[Progress:===============>              51%] [Cov:=========================>         74%]
[Progress:===============>              51%] [Cov:=========================>         74%]
[Progress:===============>              51%] [Cov:=========================>         74%]
[Progress:===============>              51%] [Cov:=========================>         74%]
[Progress:===============>              51%] [Cov:=========================>         74%]
[Progress:===============>              51%] [Cov:=========================>         74%]
[Progress:===============>              51%] [Cov:=========================>         74%]
[Progress:===============>              51%] [Cov:=========================>         74%]
[Progress:===============>              51%] [Cov:=========================>         74%]
[Progress:===============>              51%] [Cov:=========================>         74%]
[Progress:===============>              51%] [Cov:=========================>         74%]
[Progress:===============>              51%] [Cov:=========================>         74%]
[Progress:===============>              51%] [Cov:=========================>         74%]
[Progress:===============>              51%] [Cov:=========================>         74%]
[Progress:===============>              51%] [Cov:=========================>         74%]
[Progress:===============>              51%] [Cov:=========================>         74%]
[Progress:===============>              51%] [Cov:=========================>         74%]
[Progress:===============>              51%] [Cov:=========================>         74%]
[Progress:===============>              51%] [Cov:=========================>         74%]
[Progress:===============>              51%] [Cov:=========================>         74%]
[Progress:===============>              51%] [Cov:=========================>         74%]
[Progress:===============>              51%] [Cov:=========================>         74%]
[Progress:===============>              51%] [Cov:=========================>         74%]
[Progress:===============>              51%] [Cov:=========================>         74%]
[Progress:===============>              51%] [Cov:=========================>         74%]
[Progress:===============>              53%] [Cov:=========================>         74%]
[Progress:===============>              53%] [Cov:=========================>         74%]
[Progress:===============>              53%] [Cov:=========================>         74%]
[Progress:===============>              53%] [Cov:=========================>         74%]
[Progress:===============>              53%] [Cov:=========================>         74%]
[Progress:===============>              53%] [Cov:=========================>         74%]
[Progress:===============>              53%] [Cov:=========================>         74%]
[Progress:===============>              53%] [Cov:=========================>         74%]
[Progress:===============>              53%] [Cov:=========================>         74%]
[Progress:===============>              53%] [Cov:=========================>         74%]
[Progress:===============>              53%] [Cov:=========================>         74%]
[Progress:===============>              53%] [Cov:=========================>         74%]
[Progress:===============>              53%] [Cov:=========================>         74%]
[Progress:===============>              53%] [Cov:=========================>         74%]
[Progress:===============>              53%] [Cov:=========================>         74%]
[Progress:===============>              53%] [Cov:=========================>         74%]
[Progress:===============>              53%] [Cov:=========================>         74%]
[Progress:===============>              53%] [Cov:=========================>         74%]
[Progress:===============>              53%] [Cov:=========================>         74%]
[Progress:===============>              53%] [Cov:=========================>         74%]
[Progress:===============>              53%] [Cov:=========================>         74%]
[Progress:===============>              53%] [Cov:=========================>         74%]
[Progress:===============>              53%] [Cov:=========================>         74%]
[Progress:===============>              53%] [Cov:=========================>         74%]
[Progress:===============>              53%] [Cov:=========================>         74%]
[Progress:===============>              53%] [Cov:=========================>         74%]
[Progress:===============>              53%] [Cov:=========================>         74%]
[Progress:===============>              53%] [Cov:=========================>         74%]
[Progress:===============>              53%] [Cov:=========================>         74%]
[Progress:===============>              53%] [Cov:=========================>         74%]
[Progress:================>             55%] [Cov:=========================>         74%]
[Progress:================>             55%] [Cov:=========================>         74%]
[Progress:================>             55%] [Cov:=========================>         74%]
[Progress:================>             55%] [Cov:=========================>         74%]
[Progress:================>             55%] [Cov:=========================>         74%]
[Progress:================>             55%] [Cov:=========================>         74%]
[Progress:================>             55%] [Cov:=========================>         74%]
[Progress:================>             55%] [Cov:=========================>         74%]
[Progress:================>             55%] [Cov:=========================>         74%]
[Progress:================>             55%] [Cov:=========================>         74%]
[Progress:================>             55%] [Cov:=========================>         74%]
[Progress:================>             55%] [Cov:=========================>         74%]
[Progress:================>             55%] [Cov:=========================>         74%]
[Progress:================>             55%] [Cov:=========================>         74%]
[Progress:================>             55%] [Cov:=========================>         74%]
[Progress:================>             55%] [Cov:=========================>         74%]
[Progress:================>             55%] [Cov:=========================>         74%]
[Progress:================>             55%] [Cov:=========================>         74%]
[Progress:================>             55%] [Cov:=========================>         74%]
[Progress:================>             55%] [Cov:=========================>         74%]
[Progress:================>             55%] [Cov:=========================>         74%]
[Progress:================>             55%] [Cov:=========================>         74%]
[Progress:================>             55%] [Cov:=========================>         74%]
[Progress:================>             55%] [Cov:=========================>         74%]
[Progress:================>             56%] [Cov:=========================>         74%]
[Progress:================>             56%] [Cov:=========================>         74%]
[Progress:================>             56%] [Cov:=========================>         74%]
[Progress:================>             56%] [Cov:=========================>         74%]
[Progress:================>             56%] [Cov:=========================>         74%]
[Progress:================>             56%] [Cov:=========================>         74%]
[Progress:================>             56%] [Cov:=========================>         74%]
[Progress:================>             56%] [Cov:=========================>         74%]
[Progress:================>             56%] [Cov:=========================>         74%]
[Progress:================>             56%] [Cov:=========================>         74%]
[Progress:================>             56%] [Cov:=========================>         74%]
[Progress:================>             56%] [Cov:=========================>         74%]
[Progress:================>             56%] [Cov:=========================>         74%]
[Progress:================>             56%] [Cov:=========================>         74%]
[Progress:================>             56%] [Cov:=========================>         74%]
[Progress:================>             56%] [Cov:=========================>         74%]
[Progress:================>             56%] [Cov:=========================>         74%]
[Progress:================>             56%] [Cov:=========================>         74%]
[Progress:================>             56%] [Cov:=========================>         74%]
[Progress:================>             56%] [Cov:=========================>         74%]
[Progress:================>             56%] [Cov:=========================>         74%]
[Progress:================>             56%] [Cov:=========================>         74%]
[Progress:================>             56%] [Cov:=========================>         74%]
[Progress:================>             56%] [Cov:=========================>         74%]
[Progress:================>             56%] [Cov:=========================>         74%]
[Progress:================>             56%] [Cov:=========================>         74%]
[Progress:================>             56%] [Cov:=========================>         74%]
[Progress:================>             56%] [Cov:=========================>         74%]
[Progress:=================>            58%] [Cov:=========================>         74%]
[Progress:=================>            58%] [Cov:=========================>         74%]
[Progress:=================>            58%] [Cov:=========================>         74%]
[Progress:=================>            58%] [Cov:=========================>         74%]
[Progress:=================>            58%] [Cov:=========================>         74%]
[Progress:=================>            58%] [Cov:=========================>         74%]
[Progress:=================>            58%] [Cov:=========================>         74%]
[Progress:=================>            58%] [Cov:=========================>         74%]
[Progress:=================>            58%] [Cov:=========================>         74%]
[Progress:=================>            58%] [Cov:=========================>         74%]
[Progress:=================>            58%] [Cov:=========================>         74%]
[Progress:=================>            58%] [Cov:=========================>         74%]
[Progress:=================>            58%] [Cov:=========================>         74%]
[Progress:=================>            58%] [Cov:=========================>         74%]
[Progress:=================>            58%] [Cov:=========================>         74%]
[Progress:=================>            58%] [Cov:=========================>         74%]
[Progress:=================>            58%] [Cov:=========================>         74%]
[Progress:=================>            58%] [Cov:=========================>         74%]
[Progress:=================>            58%] [Cov:=========================>         74%]
[Progress:=================>            58%] [Cov:=========================>         74%]
[Progress:=================>            58%] [Cov:=========================>         74%]
[Progress:==================>           60%] [Cov:======================>            64%]
[Progress:==================>           60%] [Cov:=========================>         72%]
[Progress:==================>           60%] [Cov:=========================>         74%]
[Progress:==================>           60%] [Cov:=========================>         74%]
[Progress:==================>           60%] [Cov:=========================>         74%]
[Progress:==================>           60%] [Cov:=========================>         74%]
[Progress:==================>           60%] [Cov:=========================>         74%]
[Progress:==================>           60%] [Cov:=========================>         74%]
[Progress:==================>           60%] [Cov:=========================>         74%]
[Progress:==================>           60%] [Cov:=========================>         74%]
[Progress:==================>           60%] [Cov:=========================>         74%]
[Progress:==================>           60%] [Cov:=========================>         74%]
[Progress:==================>           60%] [Cov:=========================>         74%]
[Progress:==================>           60%] [Cov:=========================>         74%]
[Progress:==================>           60%] [Cov:=========================>         74%]
[Progress:==================>           60%] [Cov:=========================>         74%]
[Progress:==================>           60%] [Cov:=========================>         74%]
[Progress:==================>           60%] [Cov:=========================>         74%]
[Progress:==================>           60%] [Cov:=========================>         74%]
[Progress:==================>           60%] [Cov:=========================>         74%]
[Progress:==================>           60%] [Cov:=========================>         74%]
[Progress:==================>           60%] [Cov:=========================>         74%]
[Progress:==================>           60%] [Cov:=========================>         74%]
[Progress:==================>           60%] [Cov:=========================>         74%]
[Progress:==================>           60%] [Cov:=========================>         74%]
[Progress:==================>           60%] [Cov:=========================>         74%]
[Progress:==================>           60%] [Cov:=========================>         74%]
[Progress:==================>           60%] [Cov:=========================>         74%]
[Progress:==================>           61%] [Cov:=========================>         72%]
[Progress:==================>           61%] [Cov:=========================>         74%]
[Progress:==================>           61%] [Cov:=========================>         74%]
[Progress:==================>           61%] [Cov:=========================>         74%]
[Progress:==================>           61%] [Cov:=========================>         74%]
[Progress:==================>           61%] [Cov:=========================>         74%]
[Progress:==================>           61%] [Cov:=========================>         74%]
[Progress:==================>           61%] [Cov:=========================>         74%]
[Progress:==================>           61%] [Cov:=========================>         74%]
[Progress:==================>           61%] [Cov:=========================>         74%]
[Progress:==================>           61%] [Cov:=========================>         74%]
[Progress:==================>           61%] [Cov:=========================>         74%]
[Progress:==================>           61%] [Cov:=========================>         74%]
[Progress:==================>           61%] [Cov:=========================>         74%]
[Progress:==================>           61%] [Cov:=========================>         74%]
[Progress:==================>           61%] [Cov:=========================>         74%]
[Progress:==================>           61%] [Cov:=========================>         74%]
[Progress:==================>           61%] [Cov:=========================>         74%]
[Progress:==================>           61%] [Cov:=========================>         74%]
[Progress:==================>           61%] [Cov:=========================>         74%]
[Progress:==================>           61%] [Cov:=========================>         74%]
[Progress:==================>           61%] [Cov:=========================>         74%]
[Progress:==================>           61%] [Cov:=========================>         74%]
[Progress:==================>           61%] [Cov:=========================>         74%]
[Progress:==================>           61%] [Cov:=========================>         74%]
[Progress:==================>           61%] [Cov:=========================>         74%]
[Progress:==================>           61%] [Cov:=========================>         74%]
[Progress:==================>           61%] [Cov:=========================>         74%]
[Progress:==================>           61%] [Cov:=========================>         74%]
[Progress:==================>           61%] [Cov:=========================>         74%]
[Progress:==================>           61%] [Cov:=========================>         74%]
[Progress:==================>           61%] [Cov:=========================>         74%]
[Progress:==================>           61%] [Cov:=========================>         74%]
[Progress:==================>           61%] [Cov:=========================>         74%]
[Progress:==================>           61%] [Cov:=========================>         74%]
[Progress:==================>           61%] [Cov:=========================>         74%]
[Progress:==================>           61%] [Cov:=========================>         74%]
[Progress:==================>           61%] [Cov:=========================>         74%]
[Progress:==================>           61%] [Cov:=========================>         74%]
[Progress:==================>           61%] [Cov:=========================>         74%]
[Progress:==================>           63%] [Cov:========================>          70%]
[Progress:==================>           63%] [Cov:=========================>         74%]
[Progress:==================>           63%] [Cov:=========================>         74%]
[Progress:==================>           63%] [Cov:=========================>         74%]
[Progress:==================>           63%] [Cov:=========================>         74%]
[Progress:==================>           63%] [Cov:=========================>         74%]
[Progress:==================>           63%] [Cov:=========================>         74%]
[Progress:==================>           63%] [Cov:=========================>         74%]
[Progress:==================>           63%] [Cov:=========================>         74%]
[Progress:==================>           63%] [Cov:=========================>         74%]
[Progress:==================>           63%] [Cov:=========================>         74%]
[Progress:==================>           63%] [Cov:=========================>         74%]
[Progress:==================>           63%] [Cov:=========================>         74%]
[Progress:==================>           63%] [Cov:=========================>         74%]
[Progress:==================>           63%] [Cov:=========================>         74%]
[Progress:==================>           63%] [Cov:=========================>         74%]
[Progress:==================>           63%] [Cov:=========================>         74%]
[Progress:==================>           63%] [Cov:=========================>         74%]
[Progress:==================>           63%] [Cov:=========================>         74%]
[Progress:==================>           63%] [Cov:=========================>         74%]
[Progress:==================>           63%] [Cov:=========================>         74%]
[Progress:==================>           63%] [Cov:=========================>         74%]
[Progress:==================>           63%] [Cov:=========================>         74%]
[Progress:==================>           63%] [Cov:=========================>         74%]
[Progress:==================>           63%] [Cov:=========================>         74%]
[Progress:==================>           63%] [Cov:=========================>         74%]
[Progress:==================>           63%] [Cov:=========================>         74%]
[Progress:==================>           63%] [Cov:=========================>         74%]
[Progress:==================>           63%] [Cov:=========================>         74%]
[Progress:==================>           63%] [Cov:=========================>         74%]
[Progress:==================>           63%] [Cov:=========================>         74%]
[Progress:==================>           63%] [Cov:=========================>         74%]
[Progress:==================>           63%] [Cov:=========================>         74%]
[Progress:==================>           63%] [Cov:=========================>         74%]
[Progress:==================>           63%] [Cov:=========================>         74%]
[Progress:==================>           63%] [Cov:=========================>         74%]
[Progress:==================>           63%] [Cov:=========================>         74%]
[Progress:==================>           63%] [Cov:=========================>         74%]
[Progress:==================>           63%] [Cov:=========================>         74%]
[Progress:==================>           63%] [Cov:=========================>         74%]
[Progress:==================>           63%] [Cov:=========================>         74%]
[Progress:==================>           63%] [Cov:=========================>         74%]
[Progress:==================>           63%] [Cov:=========================>         74%]
[Progress:===================>          65%] [Cov:=========================>         74%]
[Progress:===================>          65%] [Cov:=========================>         74%]
[Progress:===================>          65%] [Cov:=========================>         74%]
[Progress:===================>          65%] [Cov:=========================>         74%]
[Progress:===================>          65%] [Cov:=========================>         74%]
[Progress:===================>          65%] [Cov:=========================>         74%]
[Progress:===================>          65%] [Cov:=========================>         74%]
[Progress:===================>          65%] [Cov:=========================>         74%]
[Progress:===================>          65%] [Cov:=========================>         74%]
[Progress:===================>          65%] [Cov:=========================>         74%]
[Progress:===================>          65%] [Cov:=========================>         74%]
[Progress:===================>          65%] [Cov:=========================>         74%]
[Progress:===================>          65%] [Cov:=========================>         74%]
[Progress:===================>          65%] [Cov:=========================>         74%]
[Progress:===================>          65%] [Cov:=========================>         74%]
[Progress:===================>          65%] [Cov:=========================>         74%]
[Progress:===================>          65%] [Cov:=========================>         74%]
[Progress:===================>          65%] [Cov:=========================>         74%]
[Progress:===================>          65%] [Cov:=========================>         74%]
[Progress:===================>          65%] [Cov:=========================>         74%]
[Progress:===================>          65%] [Cov:=========================>         74%]
[Progress:===================>          65%] [Cov:=========================>         74%]
[Progress:===================>          65%] [Cov:=========================>         74%]
[Progress:===================>          65%] [Cov:=========================>         74%]
[Progress:===================>          65%] [Cov:=========================>         74%]
[Progress:===================>          65%] [Cov:=========================>         74%]
[Progress:===================>          65%] [Cov:=========================>         74%]
[Progress:===================>          65%] [Cov:=========================>         74%]
[Progress:===================>          65%] [Cov:=========================>         74%]
[Progress:===================>          65%] [Cov:=========================>         74%]
[Progress:===================>          65%] [Cov:=========================>         74%]
[Progress:===================>          65%] [Cov:=========================>         74%]
[Progress:===================>          65%] [Cov:=========================>         74%]
[Progress:===================>          65%] [Cov:=========================>         74%]
[Progress:===================>          65%] [Cov:=========================>         74%]
[Progress:===================>          65%] [Cov:=========================>         74%]
[Progress:===================>          65%] [Cov:=========================>         74%]
[Progress:===================>          65%] [Cov:=========================>         74%]
[Progress:===================>          65%] [Cov:=========================>         74%]
[Progress:===================>          65%] [Cov:=========================>         74%]
[Progress:===================>          65%] [Cov:=========================>         74%]
[Progress:===================>          65%] [Cov:=========================>         74%]
[Progress:===================>          66%] [Cov:========================>          71%]
[Progress:===================>          66%] [Cov:=========================>         74%]
[Progress:===================>          66%] [Cov:=========================>         74%]
[Progress:===================>          66%] [Cov:=========================>         74%]
[Progress:===================>          66%] [Cov:=========================>         74%]
[Progress:===================>          66%] [Cov:=========================>         74%]
[Progress:===================>          66%] [Cov:=========================>         74%]
[Progress:===================>          66%] [Cov:=========================>         74%]
[Progress:===================>          66%] [Cov:=========================>         74%]
[Progress:===================>          66%] [Cov:=========================>         74%]
[Progress:===================>          66%] [Cov:=========================>         74%]
[Progress:===================>          66%] [Cov:=========================>         74%]
[Progress:===================>          66%] [Cov:=========================>         74%]
[Progress:===================>          66%] [Cov:=========================>         74%]
[Progress:===================>          66%] [Cov:=========================>         74%]
[Progress:===================>          66%] [Cov:=========================>         74%]
[Progress:===================>          66%] [Cov:=========================>         74%]
[Progress:===================>          66%] [Cov:=========================>         74%]
[Progress:===================>          66%] [Cov:=========================>         74%]
[Progress:===================>          66%] [Cov:=========================>         74%]
[Progress:===================>          66%] [Cov:=========================>         74%]
[Progress:===================>          66%] [Cov:=========================>         74%]
[Progress:===================>          66%] [Cov:=========================>         74%]
[Progress:===================>          66%] [Cov:=========================>         74%]
[Progress:===================>          66%] [Cov:=========================>         74%]
[Progress:===================>          66%] [Cov:=========================>         74%]
[Progress:===================>          66%] [Cov:=========================>         74%]
[Progress:===================>          66%] [Cov:=========================>         74%]
[Progress:===================>          66%] [Cov:=========================>         74%]
[Progress:===================>          66%] [Cov:=========================>         74%]
[Progress:===================>          66%] [Cov:=========================>         74%]
[Progress:===================>          66%] [Cov:=========================>         74%]
[Progress:===================>          66%] [Cov:=========================>         74%]
[Progress:===================>          66%] [Cov:=========================>         74%]
[Progress:===================>          66%] [Cov:=========================>         74%]
[Progress:===================>          66%] [Cov:=========================>         74%]
[Progress:===================>          66%] [Cov:=========================>         74%]
[Progress:===================>          66%] [Cov:=========================>         74%]
[Progress:===================>          66%] [Cov:=========================>         74%]
[Progress:===================>          66%] [Cov:=========================>         74%]
[Progress:===================>          66%] [Cov:=========================>         74%]
[Progress:===================>          66%] [Cov:=========================>         74%]
[Progress:====================>         68%] [Cov:=========================>         74%]
[Progress:====================>         68%] [Cov:=========================>         74%]
[Progress:====================>         68%] [Cov:=========================>         74%]
[Progress:====================>         68%] [Cov:=========================>         74%]
[Progress:====================>         68%] [Cov:=========================>         74%]
[Progress:====================>         68%] [Cov:=========================>         74%]
[Progress:====================>         68%] [Cov:=========================>         74%]
[Progress:====================>         68%] [Cov:=========================>         74%]
[Progress:====================>         68%] [Cov:=========================>         74%]
[Progress:====================>         68%] [Cov:=========================>         74%]
[Progress:====================>         68%] [Cov:=========================>         74%]
[Progress:====================>         68%] [Cov:=========================>         74%]
[Progress:====================>         68%] [Cov:=========================>         74%]
[Progress:====================>         68%] [Cov:=========================>         74%]
[Progress:====================>         68%] [Cov:=========================>         74%]
[Progress:====================>         68%] [Cov:=========================>         74%]
[Progress:====================>         68%] [Cov:=========================>         74%]
[Progress:====================>         68%] [Cov:=========================>         74%]
[Progress:====================>         68%] [Cov:=========================>         74%]
[Progress:====================>         68%] [Cov:=========================>         74%]
[Progress:====================>         68%] [Cov:=========================>         74%]
[Progress:====================>         68%] [Cov:=========================>         74%]
[Progress:====================>         68%] [Cov:=========================>         74%]
[Progress:====================>         68%] [Cov:=========================>         74%]
[Progress:====================>         68%] [Cov:=========================>         74%]
[Progress:====================>         68%] [Cov:=========================>         74%]
[Progress:====================>         68%] [Cov:=========================>         74%]
[Progress:====================>         68%] [Cov:=========================>         74%]
[Progress:====================>         68%] [Cov:=========================>         74%]
[Progress:====================>         68%] [Cov:=========================>         74%]
[Progress:====================>         68%] [Cov:=========================>         74%]
[Progress:====================>         68%] [Cov:=========================>         74%]
[Progress:====================>         68%] [Cov:=========================>         74%]
[Progress:====================>         68%] [Cov:=========================>         74%]
[Progress:====================>         68%] [Cov:=========================>         74%]
[Progress:====================>         68%] [Cov:=========================>         74%]
[Progress:====================>         68%] [Cov:=========================>         74%]
[Progress:====================>         68%] [Cov:=========================>         74%]
[Progress:====================>         68%] [Cov:=========================>         74%]
[Progress:====================>         68%] [Cov:=========================>         74%]
[Progress:====================>         68%] [Cov:=========================>         74%]
[Progress:=====================>        70%] [Cov:=========================>         74%]
[Progress:=====================>        70%] [Cov:=========================>         74%]
[Progress:=====================>        70%] [Cov:=========================>         74%]
[Progress:=====================>        70%] [Cov:=========================>         74%]
[Progress:=====================>        70%] [Cov:=========================>         74%]
[Progress:=====================>        70%] [Cov:=========================>         74%]
[Progress:=====================>        70%] [Cov:=========================>         74%]
[Progress:=====================>        70%] [Cov:=========================>         74%]
[Progress:=====================>        70%] [Cov:=========================>         74%]
[Progress:=====================>        70%] [Cov:=========================>         74%]
[Progress:=====================>        70%] [Cov:=========================>         74%]
[Progress:=====================>        70%] [Cov:=========================>         74%]
[Progress:=====================>        70%] [Cov:=========================>         74%]
[Progress:=====================>        70%] [Cov:=========================>         74%]
[Progress:=====================>        70%] [Cov:=========================>         74%]
[Progress:=====================>        70%] [Cov:=========================>         74%]
[Progress:=====================>        70%] [Cov:=========================>         74%]
[Progress:=====================>        70%] [Cov:=========================>         74%]
[Progress:=====================>        70%] [Cov:=========================>         74%]
[Progress:=====================>        70%] [Cov:=========================>         74%]
[Progress:=====================>        70%] [Cov:=========================>         74%]
[Progress:=====================>        70%] [Cov:=========================>         74%]
[Progress:=====================>        70%] [Cov:=========================>         74%]
[Progress:=====================>        70%] [Cov:=========================>         74%]
[Progress:=====================>        70%] [Cov:=========================>         74%]
[Progress:=====================>        70%] [Cov:=========================>         74%]
[Progress:=====================>        70%] [Cov:=========================>         74%]
[Progress:=====================>        70%] [Cov:=========================>         74%]
[Progress:=====================>        70%] [Cov:=========================>         74%]
[Progress:=====================>        70%] [Cov:=========================>         74%]
[Progress:=====================>        70%] [Cov:=========================>         74%]
[Progress:=====================>        70%] [Cov:=========================>         74%]
[Progress:=====================>        70%] [Cov:=========================>         74%]
[Progress:=====================>        70%] [Cov:=========================>         74%]
[Progress:=====================>        70%] [Cov:=========================>         74%]
[Progress:=====================>        70%] [Cov:=========================>         74%]
[Progress:=====================>        70%] [Cov:=========================>         74%]
[Progress:=====================>        70%] [Cov:=========================>         74%]
[Progress:=====================>        70%] [Cov:=========================>         74%]
[Progress:=====================>        70%] [Cov:=========================>         74%]
[Progress:=====================>        70%] [Cov:=========================>         74%]
[Progress:=====================>        71%] [Cov:=========================>         74%]
[Progress:=====================>        71%] [Cov:=========================>         74%]
[Progress:=====================>        71%] [Cov:=========================>         74%]
[Progress:=====================>        71%] [Cov:=========================>         74%]
[Progress:=====================>        71%] [Cov:=========================>         74%]
[Progress:=====================>        71%] [Cov:=========================>         74%]
[Progress:=====================>        71%] [Cov:=========================>         74%]
[Progress:=====================>        71%] [Cov:=========================>         74%]
[Progress:=====================>        71%] [Cov:=========================>         74%]
[Progress:=====================>        71%] [Cov:=========================>         74%]
[Progress:=====================>        71%] [Cov:=========================>         74%]
[Progress:=====================>        71%] [Cov:=========================>         74%]
[Progress:=====================>        71%] [Cov:=========================>         74%]
[Progress:=====================>        71%] [Cov:=========================>         74%]
[Progress:=====================>        71%] [Cov:=========================>         74%]
[Progress:=====================>        71%] [Cov:=========================>         74%]
[Progress:=====================>        71%] [Cov:=========================>         74%]
[Progress:=====================>        71%] [Cov:=========================>         74%]
[Progress:=====================>        71%] [Cov:=========================>         74%]
[Progress:=====================>        71%] [Cov:=========================>         74%]
[Progress:=====================>        71%] [Cov:=========================>         74%]
[Progress:=====================>        71%] [Cov:=========================>         74%]
[Progress:=====================>        71%] [Cov:=========================>         74%]
[Progress:=====================>        71%] [Cov:=========================>         74%]
[Progress:=====================>        71%] [Cov:=========================>         74%]
[Progress:=====================>        71%] [Cov:=========================>         74%]
[Progress:=====================>        71%] [Cov:=========================>         74%]
[Progress:=====================>        71%] [Cov:=========================>         74%]
[Progress:=====================>        71%] [Cov:=========================>         74%]
[Progress:=====================>        71%] [Cov:=========================>         74%]
[Progress:=====================>        71%] [Cov:=========================>         74%]
[Progress:=====================>        71%] [Cov:=========================>         74%]
[Progress:=====================>        71%] [Cov:=========================>         74%]
[Progress:=====================>        71%] [Cov:=========================>         74%]
[Progress:=====================>        71%] [Cov:=========================>         74%]
[Progress:=====================>        71%] [Cov:=========================>         74%]
[Progress:=====================>        71%] [Cov:=========================>         74%]
[Progress:=====================>        71%] [Cov:=========================>         74%]
[Progress:=====================>        71%] [Cov:=========================>         74%]
[Progress:=====================>        71%] [Cov:=========================>         74%]
[Progress:=====================>        71%] [Cov:=========================>         74%]
[Progress:=====================>        71%] [Cov:=========================>         74%]
[Progress:=====================>        71%] [Cov:=========================>         74%]
[Progress:=====================>        73%] [Cov:=========================>         74%]
[Progress:=====================>        73%] [Cov:=========================>         74%]
[Progress:=====================>        73%] [Cov:=========================>         74%]
[Progress:=====================>        73%] [Cov:=========================>         74%]
[Progress:=====================>        73%] [Cov:=========================>         74%]
[Progress:=====================>        73%] [Cov:=========================>         74%]
[Progress:=====================>        73%] [Cov:=========================>         74%]
[Progress:=====================>        73%] [Cov:=========================>         74%]
[Progress:=====================>        73%] [Cov:=========================>         74%]
[Progress:=====================>        73%] [Cov:=========================>         74%]
[Progress:=====================>        73%] [Cov:=========================>         74%]
[Progress:=====================>        73%] [Cov:=========================>         74%]
[Progress:=====================>        73%] [Cov:=========================>         74%]
[Progress:=====================>        73%] [Cov:=========================>         74%]
[Progress:=====================>        73%] [Cov:=========================>         74%]
[Progress:=====================>        73%] [Cov:=========================>         74%]
[Progress:=====================>        73%] [Cov:=========================>         74%]
[Progress:=====================>        73%] [Cov:=========================>         74%]
[Progress:=====================>        73%] [Cov:=========================>         74%]
[Progress:=====================>        73%] [Cov:=========================>         74%]
[Progress:=====================>        73%] [Cov:=========================>         74%]
[Progress:=====================>        73%] [Cov:=========================>         74%]
[Progress:=====================>        73%] [Cov:=========================>         74%]
[Progress:=====================>        73%] [Cov:=========================>         74%]
[Progress:=====================>        73%] [Cov:=========================>         74%]
[Progress:=====================>        73%] [Cov:=========================>         74%]
[Progress:=====================>        73%] [Cov:=========================>         74%]
[Progress:=====================>        73%] [Cov:=========================>         74%]
[Progress:=====================>        73%] [Cov:=========================>         74%]
[Progress:=====================>        73%] [Cov:=========================>         74%]
[Progress:=====================>        73%] [Cov:=========================>         74%]
[Progress:=====================>        73%] [Cov:=========================>         74%]
[Progress:=====================>        73%] [Cov:=========================>         74%]
[Progress:=====================>        73%] [Cov:=========================>         74%]
[Progress:=====================>        73%] [Cov:=========================>         74%]
[Progress:=====================>        73%] [Cov:=========================>         74%]
[Progress:=====================>        73%] [Cov:=========================>         74%]
[Progress:=====================>        73%] [Cov:=========================>         74%]
[Progress:=====================>        73%] [Cov:=========================>         74%]
[Progress:=====================>        73%] [Cov:=========================>         74%]
[Progress:======================>       75%] [Cov:=========================>         74%]
[Progress:======================>       75%] [Cov:=========================>         74%]
[Progress:======================>       75%] [Cov:=========================>         74%]
[Progress:======================>       75%] [Cov:=========================>         74%]
[Progress:======================>       75%] [Cov:=========================>         74%]
[Progress:======================>       75%] [Cov:=========================>         74%]
[Progress:======================>       75%] [Cov:=========================>         74%]
[Progress:======================>       75%] [Cov:=========================>         74%]
[Progress:======================>       75%] [Cov:=========================>         74%]
[Progress:======================>       75%] [Cov:=========================>         74%]
[Progress:======================>       75%] [Cov:=========================>         74%]
[Progress:======================>       75%] [Cov:=========================>         74%]
[Progress:======================>       75%] [Cov:=========================>         74%]
[Progress:======================>       75%] [Cov:=========================>         74%]
[Progress:======================>       75%] [Cov:=========================>         74%]
[Progress:======================>       75%] [Cov:=========================>         74%]
[Progress:======================>       75%] [Cov:=========================>         74%]
[Progress:======================>       75%] [Cov:=========================>         74%]
[Progress:======================>       75%] [Cov:=========================>         74%]
[Progress:======================>       75%] [Cov:=========================>         74%]
[Progress:======================>       75%] [Cov:=========================>         74%]
[Progress:======================>       75%] [Cov:=========================>         74%]
[Progress:======================>       75%] [Cov:=========================>         74%]
[Progress:======================>       75%] [Cov:=========================>         74%]
[Progress:======================>       75%] [Cov:=========================>         74%]
[Progress:======================>       75%] [Cov:=========================>         74%]
[Progress:======================>       75%] [Cov:=========================>         74%]
[Progress:======================>       75%] [Cov:=========================>         74%]
[Progress:======================>       75%] [Cov:=========================>         74%]
[Progress:======================>       75%] [Cov:=========================>         74%]
[Progress:======================>       75%] [Cov:=========================>         74%]
[Progress:======================>       75%] [Cov:=========================>         74%]
[Progress:======================>       75%] [Cov:=========================>         74%]
[Progress:======================>       75%] [Cov:=========================>         74%]
[Progress:======================>       75%] [Cov:=========================>         74%]
[Progress:======================>       75%] [Cov:=========================>         74%]
[Progress:======================>       75%] [Cov:=========================>         74%]
[Progress:======================>       75%] [Cov:=========================>         74%]
[Progress:======================>       76%] [Cov:=========================>         74%]
[Progress:======================>       76%] [Cov:=========================>         74%]
[Progress:======================>       76%] [Cov:=========================>         74%]
[Progress:======================>       76%] [Cov:=========================>         74%]
[Progress:======================>       76%] [Cov:=========================>         74%]
[Progress:======================>       76%] [Cov:=========================>         74%]
[Progress:======================>       76%] [Cov:=========================>         74%]
[Progress:======================>       76%] [Cov:=========================>         74%]
[Progress:======================>       76%] [Cov:=========================>         74%]
[Progress:======================>       76%] [Cov:=========================>         74%]
[Progress:======================>       76%] [Cov:=========================>         74%]
[Progress:======================>       76%] [Cov:=========================>         74%]
[Progress:======================>       76%] [Cov:=========================>         74%]
[Progress:======================>       76%] [Cov:=========================>         74%]
[Progress:======================>       76%] [Cov:=========================>         74%]
[Progress:======================>       76%] [Cov:=========================>         74%]
[Progress:======================>       76%] [Cov:=========================>         74%]
[Progress:======================>       76%] [Cov:=========================>         74%]
[Progress:======================>       76%] [Cov:=========================>         74%]
[Progress:======================>       76%] [Cov:=========================>         74%]
[Progress:======================>       76%] [Cov:=========================>         74%]
[Progress:======================>       76%] [Cov:=========================>         74%]
[Progress:======================>       76%] [Cov:=========================>         74%]
[Progress:======================>       76%] [Cov:=========================>         74%]
[Progress:======================>       76%] [Cov:=========================>         74%]
[Progress:======================>       76%] [Cov:=========================>         74%]
[Progress:======================>       76%] [Cov:=========================>         74%]
[Progress:======================>       76%] [Cov:=========================>         74%]
[Progress:======================>       76%] [Cov:=========================>         74%]
[Progress:======================>       76%] [Cov:=========================>         74%]
[Progress:======================>       76%] [Cov:=========================>         74%]
[Progress:======================>       76%] [Cov:=========================>         74%]
[Progress:======================>       76%] [Cov:=========================>         74%]
[Progress:======================>       76%] [Cov:=========================>         74%]
[Progress:=======================>      78%] [Cov:=========================>         74%]
[Progress:=======================>      78%] [Cov:=========================>         74%]
[Progress:=======================>      78%] [Cov:=========================>         74%]
[Progress:=======================>      78%] [Cov:=========================>         74%]
[Progress:=======================>      78%] [Cov:=========================>         74%]
[Progress:=======================>      78%] [Cov:=========================>         74%]
[Progress:=======================>      78%] [Cov:=========================>         74%]
[Progress:=======================>      78%] [Cov:=========================>         74%]
[Progress:=======================>      78%] [Cov:=========================>         74%]
[Progress:=======================>      78%] [Cov:=========================>         74%]
[Progress:=======================>      78%] [Cov:=========================>         74%]
[Progress:=======================>      78%] [Cov:=========================>         74%]
[Progress:=======================>      78%] [Cov:=========================>         74%]
[Progress:=======================>      78%] [Cov:=========================>         74%]
[Progress:=======================>      78%] [Cov:=========================>         74%]
[Progress:=======================>      78%] [Cov:=========================>         74%]
[Progress:=======================>      78%] [Cov:=========================>         74%]
[Progress:=======================>      78%] [Cov:=========================>         74%]
[Progress:=======================>      78%] [Cov:=========================>         74%]
[Progress:=======================>      78%] [Cov:=========================>         74%]
[Progress:=======================>      78%] [Cov:=========================>         74%]
[Progress:=======================>      78%] [Cov:=========================>         74%]
[Progress:=======================>      78%] [Cov:=========================>         74%]
[Progress:=======================>      78%] [Cov:=========================>         74%]
[Progress:========================>     80%] [Cov:=========================>         74%]
[Progress:========================>     80%] [Cov:=========================>         74%]
[Progress:========================>     80%] [Cov:=========================>         74%]
[Progress:========================>     80%] [Cov:=========================>         74%]
[Progress:========================>     80%] [Cov:=========================>         74%]
[Progress:========================>     80%] [Cov:=========================>         74%]
[Progress:========================>     80%] [Cov:=========================>         74%]
[Progress:========================>     80%] [Cov:=========================>         74%]
[Progress:========================>     80%] [Cov:=========================>         74%]
[Progress:========================>     80%] [Cov:=========================>         74%]
[Progress:========================>     80%] [Cov:=========================>         74%]
[Progress:========================>     80%] [Cov:=========================>         74%]
[Progress:========================>     80%] [Cov:=========================>         74%]
[Progress:========================>     80%] [Cov:=========================>         74%]
[Progress:========================>     80%] [Cov:=========================>         74%]
[Progress:========================>     80%] [Cov:=========================>         74%]
[Progress:========================>     80%] [Cov:=========================>         74%]
[Progress:========================>     80%] [Cov:=========================>         74%]
[Progress:========================>     80%] [Cov:=========================>         74%]
[Progress:========================>     80%] [Cov:=========================>         74%]
[Progress:========================>     80%] [Cov:=========================>         74%]
[Progress:========================>     80%] [Cov:=========================>         74%]
[Progress:========================>     80%] [Cov:=========================>         74%]
[Progress:========================>     80%] [Cov:=========================>         74%]
[Progress:========================>     81%] [Cov:=========================>         74%]
[Progress:========================>     81%] [Cov:=========================>         74%]
[Progress:========================>     81%] [Cov:=========================>         74%]
[Progress:========================>     81%] [Cov:=========================>         74%]
[Progress:========================>     81%] [Cov:=========================>         74%]
[Progress:========================>     81%] [Cov:=========================>         74%]
[Progress:========================>     81%] [Cov:=========================>         74%]
[Progress:========================>     81%] [Cov:=========================>         74%]
[Progress:========================>     81%] [Cov:=========================>         74%]
[Progress:========================>     81%] [Cov:=========================>         74%]
[Progress:========================>     81%] [Cov:=========================>         74%]
[Progress:========================>     81%] [Cov:=========================>         74%]
[Progress:========================>     81%] [Cov:=========================>         74%]
[Progress:========================>     81%] [Cov:=========================>         74%]
[Progress:========================>     81%] [Cov:=========================>         74%]
[Progress:========================>     81%] [Cov:=========================>         74%]
[Progress:========================>     81%] [Cov:=========================>         74%]
[Progress:========================>     81%] [Cov:=========================>         74%]
[Progress:========================>     81%] [Cov:=========================>         74%]
[Progress:========================>     81%] [Cov:=========================>         74%]
[Progress:========================>     81%] [Cov:=========================>         74%]
[Progress:========================>     81%] [Cov:=========================>         74%]
[Progress:========================>     81%] [Cov:=========================>         74%]
[Progress:========================>     81%] [Cov:=========================>         74%]
[Progress:========================>     81%] [Cov:=========================>         74%]
[Progress:========================>     83%] [Cov:=========================>         74%]
[Progress:========================>     83%] [Cov:=========================>         74%]
[Progress:========================>     83%] [Cov:=========================>         74%]
[Progress:========================>     83%] [Cov:=========================>         74%]
[Progress:========================>     83%] [Cov:=========================>         74%]
[Progress:========================>     83%] [Cov:=========================>         74%]
[Progress:========================>     83%] [Cov:=========================>         74%]
[Progress:========================>     83%] [Cov:=========================>         74%]
[Progress:========================>     83%] [Cov:=========================>         74%]
[Progress:========================>     83%] [Cov:=========================>         74%]
[Progress:========================>     83%] [Cov:=========================>         74%]
[Progress:========================>     83%] [Cov:=========================>         74%]
[Progress:========================>     83%] [Cov:=========================>         74%]
[Progress:========================>     83%] [Cov:=========================>         74%]
[Progress:========================>     83%] [Cov:=========================>         74%]
[Progress:========================>     83%] [Cov:=========================>         74%]
[Progress:========================>     83%] [Cov:=========================>         74%]
[Progress:========================>     83%] [Cov:=========================>         74%]
[Progress:========================>     83%] [Cov:=========================>         74%]
[Progress:========================>     83%] [Cov:=========================>         74%]
[Progress:========================>     83%] [Cov:=========================>         74%]
[Progress:========================>     83%] [Cov:=========================>         74%]
[Progress:========================>     83%] [Cov:=========================>         74%]
[Progress:========================>     83%] [Cov:=========================>         74%]
[Progress:========================>     83%] [Cov:=========================>         74%]
[Progress:========================>     83%] [Cov:=========================>         74%]
[Progress:========================>     83%] [Cov:=========================>         74%]
[Progress:========================>     83%] [Cov:=========================>         74%]
[Progress:========================>     83%] [Cov:=========================>         74%]
[Progress:========================>     83%] [Cov:=========================>         74%]
[Progress:========================>     83%] [Cov:=========================>         74%]
[Progress:========================>     83%] [Cov:=========================>         74%]
[Progress:=========================>    85%] [Cov:=========================>         74%]
[Progress:=========================>    85%] [Cov:=========================>         74%]
[Progress:=========================>    85%] [Cov:=========================>         74%]
[Progress:=========================>    85%] [Cov:=========================>         74%]
[Progress:=========================>    85%] [Cov:=========================>         74%]
[Progress:=========================>    85%] [Cov:=========================>         74%]
[Progress:=========================>    85%] [Cov:=========================>         74%]
[Progress:=========================>    85%] [Cov:=========================>         74%]
[Progress:=========================>    85%] [Cov:=========================>         74%]
[Progress:=========================>    85%] [Cov:=========================>         74%]
[Progress:=========================>    85%] [Cov:=========================>         74%]
[Progress:=========================>    85%] [Cov:=========================>         74%]
[Progress:=========================>    85%] [Cov:=========================>         74%]
[Progress:=========================>    85%] [Cov:=========================>         74%]
[Progress:=========================>    85%] [Cov:=========================>         74%]
[Progress:=========================>    85%] [Cov:=========================>         74%]
[Progress:=========================>    85%] [Cov:=========================>         74%]
[Progress:=========================>    85%] [Cov:=========================>         74%]
[Progress:=========================>    85%] [Cov:=========================>         74%]
[Progress:=========================>    85%] [Cov:=========================>         74%]
[Progress:=========================>    85%] [Cov:=========================>         74%]
[Progress:=========================>    85%] [Cov:=========================>         74%]
[Progress:=========================>    85%] [Cov:=========================>         74%]
[Progress:=========================>    85%] [Cov:=========================>         74%]
[Progress:=========================>    85%] [Cov:=========================>         74%]
[Progress:=========================>    85%] [Cov:=========================>         74%]
[Progress:=========================>    85%] [Cov:=========================>         74%]
[Progress:=========================>    85%] [Cov:=========================>         74%]
[Progress:=========================>    86%] [Cov:===================>               55%]
[Progress:=========================>    86%] [Cov:=========================>         74%]
[Progress:=========================>    86%] [Cov:=========================>         74%]
[Progress:=========================>    86%] [Cov:=========================>         74%]
[Progress:=========================>    86%] [Cov:=========================>         74%]
[Progress:=========================>    86%] [Cov:=========================>         74%]
[Progress:=========================>    86%] [Cov:=========================>         74%]
[Progress:=========================>    86%] [Cov:=========================>         74%]
[Progress:=========================>    86%] [Cov:=========================>         74%]
[Progress:=========================>    86%] [Cov:=========================>         74%]
[Progress:=========================>    86%] [Cov:=========================>         74%]
[Progress:=========================>    86%] [Cov:=========================>         74%]
[Progress:=========================>    86%] [Cov:=========================>         74%]
[Progress:=========================>    86%] [Cov:=========================>         74%]
[Progress:=========================>    86%] [Cov:=========================>         74%]
[Progress:=========================>    86%] [Cov:=========================>         74%]
[Progress:=========================>    86%] [Cov:=========================>         74%]
[Progress:=========================>    86%] [Cov:=========================>         74%]
[Progress:=========================>    86%] [Cov:=========================>         74%]
[Progress:=========================>    86%] [Cov:=========================>         74%]
[Progress:=========================>    86%] [Cov:=========================>         74%]
[Progress:=========================>    86%] [Cov:=========================>         74%]
[Progress:=========================>    86%] [Cov:=========================>         74%]
[Progress:=========================>    86%] [Cov:=========================>         74%]
[Progress:==========================>   88%] [Cov:=========================>         74%]
[Progress:==========================>   88%] [Cov:=========================>         74%]
[Progress:==========================>   88%] [Cov:=========================>         74%]
[Progress:==========================>   88%] [Cov:=========================>         74%]
[Progress:==========================>   88%] [Cov:=========================>         74%]
[Progress:==========================>   88%] [Cov:=========================>         74%]
[Progress:==========================>   88%] [Cov:=========================>         74%]
[Progress:==========================>   88%] [Cov:=========================>         74%]
[Progress:==========================>   88%] [Cov:=========================>         74%]
[Progress:==========================>   88%] [Cov:=========================>         74%]
[Progress:==========================>   88%] [Cov:=========================>         74%]
[Progress:==========================>   88%] [Cov:=========================>         74%]
[Progress:==========================>   88%] [Cov:=========================>         74%]
[Progress:==========================>   88%] [Cov:=========================>         74%]
[Progress:==========================>   88%] [Cov:=========================>         74%]
[Progress:==========================>   88%] [Cov:=========================>         74%]
[Progress:==========================>   88%] [Cov:=========================>         74%]
[Progress:==========================>   88%] [Cov:=========================>         74%]
[Progress:==========================>   88%] [Cov:=========================>         74%]
[Progress:==========================>   88%] [Cov:=========================>         74%]
[Progress:==========================>   88%] [Cov:=========================>         74%]
[Progress:==========================>   88%] [Cov:=========================>         74%]
[Progress:===========================>  90%] [Cov:=========================>         74%]
[Progress:===========================>  90%] [Cov:=========================>         74%]
[Progress:===========================>  90%] [Cov:=========================>         74%]
[Progress:===========================>  90%] [Cov:=========================>         74%]
[Progress:===========================>  90%] [Cov:=========================>         74%]
[Progress:===========================>  90%] [Cov:=========================>         74%]
[Progress:===========================>  90%] [Cov:=========================>         74%]
[Progress:===========================>  90%] [Cov:=========================>         74%]
[Progress:===========================>  90%] [Cov:=========================>         74%]
[Progress:===========================>  90%] [Cov:=========================>         74%]
[Progress:===========================>  90%] [Cov:=========================>         74%]
[Progress:===========================>  90%] [Cov:=========================>         74%]
[Progress:===========================>  90%] [Cov:=========================>         74%]
[Progress:===========================>  90%] [Cov:=========================>         74%]
[Progress:===========================>  90%] [Cov:=========================>         74%]
[Progress:===========================>  90%] [Cov:=========================>         74%]
[Progress:===========================>  90%] [Cov:=========================>         74%]
[Progress:===========================>  90%] [Cov:=========================>         74%]
[Progress:===========================>  90%] [Cov:=========================>         74%]
[Progress:===========================>  90%] [Cov:=========================>         74%]
[Progress:===========================>  90%] [Cov:=========================>         74%]
[Progress:===========================>  90%] [Cov:=========================>         74%]
[Progress:===========================>  90%] [Cov:=========================>         74%]
[Progress:===========================>  90%] [Cov:=========================>         74%]
[Progress:===========================>  90%] [Cov:=========================>         74%]
[Progress:===========================>  91%] [Cov:=========================>         72%]
[Progress:===========================>  91%] [Cov:=========================>         74%]
[Progress:===========================>  91%] [Cov:=========================>         74%]
[Progress:===========================>  91%] [Cov:=========================>         74%]
[Progress:===========================>  91%] [Cov:=========================>         74%]
[Progress:===========================>  91%] [Cov:=========================>         74%]
[Progress:===========================>  91%] [Cov:=========================>         74%]
[Progress:===========================>  91%] [Cov:=========================>         74%]
[Progress:===========================>  91%] [Cov:=========================>         74%]
[Progress:===========================>  91%] [Cov:=========================>         74%]
[Progress:===========================>  91%] [Cov:=========================>         74%]
[Progress:===========================>  91%] [Cov:=========================>         74%]
[Progress:===========================>  91%] [Cov:=========================>         74%]
[Progress:===========================>  91%] [Cov:=========================>         74%]
[Progress:===========================>  91%] [Cov:=========================>         74%]
[Progress:===========================>  91%] [Cov:=========================>         74%]
[Progress:===========================>  91%] [Cov:=========================>         74%]
[Progress:===========================>  91%] [Cov:=========================>         74%]
[Progress:===========================>  91%] [Cov:=========================>         74%]
[Progress:===========================>  91%] [Cov:=========================>         74%]
[Progress:===========================>  91%] [Cov:=========================>         74%]
[Progress:===========================>  91%] [Cov:=========================>         74%]
[Progress:===========================>  91%] [Cov:=========================>         74%]
[Progress:===========================>  91%] [Cov:=========================>         74%]
[Progress:===========================>  91%] [Cov:=========================>         74%]
[Progress:===========================>  91%] [Cov:=========================>         74%]
[Progress:===========================>  91%] [Cov:=========================>         74%]
[Progress:===========================>  93%] [Cov:=========================>         72%]
[Progress:===========================>  93%] [Cov:=========================>         74%]
[Progress:===========================>  93%] [Cov:=========================>         74%]
[Progress:===========================>  93%] [Cov:=========================>         74%]
[Progress:===========================>  93%] [Cov:=========================>         74%]
[Progress:===========================>  93%] [Cov:=========================>         74%]
[Progress:===========================>  93%] [Cov:=========================>         74%]
[Progress:===========================>  93%] [Cov:=========================>         74%]
[Progress:===========================>  93%] [Cov:=========================>         74%]
[Progress:===========================>  93%] [Cov:=========================>         74%]
[Progress:===========================>  93%] [Cov:=========================>         74%]
[Progress:===========================>  93%] [Cov:=========================>         74%]
[Progress:===========================>  93%] [Cov:=========================>         74%]
[Progress:===========================>  93%] [Cov:=========================>         74%]
[Progress:===========================>  93%] [Cov:=========================>         74%]
[Progress:===========================>  93%] [Cov:=========================>         74%]
[Progress:===========================>  93%] [Cov:=========================>         74%]
[Progress:===========================>  93%] [Cov:=========================>         74%]
[Progress:===========================>  93%] [Cov:=========================>         74%]
[Progress:===========================>  93%] [Cov:=========================>         74%]
[Progress:===========================>  93%] [Cov:=========================>         74%]
[Progress:===========================>  93%] [Cov:=========================>         74%]
[Progress:===========================>  93%] [Cov:=========================>         74%]
[Progress:===========================>  93%] [Cov:=========================>         74%]
[Progress:===========================>  93%] [Cov:=========================>         74%]
[Progress:===========================>  93%] [Cov:=========================>         74%]
[Progress:===========================>  93%] [Cov:=========================>         74%]
[Progress:===========================>  93%] [Cov:=========================>         74%]
[Progress:============================> 95%] [Cov:=========================>         74%]
[Progress:============================> 95%] [Cov:=========================>         74%]
[Progress:============================> 95%] [Cov:=========================>         74%]
[Progress:============================> 95%] [Cov:=========================>         74%]
[Progress:============================> 95%] [Cov:=========================>         74%]
[Progress:============================> 95%] [Cov:=========================>         74%]
[Progress:============================> 95%] [Cov:=========================>         74%]
[Progress:============================> 95%] [Cov:=========================>         74%]
[Progress:============================> 95%] [Cov:=========================>         74%]
[Progress:============================> 95%] [Cov:=========================>         74%]
[Progress:============================> 95%] [Cov:=========================>         74%]
[Progress:============================> 95%] [Cov:=========================>         74%]
[Progress:============================> 95%] [Cov:=========================>         74%]
[Progress:============================> 95%] [Cov:=========================>         74%]
[Progress:============================> 95%] [Cov:=========================>         74%]
[Progress:============================> 95%] [Cov:=========================>         74%]
[Progress:============================> 95%] [Cov:=========================>         74%]
[Progress:============================> 95%] [Cov:=========================>         74%]
[Progress:============================> 95%] [Cov:=========================>         74%]
[Progress:============================> 95%] [Cov:=========================>         74%]
[Progress:============================> 95%] [Cov:=========================>         74%]
[Progress:============================> 95%] [Cov:=========================>         74%]
[Progress:============================> 95%] [Cov:=========================>         74%]
[Progress:============================> 95%] [Cov:=========================>         74%]
[Progress:============================> 95%] [Cov:=========================>         74%]
[Progress:============================> 96%] [Cov:=========================>         74%]
[Progress:============================> 96%] [Cov:=========================>         74%]
[Progress:============================> 96%] [Cov:=========================>         74%]
[Progress:============================> 96%] [Cov:=========================>         74%]
[Progress:============================> 96%] [Cov:=========================>         74%]
[Progress:============================> 96%] [Cov:=========================>         74%]
[Progress:============================> 96%] [Cov:=========================>         74%]
[Progress:============================> 96%] [Cov:=========================>         74%]
[Progress:============================> 96%] [Cov:=========================>         74%]
[Progress:============================> 96%] [Cov:=========================>         74%]
[Progress:============================> 96%] [Cov:=========================>         74%]
[Progress:============================> 96%] [Cov:=========================>         74%]
[Progress:============================> 96%] [Cov:=========================>         74%]
[Progress:============================> 96%] [Cov:=========================>         74%]
[Progress:============================> 96%] [Cov:=========================>         74%]
[Progress:============================> 96%] [Cov:=========================>         74%]
[Progress:============================> 96%] [Cov:=========================>         74%]
[Progress:============================> 96%] [Cov:=========================>         74%]
[Progress:============================> 96%] [Cov:=========================>         74%]
[Progress:============================> 96%] [Cov:=========================>         74%]
[Progress:============================> 96%] [Cov:=========================>         74%]
[Progress:============================> 96%] [Cov:=========================>         74%]
[Progress:============================> 96%] [Cov:=========================>         74%]
[Progress:============================> 96%] [Cov:=========================>         74%]
[Progress:============================> 96%] [Cov:=========================>         74%]
[Progress:============================> 96%] [Cov:=========================>         74%]
[Progress:============================> 96%] [Cov:=========================>         74%]
[Progress:============================> 96%] [Cov:=========================>         74%]
[Progress:============================> 96%] [Cov:=========================>         74%]
[Progress:=============================>98%] [Cov:=========================>         74%]
[Progress:=============================>98%] [Cov:=========================>         74%]
[Progress:=============================>98%] [Cov:=========================>         74%]
[Progress:=============================>98%] [Cov:=========================>         74%]
[Progress:=============================>98%] [Cov:=========================>         74%]
[Progress:=============================>98%] [Cov:=========================>         74%]
[Progress:=============================>98%] [Cov:=========================>         74%]
[Progress:=============================>98%] [Cov:=========================>         74%]
[Progress:=============================>98%] [Cov:=========================>         74%]
[Progress:=============================>98%] [Cov:=========================>         74%]
[Progress:=============================>98%] [Cov:=========================>         74%]
[Progress:=============================>98%] [Cov:=========================>         74%]
[Progress:=============================>98%] [Cov:=========================>         74%]
[Progress:=============================>98%] [Cov:=========================>         74%]
[Progress:=============================>98%] [Cov:=========================>         74%]
[Progress:=============================>98%] [Cov:=========================>         74%]
[Progress:=============================>98%] [Cov:=========================>         74%]
[Progress:=============================>98%] [Cov:=========================>         74%]
[Progress:=============================>98%] [Cov:=========================>         74%]
[Progress:=============================>98%] [Cov:=========================>         74%]
[Progress:=============================>98%] [Cov:=========================>         74%]
[Progress:=============================>98%] [Cov:=========================>         74%]
[Progress:=============================>98%] [Cov:=========================>         74%]
[Progress:=============================>98%] [Cov:=========================>         74%]
[Progress:==============================100%] [Cov:=========================>         74%]
[Progress:==============================100%] [Cov:=========================>         74%]
[Progress:==============================100%] [Cov:=========================>         74%]
[Progress:==============================100%] [Cov:=========================>         74%]
[Progress:==============================100%] [Cov:=========================>         74%]
[Progress:==============================100%] [Cov:=========================>         74%]
[Progress:==============================100%] [Cov:=========================>         74%]
[Progress:==============================100%] [Cov:=========================>         74%]
[Progress:==============================100%] [Cov:=========================>         74%]
[Progress:==============================100%] [Cov:=========================>         74%]
[Progress:==============================100%] [Cov:=========================>         74%]
[Progress:==============================100%] [Cov:=========================>         74%]
[Progress:==============================100%] [Cov:=========================>         74%]
[Progress:==============================100%] [Cov:=========================>         74%]
[Progress:==============================100%] [Cov:=========================>         74%]
[Progress:==============================100%] [Cov:=========================>         74%]
[Progress:==============================100%] [Cov:=========================>         74%]
[Progress:==============================100%] [Cov:=========================>         74%]
[Progress:==============================100%] [Cov:=========================>         74%]
[Progress:==============================100%] [Cov:=========================>         74%]
[Progress:==============================100%] [Cov:=========================>         74%]
[Progress:==============================100%] [Cov:=========================>         74%]
[Progress:==============================100%] [Cov:=========================>         74%]
[Progress:==============================100%] [Cov:=========================>         74%]
* Search finished after 62s and 1542 generations, 293158 statements, best individual has fitness: 12.857142857142858
* Minimizing test suite
* Going to analyze the coverage criteria
* Coverage analysis for criterion LINE
* Coverage of criterion LINE: 45%
* Total number of goals: 11
* Number of covered goals: 5
* Coverage analysis for criterion BRANCH
* Coverage of criterion BRANCH: 71%
* Total number of goals: 7
* Number of covered goals: 5
* Coverage analysis for criterion EXCEPTION
* Coverage of criterion EXCEPTION: 0%
* Total number of goals: 2
* Number of covered goals: 0
* Coverage analysis for criterion WEAKMUTATION
* Coverage of criterion WEAKMUTATION: 57%
* Total number of goals: 7
* Number of covered goals: 4
* Coverage analysis for criterion OUTPUT
* Coverage of criterion OUTPUT: 50%
* Total number of goals: 2
* Number of covered goals: 1
* Coverage analysis for criterion METHOD
* Coverage of criterion METHOD: 100%
* Total number of goals: 2
* Number of covered goals: 2
* Coverage analysis for criterion METHODNOEXCEPTION
* Coverage of criterion METHODNOEXCEPTION: 100%
* Total number of goals: 2
* Number of covered goals: 2
* Coverage analysis for criterion CBRANCH
* Coverage of criterion CBRANCH: 71%
* Total number of goals: 7
* Number of covered goals: 5
* Generated 1 tests with total length 5
* Resulting test suite's coverage: 74% (average coverage for all fitness functions)
* Generating assertions
* Resulting test suite's mutation score: 29%
* Compiling and checking tests
* Writing tests to file
* Writing JUnit test case 'FinalMockCandidateFilter_ESTest' to evosuite-tests
* Done!

* Computation finished

