CMD: /usr/lib/jvm/java-8-openjdk-amd64/bin/java -Dtools_jar_location=/usr/lib/jvm/java-8-openjdk-amd64/lib/tools.jar -jar /home/pizza/evosuite/evosuite-1.2.0.jar -generateSuite -class com.fasterxml.jackson.databind.deser.BuilderBasedDeserializer -projectCP /home/pizza/evosuite/Test/JacksonDatabind-76b/target/classes:/home/pizza/defects4j/framework/projects/JacksonDatabind/lib/com/fasterxml/jackson/core/jackson-annotations/2.8.0/jackson-annotations-2.8.0.jar:/home/pizza/defects4j/framework/projects/JacksonDatabind/lib/com/fasterxml/jackson/core/jackson-core/2.8.8-SNAPSHOT/jackson-core-2.8.8-20170301.000803-1.jar -base_dir /home/pizza/evosuite/results/project-JacksonDatabind/JacksonDatabind-76/round02/evosuite-work -seed 11 -Dalgorithm=NSGAII -Dsearch_budget=150 -Dtest_format=JUNIT4 -Dassertions=true

* EvoSuite 1.2.0
* Going to generate test cases for class: com.fasterxml.jackson.databind.deser.BuilderBasedDeserializer
* Starting Client-0
* Connecting to master process on port 8224
* Analyzing classpath: 
  - /home/pizza/evosuite/Test/JacksonDatabind-76b/target/classes
  - /home/pizza/defects4j/framework/projects/JacksonDatabind/lib/com/fasterxml/jackson/core/jackson-annotations/2.8.0/jackson-annotations-2.8.0.jar
  - /home/pizza/defects4j/framework/projects/JacksonDatabind/lib/com/fasterxml/jackson/core/jackson-core/2.8.8-SNAPSHOT/jackson-core-2.8.8-20170301.000803-1.jar
* Finished analyzing classpath
* Generating tests for class com.fasterxml.jackson.databind.deser.BuilderBasedDeserializer
* Test criteria:
  - Line Coverage
  - Branch Coverage
  - Exception
  - Mutation testing (weak)
  - Method-Output Coverage
  - Top-Level Method Coverage
  - No-Exception Top-Level Method Coverage
  - Context Branch Coverage
* Setting up search algorithm for whole suite generation
* Total number of test goals: 
  - Line 319
  - Branch 203
  - Exception 0
  - MutationFactory 116
  - Output 61
  - Method 25

[Progress:>                             0%] [Cov:>                                  0%]  - MethodNoException 25
  - CBranchFitnessFactory 203
* Using seed 11
* Starting evolution
[MASTER] 05:40:23.285 [logback-1] WARN  TestCluster - Failed to check cache for java.util.ArrayDeque<E> : Type points to itself
[MASTER] 05:40:23.286 [logback-1] WARN  TestCluster - Failed to check cache for java.util.Map<K, V> : Type points to itself
[MASTER] 05:40:24.334 [logback-1] WARN  TestCluster - Failed to check cache for com.fasterxml.jackson.databind.JsonDeserializer<T> : Type points to itself
[MASTER] 05:40:24.784 [logback-1] WARN  TestCluster - Failed to check cache for java.util.PriorityQueue<E> : Type points to itself
[MASTER] 05:40:24.961 [logback-1] WARN  TestCluster - Failed to check cache for java.util.Stack<E> : Type points to itself

[Progress:>                             1%] [Cov:>                                  0%]
[Progress:>                             2%] [Cov:>                                  0%]
[Progress:>                             2%] [Cov:====>                              12%]
[Progress:>                             2%] [Cov:====>                              13%][MASTER] 05:40:26.531 [logback-1] WARN  TestCluster - Failed to check cache for com.fasterxml.jackson.annotation.ObjectIdGenerator<T> : Type points to itself
[MASTER] 05:40:27.229 [logback-1] WARN  TestCluster - Failed to check cache for java.util.Comparator<T> : Type points to itself

[Progress:>                             3%] [Cov:===>                               11%]
[Progress:>                             3%] [Cov:====>                              12%]
[Progress:>                             3%] [Cov:====>                              13%]
[Progress:>                             3%] [Cov:===>                               11%]
[Progress:>                             3%] [Cov:====>                              13%][MASTER] 05:40:28.624 [logback-1] WARN  TestChromosome - Functional mock problem: org.evosuite.ga.ConstructionFailedException: Invalid generic instance
[MASTER] 05:40:28.879 [logback-1] WARN  TestChromosome - Functional mock problem: org.evosuite.ga.ConstructionFailedException: Failed to add constructor for com.fasterxml.jackson.databind.type.ResolvedRecursiveType due to org.evosuite.ga.ConstructionFailedException: Have no generator for class com.fasterxml.jackson.databind.type.ResolvedRecursiveType canUseFunctionalMocks=false, canBeMocked: true

[Progress:>                             3%] [Cov:====>                              13%][MASTER] 05:40:28.960 [logback-1] WARN  TestChromosome - Functional mock problem: org.evosuite.ga.ConstructionFailedException: Have no generator for class com.fasterxml.jackson.databind.introspect.BasicClassIntrospector canUseFunctionalMocks=false, canBeMocked: true

[Progress:=>                            4%] [Cov:====>                              13%][MASTER] 05:40:29.167 [logback-1] WARN  TestChromosome - Functional mock problem: org.evosuite.ga.ConstructionFailedException: Failed to add constructor for com.fasterxml.jackson.databind.ser.BeanSerializerBuilder due to org.evosuite.ga.ConstructionFailedException: Failed to add constructor for com.fasterxml.jackson.databind.DeserializationConfig due to org.evosuite.ga.ConstructionFailedException: Failed to add constructor for com.fasterxml.jackson.databind.cfg.BaseSettings due to org.evosuite.ga.ConstructionFailedException: Invalid generic instance
[MASTER] 05:40:29.197 [logback-1] WARN  TestChromosome - Functional mock problem: org.evosuite.ga.ConstructionFailedException: Failed to add constructor for com.fasterxml.jackson.databind.deser.BuilderBasedDeserializer due to org.evosuite.ga.ConstructionFailedException: Failed to add constructor for com.fasterxml.jackson.databind.deser.BuilderBasedDeserializer due to org.evosuite.ga.ConstructionFailedException: Max recursion depth reached
[MASTER] 05:40:29.281 [logback-1] WARN  TestChromosome - Functional mock problem: org.evosuite.ga.ConstructionFailedException: Failed to add constructor for com.fasterxml.jackson.databind.DeserializationConfig due to org.evosuite.ga.ConstructionFailedException: Failed to add constructor for com.fasterxml.jackson.databind.introspect.SimpleMixInResolver due to org.evosuite.ga.ConstructionFailedException: Failed to add constructor for com.fasterxml.jackson.databind.SerializationConfig due to org.evosuite.ga.ConstructionFailedException: Max recursion depth reached
[MASTER] 05:40:29.375 [logback-1] WARN  TestChromosome - Functional mock problem: org.evosuite.ga.ConstructionFailedException: Failed to add constructor for com.fasterxml.jackson.databind.DeserializationConfig due to org.evosuite.ga.ConstructionFailedException: Failed to add constructor for com.fasterxml.jackson.databind.cfg.BaseSettings due to org.evosuite.ga.ConstructionFailedException: Invalid generic instance

[Progress:=>                            4%] [Cov:===>                               11%]
[Progress:=>                            4%] [Cov:====>                              13%][MASTER] 05:40:29.627 [logback-1] WARN  TestChromosome - Functional mock problem: org.evosuite.ga.ConstructionFailedException: Failed to add constructor for com.fasterxml.jackson.databind.introspect.POJOPropertyBuilder due to org.evosuite.ga.ConstructionFailedException: Invalid generic instance

[Progress:=>                            4%] [Cov:====>                              14%][MASTER] 05:40:30.182 [logback-1] WARN  TestChromosome - Functional mock problem: org.evosuite.ga.ConstructionFailedException: Failed to add constructor for com.fasterxml.jackson.databind.DeserializationConfig due to org.evosuite.ga.ConstructionFailedException: Failed to add constructor for com.fasterxml.jackson.databind.cfg.BaseSettings due to org.evosuite.ga.ConstructionFailedException: Max recursion depth reached

[Progress:=>                            4%] [Cov:====>                              14%][MASTER] 05:40:30.647 [logback-1] WARN  TestChromosome - Functional mock problem: org.evosuite.ga.ConstructionFailedException: Failed to add constructor for com.fasterxml.jackson.databind.introspect.AnnotatedMethod due to org.evosuite.ga.ConstructionFailedException: Invalid generic instance

[Progress:=>                            4%] [Cov:===>                               11%]
[Progress:=>                            4%] [Cov:====>                              14%]
[Progress:=>                            5%] [Cov:====>                              13%]
[Progress:=>                            5%] [Cov:====>                              14%]
[Progress:=>                            5%] [Cov:====>                              14%][MASTER] 05:40:31.261 [logback-1] WARN  TestChromosome - Functional mock problem: org.evosuite.ga.ConstructionFailedException: Failed to add constructor for com.fasterxml.jackson.databind.ser.BeanSerializerBuilder due to org.evosuite.ga.ConstructionFailedException: Failed to add constructor for com.fasterxml.jackson.databind.DeserializationConfig due to org.evosuite.ga.ConstructionFailedException: Failed to add constructor for com.fasterxml.jackson.databind.cfg.BaseSettings due to org.evosuite.ga.ConstructionFailedException: Max recursion depth reached
[MASTER] 05:40:31.486 [logback-1] WARN  TestChromosome - Functional mock problem: org.evosuite.ga.ConstructionFailedException: Max recursion depth reached

[Progress:=>                            5%] [Cov:===>                               11%]
[Progress:=>                            5%] [Cov:====>                              13%]
[Progress:=>                            5%] [Cov:====>                              14%][MASTER] 05:40:31.625 [logback-1] WARN  TestChromosome - Functional mock problem: org.evosuite.ga.ConstructionFailedException: Failed to add constructor for com.fasterxml.jackson.databind.deser.DefaultDeserializationContext$Impl due to org.evosuite.ga.ConstructionFailedException: Failed to add constructor for com.fasterxml.jackson.databind.deser.DefaultDeserializationContext$Impl due to org.evosuite.ga.ConstructionFailedException: Failed to add constructor for com.fasterxml.jackson.databind.DeserializationConfig due to org.evosuite.ga.ConstructionFailedException: Max recursion depth reached

[Progress:=>                            5%] [Cov:===>                               11%]
[Progress:=>                            5%] [Cov:====>                              14%]
[Progress:=>                            6%] [Cov:====>                              14%]
[Progress:=>                            6%] [Cov:====>                              14%]
[Progress:=>                            6%] [Cov:===>                               11%]
[Progress:=>                            6%] [Cov:====>                              14%]
[Progress:=>                            6%] [Cov:===>                               11%]
[Progress:=>                            6%] [Cov:====>                              14%][MASTER] 05:40:33.235 [logback-1] WARN  TestChromosome - Functional mock problem: org.evosuite.ga.ConstructionFailedException: Failed to add constructor for com.fasterxml.jackson.databind.ser.BeanSerializerBuilder due to org.evosuite.ga.ConstructionFailedException: Failed to add constructor for com.fasterxml.jackson.databind.DeserializationConfig due to org.evosuite.ga.ConstructionFailedException: Failed to add constructor for com.fasterxml.jackson.databind.introspect.SimpleMixInResolver due to org.evosuite.ga.ConstructionFailedException: Max recursion depth reached

[Progress:=>                            6%] [Cov:====>                              14%]
[Progress:=>                            6%] [Cov:====>                              14%][MASTER] 05:40:33.871 [logback-1] WARN  TestCluster - Failed to check cache for java.util.Enumeration<E> : Type points to itself

[Progress:==>                           7%] [Cov:====>                              14%]
[Progress:==>                           7%] [Cov:====>                              14%]
[Progress:==>                           7%] [Cov:====>                              14%][MASTER] 05:40:34.474 [logback-1] WARN  TestChromosome - Functional mock problem: org.evosuite.ga.ConstructionFailedException: Failed to add constructor for com.fasterxml.jackson.databind.SerializationConfig due to org.evosuite.ga.ConstructionFailedException: Failed to add constructor for com.fasterxml.jackson.databind.cfg.BaseSettings due to org.evosuite.ga.ConstructionFailedException: Invalid generic instance

[Progress:==>                           7%] [Cov:====>                              14%]
[Progress:==>                           8%] [Cov:====>                              14%]
[Progress:==>                           8%] [Cov:====>                              14%][MASTER] 05:40:35.437 [logback-1] WARN  TestChromosome - Functional mock problem: org.evosuite.ga.ConstructionFailedException: Failed to add constructor for com.fasterxml.jackson.databind.deser.CreatorProperty due to org.evosuite.ga.ConstructionFailedException: Failed to add constructor for com.fasterxml.jackson.databind.deser.CreatorProperty due to org.evosuite.ga.ConstructionFailedException: Failed to add constructor for com.fasterxml.jackson.databind.jsontype.impl.AsArrayTypeDeserializer due to org.evosuite.ga.ConstructionFailedException: Failed to add constructor for com.fasterxml.jackson.databind.deser.impl.ObjectIdReferenceProperty due to org.evosuite.ga.ConstructionFailedException: Failed to add constructor for com.fasterxml.jackson.databind.deser.impl.ObjectIdReferenceProperty due to org.evosuite.ga.ConstructionFailedException: Max recursion depth reached

[Progress:==>                           8%] [Cov:====>                              14%][MASTER] 05:40:35.818 [logback-1] WARN  TestChromosome - Functional mock problem: org.evosuite.ga.ConstructionFailedException: Failed to add constructor for com.fasterxml.jackson.databind.ser.BeanSerializerBuilder due to org.evosuite.ga.ConstructionFailedException: Failed to add constructor for com.fasterxml.jackson.databind.SerializationConfig due to org.evosuite.ga.ConstructionFailedException: Failed to add constructor for com.fasterxml.jackson.databind.cfg.BaseSettings due to org.evosuite.ga.ConstructionFailedException: Invalid generic instance

[Progress:==>                           8%] [Cov:====>                              14%]
[Progress:==>                           8%] [Cov:====>                              14%]
[Progress:==>                           8%] [Cov:====>                              14%]
[Progress:==>                           8%] [Cov:===>                               11%]
[Progress:==>                           8%] [Cov:====>                              14%][MASTER] 05:40:36.879 [logback-1] WARN  TestChromosome - Functional mock problem: org.evosuite.ga.ConstructionFailedException: Failed to add constructor for com.fasterxml.jackson.databind.ser.BeanSerializerBuilder due to org.evosuite.ga.ConstructionFailedException: Invalid generic instance

[Progress:==>                           9%] [Cov:====>                              14%]
[Progress:==>                           9%] [Cov:====>                              14%]
[Progress:==>                           9%] [Cov:====>                              14%]
[Progress:==>                           9%] [Cov:====>                              14%]
[Progress:===>                          10%] [Cov:====>                              14%]
[Progress:===>                          10%] [Cov:====>                              14%][MASTER] 05:40:38.273 [logback-1] WARN  TestChromosome - Functional mock problem: org.evosuite.ga.ConstructionFailedException: Failed to add constructor for com.fasterxml.jackson.databind.ObjectMapper due to org.evosuite.ga.ConstructionFailedException: Failed to add constructor for com.fasterxml.jackson.databind.ser.DefaultSerializerProvider$Impl due to org.evosuite.ga.ConstructionFailedException: Max recursion depth reached

[Progress:===>                          10%] [Cov:====>                              14%]
[Progress:===>                          10%] [Cov:====>                              14%][MASTER] 05:40:38.960 [logback-1] WARN  TestChromosome - Functional mock problem: org.evosuite.ga.ConstructionFailedException: Failed to add constructor for com.fasterxml.jackson.databind.deser.BuilderBasedDeserializer due to org.evosuite.ga.ConstructionFailedException: Invalid generic instance

[Progress:===>                          10%] [Cov:====>                              14%]
[Progress:===>                          10%] [Cov:====>                              14%]
[Progress:===>                          10%] [Cov:====>                              14%]
[Progress:===>                          11%] [Cov:====>                              14%]
[Progress:===>                          11%] [Cov:====>                              14%][MASTER] 05:40:40.364 [logback-1] WARN  TestChromosome - Functional mock problem: org.evosuite.ga.ConstructionFailedException: Failed to add constructor for com.fasterxml.jackson.databind.deser.DefaultDeserializationContext$Impl due to org.evosuite.ga.ConstructionFailedException: Failed to add constructor for com.fasterxml.jackson.databind.deser.DefaultDeserializationContext$Impl due to org.evosuite.ga.ConstructionFailedException: Failed to add constructor for com.fasterxml.jackson.databind.deser.BeanDeserializerFactory due to org.evosuite.ga.ConstructionFailedException: Max recursion depth reached

[Progress:===>                          11%] [Cov:====>                              14%]
[Progress:===>                          11%] [Cov:====>                              14%][MASTER] 05:40:40.830 [logback-1] WARN  TestChromosome - Functional mock problem: org.evosuite.ga.ConstructionFailedException: Failed to add constructor for com.fasterxml.jackson.databind.ser.BeanSerializerBuilder due to org.evosuite.ga.ConstructionFailedException: Failed to add constructor for com.fasterxml.jackson.databind.DeserializationConfig due to org.evosuite.ga.ConstructionFailedException: Failed to add constructor for com.fasterxml.jackson.databind.introspect.SimpleMixInResolver due to org.evosuite.ga.ConstructionFailedException: Failed to add constructor for com.fasterxml.jackson.databind.SerializationConfig due to org.evosuite.ga.ConstructionFailedException: Max recursion depth reached
[MASTER] 05:40:40.845 [logback-1] WARN  TestCluster - Failed to check cache for com.fasterxml.jackson.databind.JsonSerializer<T> : Type points to itself
[MASTER] 05:40:40.965 [logback-1] WARN  TestChromosome - Functional mock problem: org.evosuite.ga.ConstructionFailedException: Failed to add constructor for com.fasterxml.jackson.databind.ser.BeanSerializerBuilder due to org.evosuite.ga.ConstructionFailedException: Max recursion depth reached

[Progress:===>                          12%] [Cov:====>                              14%]
[Progress:===>                          12%] [Cov:====>                              14%]
[Progress:===>                          12%] [Cov:====>                              14%][MASTER] 05:40:41.631 [logback-1] WARN  TestChromosome - Functional mock problem: org.evosuite.ga.ConstructionFailedException: Failed to add constructor for com.fasterxml.jackson.databind.type.ResolvedRecursiveType due to org.evosuite.ga.ConstructionFailedException: Invalid generic instance

[Progress:===>                          12%] [Cov:====>                              14%]
[Progress:===>                          12%] [Cov:====>                              14%]
[Progress:===>                          12%] [Cov:====>                              14%]
[Progress:===>                          12%] [Cov:====>                              14%]
[Progress:===>                          12%] [Cov:====>                              14%]
[Progress:===>                          13%] [Cov:====>                              14%]
[Progress:===>                          13%] [Cov:====>                              14%]
[Progress:===>                          13%] [Cov:====>                              14%]
[Progress:===>                          13%] [Cov:====>                              14%]
[Progress:====>                         14%] [Cov:====>                              14%]
[Progress:====>                         14%] [Cov:====>                              14%][MASTER] 05:40:44.258 [logback-1] WARN  TestChromosome - Functional mock problem: org.evosuite.ga.ConstructionFailedException: Failed to add constructor for com.fasterxml.jackson.databind.ser.BeanSerializerBuilder due to org.evosuite.ga.ConstructionFailedException: Have no generator for class com.fasterxml.jackson.databind.introspect.BasicClassIntrospector canUseFunctionalMocks=false, canBeMocked: true

[Progress:====>                         14%] [Cov:====>                              14%]
[Progress:====>                         14%] [Cov:====>                              14%][MASTER] 05:40:45.021 [logback-1] WARN  TestChromosome - Functional mock problem: org.evosuite.ga.ConstructionFailedException: Failed to add constructor for com.fasterxml.jackson.databind.type.ResolvedRecursiveType due to org.evosuite.ga.ConstructionFailedException: Failed to add constructor for com.fasterxml.jackson.databind.introspect.AnnotatedConstructor due to org.evosuite.ga.ConstructionFailedException: Have no generator for java.lang.reflect.Constructor<com.fasterxml.jackson.databind.deser.CreatorProperty> canUseFunctionalMocks=true, canBeMocked: false

[Progress:====>                         14%] [Cov:====>                              14%][MASTER] 05:40:45.570 [logback-1] WARN  TestChromosome - Functional mock problem: org.evosuite.ga.ConstructionFailedException: Failed to add constructor for com.fasterxml.jackson.databind.deser.CreatorProperty due to org.evosuite.ga.ConstructionFailedException: Failed to add constructor for com.fasterxml.jackson.databind.deser.CreatorProperty due to org.evosuite.ga.ConstructionFailedException: Failed to add constructor for com.fasterxml.jackson.databind.deser.CreatorProperty due to org.evosuite.ga.ConstructionFailedException: Failed to add constructor for com.fasterxml.jackson.databind.jsontype.impl.AsArrayTypeDeserializer due to org.evosuite.ga.ConstructionFailedException: Max recursion depth reached

[Progress:====>                         14%] [Cov:====>                              14%]
[Progress:====>                         14%] [Cov:====>                              14%][MASTER] 05:40:45.948 [logback-1] WARN  TestChromosome - Functional mock problem: org.evosuite.ga.ConstructionFailedException: Failed to add constructor for com.fasterxml.jackson.databind.introspect.POJOPropertyBuilder due to org.evosuite.ga.ConstructionFailedException: Failed to add constructor for com.fasterxml.jackson.databind.introspect.POJOPropertyBuilder due to org.evosuite.ga.ConstructionFailedException: Invalid generic instance

[Progress:====>                         15%] [Cov:====>                              14%]
[Progress:====>                         15%] [Cov:====>                              14%]
[Progress:====>                         15%] [Cov:====>                              14%]
[Progress:====>                         15%] [Cov:====>                              14%]
[Progress:====>                         16%] [Cov:====>                              14%]
[Progress:====>                         16%] [Cov:====>                              14%]
[Progress:====>                         16%] [Cov:====>                              14%]
[Progress:====>                         16%] [Cov:====>                              14%][MASTER] 05:40:47.693 [logback-1] WARN  TestChromosome - Functional mock problem: org.evosuite.ga.ConstructionFailedException: Failed to add constructor for com.fasterxml.jackson.databind.ser.BeanSerializerBuilder due to org.evosuite.ga.ConstructionFailedException: Failed to add constructor for com.fasterxml.jackson.databind.SerializationConfig due to org.evosuite.ga.ConstructionFailedException: Failed to add constructor for com.fasterxml.jackson.databind.cfg.BaseSettings due to org.evosuite.ga.ConstructionFailedException: Max recursion depth reached

[Progress:=====>                        19%] [Cov:====>                              14%]
[Progress:=====>                        19%] [Cov:====>                              14%]
[Progress:======>                       20%] [Cov:====>                              14%]
[Progress:======>                       20%] [Cov:====>                              14%][MASTER] 05:40:53.319 [logback-1] WARN  TestChromosome - Functional mock problem: org.evosuite.ga.ConstructionFailedException: Failed to add constructor for com.fasterxml.jackson.databind.SerializationConfig due to org.evosuite.ga.ConstructionFailedException: Failed to add constructor for com.fasterxml.jackson.databind.introspect.SimpleMixInResolver due to org.evosuite.ga.ConstructionFailedException: Failed to add constructor for com.fasterxml.jackson.databind.DeserializationConfig due to org.evosuite.ga.ConstructionFailedException: Max recursion depth reached

[Progress:======>                       20%] [Cov:====>                              14%]
[Progress:======>                       20%] [Cov:====>                              14%]
[Progress:======>                       20%] [Cov:====>                              14%]
[Progress:======>                       20%] [Cov:====>                              14%]
[Progress:======>                       20%] [Cov:====>                              14%][MASTER] 05:40:54.800 [logback-1] WARN  TestCluster - Failed to check cache for java.util.function.BiFunction<T, U, R> : Type points to itself

[Progress:======>                       21%] [Cov:====>                              14%]
[Progress:======>                       21%] [Cov:====>                              14%]
[Progress:======>                       21%] [Cov:====>                              14%][MASTER] 05:40:55.364 [logback-1] WARN  TestChromosome - Functional mock problem: org.evosuite.ga.ConstructionFailedException: Failed to add constructor for com.fasterxml.jackson.databind.SerializationConfig due to org.evosuite.ga.ConstructionFailedException: Failed to add constructor for com.fasterxml.jackson.databind.cfg.BaseSettings due to org.evosuite.ga.ConstructionFailedException: Max recursion depth reached

[Progress:======>                       21%] [Cov:====>                              14%]
[Progress:======>                       21%] [Cov:====>                              14%]
[Progress:======>                       22%] [Cov:====>                              14%]
[Progress:======>                       22%] [Cov:====>                              14%]
[Progress:======>                       22%] [Cov:====>                              14%]
[Progress:======>                       22%] [Cov:====>                              14%]
[Progress:======>                       22%] [Cov:====>                              14%]
[Progress:======>                       22%] [Cov:====>                              14%]
[Progress:======>                       22%] [Cov:====>                              14%]
[Progress:======>                       23%] [Cov:====>                              14%]
[Progress:======>                       23%] [Cov:====>                              14%][MASTER] 05:40:58.131 [logback-1] WARN  TestChromosome - Functional mock problem: org.evosuite.ga.ConstructionFailedException: Failed to add constructor for com.fasterxml.jackson.databind.type.ResolvedRecursiveType due to org.evosuite.ga.ConstructionFailedException: Max recursion depth reached

[Progress:======>                       23%] [Cov:====>                              14%][MASTER] 05:40:58.492 [logback-1] WARN  TestChromosome - Functional mock problem: org.evosuite.ga.ConstructionFailedException: Failed to add constructor for com.fasterxml.jackson.databind.deser.CreatorProperty due to org.evosuite.ga.ConstructionFailedException: Failed to add constructor for com.fasterxml.jackson.databind.deser.CreatorProperty due to org.evosuite.ga.ConstructionFailedException: Failed to add constructor for com.fasterxml.jackson.databind.deser.CreatorProperty due to org.evosuite.ga.ConstructionFailedException: Max recursion depth reached

[Progress:======>                       23%] [Cov:====>                              14%]
[Progress:======>                       23%] [Cov:====>                              14%]
[Progress:=======>                      24%] [Cov:====>                              14%]
[Progress:=======>                      24%] [Cov:====>                              14%]
[Progress:=======>                      24%] [Cov:====>                              14%]
[Progress:=======>                      24%] [Cov:====>                              14%]
[Progress:=======>                      24%] [Cov:====>                              14%]
[Progress:=======>                      24%] [Cov:====>                              14%]
[Progress:=======>                      24%] [Cov:====>                              14%]
[Progress:=======>                      24%] [Cov:====>                              14%]
[Progress:=======>                      24%] [Cov:====>                              14%]
[Progress:=======>                      25%] [Cov:====>                              14%]
[Progress:=======>                      25%] [Cov:====>                              14%]
[Progress:=======>                      25%] [Cov:====>                              14%]
[Progress:=======>                      25%] [Cov:====>                              14%]
[Progress:=======>                      25%] [Cov:====>                              14%][MASTER] 05:41:01.963 [logback-1] WARN  TestChromosome - Functional mock problem: org.evosuite.ga.ConstructionFailedException: Failed to add constructor for com.fasterxml.jackson.databind.deser.BuilderBasedDeserializer due to org.evosuite.ga.ConstructionFailedException: Max recursion depth reached

[Progress:=======>                      26%] [Cov:====>                              14%]
[Progress:=======>                      26%] [Cov:====>                              14%][MASTER] 05:41:02.203 [logback-1] WARN  TestCluster - Failed to check cache for java.util.TreeSet<E> : Type points to itself

[Progress:=======>                      26%] [Cov:====>                              14%]
[Progress:=======>                      26%] [Cov:====>                              14%]
[Progress:=======>                      26%] [Cov:====>                              14%]
[Progress:=======>                      26%] [Cov:====>                              14%][MASTER] 05:41:03.536 [logback-1] WARN  TestChromosome - Functional mock problem: org.evosuite.ga.ConstructionFailedException: Failed to add constructor for com.fasterxml.jackson.databind.deser.DefaultDeserializationContext$Impl due to org.evosuite.ga.ConstructionFailedException: Failed to add constructor for com.fasterxml.jackson.databind.deser.DefaultDeserializationContext$Impl due to org.evosuite.ga.ConstructionFailedException: Failed to add constructor for com.fasterxml.jackson.databind.deser.DefaultDeserializationContext$Impl due to org.evosuite.ga.ConstructionFailedException: Max recursion depth reached

[Progress:=======>                      26%] [Cov:====>                              14%]
[Progress:=======>                      26%] [Cov:====>                              14%]
[Progress:========>                     27%] [Cov:====>                              14%]
[Progress:========>                     27%] [Cov:====>                              14%]
[Progress:========>                     27%] [Cov:====>                              14%]
[Progress:========>                     27%] [Cov:====>                              14%][MASTER] 05:41:04.819 [logback-1] WARN  TestChromosome - Functional mock problem: org.evosuite.ga.ConstructionFailedException: Failed to add constructor for com.fasterxml.jackson.databind.deser.BuilderBasedDeserializer due to org.evosuite.ga.ConstructionFailedException: Failed to add constructor for com.fasterxml.jackson.databind.deser.BuilderBasedDeserializer due to org.evosuite.ga.ConstructionFailedException: Failed to add constructor for com.fasterxml.jackson.databind.deser.BuilderBasedDeserializer due to org.evosuite.ga.ConstructionFailedException: Failed to add constructor for com.fasterxml.jackson.databind.deser.BuilderBasedDeserializer due to org.evosuite.ga.ConstructionFailedException: Failed to add constructor for com.fasterxml.jackson.databind.deser.BuilderBasedDeserializer due to org.evosuite.ga.ConstructionFailedException: Max recursion depth reached

[Progress:========>                     27%] [Cov:====>                              14%]
[Progress:========>                     28%] [Cov:====>                              14%]
[Progress:========>                     28%] [Cov:====>                              14%]
[Progress:========>                     28%] [Cov:====>                              14%]
[Progress:========>                     28%] [Cov:====>                              14%]
[Progress:========>                     28%] [Cov:====>                              14%][MASTER] 05:41:05.849 [logback-1] WARN  TestChromosome - Functional mock problem: org.evosuite.ga.ConstructionFailedException: Failed to add constructor for com.fasterxml.jackson.databind.deser.CreatorProperty due to org.evosuite.ga.ConstructionFailedException: Failed to add constructor for com.fasterxml.jackson.databind.jsontype.impl.AsArrayTypeDeserializer due to org.evosuite.ga.ConstructionFailedException: Invalid generic instance

[Progress:========>                     28%] [Cov:====>                              14%][MASTER] 05:41:06.195 [logback-1] WARN  TestChromosome - Functional mock problem: org.evosuite.ga.ConstructionFailedException: Failed to add constructor for com.fasterxml.jackson.databind.deser.BuilderBasedDeserializer due to org.evosuite.ga.ConstructionFailedException: Failed to add constructor for com.fasterxml.jackson.databind.deser.BuilderBasedDeserializer due to org.evosuite.ga.ConstructionFailedException: Failed to add constructor for com.fasterxml.jackson.databind.deser.BuilderBasedDeserializer due to org.evosuite.ga.ConstructionFailedException: Max recursion depth reached

[Progress:========>                     28%] [Cov:====>                              14%]
[Progress:========>                     28%] [Cov:====>                              14%]
[Progress:========>                     28%] [Cov:====>                              14%]
[Progress:========>                     28%] [Cov:====>                              14%]
[Progress:========>                     29%] [Cov:====>                              14%]
[Progress:========>                     29%] [Cov:====>                              14%]
[Progress:========>                     29%] [Cov:====>                              14%]
[Progress:========>                     29%] [Cov:====>                              14%]
[Progress:========>                     29%] [Cov:====>                              14%][MASTER] 05:41:07.869 [logback-1] WARN  TestChromosome - Functional mock problem: org.evosuite.ga.ConstructionFailedException: Failed to add constructor for com.fasterxml.jackson.databind.ObjectMapper due to org.evosuite.ga.ConstructionFailedException: Max recursion depth reached

[Progress:========>                     29%] [Cov:=====>                             15%]
[Progress:=========>                    30%] [Cov:====>                              14%]
[Progress:=========>                    30%] [Cov:=====>                             15%]
[Progress:=========>                    30%] [Cov:=====>                             15%][MASTER] 05:41:08.546 [logback-1] WARN  TestChromosome - Functional mock problem: org.evosuite.ga.ConstructionFailedException: Failed to add constructor for com.fasterxml.jackson.databind.deser.CreatorProperty due to org.evosuite.ga.ConstructionFailedException: Failed to add constructor for com.fasterxml.jackson.databind.deser.CreatorProperty due to org.evosuite.ga.ConstructionFailedException: Failed to add constructor for com.fasterxml.jackson.databind.jsontype.impl.AsExternalTypeDeserializer due to org.evosuite.ga.ConstructionFailedException: Max recursion depth reached

[Progress:=========>                    30%] [Cov:=====>                             15%]
[Progress:=========>                    30%] [Cov:=====>                             15%]
[Progress:=========>                    30%] [Cov:=====>                             15%]
[Progress:=========>                    30%] [Cov:=====>                             15%]
[Progress:=========>                    30%] [Cov:=====>                             15%]
[Progress:=========>                    30%] [Cov:=====>                             15%]
[Progress:=========>                    31%] [Cov:=====>                             15%]
[Progress:=========>                    31%] [Cov:=====>                             15%]
[Progress:=========>                    31%] [Cov:=====>                             15%]
[Progress:=========>                    31%] [Cov:=====>                             15%]
[Progress:=========>                    31%] [Cov:=====>                             15%]
[Progress:=========>                    32%] [Cov:=====>                             15%]
[Progress:=========>                    32%] [Cov:=====>                             15%]
[Progress:=========>                    32%] [Cov:=====>                             15%]
[Progress:=========>                    32%] [Cov:=====>                             15%]
[Progress:=========>                    32%] [Cov:=====>                             15%]
[Progress:=========>                    32%] [Cov:=====>                             15%]
[Progress:=========>                    32%] [Cov:=====>                             15%]
[Progress:=========>                    33%] [Cov:=====>                             15%]
[Progress:=========>                    33%] [Cov:=====>                             15%][MASTER] 05:41:13.185 [logback-1] WARN  TestChromosome - Functional mock problem: org.evosuite.ga.ConstructionFailedException: Failed to add constructor for com.fasterxml.jackson.databind.ser.BeanSerializerBuilder due to org.evosuite.ga.ConstructionFailedException: Failed to add constructor for com.fasterxml.jackson.databind.DeserializationConfig due to org.evosuite.ga.ConstructionFailedException: Max recursion depth reached

[Progress:=========>                    33%] [Cov:=====>                             15%]
[Progress:=========>                    33%] [Cov:=====>                             15%]
[Progress:=========>                    33%] [Cov:=====>                             15%]
[Progress:==========>                   34%] [Cov:=====>                             15%]
[Progress:==========>                   34%] [Cov:=====>                             15%]
[Progress:==========>                   34%] [Cov:=====>                             15%]
[Progress:==========>                   34%] [Cov:=====>                             15%]
[Progress:==========>                   34%] [Cov:=====>                             15%]
[Progress:==========>                   34%] [Cov:=====>                             15%]
[Progress:==========>                   34%] [Cov:=====>                             15%]
[Progress:==========>                   35%] [Cov:====>                              14%]
[Progress:==========>                   35%] [Cov:=====>                             15%]
[Progress:==========>                   35%] [Cov:=====>                             15%]
[Progress:==========>                   35%] [Cov:=====>                             15%]
[Progress:==========>                   35%] [Cov:=====>                             15%]
[Progress:==========>                   36%] [Cov:=====>                             15%][MASTER] 05:41:17.148 [logback-1] WARN  TestChromosome - Functional mock problem: org.evosuite.ga.ConstructionFailedException: Failed to add constructor for com.fasterxml.jackson.databind.ObjectMapper due to org.evosuite.ga.ConstructionFailedException: Failed to add constructor for com.fasterxml.jackson.core.JsonFactory due to org.evosuite.ga.ConstructionFailedException: Max recursion depth reached

[Progress:==========>                   36%] [Cov:=====>                             15%][MASTER] 05:41:17.170 [logback-1] WARN  TestChromosome - Functional mock problem: org.evosuite.ga.ConstructionFailedException: Failed to add constructor for com.fasterxml.jackson.databind.introspect.AnnotatedConstructor due to org.evosuite.ga.ConstructionFailedException: Have no generator for java.lang.reflect.Constructor<java.io.ByteArrayInputStream> canUseFunctionalMocks=true, canBeMocked: false

[Progress:==========>                   36%] [Cov:=====>                             15%]
[Progress:==========>                   36%] [Cov:=====>                             15%]
[Progress:==========>                   36%] [Cov:=====>                             15%]
[Progress:==========>                   36%] [Cov:=====>                             15%]
[Progress:==========>                   36%] [Cov:=====>                             15%][MASTER] 05:41:18.729 [logback-1] WARN  TestChromosome - Functional mock problem: org.evosuite.ga.ConstructionFailedException: Failed to add constructor for com.fasterxml.jackson.databind.ser.BeanSerializerBuilder due to org.evosuite.ga.ConstructionFailedException: Failed to add constructor for com.fasterxml.jackson.databind.SerializationConfig due to org.evosuite.ga.ConstructionFailedException: Max recursion depth reached

[Progress:==========>                   36%] [Cov:=====>                             15%]
[Progress:===========>                  37%] [Cov:=====>                             15%][MASTER] 05:41:19.064 [logback-1] WARN  TestChromosome - Functional mock problem: org.evosuite.ga.ConstructionFailedException: Failed to add constructor for com.fasterxml.jackson.databind.deser.CreatorProperty due to org.evosuite.ga.ConstructionFailedException: Max recursion depth reached

[Progress:===========>                  37%] [Cov:=====>                             15%]
[Progress:===========>                  37%] [Cov:=====>                             15%]
[Progress:===========>                  37%] [Cov:=====>                             15%][MASTER] 05:41:19.900 [logback-1] WARN  TestCluster - Failed to check cache for java.util.ArrayList<E> : Type points to itself

[Progress:===========>                  37%] [Cov:=====>                             15%]
[Progress:===========>                  38%] [Cov:=====>                             15%]
[Progress:===========>                  38%] [Cov:=====>                             15%][MASTER] 05:41:20.394 [logback-1] WARN  TestChromosome - Functional mock problem: org.evosuite.ga.ConstructionFailedException: Failed to add constructor for com.fasterxml.jackson.databind.introspect.AnnotatedConstructor due to org.evosuite.ga.ConstructionFailedException: Invalid generic instance

[Progress:===========>                  38%] [Cov:=====>                             15%]
[Progress:===========>                  38%] [Cov:=====>                             15%]
[Progress:===========>                  38%] [Cov:=====>                             15%][MASTER] 05:41:21.200 [logback-1] WARN  TestChromosome - Functional mock problem: org.evosuite.ga.ConstructionFailedException: Failed to add constructor for com.fasterxml.jackson.databind.ObjectMapper due to org.evosuite.ga.ConstructionFailedException: Failed to add constructor for com.fasterxml.jackson.databind.deser.DefaultDeserializationContext$Impl due to org.evosuite.ga.ConstructionFailedException: Failed to add constructor for com.fasterxml.jackson.databind.deser.DefaultDeserializationContext$Impl due to org.evosuite.ga.ConstructionFailedException: Max recursion depth reached
[MASTER] 05:41:21.224 [logback-1] WARN  TestChromosome - Functional mock problem: org.evosuite.ga.ConstructionFailedException: Failed to add constructor for com.fasterxml.jackson.databind.deser.CreatorProperty due to org.evosuite.ga.ConstructionFailedException: Failed to add constructor for com.fasterxml.jackson.databind.deser.CreatorProperty due to org.evosuite.ga.ConstructionFailedException: Failed to add constructor for com.fasterxml.jackson.databind.jsontype.impl.AsPropertyTypeDeserializer due to org.evosuite.ga.ConstructionFailedException: Max recursion depth reached

[Progress:===========>                  38%] [Cov:=====>                             15%]
[Progress:===========>                  38%] [Cov:=====>                             15%]
[Progress:===========>                  39%] [Cov:=====>                             15%]
[Progress:===========>                  39%] [Cov:=====>                             15%]
[Progress:===========>                  39%] [Cov:=====>                             15%][MASTER] 05:41:22.374 [logback-1] WARN  TestCluster - Failed to check cache for java.util.LinkedHashSet<E> : Type points to itself
[MASTER] 05:41:22.375 [logback-1] WARN  TestChromosome - Functional mock problem: org.evosuite.ga.ConstructionFailedException: Failed to add constructor for com.fasterxml.jackson.databind.deser.BuilderBasedDeserializer due to org.evosuite.ga.ConstructionFailedException: Failed to add constructor for com.fasterxml.jackson.databind.deser.BuilderBasedDeserializer due to org.evosuite.ga.ConstructionFailedException: Failed to add constructor for com.fasterxml.jackson.databind.deser.BuilderBasedDeserializer due to org.evosuite.ga.ConstructionFailedException: Failed to add constructor for com.fasterxml.jackson.databind.deser.BuilderBasedDeserializer due to org.evosuite.ga.ConstructionFailedException: Max recursion depth reached

[Progress:===========>                  39%] [Cov:=====>                             15%]
[Progress:===========>                  39%] [Cov:=====>                             15%]
[Progress:============>                 40%] [Cov:=====>                             15%]
[Progress:============>                 40%] [Cov:=====>                             15%][MASTER] 05:41:23.551 [logback-1] WARN  TestChromosome - Functional mock problem: org.evosuite.ga.ConstructionFailedException: Failed to add constructor for com.fasterxml.jackson.databind.deser.CreatorProperty due to org.evosuite.ga.ConstructionFailedException: Failed to add constructor for com.fasterxml.jackson.databind.jsontype.impl.AsExternalTypeDeserializer due to org.evosuite.ga.ConstructionFailedException: Invalid generic instance

[Progress:============>                 40%] [Cov:=====>                             15%]
[Progress:============>                 40%] [Cov:=====>                             15%]
[Progress:============>                 40%] [Cov:=====>                             15%][MASTER] 05:41:24.087 [logback-1] WARN  TestChromosome - Functional mock problem: org.evosuite.ga.ConstructionFailedException: Failed to add constructor for com.fasterxml.jackson.databind.deser.DefaultDeserializationContext$Impl due to org.evosuite.ga.ConstructionFailedException: Failed to add constructor for com.fasterxml.jackson.databind.deser.DefaultDeserializationContext$Impl due to org.evosuite.ga.ConstructionFailedException: Max recursion depth reached

[Progress:============>                 40%] [Cov:=====>                             15%][MASTER] 05:41:24.414 [logback-1] WARN  TestChromosome - Functional mock problem: org.evosuite.ga.ConstructionFailedException: Failed to add constructor for com.fasterxml.jackson.databind.ObjectMapper due to org.evosuite.ga.ConstructionFailedException: Failed to add constructor for com.fasterxml.jackson.core.JsonFactory due to org.evosuite.ga.ConstructionFailedException: Failed to add constructor for com.fasterxml.jackson.databind.ObjectMapper due to org.evosuite.ga.ConstructionFailedException: Max recursion depth reached

[Progress:============>                 40%] [Cov:=====>                             15%]
[Progress:============>                 41%] [Cov:=====>                             15%]
[Progress:============>                 41%] [Cov:=====>                             15%]
[Progress:============>                 41%] [Cov:=====>                             15%]
[Progress:============>                 41%] [Cov:=====>                             15%]
[Progress:============>                 41%] [Cov:=====>                             15%]
[Progress:============>                 42%] [Cov:=====>                             15%]
[Progress:============>                 42%] [Cov:=====>                             15%]
[Progress:============>                 42%] [Cov:=====>                             15%]
[Progress:============>                 42%] [Cov:=====>                             15%][MASTER] 05:41:26.988 [logback-1] WARN  TestChromosome - Functional mock problem: org.evosuite.ga.ConstructionFailedException: Failed to add constructor for com.fasterxml.jackson.databind.deser.BuilderBasedDeserializer due to org.evosuite.ga.ConstructionFailedException: Failed to add constructor for com.fasterxml.jackson.databind.deser.BuilderBasedDeserializer due to org.evosuite.ga.ConstructionFailedException: Failed to add constructor for com.fasterxml.jackson.databind.deser.BuilderBasedDeserializer due to org.evosuite.ga.ConstructionFailedException: Have no generator for class com.fasterxml.jackson.databind.deser.BuilderBasedDeserializer canUseFunctionalMocks=true, canBeMocked: false

[Progress:============>                 42%] [Cov:=====>                             15%]
[Progress:============>                 42%] [Cov:=====>                             15%]
[Progress:============>                 42%] [Cov:=====>                             15%]
[Progress:============>                 42%] [Cov:=====>                             15%]
[Progress:============>                 43%] [Cov:=====>                             15%]
[Progress:============>                 43%] [Cov:=====>                             15%]
[Progress:============>                 43%] [Cov:=====>                             15%]
[Progress:============>                 43%] [Cov:=====>                             15%]
[Progress:============>                 43%] [Cov:=====>                             15%]
[Progress:=============>                44%] [Cov:=====>                             15%][MASTER] 05:41:29.000 [logback-1] WARN  TestChromosome - Functional mock problem: org.evosuite.ga.ConstructionFailedException: Failed to add constructor for com.fasterxml.jackson.databind.InjectableValues$Std due to org.evosuite.ga.ConstructionFailedException: Max recursion depth reached

[Progress:=============>                44%] [Cov:=====>                             15%]
[Progress:=============>                44%] [Cov:=====>                             15%]
[Progress:=============>                44%] [Cov:=====>                             15%][MASTER] 05:41:30.174 [logback-1] WARN  TestChromosome - Functional mock problem: org.evosuite.ga.ConstructionFailedException: Failed to add constructor for com.fasterxml.jackson.databind.SerializationConfig due to org.evosuite.ga.ConstructionFailedException: Failed to add constructor for com.fasterxml.jackson.databind.introspect.SimpleMixInResolver due to org.evosuite.ga.ConstructionFailedException: Max recursion depth reached

[Progress:=============>                44%] [Cov:=====>                             15%]
[Progress:=============>                44%] [Cov:=====>                             15%][MASTER] 05:41:30.773 [logback-1] WARN  TestChromosome - Functional mock problem: org.evosuite.ga.ConstructionFailedException: Failed to add constructor for com.fasterxml.jackson.databind.deser.impl.ObjectIdReferenceProperty due to org.evosuite.ga.ConstructionFailedException: Failed to add constructor for com.fasterxml.jackson.databind.deser.impl.ObjectIdReferenceProperty due to org.evosuite.ga.ConstructionFailedException: Failed to add constructor for com.fasterxml.jackson.databind.deser.impl.ObjectIdReferenceProperty due to org.evosuite.ga.ConstructionFailedException: Max recursion depth reached

[Progress:=============>                44%] [Cov:=====>                             15%]
[Progress:=============>                45%] [Cov:=====>                             15%][MASTER] 05:41:31.094 [logback-1] WARN  TestChromosome - Functional mock problem: org.evosuite.ga.ConstructionFailedException: Failed to add constructor for com.fasterxml.jackson.databind.deser.CreatorProperty due to org.evosuite.ga.ConstructionFailedException: Failed to add constructor for com.fasterxml.jackson.databind.deser.CreatorProperty due to org.evosuite.ga.ConstructionFailedException: Max recursion depth reached

[Progress:=============>                45%] [Cov:=====>                             15%]
[Progress:=============>                45%] [Cov:=====>                             15%]
[Progress:=============>                46%] [Cov:=====>                             15%]
[Progress:=============>                46%] [Cov:=====>                             15%]
[Progress:=============>                46%] [Cov:=====>                             15%]
[Progress:=============>                46%] [Cov:=====>                             15%]
[Progress:=============>                46%] [Cov:=====>                             15%]
[Progress:=============>                46%] [Cov:=====>                             15%]
[Progress:=============>                46%] [Cov:=====>                             15%]
[Progress:==============>               47%] [Cov:====>                              14%]
[Progress:==============>               47%] [Cov:=====>                             15%]
[Progress:==============>               47%] [Cov:=====>                             15%]
[Progress:==============>               47%] [Cov:=====>                             15%]
[Progress:==============>               47%] [Cov:=====>                             15%]
[Progress:==============>               47%] [Cov:=====>                             15%]
[Progress:==============>               48%] [Cov:=====>                             15%]
[Progress:==============>               48%] [Cov:=====>                             15%]
[Progress:==============>               48%] [Cov:=====>                             15%]
[Progress:==============>               48%] [Cov:=====>                             15%]
[Progress:==============>               48%] [Cov:=====>                             15%][MASTER] 05:41:36.500 [logback-1] WARN  TestChromosome - Functional mock problem: org.evosuite.ga.ConstructionFailedException: Failed to add constructor for com.fasterxml.jackson.databind.deser.CreatorProperty due to org.evosuite.ga.ConstructionFailedException: Failed to add constructor for com.fasterxml.jackson.databind.deser.CreatorProperty due to org.evosuite.ga.ConstructionFailedException: Failed to add constructor for com.fasterxml.jackson.databind.jsontype.impl.AsArrayTypeDeserializer due to org.evosuite.ga.ConstructionFailedException: Max recursion depth reached

[Progress:==============>               48%] [Cov:=====>                             15%]
[Progress:==============>               48%] [Cov:=====>                             15%]
[Progress:==============>               49%] [Cov:=====>                             15%]
[Progress:==============>               49%] [Cov:=====>                             15%]
[Progress:==============>               49%] [Cov:=====>                             15%]
[Progress:==============>               49%] [Cov:=====>                             15%]
[Progress:===============>              50%] [Cov:=====>                             15%]
[Progress:===============>              50%] [Cov:=====>                             15%]
[Progress:===============>              50%] [Cov:=====>                             15%]
[Progress:===============>              50%] [Cov:=====>                             15%]
[Progress:===============>              50%] [Cov:=====>                             15%]
[Progress:===============>              50%] [Cov:=====>                             15%][MASTER] 05:41:39.952 [logback-1] WARN  TestChromosome - Functional mock problem: org.evosuite.ga.ConstructionFailedException: Failed to add constructor for com.fasterxml.jackson.databind.introspect.TypeResolutionContext$Basic due to org.evosuite.ga.ConstructionFailedException: Have no generator for class com.fasterxml.jackson.core.util.JsonParserSequence canUseFunctionalMocks=false, canBeMocked: true
[MASTER] 05:41:39.975 [logback-1] WARN  TestChromosome - Functional mock problem: org.evosuite.ga.ConstructionFailedException: Failed to add constructor for com.fasterxml.jackson.databind.deser.BuilderBasedDeserializer due to org.evosuite.ga.ConstructionFailedException: Failed to add constructor for java.util.TreeSet due to org.evosuite.ga.ConstructionFailedException: Failed to add constructor for com.fasterxml.jackson.databind.deser.BeanDeserializerBuilder due to org.evosuite.ga.ConstructionFailedException: Max recursion depth reached

[Progress:===============>              51%] [Cov:=====>                             15%]
[Progress:===============>              51%] [Cov:=====>                             15%]
[Progress:===============>              51%] [Cov:=====>                             15%]
[Progress:===============>              51%] [Cov:=====>                             15%]
[Progress:===============>              52%] [Cov:=====>                             15%]
[Progress:===============>              52%] [Cov:=====>                             15%]
[Progress:===============>              52%] [Cov:=====>                             15%]
[Progress:===============>              52%] [Cov:=====>                             15%]
[Progress:===============>              52%] [Cov:=====>                             15%]
[Progress:===============>              52%] [Cov:=====>                             15%]
[Progress:===============>              52%] [Cov:=====>                             15%]
[Progress:===============>              52%] [Cov:=====>                             15%][MASTER] 05:41:42.815 [logback-1] WARN  TestChromosome - Functional mock problem: org.evosuite.ga.ConstructionFailedException: Failed to add constructor for com.fasterxml.jackson.databind.deser.DefaultDeserializationContext$Impl due to org.evosuite.ga.ConstructionFailedException: Failed to add constructor for com.fasterxml.jackson.databind.DeserializationConfig due to org.evosuite.ga.ConstructionFailedException: Failed to add constructor for com.fasterxml.jackson.databind.cfg.BaseSettings due to org.evosuite.ga.ConstructionFailedException: Max recursion depth reached

[Progress:===============>              52%] [Cov:=====>                             15%][MASTER] 05:41:42.900 [logback-1] WARN  TestChromosome - Functional mock problem: org.evosuite.ga.ConstructionFailedException: Failed to add constructor for java.io.SequenceInputStream due to org.evosuite.ga.ConstructionFailedException: Failed to add constructor for org.evosuite.runtime.mock.java.io.MockFileInputStream due to org.evosuite.ga.ConstructionFailedException: Max recursion depth reached

[Progress:===============>              53%] [Cov:=====>                             15%]
[Progress:===============>              53%] [Cov:=====>                             15%]
[Progress:===============>              53%] [Cov:=====>                             15%]
[Progress:===============>              53%] [Cov:=====>                             15%][MASTER] 05:41:43.707 [logback-1] WARN  TestChromosome - Functional mock problem: org.evosuite.ga.ConstructionFailedException: No generators of type com.fasterxml.jackson.annotation.ObjectIdGenerator<com.fasterxml.jackson.databind.deser.CreatorProperty>
[MASTER] 05:41:43.865 [logback-1] WARN  TestCluster - Failed to check cache for java.util.Vector<E> : Type points to itself

[Progress:===============>              53%] [Cov:=====>                             15%]
[Progress:================>             54%] [Cov:=====>                             15%]
[Progress:================>             54%] [Cov:=====>                             15%]
[Progress:================>             54%] [Cov:=====>                             15%]
[Progress:================>             54%] [Cov:=====>                             15%]
[Progress:================>             54%] [Cov:=====>                             15%]
[Progress:================>             54%] [Cov:=====>                             15%]
[Progress:================>             54%] [Cov:=====>                             15%]
[Progress:================>             54%] [Cov:=====>                             15%]
[Progress:================>             54%] [Cov:=====>                             15%]
[Progress:================>             55%] [Cov:=====>                             15%]
[Progress:================>             55%] [Cov:=====>                             15%][MASTER] 05:41:46.480 [logback-1] WARN  TestChromosome - Functional mock problem: org.evosuite.ga.ConstructionFailedException: Failed to add constructor for com.fasterxml.jackson.databind.deser.BuilderBasedDeserializer due to org.evosuite.ga.ConstructionFailedException: Failed to add constructor for com.fasterxml.jackson.databind.deser.BeanDeserializerBuilder due to org.evosuite.ga.ConstructionFailedException: Max recursion depth reached

[Progress:================>             55%] [Cov:=====>                             15%]
[Progress:================>             55%] [Cov:=====>                             15%]
[Progress:================>             56%] [Cov:=====>                             15%]
[Progress:================>             56%] [Cov:=====>                             15%]
[Progress:================>             56%] [Cov:=====>                             15%]
[Progress:================>             56%] [Cov:=====>                             15%][MASTER] 05:41:47.894 [logback-1] WARN  TestChromosome - Functional mock problem: org.evosuite.ga.ConstructionFailedException: Failed to add constructor for com.fasterxml.jackson.databind.introspect.AnnotatedConstructor due to org.evosuite.ga.ConstructionFailedException: Failed to add constructor for com.fasterxml.jackson.databind.type.ResolvedRecursiveType due to org.evosuite.ga.ConstructionFailedException: Max recursion depth reached

[Progress:================>             56%] [Cov:=====>                             15%]
[Progress:================>             56%] [Cov:=====>                             15%]
[Progress:================>             56%] [Cov:=====>                             15%]
[Progress:================>             56%] [Cov:=====>                             15%]
[Progress:=================>            57%] [Cov:=====>                             15%]
[Progress:=================>            57%] [Cov:=====>                             15%]
[Progress:=================>            57%] [Cov:=====>                             15%][MASTER] 05:41:49.585 [logback-1] WARN  TestChromosome - Functional mock problem: org.evosuite.ga.ConstructionFailedException: Failed to add constructor for com.fasterxml.jackson.databind.deser.CreatorProperty due to org.evosuite.ga.ConstructionFailedException: Failed to add constructor for com.fasterxml.jackson.databind.deser.CreatorProperty due to org.evosuite.ga.ConstructionFailedException: Failed to add constructor for com.fasterxml.jackson.databind.jsontype.impl.AsExternalTypeDeserializer due to org.evosuite.ga.ConstructionFailedException: Failed to add constructor for com.fasterxml.jackson.databind.jsontype.impl.AsExternalTypeDeserializer due to org.evosuite.ga.ConstructionFailedException: Max recursion depth reached

[Progress:=================>            57%] [Cov:=====>                             15%]
[Progress:=================>            58%] [Cov:=====>                             15%]
[Progress:=================>            58%] [Cov:=====>                             15%]
[Progress:=================>            58%] [Cov:=====>                             15%]
[Progress:=================>            58%] [Cov:=====>                             15%]
[Progress:=================>            58%] [Cov:=====>                             15%][MASTER] 05:41:51.456 [logback-1] WARN  TestCluster - Failed to check cache for java.util.Collection<E> : Type points to itself

[Progress:=================>            58%] [Cov:=====>                             15%]
[Progress:=================>            58%] [Cov:=====>                             15%]
[Progress:=================>            59%] [Cov:=====>                             15%]
[Progress:=================>            59%] [Cov:=====>                             15%][MASTER] 05:41:52.689 [logback-1] WARN  TestChromosome - Functional mock problem: org.evosuite.ga.ConstructionFailedException: Failed to add constructor for com.fasterxml.jackson.databind.deser.impl.ObjectIdReferenceProperty$PropertyReferring due to org.evosuite.ga.ConstructionFailedException: Failed to add constructor for com.fasterxml.jackson.databind.deser.UnresolvedForwardReference due to org.evosuite.ga.ConstructionFailedException: Failed to add constructor for com.fasterxml.jackson.core.json.UTF8DataInputJsonParser due to org.evosuite.ga.ConstructionFailedException: Max recursion depth reached

[Progress:=================>            59%] [Cov:=====>                             15%]
[Progress:==================>           60%] [Cov:=====>                             15%]
[Progress:==================>           60%] [Cov:=====>                             15%]
[Progress:==================>           60%] [Cov:=====>                             15%]
[Progress:==================>           60%] [Cov:=====>                             15%]
[Progress:==================>           60%] [Cov:=====>                             15%]
[Progress:==================>           60%] [Cov:=====>                             15%]
[Progress:==================>           60%] [Cov:=====>                             15%]
[Progress:==================>           60%] [Cov:=====>                             15%]
[Progress:==================>           60%] [Cov:=====>                             15%]
[Progress:==================>           61%] [Cov:=====>                             15%][MASTER] 05:41:55.082 [logback-1] WARN  TestChromosome - Functional mock problem: org.evosuite.ga.ConstructionFailedException: Failed to add constructor for com.fasterxml.jackson.databind.deser.DefaultDeserializationContext$Impl due to org.evosuite.ga.ConstructionFailedException: Failed to add constructor for com.fasterxml.jackson.databind.deser.DefaultDeserializationContext$Impl due to org.evosuite.ga.ConstructionFailedException: Failed to add constructor for com.fasterxml.jackson.databind.deser.DefaultDeserializationContext$Impl due to org.evosuite.ga.ConstructionFailedException: Failed to add constructor for com.fasterxml.jackson.databind.DeserializationConfig due to org.evosuite.ga.ConstructionFailedException: Max recursion depth reached

[Progress:==================>           61%] [Cov:=====>                             15%]
[Progress:==================>           61%] [Cov:=====>                             15%]
[Progress:==================>           61%] [Cov:=====>                             15%]
[Progress:==================>           62%] [Cov:=====>                             15%]
[Progress:==================>           62%] [Cov:=====>                             15%][MASTER] 05:41:56.140 [logback-1] WARN  TestChromosome - Functional mock problem: org.evosuite.ga.ConstructionFailedException: Failed to add constructor for com.fasterxml.jackson.databind.ser.BeanSerializerBuilder due to org.evosuite.ga.ConstructionFailedException: Failed to add constructor for com.fasterxml.jackson.databind.SerializationConfig due to org.evosuite.ga.ConstructionFailedException: Failed to add constructor for com.fasterxml.jackson.databind.introspect.SimpleMixInResolver due to org.evosuite.ga.ConstructionFailedException: Failed to add constructor for com.fasterxml.jackson.databind.DeserializationConfig due to org.evosuite.ga.ConstructionFailedException: Max recursion depth reached

[Progress:==================>           62%] [Cov:=====>                             15%][MASTER] 05:41:56.452 [logback-1] WARN  TestChromosome - Functional mock problem: org.evosuite.ga.ConstructionFailedException: Failed to add constructor for com.fasterxml.jackson.databind.deser.CreatorProperty due to org.evosuite.ga.ConstructionFailedException: Failed to add constructor for com.fasterxml.jackson.databind.jsontype.impl.AsArrayTypeDeserializer due to org.evosuite.ga.ConstructionFailedException: Max recursion depth reached

[Progress:==================>           62%] [Cov:=====>                             15%]
[Progress:==================>           62%] [Cov:=====>                             15%]
[Progress:==================>           62%] [Cov:=====>                             15%]
[Progress:==================>           62%] [Cov:=====>                             15%]
[Progress:==================>           63%] [Cov:=====>                             15%]
[Progress:==================>           63%] [Cov:====>                              14%]
[Progress:==================>           63%] [Cov:=====>                             15%]
[Progress:==================>           63%] [Cov:=====>                             16%]
[Progress:==================>           63%] [Cov:====>                              14%]
[Progress:==================>           63%] [Cov:=====>                             15%]
[Progress:==================>           63%] [Cov:=====>                             16%]
[Progress:==================>           63%] [Cov:====>                              14%]
[Progress:==================>           63%] [Cov:=====>                             15%]
[Progress:==================>           63%] [Cov:=====>                             16%]
[Progress:===================>          64%] [Cov:=====>                             15%]
[Progress:===================>          64%] [Cov:=====>                             16%]
[Progress:===================>          64%] [Cov:=====>                             15%]
[Progress:===================>          64%] [Cov:=====>                             16%][MASTER] 05:41:59.230 [logback-1] WARN  TestChromosome - Functional mock problem: org.evosuite.ga.ConstructionFailedException: Have no generator for class com.fasterxml.jackson.databind.deser.DefaultDeserializationContext$Impl canUseFunctionalMocks=false, canBeMocked: true

[Progress:===================>          64%] [Cov:=====>                             15%]
[Progress:===================>          64%] [Cov:=====>                             16%]
[Progress:===================>          64%] [Cov:=====>                             16%][MASTER] 05:41:59.638 [logback-1] WARN  TestChromosome - Functional mock problem: org.evosuite.ga.ConstructionFailedException: Failed to add constructor for com.fasterxml.jackson.databind.deser.DefaultDeserializationContext$Impl due to org.evosuite.ga.ConstructionFailedException: Failed to add constructor for com.fasterxml.jackson.databind.deser.DefaultDeserializationContext$Impl due to org.evosuite.ga.ConstructionFailedException: Failed to add constructor for com.fasterxml.jackson.databind.DeserializationConfig due to org.evosuite.ga.ConstructionFailedException: Failed to add constructor for com.fasterxml.jackson.databind.cfg.BaseSettings due to org.evosuite.ga.ConstructionFailedException: Max recursion depth reached

[Progress:===================>          64%] [Cov:=====>                             16%]
[Progress:===================>          64%] [Cov:=====>                             16%]
[Progress:===================>          64%] [Cov:=====>                             16%]
[Progress:===================>          65%] [Cov:=====>                             16%]
[Progress:===================>          65%] [Cov:=====>                             15%]
[Progress:===================>          65%] [Cov:=====>                             16%]
[Progress:===================>          65%] [Cov:=====>                             15%]
[Progress:===================>          65%] [Cov:=====>                             16%]
[Progress:===================>          65%] [Cov:=====>                             15%]
[Progress:===================>          65%] [Cov:=====>                             16%]
[Progress:===================>          65%] [Cov:=====>                             15%]
[Progress:===================>          65%] [Cov:=====>                             16%]
[Progress:===================>          66%] [Cov:=====>                             16%]
[Progress:===================>          66%] [Cov:=====>                             15%]
[Progress:===================>          66%] [Cov:=====>                             16%]
[Progress:===================>          66%] [Cov:=====>                             15%]
[Progress:===================>          66%] [Cov:=====>                             16%]
[Progress:===================>          66%] [Cov:=====>                             15%]
[Progress:===================>          66%] [Cov:=====>                             16%]
[Progress:===================>          66%] [Cov:=====>                             15%]
[Progress:===================>          66%] [Cov:=====>                             16%]
[Progress:===================>          66%] [Cov:=====>                             15%]
[Progress:===================>          66%] [Cov:=====>                             16%]
[Progress:===================>          66%] [Cov:=====>                             15%]
[Progress:===================>          66%] [Cov:=====>                             16%]
[Progress:===================>          66%] [Cov:=====>                             15%]
[Progress:===================>          66%] [Cov:=====>                             16%]
[Progress:====================>         67%] [Cov:=====>                             15%]
[Progress:====================>         67%] [Cov:=====>                             16%]
[Progress:====================>         67%] [Cov:=====>                             15%]
[Progress:====================>         67%] [Cov:=====>                             16%]
[Progress:====================>         67%] [Cov:=====>                             15%]
[Progress:====================>         67%] [Cov:=====>                             16%]
[Progress:====================>         67%] [Cov:=====>                             15%]
[Progress:====================>         67%] [Cov:=====>                             16%]
[Progress:====================>         68%] [Cov:=====>                             16%]
[Progress:====================>         68%] [Cov:=====>                             15%]
[Progress:====================>         68%] [Cov:=====>                             16%]
[Progress:====================>         68%] [Cov:=====>                             15%]
[Progress:====================>         68%] [Cov:=====>                             16%]
[Progress:====================>         68%] [Cov:=====>                             15%]
[Progress:====================>         68%] [Cov:=====>                             16%]
[Progress:====================>         68%] [Cov:=====>                             15%]
[Progress:====================>         68%] [Cov:=====>                             16%]
[Progress:====================>         68%] [Cov:=====>                             15%]
[Progress:====================>         68%] [Cov:=====>                             16%]
[Progress:====================>         68%] [Cov:=====>                             15%]
[Progress:====================>         68%] [Cov:=====>                             16%]
[Progress:====================>         68%] [Cov:=====>                             15%]
[Progress:====================>         68%] [Cov:=====>                             16%]
[Progress:====================>         69%] [Cov:=====>                             16%]
[Progress:====================>         69%] [Cov:=====>                             15%]
[Progress:====================>         69%] [Cov:=====>                             16%]
[Progress:====================>         69%] [Cov:=====>                             15%]
[Progress:====================>         69%] [Cov:=====>                             16%]
[Progress:====================>         69%] [Cov:=====>                             15%]
[Progress:====================>         69%] [Cov:=====>                             16%]
[Progress:=====================>        70%] [Cov:=====>                             16%]
[Progress:=====================>        70%] [Cov:=====>                             15%]
[Progress:=====================>        70%] [Cov:=====>                             16%]
[Progress:=====================>        70%] [Cov:=====>                             15%]
[Progress:=====================>        70%] [Cov:=====>                             16%]
[Progress:=====================>        70%] [Cov:=====>                             15%]
[Progress:=====================>        70%] [Cov:=====>                             16%]
[Progress:=====================>        70%] [Cov:=====>                             15%]
[Progress:=====================>        70%] [Cov:=====>                             16%]
[Progress:=====================>        70%] [Cov:=====>                             15%]
[Progress:=====================>        70%] [Cov:=====>                             16%]
[Progress:=====================>        70%] [Cov:=====>                             15%]
[Progress:=====================>        70%] [Cov:=====>                             16%]
[Progress:=====================>        70%] [Cov:=====>                             15%]
[Progress:=====================>        70%] [Cov:=====>                             16%]
[Progress:=====================>        71%] [Cov:=====>                             16%]
[Progress:=====================>        71%] [Cov:=====>                             15%]
[Progress:=====================>        71%] [Cov:=====>                             16%]
[Progress:=====================>        71%] [Cov:=====>                             15%]
[Progress:=====================>        71%] [Cov:=====>                             16%]
[Progress:=====================>        71%] [Cov:=====>                             15%]
[Progress:=====================>        71%] [Cov:=====>                             16%]
[Progress:=====================>        71%] [Cov:=====>                             15%]
[Progress:=====================>        71%] [Cov:=====>                             16%]
[Progress:=====================>        72%] [Cov:=====>                             16%]
[Progress:=====================>        72%] [Cov:=====>                             15%]
[Progress:=====================>        72%] [Cov:=====>                             16%]
[Progress:=====================>        72%] [Cov:=====>                             15%]
[Progress:=====================>        72%] [Cov:=====>                             16%]
[Progress:=====================>        72%] [Cov:=====>                             15%]
[Progress:=====================>        72%] [Cov:=====>                             16%]
[Progress:=====================>        72%] [Cov:=====>                             15%]
[Progress:=====================>        72%] [Cov:=====>                             16%]
[Progress:=====================>        72%] [Cov:=====>                             15%]
[Progress:=====================>        72%] [Cov:=====>                             16%]
[Progress:=====================>        72%] [Cov:=====>                             15%]
[Progress:=====================>        72%] [Cov:=====>                             16%]
[Progress:=====================>        72%] [Cov:=====>                             15%]
[Progress:=====================>        72%] [Cov:=====>                             16%]
[Progress:=====================>        73%] [Cov:=====>                             16%]
[Progress:=====================>        73%] [Cov:=====>                             15%]
[Progress:=====================>        73%] [Cov:=====>                             16%]
[Progress:=====================>        73%] [Cov:=====>                             15%]
[Progress:=====================>        73%] [Cov:=====>                             16%]
[Progress:=====================>        73%] [Cov:=====>                             15%]
[Progress:=====================>        73%] [Cov:=====>                             16%]
[Progress:======================>       74%] [Cov:=====>                             16%]
[Progress:======================>       74%] [Cov:=====>                             15%]
[Progress:======================>       74%] [Cov:=====>                             16%]
[Progress:======================>       74%] [Cov:=====>                             15%]
[Progress:======================>       74%] [Cov:=====>                             16%]
[Progress:======================>       74%] [Cov:=====>                             15%]
[Progress:======================>       74%] [Cov:=====>                             16%]
[Progress:======================>       74%] [Cov:=====>                             15%]
[Progress:======================>       74%] [Cov:=====>                             16%]
[Progress:======================>       74%] [Cov:=====>                             15%]
[Progress:======================>       74%] [Cov:=====>                             16%]
[Progress:======================>       74%] [Cov:=====>                             15%]
[Progress:======================>       74%] [Cov:=====>                             16%]
[Progress:======================>       74%] [Cov:=====>                             15%]
[Progress:======================>       74%] [Cov:=====>                             16%]
[Progress:======================>       75%] [Cov:=====>                             16%]
[Progress:======================>       75%] [Cov:=====>                             15%]
[Progress:======================>       75%] [Cov:=====>                             16%]
[Progress:======================>       75%] [Cov:=====>                             15%]
[Progress:======================>       75%] [Cov:=====>                             16%]
[Progress:======================>       75%] [Cov:=====>                             15%]
[Progress:======================>       75%] [Cov:=====>                             16%]
[Progress:======================>       76%] [Cov:=====>                             16%]
[Progress:======================>       76%] [Cov:=====>                             15%]
[Progress:======================>       76%] [Cov:=====>                             16%]
[Progress:======================>       76%] [Cov:=====>                             15%]
[Progress:======================>       76%] [Cov:=====>                             16%]
[Progress:======================>       76%] [Cov:=====>                             15%]
[Progress:======================>       76%] [Cov:=====>                             16%]
[Progress:======================>       76%] [Cov:=====>                             15%]
[Progress:======================>       76%] [Cov:=====>                             16%]
[Progress:======================>       76%] [Cov:=====>                             15%]
[Progress:======================>       76%] [Cov:=====>                             16%]
[Progress:======================>       76%] [Cov:=====>                             15%]
[Progress:======================>       76%] [Cov:=====>                             16%]
[Progress:=======================>      77%] [Cov:=====>                             16%]
[Progress:=======================>      77%] [Cov:=====>                             15%]
[Progress:=======================>      77%] [Cov:=====>                             16%]
[Progress:=======================>      77%] [Cov:=====>                             15%]
[Progress:=======================>      77%] [Cov:=====>                             16%]
[Progress:=======================>      77%] [Cov:=====>                             15%]
[Progress:=======================>      77%] [Cov:=====>                             16%]
[Progress:=======================>      78%] [Cov:=====>                             16%]
[Progress:=======================>      78%] [Cov:=====>                             15%]
[Progress:=======================>      78%] [Cov:=====>                             16%][MASTER] 05:42:20.134 [logback-1] WARN  TestChromosome - Functional mock problem: org.evosuite.ga.ConstructionFailedException: Failed to add constructor for com.fasterxml.jackson.databind.type.ResolvedRecursiveType due to org.evosuite.ga.ConstructionFailedException: No generators of type com.fasterxml.jackson.annotation.ObjectIdGenerator<com.fasterxml.jackson.annotation.ObjectIdResolver>

[Progress:=======================>      78%] [Cov:=====>                             15%]
[Progress:=======================>      78%] [Cov:=====>                             16%]
[Progress:=======================>      78%] [Cov:=====>                             15%]
[Progress:=======================>      78%] [Cov:=====>                             16%]
[Progress:=======================>      78%] [Cov:=====>                             15%]
[Progress:=======================>      78%] [Cov:=====>                             16%]
[Progress:=======================>      78%] [Cov:=====>                             15%]
[Progress:=======================>      78%] [Cov:=====>                             16%]
[Progress:=======================>      78%] [Cov:=====>                             15%]
[Progress:=======================>      78%] [Cov:=====>                             16%][MASTER] 05:42:21.725 [logback-1] WARN  TestCluster - Failed to check cache for java.util.EnumSet<E> : Type points to itself

[Progress:=======================>      78%] [Cov:=====>                             15%]
[Progress:=======================>      78%] [Cov:=====>                             16%]
[Progress:=======================>      79%] [Cov:=====>                             16%]
[Progress:=======================>      79%] [Cov:=====>                             15%]
[Progress:=======================>      79%] [Cov:=====>                             16%]
[Progress:=======================>      79%] [Cov:=====>                             15%]
[Progress:=======================>      79%] [Cov:=====>                             16%]
[Progress:=======================>      79%] [Cov:=====>                             15%]
[Progress:=======================>      79%] [Cov:=====>                             16%]
[Progress:========================>     80%] [Cov:=====>                             16%]
[Progress:========================>     80%] [Cov:=====>                             15%]
[Progress:========================>     80%] [Cov:=====>                             16%]
[Progress:========================>     80%] [Cov:=====>                             15%]
[Progress:========================>     80%] [Cov:=====>                             16%]
[Progress:========================>     80%] [Cov:=====>                             15%]
[Progress:========================>     80%] [Cov:=====>                             16%]
[Progress:========================>     80%] [Cov:=====>                             15%]
[Progress:========================>     80%] [Cov:=====>                             16%]
[Progress:========================>     80%] [Cov:=====>                             15%]
[Progress:========================>     80%] [Cov:=====>                             16%]
[Progress:========================>     80%] [Cov:=====>                             15%]
[Progress:========================>     80%] [Cov:=====>                             16%]
[Progress:========================>     81%] [Cov:=====>                             16%]
[Progress:========================>     81%] [Cov:=====>                             15%]
[Progress:========================>     81%] [Cov:=====>                             16%]
[Progress:========================>     81%] [Cov:=====>                             15%]
[Progress:========================>     81%] [Cov:=====>                             16%]
[Progress:========================>     81%] [Cov:=====>                             15%]
[Progress:========================>     81%] [Cov:=====>                             16%]
[Progress:========================>     81%] [Cov:=====>                             15%]
[Progress:========================>     82%] [Cov:===>                               11%]
[Progress:========================>     82%] [Cov:=====>                             16%]
[Progress:========================>     82%] [Cov:=====>                             15%]
[Progress:========================>     82%] [Cov:=====>                             16%]
[Progress:========================>     82%] [Cov:=====>                             15%]
[Progress:========================>     82%] [Cov:=====>                             16%]
[Progress:========================>     82%] [Cov:=====>                             15%]
[Progress:========================>     82%] [Cov:=====>                             16%]
[Progress:========================>     82%] [Cov:=====>                             15%]
[Progress:========================>     82%] [Cov:=====>                             16%][MASTER] 05:42:27.431 [logback-1] WARN  TestChromosome - Functional mock problem: org.evosuite.ga.ConstructionFailedException: Failed to add constructor for com.fasterxml.jackson.databind.deser.BuilderBasedDeserializer due to org.evosuite.ga.ConstructionFailedException: Failed to add constructor for com.fasterxml.jackson.databind.deser.BuilderBasedDeserializer due to org.evosuite.ga.ConstructionFailedException: Failed to add constructor for com.fasterxml.jackson.databind.deser.BuilderBasedDeserializer due to org.evosuite.ga.ConstructionFailedException: Failed to add constructor for com.fasterxml.jackson.databind.deser.BeanDeserializerBuilder due to org.evosuite.ga.ConstructionFailedException: Failed to add constructor for com.fasterxml.jackson.databind.deser.BeanDeserializerBuilder due to org.evosuite.ga.ConstructionFailedException: Max recursion depth reached

[Progress:========================>     82%] [Cov:=====>                             15%]
[Progress:========================>     82%] [Cov:=====>                             16%][MASTER] 05:42:27.888 [logback-1] WARN  TestChromosome - Functional mock problem: org.evosuite.ga.ConstructionFailedException: Failed to add constructor for com.fasterxml.jackson.databind.deser.AbstractDeserializer due to org.evosuite.ga.ConstructionFailedException: Invalid generic instance

[Progress:========================>     82%] [Cov:=====>                             15%]
[Progress:========================>     82%] [Cov:=====>                             16%]
[Progress:========================>     83%] [Cov:=====>                             16%]
[Progress:========================>     83%] [Cov:=====>                             15%]
[Progress:========================>     83%] [Cov:=====>                             16%]
[Progress:========================>     83%] [Cov:=====>                             15%]
[Progress:========================>     83%] [Cov:=====>                             16%]
[Progress:========================>     83%] [Cov:=====>                             15%]
[Progress:========================>     83%] [Cov:=====>                             16%]
[Progress:=========================>    84%] [Cov:=====>                             16%]
[Progress:=========================>    84%] [Cov:=====>                             15%]
[Progress:=========================>    84%] [Cov:=====>                             16%]
[Progress:=========================>    84%] [Cov:=====>                             15%]
[Progress:=========================>    84%] [Cov:=====>                             16%]
[Progress:=========================>    84%] [Cov:=====>                             15%]
[Progress:=========================>    84%] [Cov:=====>                             16%]
[Progress:=========================>    84%] [Cov:=====>                             15%]
[Progress:=========================>    84%] [Cov:=====>                             16%]
[Progress:=========================>    84%] [Cov:=====>                             15%]
[Progress:=========================>    84%] [Cov:=====>                             16%]
[Progress:=========================>    84%] [Cov:=====>                             15%]
[Progress:=========================>    84%] [Cov:=====>                             16%]
[Progress:=========================>    84%] [Cov:=====>                             15%]
[Progress:=========================>    84%] [Cov:=====>                             16%]
[Progress:=========================>    84%] [Cov:=====>                             15%]
[Progress:=========================>    84%] [Cov:=====>                             16%]
[Progress:=========================>    85%] [Cov:=====>                             16%]
[Progress:=========================>    85%] [Cov:=====>                             15%]
[Progress:=========================>    85%] [Cov:=====>                             16%]
[Progress:=========================>    85%] [Cov:=====>                             15%]
[Progress:=========================>    85%] [Cov:=====>                             16%]
[Progress:=========================>    85%] [Cov:=====>                             15%]
[Progress:=========================>    85%] [Cov:=====>                             16%]
[Progress:=========================>    86%] [Cov:=====>                             16%]
[Progress:=========================>    86%] [Cov:=====>                             15%]
[Progress:=========================>    86%] [Cov:=====>                             16%]
[Progress:=========================>    86%] [Cov:=====>                             15%]
[Progress:=========================>    86%] [Cov:=====>                             16%]
[Progress:=========================>    86%] [Cov:=====>                             15%]
[Progress:=========================>    86%] [Cov:=====>                             16%]
[Progress:=========================>    86%] [Cov:=====>                             15%]
[Progress:=========================>    86%] [Cov:=====>                             16%]
[Progress:=========================>    86%] [Cov:=====>                             15%]
[Progress:=========================>    86%] [Cov:=====>                             16%]
[Progress:=========================>    86%] [Cov:=====>                             15%]
[Progress:=========================>    86%] [Cov:=====>                             16%]
[Progress:=========================>    86%] [Cov:=====>                             15%]
[Progress:=========================>    86%] [Cov:=====>                             16%]
[Progress:==========================>   87%] [Cov:=====>                             16%]
[Progress:==========================>   87%] [Cov:=====>                             15%]
[Progress:==========================>   87%] [Cov:=====>                             16%]
[Progress:==========================>   87%] [Cov:=====>                             15%]
[Progress:==========================>   87%] [Cov:=====>                             16%]
[Progress:==========================>   87%] [Cov:=====>                             15%]
[Progress:==========================>   87%] [Cov:=====>                             16%]
[Progress:==========================>   88%] [Cov:=====>                             16%]
[Progress:==========================>   88%] [Cov:=====>                             15%]
[Progress:==========================>   88%] [Cov:=====>                             16%]
[Progress:==========================>   88%] [Cov:=====>                             15%]
[Progress:==========================>   88%] [Cov:=====>                             16%]
[Progress:==========================>   88%] [Cov:=====>                             15%]
[Progress:==========================>   88%] [Cov:=====>                             16%]
[Progress:==========================>   88%] [Cov:=====>                             15%]
[Progress:==========================>   88%] [Cov:=====>                             16%]
[Progress:==========================>   88%] [Cov:=====>                             15%]
[Progress:==========================>   88%] [Cov:=====>                             16%]
[Progress:==========================>   89%] [Cov:=====>                             16%]
[Progress:==========================>   89%] [Cov:=====>                             15%]
[Progress:==========================>   89%] [Cov:=====>                             16%]
[Progress:==========================>   89%] [Cov:=====>                             15%]
[Progress:==========================>   89%] [Cov:=====>                             16%]
[Progress:===========================>  90%] [Cov:=====>                             16%]
[Progress:===========================>  90%] [Cov:=====>                             15%]
[Progress:===========================>  90%] [Cov:=====>                             16%]
[Progress:===========================>  90%] [Cov:=====>                             15%]
[Progress:===========================>  90%] [Cov:=====>                             16%]
[Progress:===========================>  90%] [Cov:=====>                             15%]
[Progress:===========================>  90%] [Cov:=====>                             16%]
[Progress:===========================>  90%] [Cov:=====>                             15%]
[Progress:===========================>  90%] [Cov:=====>                             16%]
[Progress:===========================>  90%] [Cov:=====>                             15%]
[Progress:===========================>  90%] [Cov:=====>                             16%]
[Progress:===========================>  91%] [Cov:=====>                             16%]
[Progress:===========================>  91%] [Cov:=====>                             15%]
[Progress:===========================>  91%] [Cov:=====>                             16%]
[Progress:===========================>  91%] [Cov:=====>                             15%]
[Progress:===========================>  91%] [Cov:=====>                             16%][MASTER] 05:42:40.902 [logback-1] WARN  TestCluster - Failed to check cache for java.util.LinkedList<E> : Type points to itself

[Progress:===========================>  92%] [Cov:=====>                             16%]
[Progress:===========================>  92%] [Cov:=====>                             15%]
[Progress:===========================>  92%] [Cov:=====>                             16%]
[Progress:===========================>  92%] [Cov:=====>                             15%]
[Progress:===========================>  92%] [Cov:=====>                             16%]
[Progress:===========================>  92%] [Cov:=====>                             15%]
[Progress:===========================>  92%] [Cov:=====>                             16%]
[Progress:===========================>  92%] [Cov:=====>                             15%]
[Progress:===========================>  92%] [Cov:=====>                             16%]
[Progress:===========================>  92%] [Cov:=====>                             15%]
[Progress:===========================>  92%] [Cov:=====>                             16%]
[Progress:===========================>  92%] [Cov:=====>                             15%]
[Progress:===========================>  92%] [Cov:=====>                             16%]
[Progress:===========================>  93%] [Cov:=====>                             16%]
[Progress:===========================>  93%] [Cov:=====>                             15%]
[Progress:===========================>  93%] [Cov:=====>                             16%]
[Progress:===========================>  93%] [Cov:=====>                             15%]
[Progress:===========================>  93%] [Cov:=====>                             16%]
[Progress:============================> 94%] [Cov:=====>                             16%]
[Progress:============================> 94%] [Cov:=====>                             15%]
[Progress:============================> 94%] [Cov:=====>                             16%]
[Progress:============================> 94%] [Cov:=====>                             15%]
[Progress:============================> 94%] [Cov:=====>                             16%]
[Progress:============================> 94%] [Cov:=====>                             15%]
[Progress:============================> 94%] [Cov:=====>                             16%]
[Progress:============================> 94%] [Cov:=====>                             15%]
[Progress:============================> 94%] [Cov:=====>                             16%]
[Progress:============================> 94%] [Cov:=====>                             15%]
[Progress:============================> 94%] [Cov:=====>                             16%]
[Progress:============================> 94%] [Cov:=====>                             15%]
[Progress:============================> 95%] [Cov:=====>                             16%]
[Progress:============================> 95%] [Cov:=====>                             15%]
[Progress:============================> 95%] [Cov:=====>                             16%]
[Progress:============================> 95%] [Cov:=====>                             15%]
[Progress:============================> 95%] [Cov:=====>                             16%]
[Progress:============================> 96%] [Cov:=====>                             15%]
[Progress:============================> 96%] [Cov:=====>                             16%]
[Progress:============================> 96%] [Cov:=====>                             15%]
[Progress:============================> 96%] [Cov:=====>                             16%]
[Progress:============================> 96%] [Cov:=====>                             15%]
[Progress:============================> 96%] [Cov:=====>                             16%]
[Progress:============================> 96%] [Cov:=====>                             15%]
[Progress:============================> 96%] [Cov:=====>                             16%]
[Progress:============================> 96%] [Cov:=====>                             15%]
[Progress:============================> 96%] [Cov:=====>                             16%]
[Progress:============================> 96%] [Cov:=====>                             15%]
[Progress:============================> 96%] [Cov:=====>                             16%]
[Progress:============================> 96%] [Cov:=====>                             15%]
[Progress:============================> 96%] [Cov:=====>                             16%]
[Progress:=============================>97%] [Cov:=====>                             16%]
[Progress:=============================>97%] [Cov:=====>                             15%]
[Progress:=============================>97%] [Cov:=====>                             16%]
[Progress:=============================>97%] [Cov:=====>                             15%]
[Progress:=============================>97%] [Cov:=====>                             16%]
[Progress:=============================>97%] [Cov:=====>                             15%]
[Progress:=============================>97%] [Cov:=====>                             16%]
[Progress:=============================>98%] [Cov:=====>                             15%]
[Progress:=============================>98%] [Cov:=====>                             16%]
[Progress:=============================>98%] [Cov:=====>                             15%]
[Progress:=============================>98%] [Cov:=====>                             16%]
[Progress:=============================>98%] [Cov:=====>                             15%]
[Progress:=============================>98%] [Cov:=====>                             16%]
[Progress:=============================>98%] [Cov:=====>                             15%]
[Progress:=============================>98%] [Cov:=====>                             16%]
[Progress:=============================>98%] [Cov:=====>                             15%]
[Progress:=============================>98%] [Cov:=====>                             16%]
[Progress:=============================>98%] [Cov:=====>                             15%]
[Progress:=============================>98%] [Cov:=====>                             16%]
[Progress:=============================>98%] [Cov:=====>                             15%]
[Progress:=============================>98%] [Cov:=====>                             16%]
[Progress:=============================>98%] [Cov:=====>                             15%]
[Progress:=============================>98%] [Cov:=====>                             16%]
[Progress:=============================>99%] [Cov:=====>                             15%]
[Progress:=============================>99%] [Cov:=====>                             16%]
[Progress:=============================>99%] [Cov:=====>                             15%]
[Progress:=============================>99%] [Cov:=====>                             16%]
[Progress:=============================>99%] [Cov:=====>                             15%]
[Progress:=============================>99%] [Cov:=====>                             16%]
[Progress:=============================>99%] [Cov:=====>                             15%]
[Progress:=============================>99%] [Cov:=====>                             16%]
[Progress:==============================100%] [Cov:=====>                             16%]
[Progress:==============================100%] [Cov:=====>                             15%]
[Progress:==============================100%] [Cov:=====>                             16%]
[Progress:==============================100%] [Cov:=====>                             15%]
[Progress:==============================100%] [Cov:=====>                             16%]
[Progress:==============================100%] [Cov:=====>                             15%]
[Progress:==============================100%] [Cov:=====>                             16%]
[Progress:==============================100%] [Cov:=====>                             15%]
[Progress:==============================100%] [Cov:=====>                             16%]
[Progress:==============================100%] [Cov:=====>                             15%]
* Search finished after 152s and 457 generations, 80191 statements, best individual has fitness: 1225.996875
* Minimizing test suite
* Going to analyze the coverage criteria
* Coverage analysis for criterion LINE
* Coverage of criterion LINE: 0%
* Total number of goals: 319
* Number of covered goals: 0
* Coverage analysis for criterion BRANCH
* Coverage of criterion BRANCH: 1%
* Total number of goals: 203
* Number of covered goals: 3
* Coverage analysis for criterion EXCEPTION
* Coverage of criterion EXCEPTION: 57%
* Total number of goals: 7
* Number of covered goals: 4
* Coverage analysis for criterion WEAKMUTATION
* Coverage of criterion WEAKMUTATION: 0%
* Total number of goals: 116
* Number of covered goals: 0
* Coverage analysis for criterion OUTPUT
* Coverage of criterion OUTPUT: 0%
* Total number of goals: 61
* Number of covered goals: 0
* Coverage analysis for criterion METHOD
* Coverage of criterion METHOD: 16%
* Total number of goals: 25
* Number of covered goals: 4
* Coverage analysis for criterion METHODNOEXCEPTION
* Coverage of criterion METHODNOEXCEPTION: 0%
* Total number of goals: 25
* Number of covered goals: 0
* Coverage analysis for criterion CBRANCH
* Coverage of criterion CBRANCH: 0%
* Total number of goals: 203
* Number of covered goals: 0
* Generated 4 tests with total length 10
* Resulting test suite's coverage: 15% (average coverage for all fitness functions)
* Generating assertions
* Resulting test suite's mutation score: 0%
* Compiling and checking tests
* Writing tests to file
* Writing JUnit test case 'BuilderBasedDeserializer_ESTest' to evosuite-tests
* Done!

* Computation finished

