project_id,bug_id,method,run_id,target_classes,generation_seconds,lines_covered,lines_total,conditions_covered,conditions_total,statement_coverage_pct,branch_coverage_pct,buggy_result,fixed_result,fault_detected,status,raw_evidence_path
Lang,1,nsga2,02,org.apache.commons.lang3.math.NumberUtils,177.612,277,380,176,350,72.9,50.3,pass,pass,False,ok,/home/pizza/evosuite/results/project-Lang/Lang-1/round02
Lang,3,nsga2,02,org.apache.commons.lang3.math.NumberUtils,175.661,294,375,190,338,78.4,56.2,pass,pass,False,ok,/home/pizza/evosuite/results/project-Lang/Lang-3/round02
JacksonXml,1,nsga2,02,com.fasterxml.jackson.dataformat.xml.deser.FromXmlParser,174.711,13,297,1,149,4.4,0.7,pass,pass,False,ok,/home/pizza/evosuite/results/project-JacksonXml/JacksonXml-1/round02
Csv,1,nsga2,02,org.apache.commons.csv.ExtendedBufferedReader,168.399,33,37,14,26,89.2,53.8,pass,pass,False,ok,/home/pizza/evosuite/results/project-Csv/Csv-1/round02
Chart,1,nsga2,02,org.jfree.chart.renderer.category.AbstractCategoryItemRenderer,217.512,168,574,51,242,29.3,21.1,fail,fail,False,ok,/home/pizza/evosuite/results/project-Chart/Chart-1/round02
JacksonXml,2,nsga2,02,com.fasterxml.jackson.dataformat.xml.deser.XmlTokenStream,183.689,97,187,39,90,51.9,43.3,pass,pass,False,ok,/home/pizza/evosuite/results/project-JacksonXml/JacksonXml-2/round02
Csv,2,nsga2,02,org.apache.commons.csv.CSVRecord,163.014,25,25,16,16,100.0,100.0,pass,fail,True,ok,/home/pizza/evosuite/results/project-Csv/Csv-2/round02
Codec,1,nsga2,02,org.apache.commons.codec.language.Caverphone|org.apache.commons.codec.language.Metaphone|org.apache.commons.codec.language.SoundexUtils,492.977,226,256,145,184,88.3,78.8,pass,pass,False,ok,/home/pizza/evosuite/results/project-Codec/Codec-1/round02
Chart,2,nsga2,02,org.jfree.data.general.DatasetUtilities,199.857,313,813,171,548,38.5,31.2,pass,pass,False,ok,/home/pizza/evosuite/results/project-Chart/Chart-2/round02
JacksonXml,3,nsga2,02,com.fasterxml.jackson.dataformat.xml.deser.FromXmlParser,165.917,13,294,1,151,4.4,0.7,pass,pass,False,ok,/home/pizza/evosuite/results/project-JacksonXml/JacksonXml-3/round02
Csv,3,nsga2,02,org.apache.commons.csv.Lexer,172.696,36,40,45,52,90.0,86.5,pass,fail,True,ok,/home/pizza/evosuite/results/project-Csv/Csv-3/round02
Codec,2,nsga2,02,org.apache.commons.codec.binary.Base64,180.996,176,214,112,148,82.2,75.7,pass,pass,False,ok,/home/pizza/evosuite/results/project-Codec/Codec-2/round02
Chart,3,nsga2,02,org.jfree.data.time.TimeSeries,185.735,268,382,93,186,70.2,50.0,fail,fail,False,ok,/home/pizza/evosuite/results/project-Chart/Chart-3/round02
JacksonXml,4,nsga2,02,com.fasterxml.jackson.dataformat.xml.ser.XmlSerializerProvider,193.846,53,122,22,60,43.4,36.7,pass,fail,True,ok,/home/pizza/evosuite/results/project-JacksonXml/JacksonXml-4/round02
Csv,4,nsga2,02,org.apache.commons.csv.CSVParser,166.671,23,100,7,52,23.0,13.5,pass,fail,True,ok,/home/pizza/evosuite/results/project-Csv/Csv-4/round02
Codec,3,nsga2,02,org.apache.commons.codec.language.DoubleMetaphone,198.528,296,453,231,450,65.3,51.3,pass,pass,False,ok,/home/pizza/evosuite/results/project-Codec/Codec-3/round02
Csv,5,nsga2,02,org.apache.commons.csv.CSVPrinter,187.211,127,159,72,117,79.9,61.5,pass,pass,False,ok,/home/pizza/evosuite/results/project-Csv/Csv-5/round02
JacksonXml,5,nsga2,02,com.fasterxml.jackson.dataformat.xml.ser.XmlSerializerProvider,204.874,51,96,19,48,53.1,39.6,pass,pass,False,ok,/home/pizza/evosuite/results/project-JacksonXml/JacksonXml-5/round02
Chart,4,nsga2,02,org.jfree.chart.plot.XYPlot,251.524,442,1809,147,966,24.4,15.2,pass,pass,False,ok,/home/pizza/evosuite/results/project-Chart/Chart-4/round02
Codec,4,nsga2,02,org.apache.commons.codec.binary.Base64,185.993,201,231,111,158,87.0,70.3,pass,pass,False,ok,/home/pizza/evosuite/results/project-Codec/Codec-4/round02
Csv,6,nsga2,02,org.apache.commons.csv.CSVRecord,164.368,31,36,19,20,86.1,95.0,pass,pass,False,ok,/home/pizza/evosuite/results/project-Csv/Csv-6/round02
JacksonXml,6,nsga2,02,com.fasterxml.jackson.dataformat.xml.ser.ToXmlGenerator,236.474,127,529,42,244,24.0,17.2,pass,pass,False,ok,/home/pizza/evosuite/results/project-JacksonXml/JacksonXml-6/round02
Chart,5,nsga2,02,org.jfree.data.xy.XYSeries,184.411,159,175,66,80,90.9,82.5,fail,fail,False,ok,/home/pizza/evosuite/results/project-Chart/Chart-5/round02
Codec,5,nsga2,02,org.apache.commons.codec.binary.Base64,190.897,204,233,119,162,87.6,73.5,pass,pass,False,ok,/home/pizza/evosuite/results/project-Codec/Codec-5/round02
Csv,7,nsga2,02,org.apache.commons.csv.CSVParser,164.456,87,103,39,52,84.5,75.0,pass,pass,False,ok,/home/pizza/evosuite/results/project-Csv/Csv-7/round02
Chart,6,nsga2,02,org.jfree.chart.util.ShapeList,160.31,15,34,5,16,44.1,31.2,pass,pass,False,ok,/home/pizza/evosuite/results/project-Chart/Chart-6/round02
Codec,6,nsga2,02,org.apache.commons.codec.binary.Base64InputStream,177.885,37,38,29,30,97.4,96.7,pass,fail,True,ok,/home/pizza/evosuite/results/project-Codec/Codec-6/round02
Csv,8,nsga2,02,org.apache.commons.csv.CSVFormat,194.998,153,178,114,140,86.0,81.4,pass,fail,True,ok,/home/pizza/evosuite/results/project-Csv/Csv-8/round02
JxPath,1,nsga2,02,org.apache.commons.jxpath.ri.model.dom.DOMNodePointer|org.apache.commons.jxpath.ri.model.jdom.JDOMNodePointer,399.308,338,773,178,562,43.7,31.7,pass,pass,False,ok,/home/pizza/evosuite/results/project-JxPath/JxPath-1/round02
Codec,7,nsga2,02,org.apache.commons.codec.binary.Base64,188.735,192,233,112,162,82.4,69.1,pass,pass,False,ok,/home/pizza/evosuite/results/project-Codec/Codec-7/round02
Chart,7,nsga2,02,org.jfree.data.time.TimePeriodValues,193.345,153,159,48,54,96.2,88.9,fail,fail,False,ok,/home/pizza/evosuite/results/project-Chart/Chart-7/round02
Csv,9,nsga2,02,org.apache.commons.csv.CSVRecord,165.736,36,38,23,24,94.7,95.8,pass,pass,False,ok,/home/pizza/evosuite/results/project-Csv/Csv-9/round02
JxPath,2,nsga2,02,org.apache.commons.jxpath.ri.compiler.Expression,168.649,36,43,10,16,83.7,62.5,pass,pass,False,ok,/home/pizza/evosuite/results/project-JxPath/JxPath-2/round02
Chart,8,nsga2,02,org.jfree.data.time.Week,185.908,,,,,,,error,error,n/a,not_evaluable,/home/pizza/evosuite/results/project-Chart/Chart-8/round02
Csv,10,nsga2,02,org.apache.commons.csv.CSVPrinter,176.721,116,162,70,119,71.6,58.8,fail,fail,False,ok,/home/pizza/evosuite/results/project-Csv/Csv-10/round02
JxPath,3,nsga2,02,org.apache.commons.jxpath.ri.model.beans.NullPropertyPointer,187.707,61,83,21,34,73.5,61.8,pass,pass,False,ok,/home/pizza/evosuite/results/project-JxPath/JxPath-3/round02
Codec,8,nsga2,02,org.apache.commons.codec.binary.Base64|org.apache.commons.codec.binary.Base64InputStream,385.667,,,,,,,pass,error,n/a,not_evaluable,/home/pizza/evosuite/results/project-Codec/Codec-8/round02
Csv,11,nsga2,02,org.apache.commons.csv.CSVParser,171.546,82,106,33,62,77.4,53.2,pass,pass,False,ok,/home/pizza/evosuite/results/project-Csv/Csv-11/round02
Chart,9,nsga2,02,org.jfree.data.time.TimeSeries,194.238,223,289,77,130,77.2,59.2,fail,fail,False,ok,/home/pizza/evosuite/results/project-Chart/Chart-9/round02
Codec,9,nsga2,02,org.apache.commons.codec.binary.Base64,186.225,208,220,135,154,94.5,87.7,pass,pass,False,ok,/home/pizza/evosuite/results/project-Codec/Codec-9/round02
Csv,12,nsga2,02,org.apache.commons.csv.CSVFormat,184.531,159,184,113,140,86.4,80.7,pass,fail,True,ok,/home/pizza/evosuite/results/project-Csv/Csv-12/round02
Chart,10,nsga2,02,org.jfree.chart.imagemap.StandardToolTipTagFragmentGenerator,157.054,3,3,0,0,100.0,,pass,pass,False,ok,/home/pizza/evosuite/results/project-Chart/Chart-10/round02
Codec,10,nsga2,02,org.apache.commons.codec.language.Caverphone,158.523,69,69,6,6,100.0,100.0,pass,pass,False,ok,/home/pizza/evosuite/results/project-Codec/Codec-10/round02
JxPath,4,nsga2,02,org.apache.commons.jxpath.ri.model.dom.DOMNodePointer|org.apache.commons.jxpath.ri.model.jdom.JDOMNodePointer,401.029,124,753,67,560,16.5,12.0,fail,fail,False,ok,/home/pizza/evosuite/results/project-JxPath/JxPath-4/round02
Chart,11,nsga2,02,org.jfree.chart.util.ShapeUtilities,177.143,,,,,,,error,error,n/a,not_evaluable,/home/pizza/evosuite/results/project-Chart/Chart-11/round02
Codec,11,nsga2,02,org.apache.commons.codec.net.QuotedPrintableCodec,164.925,93,107,45,70,86.9,64.3,pass,fail,True,ok,/home/pizza/evosuite/results/project-Codec/Codec-11/round02
JxPath,5,nsga2,02,org.apache.commons.jxpath.ri.model.NodePointer,221.608,114,179,53,130,63.7,40.8,pass,pass,False,ok,/home/pizza/evosuite/results/project-JxPath/JxPath-5/round02
Csv,13,nsga2,02,org.apache.commons.csv.CSVFormat|org.apache.commons.csv.CSVPrinter,373.126,335,387,219,291,86.6,75.3,pass,fail,True,ok,/home/pizza/evosuite/results/project-Csv/Csv-13/round02
Chart,12,nsga2,02,org.jfree.chart.plot.MultiplePiePlot,187.916,116,190,46,84,61.1,54.8,pass,pass,False,ok,/home/pizza/evosuite/results/project-Chart/Chart-12/round02
Codec,12,nsga2,02,org.apache.commons.codec.binary.BaseNCodecInputStream,164.803,30,49,23,36,61.2,63.9,fail,fail,False,ok,/home/pizza/evosuite/results/project-Codec/Codec-12/round02
JxPath,6,nsga2,02,org.apache.commons.jxpath.ri.compiler.CoreOperationCompare,167.202,44,53,49,66,83.0,74.2,pass,pass,False,ok,/home/pizza/evosuite/results/project-JxPath/JxPath-6/round02
Csv,14,nsga2,02,org.apache.commons.csv.CSVFormat,212.258,289,356,178,272,81.2,65.4,pass,pass,False,ok,/home/pizza/evosuite/results/project-Csv/Csv-14/round02
Chart,13,nsga2,02,org.jfree.chart.block.BorderArrangement,250.929,137,229,71,120,59.8,59.2,pass,pass,False,ok,/home/pizza/evosuite/results/project-Chart/Chart-13/round02
Codec,13,nsga2,02,org.apache.commons.codec.binary.CharSequenceUtils|org.apache.commons.codec.binary.StringUtils|org.apache.commons.codec.language.DoubleMetaphone,367.908,350,506,259,482,69.2,53.7,pass,pass,False,ok,/home/pizza/evosuite/results/project-Codec/Codec-13/round02
Csv,15,nsga2,02,org.apache.commons.csv.CSVFormat,223.894,334,395,176,261,84.6,67.4,pass,pass,False,ok,/home/pizza/evosuite/results/project-Csv/Csv-15/round02
Codec,14,nsga2,02,org.apache.commons.codec.language.bm.Lang|org.apache.commons.codec.language.bm.PhoneticEngine|org.apache.commons.codec.language.bm.Rule|src.main.resources.org.apache.commons.codec.language.bm.ash_lang.txt|src.main.resources.org.apache.commons.codec.language.bm.gen_lang.txt|src.main.resources.org.apache.commons.codec.language.bm.sep_lang.txt,170.139,0,489,0,230,0.0,0.0,fail,fail,False,ok,/home/pizza/evosuite/results/project-Codec/Codec-14/round02
Csv,16,nsga2,02,org.apache.commons.csv.CSVParser,169.074,104,124,47,68,83.9,69.1,pass,fail,True,ok,/home/pizza/evosuite/results/project-Csv/Csv-16/round02
Codec,15,nsga2,02,org.apache.commons.codec.language.Soundex,162.851,51,51,30,32,100.0,93.8,pass,fail,True,ok,/home/pizza/evosuite/results/project-Codec/Codec-15/round02
Chart,14,nsga2,02,org.jfree.chart.plot.CategoryPlot|org.jfree.chart.plot.XYPlot,482.393,880,2730,327,1444,32.2,22.6,pass,fail,True,ok,/home/pizza/evosuite/results/project-Chart/Chart-14/round02
Gson,1,nsga2,02,com.google.gson.TypeInfoFactory,159.233,3,79,0,44,3.8,0.0,pass,pass,False,ok,/home/pizza/evosuite/results/project-Gson/Gson-1/round02
JxPath,7,nsga2,02,org.apache.commons.jxpath.ri.compiler.CoreOperationGreaterThan|org.apache.commons.jxpath.ri.compiler.CoreOperationGreaterThanOrEqual|org.apache.commons.jxpath.ri.compiler.CoreOperationLessThan|org.apache.commons.jxpath.ri.compiler.CoreOperationLessThanOrEqual|org.apache.commons.jxpath.ri.compiler.CoreOperationRelationalExpression,800.815,36,56,20,40,64.3,50.0,pass,fail,True,ok,/home/pizza/evosuite/results/project-JxPath/JxPath-7/round02
Codec,16,nsga2,02,org.apache.commons.codec.binary.Base32,167.966,162,166,73,75,97.6,97.3,pass,pass,False,ok,/home/pizza/evosuite/results/project-Codec/Codec-16/round02
JxPath,8,nsga2,02,org.apache.commons.jxpath.ri.compiler.CoreOperationRelationalExpression,165.675,32,43,25,36,74.4,69.4,pass,pass,False,ok,/home/pizza/evosuite/results/project-JxPath/JxPath-8/round02
Gson,2,nsga2,02,com.google.gson.internal.bind.TypeAdapters,169.896,154,454,34,192,33.9,17.7,pass,pass,False,ok,/home/pizza/evosuite/results/project-Gson/Gson-2/round02
Chart,15,nsga2,02,org.jfree.chart.plot.PiePlot,220.3,266,839,76,316,31.7,24.1,pass,pass,False,ok,/home/pizza/evosuite/results/project-Chart/Chart-15/round02
Codec,17,nsga2,02,org.apache.commons.codec.binary.StringUtils,165.545,39,39,20,20,100.0,100.0,pass,pass,False,ok,/home/pizza/evosuite/results/project-Codec/Codec-17/round02
Gson,3,nsga2,02,com.google.gson.internal.ConstructorConstructor,157.128,0,94,0,36,0.0,0.0,pass,pass,False,ok,/home/pizza/evosuite/results/project-Gson/Gson-3/round02
Chart,16,nsga2,02,org.jfree.data.category.DefaultIntervalCategoryDataset,179.714,132,188,72,128,70.2,56.2,pass,fail,True,ok,/home/pizza/evosuite/results/project-Chart/Chart-16/round02
Codec,18,nsga2,02,org.apache.commons.codec.binary.StringUtils,161.691,39,39,23,24,100.0,95.8,pass,fail,True,ok,/home/pizza/evosuite/results/project-Codec/Codec-18/round02
Chart,17,nsga2,02,org.jfree.data.time.TimeSeries,183.82,176,289,55,128,60.9,43.0,fail,fail,False,ok,/home/pizza/evosuite/results/project-Chart/Chart-17/round02
JxPath,9,nsga2,02,org.apache.commons.jxpath.ri.compiler.CoreOperationCompare|org.apache.commons.jxpath.ri.compiler.CoreOperationEqual|org.apache.commons.jxpath.ri.compiler.CoreOperationNotEqual,513.14,52,68,42,64,76.5,65.6,pass,fail,True,ok,/home/pizza/evosuite/results/project-JxPath/JxPath-9/round02
Gson,4,nsga2,02,com.google.gson.stream.JsonReader|com.google.gson.stream.JsonWriter,346.856,416,876,205,557,47.5,36.8,pass,fail,True,ok,/home/pizza/evosuite/results/project-Gson/Gson-4/round02
JxPath,10,nsga2,02,org.apache.commons.jxpath.ri.compiler.CoreOperationRelationalExpression,163.982,23,43,17,36,53.5,47.2,pass,pass,False,ok,/home/pizza/evosuite/results/project-JxPath/JxPath-10/round02
Gson,5,nsga2,02,com.google.gson.internal.bind.util.ISO8601Utils,172.057,133,151,64,91,88.1,70.3,pass,pass,False,ok,/home/pizza/evosuite/results/project-Gson/Gson-5/round02
Chart,18,nsga2,02,org.jfree.data.DefaultKeyedValues|org.jfree.data.DefaultKeyedValues2D,345.418,252,271,99,126,93.0,78.6,fail,fail,False,ok,/home/pizza/evosuite/results/project-Chart/Chart-18/round02
Gson,6,nsga2,02,com.google.gson.internal.bind.JsonAdapterAnnotationTypeAdapterFactory,163.051,11,21,4,8,52.4,50.0,pass,pass,False,ok,/home/pizza/evosuite/results/project-Gson/Gson-6/round02
Time,1,nsga2,02,org.joda.time.field.UnsupportedDurationField|org.joda.time.Partial,361.69,255,305,87,122,83.6,71.3,pass,fail,True,ok,/home/pizza/evosuite/results/project-Time/Time-1/round02
JxPath,11,nsga2,02,org.apache.commons.jxpath.ri.model.dom.DOMAttributeIterator|org.apache.commons.jxpath.ri.model.jdom.JDOMAttributeIterator,347.552,45,119,28,94,37.8,29.8,fail,fail,False,ok,/home/pizza/evosuite/results/project-JxPath/JxPath-11/round02
Gson,7,nsga2,02,com.google.gson.stream.JsonReader,180.638,265,688,150,477,38.5,31.4,pass,pass,False,ok,/home/pizza/evosuite/results/project-Gson/Gson-7/round02
Gson,8,nsga2,02,com.google.gson.internal.UnsafeAllocator,7.924,,,,,,,,,,generation_failed,/home/pizza/evosuite/results/project-Gson/Gson-8/round02
Chart,19,nsga2,02,org.jfree.chart.plot.CategoryPlot,286.735,685,1140,276,598,60.1,46.2,pass,pass,False,ok,/home/pizza/evosuite/results/project-Chart/Chart-19/round02
JxPath,12,nsga2,02,org.apache.commons.jxpath.ri.model.dom.DOMNodePointer,205.223,,,,,,,error,error,n/a,not_evaluable,/home/pizza/evosuite/results/project-JxPath/JxPath-12/round02
Chart,20,nsga2,02,org.jfree.chart.plot.ValueMarker,167.734,21,22,7,8,95.5,87.5,pass,pass,False,ok,/home/pizza/evosuite/results/project-Chart/Chart-20/round02
Time,2,nsga2,02,org.joda.time.field.UnsupportedDurationField|org.joda.time.Partial,372.188,255,301,86,118,84.7,72.9,pass,pass,False,ok,/home/pizza/evosuite/results/project-Time/Time-2/round02
Chart,21,nsga2,02,org.jfree.data.statistics.DefaultBoxAndWhiskerCategoryDataset,185.796,101,187,17,82,54.0,20.7,fail,fail,False,ok,/home/pizza/evosuite/results/project-Chart/Chart-21/round02
JxPath,13,nsga2,02,org.apache.commons.jxpath.ri.NamespaceResolver|org.apache.commons.jxpath.ri.model.dom.DOMNodePointer,378.388,,,,,,,error,error,n/a,not_evaluable,/home/pizza/evosuite/results/project-JxPath/JxPath-13/round02
Gson,9,nsga2,02,com.google.gson.internal.bind.JsonTreeWriter|com.google.gson.internal.bind.TypeAdapters|com.google.gson.stream.JsonWriter,523.812,441,784,153,338,56.2,45.3,pass,pass,False,ok,/home/pizza/evosuite/results/project-Gson/Gson-9/round02
Time,3,nsga2,02,org.joda.time.MutableDateTime,221.638,178,248,32,63,71.8,50.8,pass,pass,False,ok,/home/pizza/evosuite/results/project-Time/Time-3/round02
Chart,22,nsga2,02,org.jfree.data.KeyedObjects2D,166.39,100,145,39,74,69.0,52.7,fail,fail,False,ok,/home/pizza/evosuite/results/project-Chart/Chart-22/round02
JxPath,14,nsga2,02,org.apache.commons.jxpath.ri.compiler.CoreFunction,181.744,91,361,38,224,25.2,17.0,pass,pass,False,ok,/home/pizza/evosuite/results/project-JxPath/JxPath-14/round02
Gson,10,nsga2,02,com.google.gson.internal.bind.ReflectiveTypeAdapterFactory,166.08,28,117,6,60,23.9,10.0,pass,pass,False,ok,/home/pizza/evosuite/results/project-Gson/Gson-10/round02
Time,4,nsga2,02,org.joda.time.Partial,200.054,213,253,74,106,84.2,69.8,pass,pass,False,ok,/home/pizza/evosuite/results/project-Time/Time-4/round02
JxPath,15,nsga2,02,org.apache.commons.jxpath.ri.axes.UnionContext,164.949,12,20,6,14,60.0,42.9,pass,pass,False,ok,/home/pizza/evosuite/results/project-JxPath/JxPath-15/round02
Chart,23,nsga2,02,org.jfree.chart.renderer.category.MinMaxCategoryRenderer,180.674,54,156,12,56,34.6,21.4,pass,pass,False,ok,/home/pizza/evosuite/results/project-Chart/Chart-23/round02
Gson,11,nsga2,02,com.google.gson.internal.bind.TypeAdapters,172.862,172,500,33,196,34.4,16.8,pass,pass,False,ok,/home/pizza/evosuite/results/project-Gson/Gson-11/round02
Time,5,nsga2,02,org.joda.time.Period,207.63,250,288,47,64,86.8,73.4,pass,pass,False,ok,/home/pizza/evosuite/results/project-Time/Time-5/round02
Chart,24,nsga2,02,org.jfree.chart.renderer.GrayPaintScale,161.386,25,25,10,10,100.0,100.0,pass,fail,True,ok,/home/pizza/evosuite/results/project-Chart/Chart-24/round02
Gson,12,nsga2,02,com.google.gson.internal.bind.JsonTreeReader,178.159,135,170,70,90,79.4,77.8,pass,fail,True,ok,/home/pizza/evosuite/results/project-Gson/Gson-12/round02
JxPath,16,nsga2,02,org.apache.commons.jxpath.ri.model.dom.DOMNodePointer|org.apache.commons.jxpath.ri.model.jdom.JDOMNodePointer,409.026,,,,,,,error,error,n/a,not_evaluable,/home/pizza/evosuite/results/project-JxPath/JxPath-16/round02
Chart,25,nsga2,02,org.jfree.chart.renderer.category.StatisticalBarRenderer,186.724,,,,,,,error,error,n/a,not_evaluable,/home/pizza/evosuite/results/project-Chart/Chart-25/round02
Gson,13,nsga2,02,com.google.gson.stream.JsonReader,179.36,274,683,160,488,40.1,32.8,pass,pass,False,ok,/home/pizza/evosuite/results/project-Gson/Gson-13/round02
Time,6,nsga2,02,org.joda.time.chrono.GJChronology,214.375,258,380,89,182,67.9,48.9,pass,fail,True,ok,/home/pizza/evosuite/results/project-Time/Time-6/round02
Gson,14,nsga2,02,com.google.gson.internal.$Gson$Types,174.551,0,247,0,194,0.0,0.0,pass,pass,False,ok,/home/pizza/evosuite/results/project-Gson/Gson-14/round02
Chart,26,nsga2,02,org.jfree.chart.axis.Axis,210.014,187,351,39,130,53.3,30.0,pass,pass,False,ok,/home/pizza/evosuite/results/project-Chart/Chart-26/round02
Time,7,nsga2,02,org.joda.time.format.DateTimeFormatter,213.142,184,208,66,88,88.5,75.0,pass,pass,False,ok,/home/pizza/evosuite/results/project-Time/Time-7/round02
JxPath,17,nsga2,02,org.apache.commons.jxpath.ri.model.dom.DOMAttributeIterator|org.apache.commons.jxpath.ri.model.jdom.JDOMAttributeIterator,330.788,37,110,21,86,33.6,24.4,fail,fail,False,ok,/home/pizza/evosuite/results/project-JxPath/JxPath-17/round02
Gson,15,nsga2,02,com.google.gson.stream.JsonWriter,170.481,184,198,77,94,92.9,81.9,pass,pass,False,ok,/home/pizza/evosuite/results/project-Gson/Gson-15/round02
JxPath,18,nsga2,02,org.apache.commons.jxpath.ri.axes.AttributeContext,167.204,34,35,18,20,97.1,90.0,pass,pass,False,ok,/home/pizza/evosuite/results/project-JxPath/JxPath-18/round02
Time,8,nsga2,02,org.joda.time.DateTimeZone,211.608,279,357,112,182,78.2,61.5,fail,fail,False,ok,/home/pizza/evosuite/results/project-Time/Time-8/round02
Gson,16,nsga2,02,com.google.gson.internal.$Gson$Types,175.193,0,251,0,196,0.0,0.0,pass,pass,False,ok,/home/pizza/evosuite/results/project-Gson/Gson-16/round02
Gson,17,nsga2,02,com.google.gson.DefaultDateTypeAdapter,165.092,47,56,7,16,83.9,43.8,pass,fail,True,ok,/home/pizza/evosuite/results/project-Gson/Gson-17/round02
Time,9,nsga2,02,org.joda.time.DateTimeZone,201.562,271,355,106,178,76.3,59.6,pass,fail,True,ok,/home/pizza/evosuite/results/project-Time/Time-9/round02
JxPath,19,nsga2,02,org.apache.commons.jxpath.ri.model.dom.DOMNodePointer|org.apache.commons.jxpath.ri.model.jdom.JDOMNodePointer,376.959,,,,,,,error,error,n/a,not_evaluable,/home/pizza/evosuite/results/project-JxPath/JxPath-19/round02
Gson,18,nsga2,02,com.google.gson.internal.$Gson$Types,172.556,0,253,0,198,0.0,0.0,pass,pass,False,ok,/home/pizza/evosuite/results/project-Gson/Gson-18/round02
Time,10,nsga2,02,org.joda.time.base.BaseSingleFieldPeriod,177.617,66,71,41,46,93.0,89.1,pass,pass,False,ok,/home/pizza/evosuite/results/project-Time/Time-10/round02
JxPath,20,nsga2,02,org.apache.commons.jxpath.ri.compiler.CoreOperationRelationalExpression,163.805,43,49,33,40,87.8,82.5,pass,pass,False,ok,/home/pizza/evosuite/results/project-JxPath/JxPath-20/round02
JxPath,21,nsga2,02,org.apache.commons.jxpath.ri.model.beans.PropertyPointer,170.67,50,71,24,54,70.4,44.4,pass,pass,False,ok,/home/pizza/evosuite/results/project-JxPath/JxPath-21/round02
Time,11,nsga2,02,org.joda.time.tz.ZoneInfoCompiler,177.701,184,393,73,193,46.8,37.8,pass,pass,False,ok,/home/pizza/evosuite/results/project-Time/Time-11/round02
Cli,1,nsga2,02,org.apache.commons.cli.CommandLine,1.937,,,,,,,,,,generation_failed,/home/pizza/evosuite/results/project-Cli/Cli-1/round02
Cli,2,nsga2,02,org.apache.commons.cli.PosixParser,1.986,,,,,,,,,,generation_failed,/home/pizza/evosuite/results/project-Cli/Cli-2/round02
Cli,3,nsga2,02,org.apache.commons.cli.TypeHandler,2.098,,,,,,,,,,generation_failed,/home/pizza/evosuite/results/project-Cli/Cli-3/round02
JxPath,22,nsga2,02,org.apache.commons.jxpath.ri.model.dom.DOMNodePointer,206.815,,,,,,,error,error,n/a,not_evaluable,/home/pizza/evosuite/results/project-JxPath/JxPath-22/round02
Cli,4,nsga2,02,org.apache.commons.cli.Parser,165.412,0,101,0,70,0.0,0.0,fail,fail,False,ok,/home/pizza/evosuite/results/project-Cli/Cli-4/round02
Collections,1,nsga2,02,org.apache.commons.collections.map.Flat3Map,191.76,226,495,121,376,45.7,32.2,pass,pass,False,ok,/home/pizza/evosuite/results/project-Collections/Collections-1/round02
Cli,5,nsga2,02,org.apache.commons.cli.Util,157.697,0,13,0,10,0.0,0.0,fail,fail,False,ok,/home/pizza/evosuite/results/project-Cli/Cli-5/round02
Cli,7,nsga2,02,org.apache.commons.cli2.builder.PatternBuilder,1.813,,,,,,,,,,generation_failed,/home/pizza/evosuite/results/project-Cli/Cli-7/round02
Time,12,nsga2,02,org.joda.time.LocalDate|org.joda.time.LocalDateTime,537.593,493,676,141,244,72.9,57.8,pass,pass,False,ok,/home/pizza/evosuite/results/project-Time/Time-12/round02
Collections,2,nsga2,02,org.apache.commons.collections.ExtendedProperties,182.767,256,473,118,274,54.1,43.1,fail,fail,False,ok,/home/pizza/evosuite/results/project-Collections/Collections-2/round02
Cli,8,nsga2,02,org.apache.commons.cli.HelpFormatter,203.226,0,192,0,104,0.0,0.0,fail,fail,False,ok,/home/pizza/evosuite/results/project-Cli/Cli-8/round02
Time,13,nsga2,02,org.joda.time.format.PeriodFormatterBuilder,209.168,364,675,130,458,53.9,28.4,pass,pass,False,ok,/home/pizza/evosuite/results/project-Time/Time-13/round02
Collections,3,nsga2,02,org.apache.commons.collections.CollectionUtils,241.035,233,329,129,244,70.8,52.9,pass,pass,False,ok,/home/pizza/evosuite/results/project-Collections/Collections-3/round02
Cli,9,nsga2,02,org.apache.commons.cli.Parser,167.044,0,106,0,70,0.0,0.0,fail,fail,False,ok,/home/pizza/evosuite/results/project-Cli/Cli-9/round02
Time,14,nsga2,02,org.joda.time.chrono.BasicMonthOfYearDateTimeField,195.622,111,118,43,52,94.1,82.7,pass,pass,False,ok,/home/pizza/evosuite/results/project-Time/Time-14/round02
Cli,10,nsga2,02,org.apache.commons.cli.Parser,171.537,0,106,0,70,0.0,0.0,fail,fail,False,ok,/home/pizza/evosuite/results/project-Cli/Cli-10/round02
Collections,4,nsga2,02,org.apache.commons.collections.map.MultiValueMap,173.649,103,112,41,48,92.0,85.4,pass,pass,False,ok,/home/pizza/evosuite/results/project-Collections/Collections-4/round02
Collections,5,nsga2,02,org.apache.commons.collections.list.SetUniqueList,171.852,81,86,17,22,94.2,77.3,pass,pass,False,ok,/home/pizza/evosuite/results/project-Collections/Collections-5/round02
Time,15,nsga2,02,org.joda.time.field.FieldUtils,191.034,74,77,64,72,96.1,88.9,pass,pass,False,ok,/home/pizza/evosuite/results/project-Time/Time-15/round02
Cli,11,nsga2,02,org.apache.commons.cli.HelpFormatter,302.126,,,,,,,,,,generation_failed,/home/pizza/evosuite/results/project-Cli/Cli-11/round02
Collections,6,nsga2,02,org.apache.commons.collections.map.Flat3Map,182.676,255,495,147,376,51.5,39.1,pass,pass,False,ok,/home/pizza/evosuite/results/project-Collections/Collections-6/round02
Cli,12,nsga2,02,org.apache.commons.cli.GnuParser,159.367,0,28,0,20,0.0,0.0,fail,fail,False,ok,/home/pizza/evosuite/results/project-Cli/Cli-12/round02
Cli,13,nsga2,02,org.apache.commons.cli2.WriteableCommandLine|org.apache.commons.cli2.commandline.WriteableCommandLineImpl|org.apache.commons.cli2.option.ArgumentImpl,3.306,,,,,,,,,,generation_failed,/home/pizza/evosuite/results/project-Cli/Cli-13/round02
Time,16,nsga2,02,org.joda.time.format.DateTimeFormatter,201.375,175,208,63,88,84.1,71.6,pass,pass,False,ok,/home/pizza/evosuite/results/project-Time/Time-16/round02
Cli,14,nsga2,02,org.apache.commons.cli2.option.GroupImpl,2.516,,,,,,,,,,generation_failed,/home/pizza/evosuite/results/project-Cli/Cli-14/round02
Cli,15,nsga2,02,org.apache.commons.cli2.commandline.WriteableCommandLineImpl,2.92,,,,,,,,,,generation_failed,/home/pizza/evosuite/results/project-Cli/Cli-15/round02
Cli,16,nsga2,02,org.apache.commons.cli2.Option|org.apache.commons.cli2.commandline.WriteableCommandLineImpl|org.apache.commons.cli2.option.GroupImpl|org.apache.commons.cli2.option.OptionImpl,4.885,,,,,,,,,,generation_failed,/home/pizza/evosuite/results/project-Cli/Cli-16/round02
Collections,7,nsga2,02,org.apache.commons.collections.ExtendedProperties,180.461,240,491,109,280,48.9,38.9,pass,pass,False,ok,/home/pizza/evosuite/results/project-Collections/Collections-7/round02
Cli,17,nsga2,02,org.apache.commons.cli.PosixParser,162.839,0,68,0,42,0.0,0.0,fail,fail,False,ok,/home/pizza/evosuite/results/project-Cli/Cli-17/round02
Time,17,nsga2,02,org.joda.time.DateTimeZone,217.527,287,353,108,170,81.3,63.5,pass,pass,False,ok,/home/pizza/evosuite/results/project-Time/Time-17/round02
Collections,8,nsga2,02,org.apache.commons.collections.buffer.UnboundedFifoBuffer,204.819,73,90,30,36,81.1,83.3,pass,pass,False,ok,/home/pizza/evosuite/results/project-Collections/Collections-8/round02
Cli,18,nsga2,02,org.apache.commons.cli.PosixParser,164.934,0,65,0,42,0.0,0.0,fail,fail,False,ok,/home/pizza/evosuite/results/project-Cli/Cli-18/round02
Time,18,nsga2,02,org.joda.time.chrono.GJChronology,194.507,229,352,65,158,65.1,41.1,pass,pass,False,ok,/home/pizza/evosuite/results/project-Time/Time-18/round02
Collections,9,nsga2,02,org.apache.commons.collections.ExtendedProperties,179.481,264,491,117,280,53.8,41.8,pass,pass,False,ok,/home/pizza/evosuite/results/project-Collections/Collections-9/round02
Cli,19,nsga2,02,org.apache.commons.cli.PosixParser,162.632,0,64,0,42,0.0,0.0,fail,fail,False,ok,/home/pizza/evosuite/results/project-Cli/Cli-19/round02
Cli,20,nsga2,02,org.apache.commons.cli.PosixParser,162.827,0,68,0,48,0.0,0.0,fail,fail,False,ok,/home/pizza/evosuite/results/project-Cli/Cli-20/round02
Collections,10,nsga2,02,org.apache.commons.collections.map.MultiValueMap,172.597,104,119,42,48,87.4,87.5,pass,pass,False,ok,/home/pizza/evosuite/results/project-Collections/Collections-10/round02
Time,19,nsga2,02,org.joda.time.DateTimeZone,200.033,286,343,111,162,83.4,68.5,pass,pass,False,ok,/home/pizza/evosuite/results/project-Time/Time-19/round02
Cli,21,nsga2,02,org.apache.commons.cli2.WriteableCommandLine|org.apache.commons.cli2.commandline.WriteableCommandLineImpl|org.apache.commons.cli2.option.GroupImpl,4.19,,,,,,,,,,generation_failed,/home/pizza/evosuite/results/project-Cli/Cli-21/round02
Cli,22,nsga2,02,org.apache.commons.cli.PosixParser,164.729,0,59,0,44,0.0,0.0,fail,fail,False,ok,/home/pizza/evosuite/results/project-Cli/Cli-22/round02
Collections,11,nsga2,02,org.apache.commons.collections.keyvalue.MultiKey,165.164,35,37,12,12,94.6,100.0,pass,pass,False,ok,/home/pizza/evosuite/results/project-Collections/Collections-11/round02
Time,20,nsga2,02,org.joda.time.format.DateTimeFormatterBuilder,217.951,406,1037,169,595,39.2,28.4,pass,pass,False,ok,/home/pizza/evosuite/results/project-Time/Time-20/round02
Cli,23,nsga2,02,org.apache.commons.cli.HelpFormatter,192.885,0,197,0,110,0.0,0.0,fail,fail,False,ok,/home/pizza/evosuite/results/project-Cli/Cli-23/round02
Collections,12,nsga2,02,org.apache.commons.collections.ExtendedProperties,189.821,240,490,104,278,49.0,37.4,fail,fail,False,ok,/home/pizza/evosuite/results/project-Collections/Collections-12/round02
Time,22,nsga2,02,org.joda.time.base.BasePeriod,186.095,159,176,40,58,90.3,69.0,pass,pass,False,ok,/home/pizza/evosuite/results/project-Time/Time-22/round02
Cli,24,nsga2,02,org.apache.commons.cli.HelpFormatter,189.675,0,198,0,112,0.0,0.0,fail,fail,False,ok,/home/pizza/evosuite/results/project-Cli/Cli-24/round02
Collections,13,nsga2,02,org.apache.commons.collections.ExtendedProperties,179.171,268,492,116,280,54.5,41.4,fail,fail,False,ok,/home/pizza/evosuite/results/project-Collections/Collections-13/round02
Time,23,nsga2,02,org.joda.time.DateTimeZone,213.01,269,343,102,162,78.4,63.0,pass,pass,False,ok,/home/pizza/evosuite/results/project-Time/Time-23/round02
Collections,14,nsga2,02,org.apache.commons.collections.map.CaseInsensitiveMap,158.899,18,21,4,4,85.7,100.0,pass,pass,False,ok,/home/pizza/evosuite/results/project-Collections/Collections-14/round02
Cli,25,nsga2,02,org.apache.commons.cli.HelpFormatter,211.137,0,198,0,112,0.0,0.0,fail,fail,False,ok,/home/pizza/evosuite/results/project-Cli/Cli-25/round02
Cli,26,nsga2,02,org.apache.commons.cli.OptionBuilder,163.216,0,63,0,4,0.0,0.0,fail,fail,False,ok,/home/pizza/evosuite/results/project-Cli/Cli-26/round02
Collections,15,nsga2,02,org.apache.commons.collections.list.SetUniqueList,172.545,80,86,19,22,93.0,86.4,fail,fail,False,ok,/home/pizza/evosuite/results/project-Collections/Collections-15/round02
Time,24,nsga2,02,org.joda.time.format.DateTimeParserBucket,197.107,141,147,64,70,95.9,91.4,pass,pass,False,ok,/home/pizza/evosuite/results/project-Time/Time-24/round02
Cli,27,nsga2,02,org.apache.commons.cli.OptionGroup,159.858,0,34,0,12,0.0,0.0,fail,fail,False,ok,/home/pizza/evosuite/results/project-Cli/Cli-27/round02
Collections,16,nsga2,02,org.apache.commons.collections.list.SetUniqueList,172.106,82,99,20,24,82.8,83.3,fail,fail,False,ok,/home/pizza/evosuite/results/project-Collections/Collections-16/round02
Time,25,nsga2,02,org.joda.time.DateTimeZone,217.606,269,336,103,158,80.1,65.2,pass,pass,False,ok,/home/pizza/evosuite/results/project-Time/Time-25/round02
Cli,28,nsga2,02,org.apache.commons.cli.Parser,166.729,0,101,0,68,0.0,0.0,fail,fail,False,ok,/home/pizza/evosuite/results/project-Cli/Cli-28/round02
Collections,17,nsga2,02,org.apache.commons.collections.functors.EqualPredicate,158.083,15,16,5,6,93.8,83.3,pass,pass,False,ok,/home/pizza/evosuite/results/project-Collections/Collections-17/round02
Cli,29,nsga2,02,org.apache.commons.cli.Util,157.972,0,12,0,14,0.0,0.0,fail,fail,False,ok,/home/pizza/evosuite/results/project-Cli/Cli-29/round02
Collections,18,nsga2,02,org.apache.commons.collections.set.ListOrderedSet,165.807,89,98,32,40,90.8,80.0,fail,fail,False,ok,/home/pizza/evosuite/results/project-Collections/Collections-18/round02
Collections,19,nsga2,02,org.apache.commons.collections.list.SetUniqueList,170.717,107,111,39,40,96.4,97.5,pass,pass,False,ok,/home/pizza/evosuite/results/project-Collections/Collections-19/round02
Cli,30,nsga2,02,org.apache.commons.cli.DefaultParser|org.apache.commons.cli.Parser,335.207,0,296,0,234,0.0,0.0,fail,fail,False,ok,/home/pizza/evosuite/results/project-Cli/Cli-30/round02
Time,26,nsga2,02,org.joda.time.chrono.ZonedChronology|org.joda.time.DateTimeZone|org.joda.time.field.LenientDateTimeField,569.438,464,573,165,242,81.0,68.2,pass,pass,False,ok,/home/pizza/evosuite/results/project-Time/Time-26/round02
Collections,20,nsga2,02,org.apache.commons.collections.list.TreeList,185.232,239,292,112,154,81.8,72.7,pass,pass,False,ok,/home/pizza/evosuite/results/project-Collections/Collections-20/round02
Time,27,nsga2,02,org.joda.time.format.PeriodFormatterBuilder,226.658,395,672,169,450,58.8,37.6,pass,pass,False,ok,/home/pizza/evosuite/results/project-Time/Time-27/round02
Collections,21,nsga2,02,org.apache.commons.collections4.list.SetUniqueList,169.374,101,109,32,38,92.7,84.2,fail,fail,False,ok,/home/pizza/evosuite/results/project-Collections/Collections-21/round02
Collections,22,nsga2,02,org.apache.commons.collections4.map.ListOrderedMap,174.048,131,197,27,52,66.5,51.9,fail,fail,False,ok,/home/pizza/evosuite/results/project-Collections/Collections-22/round02
Cli,31,nsga2,02,org.apache.commons.cli.HelpFormatter|org.apache.commons.cli.Option|org.apache.commons.cli.OptionBuilder,608.997,0,385,0,212,0.0,0.0,fail,fail,False,ok,/home/pizza/evosuite/results/project-Cli/Cli-31/round02
Collections,23,nsga2,02,org.apache.commons.collections4.trie.UnmodifiableTrie,159.137,5,37,2,4,13.5,50.0,pass,pass,False,ok,/home/pizza/evosuite/results/project-Collections/Collections-23/round02
JacksonCore,18,nsga2,02,com.fasterxml.jackson.core.base.GeneratorBase|com.fasterxml.jackson.core.json.UTF8JsonGenerator|com.fasterxml.jackson.core.json.WriterBasedJsonGenerator,546.18,699,2113,277,1082,33.1,25.6,pass,pass,False,ok,/home/pizza/evosuite/results/project-JacksonCore/JacksonCore-18/round02
Cli,32,nsga2,02,org.apache.commons.cli.HelpFormatter,292.467,0,201,0,114,0.0,0.0,fail,fail,False,ok,/home/pizza/evosuite/results/project-Cli/Cli-32/round02
Collections,24,nsga2,02,org.apache.commons.collections4.collection.UnmodifiableBoundedCollection,162.968,25,29,13,14,86.2,92.9,pass,pass,False,ok,/home/pizza/evosuite/results/project-Collections/Collections-24/round02
Cli,33,nsga2,02,org.apache.commons.cli.HelpFormatter,212.33,0,211,0,118,0.0,0.0,fail,fail,False,ok,/home/pizza/evosuite/results/project-Cli/Cli-33/round02
Collections,25,nsga2,02,org.apache.commons.collections4.IteratorUtils,194.341,123,216,56,132,56.9,42.4,pass,pass,False,ok,/home/pizza/evosuite/results/project-Collections/Collections-25/round02
Mockito,1,nsga2,02,org.mockito.internal.invocation.InvocationMatcher,186.788,20,69,5,60,29.0,8.3,pass,pass,False,ok,/home/pizza/evosuite/results/project-Mockito/Mockito-1/round02
JacksonCore,19,nsga2,02,com.fasterxml.jackson.core.json.ReaderBasedJsonParser|com.fasterxml.jackson.core.json.UTF8StreamJsonParser,484.616,229,3203,111,2258,7.1,4.9,pass,pass,False,ok,/home/pizza/evosuite/results/project-JacksonCore/JacksonCore-19/round02
Collections,26,nsga2,02,org.apache.commons.collections4.keyvalue.MultiKey,163.827,34,37,12,12,91.9,100.0,pass,pass,False,ok,/home/pizza/evosuite/results/project-Collections/Collections-26/round02
Cli,34,nsga2,02,org.apache.commons.cli.Option|org.apache.commons.cli.OptionBuilder,358.273,0,181,0,88,0.0,0.0,fail,fail,False,ok,/home/pizza/evosuite/results/project-Cli/Cli-34/round02
JacksonCore,20,nsga2,02,com.fasterxml.jackson.core.JsonGenerator,172.55,65,266,20,101,24.4,19.8,pass,pass,False,ok,/home/pizza/evosuite/results/project-JacksonCore/JacksonCore-20/round02
Collections,27,nsga2,02,org.apache.commons.collections4.map.MultiValueMap,171.056,95,131,35,54,72.5,64.8,pass,pass,False,ok,/home/pizza/evosuite/results/project-Collections/Collections-27/round02
Cli,35,nsga2,02,org.apache.commons.cli.Options,166.436,58,59,21,22,98.3,95.5,pass,pass,False,ok,/home/pizza/evosuite/results/project-Cli/Cli-35/round02
Mockito,2,nsga2,02,org.mockito.internal.util.Timer,177.837,13,13,4,8,100.0,50.0,pass,fail,True,ok,/home/pizza/evosuite/results/project-Mockito/Mockito-2/round02
JacksonCore,21,nsga2,02,com.fasterxml.jackson.core.filter.FilteringParserDelegate,181.254,74,386,28,271,19.2,10.3,pass,pass,False,ok,/home/pizza/evosuite/results/project-JacksonCore/JacksonCore-21/round02
Collections,28,nsga2,02,org.apache.commons.collections4.trie.AbstractPatriciaTrie,269.552,433,829,214,546,52.2,39.2,pass,pass,False,ok,/home/pizza/evosuite/results/project-Collections/Collections-28/round02
JacksonCore,22,nsga2,02,com.fasterxml.jackson.core.filter.FilteringParserDelegate,180.787,67,388,20,283,17.3,7.1,pass,pass,False,ok,/home/pizza/evosuite/results/project-JacksonCore/JacksonCore-22/round02
Cli,36,nsga2,02,org.apache.commons.cli.OptionGroup|org.apache.commons.cli.Options,323.775,94,94,36,36,100.0,100.0,pass,pass,False,ok,/home/pizza/evosuite/results/project-Cli/Cli-36/round02
Mockito,3,nsga2,02,org.mockito.internal.invocation.InvocationMatcher,183.493,22,70,5,56,31.4,8.9,pass,pass,False,ok,/home/pizza/evosuite/results/project-Mockito/Mockito-3/round02
JacksonCore,23,nsga2,02,com.fasterxml.jackson.core.util.DefaultPrettyPrinter,172.812,105,108,40,42,97.2,95.2,pass,pass,False,ok,/home/pizza/evosuite/results/project-JacksonCore/JacksonCore-23/round02
Cli,37,nsga2,02,org.apache.commons.cli.DefaultParser,165.963,84,191,53,158,44.0,33.5,pass,pass,False,ok,/home/pizza/evosuite/results/project-Cli/Cli-37/round02
Cli,38,nsga2,02,org.apache.commons.cli.DefaultParser,168.594,103,193,67,164,53.4,40.9,pass,pass,False,ok,/home/pizza/evosuite/results/project-Cli/Cli-38/round02
Cli,39,nsga2,02,org.apache.commons.cli.TypeHandler,160.133,30,45,12,20,66.7,60.0,pass,pass,False,ok,/home/pizza/evosuite/results/project-Cli/Cli-39/round02
JacksonCore,24,nsga2,02,com.fasterxml.jackson.core.base.ParserBase|com.fasterxml.jackson.core.base.ParserMinimalBase,353.094,169,611,68,411,27.7,16.5,pass,pass,False,ok,/home/pizza/evosuite/results/project-JacksonCore/JacksonCore-24/round02
Mockito,4,nsga2,02,org.mockito.exceptions.Reporter,188.307,77,159,6,20,48.4,30.0,pass,pass,False,ok,/home/pizza/evosuite/results/project-Mockito/Mockito-4/round02
Cli,40,nsga2,02,org.apache.commons.cli.TypeHandler,160.476,33,45,12,20,73.3,60.0,pass,fail,True,ok,/home/pizza/evosuite/results/project-Cli/Cli-40/round02
JacksonCore,25,nsga2,02,com.fasterxml.jackson.core.json.ReaderBasedJsonParser,190.796,269,1438,135,1084,18.7,12.5,pass,pass,False,ok,/home/pizza/evosuite/results/project-JacksonCore/JacksonCore-25/round02
JacksonCore,26,nsga2,02,com.fasterxml.jackson.core.json.async.NonBlockingJsonParser,8.618,,,,,,,,,,generation_failed,/home/pizza/evosuite/results/project-JacksonCore/JacksonCore-26/round02
Mockito,5,nsga2,02,org.mockito.internal.verification.VerificationOverTimeImpl,179.792,23,36,9,12,63.9,75.0,pass,pass,False,ok,/home/pizza/evosuite/results/project-Mockito/Mockito-5/round02
Compress,1,nsga2,02,org.apache.commons.compress.archivers.cpio.CpioArchiveOutputStream,180.243,155,165,49,59,93.9,83.1,pass,pass,False,ok,/home/pizza/evosuite/results/project-Compress/Compress-1/round02
Lang,4,nsga2,02,org.apache.commons.lang3.text.translate.LookupTranslator,165.228,25,25,14,14,100.0,100.0,pass,pass,False,ok,/home/pizza/evosuite/results/project-Lang/Lang-4/round02
Compress,21,nsga2,02,org.apache.commons.compress.archivers.sevenz.SevenZOutputFile,302.154,,,,,,,,,,generation_failed,/home/pizza/evosuite/results/project-Compress/Compress-21/round02
Compress,2,nsga2,02,org.apache.commons.compress.archivers.ar.ArArchiveInputStream,302.588,,,,,,,,,,generation_failed,/home/pizza/evosuite/results/project-Compress/Compress-2/round02
Lang,5,nsga2,02,org.apache.commons.lang3.LocaleUtils,175.661,67,96,36,70,69.8,51.4,fail,fail,False,ok,/home/pizza/evosuite/results/project-Lang/Lang-5/round02
Compress,22,nsga2,02,org.apache.commons.compress.compressors.bzip2.BZip2CompressorInputStream,180.384,22,490,12,265,4.5,4.5,pass,pass,False,ok,/home/pizza/evosuite/results/project-Compress/Compress-22/round02
Mockito,6,nsga2,02,org.mockito.Matchers,216.927,55,55,0,0,100.0,,pass,pass,False,ok,/home/pizza/evosuite/results/project-Mockito/Mockito-6/round02
Compress,3,nsga2,02,org.apache.commons.compress.archivers.tar.TarArchiveOutputStream,181.584,54,95,14,30,56.8,46.7,pass,pass,False,ok,/home/pizza/evosuite/results/project-Compress/Compress-3/round02
Lang,6,nsga2,02,org.apache.commons.lang3.text.translate.CharSequenceTranslator,184.965,28,30,12,12,93.3,100.0,pass,pass,False,ok,/home/pizza/evosuite/results/project-Lang/Lang-6/round02
Compress,23,nsga2,02,org.apache.commons.compress.archivers.sevenz.Coders,201.894,75,103,19,34,72.8,55.9,fail,fail,False,ok,/home/pizza/evosuite/results/project-Compress/Compress-23/round02
Compress,24,nsga2,02,org.apache.commons.compress.archivers.tar.TarUtils,183.786,104,178,56,116,58.4,48.3,pass,pass,False,ok,/home/pizza/evosuite/results/project-Compress/Compress-24/round02
Lang,7,nsga2,02,org.apache.commons.lang3.math.NumberUtils,206.689,254,380,186,366,66.8,50.8,pass,pass,False,ok,/home/pizza/evosuite/results/project-Lang/Lang-7/round02
Compress,25,nsga2,02,org.apache.commons.compress.archivers.zip.ZipArchiveInputStream,181.068,74,402,29,252,18.4,11.5,pass,pass,False,ok,/home/pizza/evosuite/results/project-Compress/Compress-25/round02
Mockito,7,nsga2,02,org.mockito.internal.util.reflection.GenericMetadataSupport,199.908,25,175,13,82,14.3,15.9,pass,pass,False,ok,/home/pizza/evosuite/results/project-Mockito/Mockito-7/round02
Lang,8,nsga2,02,org.apache.commons.lang3.time.FastDatePrinter,223.908,207,337,69,150,61.4,46.0,pass,pass,False,ok,/home/pizza/evosuite/results/project-Lang/Lang-8/round02
Compress,4,nsga2,02,org.apache.commons.compress.archivers.cpio.CpioArchiveOutputStream|org.apache.commons.compress.archivers.tar.TarArchiveOutputStream|org.apache.commons.compress.archivers.zip.ZipArchiveOutputStream|org.apache.commons.compress.changes.ChangeSetPerformer,738.233,213,614,65,253,34.7,25.7,fail,fail,False,ok,/home/pizza/evosuite/results/project-Compress/Compress-4/round02
Compress,26,nsga2,02,org.apache.commons.compress.utils.IOUtils,169.961,40,45,22,24,88.9,91.7,pass,pass,False,ok,/home/pizza/evosuite/results/project-Compress/Compress-26/round02
Lang,9,nsga2,02,org.apache.commons.lang3.time.FastDateParser,193.417,215,275,81,125,78.2,64.8,pass,fail,True,ok,/home/pizza/evosuite/results/project-Lang/Lang-9/round02
Compress,5,nsga2,02,org.apache.commons.compress.archivers.zip.ZipArchiveInputStream,174.001,55,164,26,96,33.5,27.1,pass,pass,False,ok,/home/pizza/evosuite/results/project-Compress/Compress-5/round02
Compress,27,nsga2,02,org.apache.commons.compress.archivers.tar.TarUtils,179.781,112,175,62,114,64.0,54.4,pass,pass,False,ok,/home/pizza/evosuite/results/project-Compress/Compress-27/round02
Lang,10,nsga2,02,org.apache.commons.lang3.time.FastDateParser,184.572,213,273,81,123,78.0,65.9,pass,fail,True,ok,/home/pizza/evosuite/results/project-Lang/Lang-10/round02
Mockito,8,nsga2,02,org.mockito.internal.util.reflection.GenericMetadataSupport,194.03,27,174,12,82,15.5,14.6,pass,pass,False,ok,/home/pizza/evosuite/results/project-Mockito/Mockito-8/round02
Compress,6,nsga2,02,org.apache.commons.compress.archivers.zip.ZipArchiveEntry,193.186,127,139,48,60,91.4,80.0,pass,fail,True,ok,/home/pizza/evosuite/results/project-Compress/Compress-6/round02
Compress,28,nsga2,02,org.apache.commons.compress.archivers.tar.TarArchiveInputStream,180.268,98,215,34,124,45.6,27.4,pass,pass,False,ok,/home/pizza/evosuite/results/project-Compress/Compress-28/round02
Compress,7,nsga2,02,org.apache.commons.compress.archivers.tar.TarUtils,176.698,50,64,31,38,78.1,81.6,pass,pass,False,ok,/home/pizza/evosuite/results/project-Compress/Compress-7/round02
Lang,11,nsga2,02,org.apache.commons.lang3.RandomStringUtils,241.864,46,58,47,56,79.3,83.9,pass,fail,True,ok,/home/pizza/evosuite/results/project-Lang/Lang-11/round02
Mockito,9,nsga2,02,org.mockito.internal.stubbing.answers.CallsRealMethods,42.979,2,4,0,2,50.0,0.0,pass,pass,False,ok,/home/pizza/evosuite/results/project-Mockito/Mockito-9/round02
Compress,8,nsga2,02,org.apache.commons.compress.archivers.tar.TarUtils,173.869,63,81,30,48,77.8,62.5,pass,fail,True,ok,/home/pizza/evosuite/results/project-Compress/Compress-8/round02
Lang,12,nsga2,02,org.apache.commons.lang3.RandomStringUtils,246.047,43,56,44,54,76.8,81.5,pass,pass,False,ok,/home/pizza/evosuite/results/project-Lang/Lang-12/round02
Compress,9,nsga2,02,org.apache.commons.compress.archivers.tar.TarArchiveOutputStream,177.497,88,111,39,42,79.3,92.9,pass,fail,True,ok,/home/pizza/evosuite/results/project-Compress/Compress-9/round02
Lang,13,nsga2,02,org.apache.commons.lang3.SerializationUtils,164.019,60,79,13,16,75.9,81.2,fail,fail,False,ok,/home/pizza/evosuite/results/project-Lang/Lang-13/round02
Compress,10,nsga2,02,org.apache.commons.compress.archivers.zip.ZipFile,168.655,41,307,5,113,13.4,4.4,fail,fail,False,ok,/home/pizza/evosuite/results/project-Compress/Compress-10/round02
Mockito,10,nsga2,02,org.mockito.internal.stubbing.defaultanswers.ReturnsDeepStubs,184.089,6,44,0,8,13.6,0.0,pass,pass,False,ok,/home/pizza/evosuite/results/project-Mockito/Mockito-10/round02
Lang,14,nsga2,02,org.apache.commons.lang3.StringUtils,302.814,,,,,,,,,,generation_failed,/home/pizza/evosuite/results/project-Lang/Lang-14/round02
Compress,11,nsga2,02,org.apache.commons.compress.archivers.ArchiveStreamFactory,176.473,56,70,39,48,80.0,81.2,fail,fail,False,ok,/home/pizza/evosuite/results/project-Compress/Compress-11/round02
Compress,12,nsga2,02,org.apache.commons.compress.archivers.tar.TarArchiveInputStream,199.16,82,200,37,110,41.0,33.6,pass,pass,False,ok,/home/pizza/evosuite/results/project-Compress/Compress-12/round02
Lang,15,nsga2,02,org.apache.commons.lang3.reflect.TypeUtils,200.33,115,299,99,282,38.5,35.1,pass,pass,False,ok,/home/pizza/evosuite/results/project-Lang/Lang-15/round02
Lang,16,nsga2,02,org.apache.commons.lang3.math.NumberUtils,523.021,,,,,,,,,,generation_failed,/home/pizza/evosuite/results/project-Lang/Lang-16/round02
Compress,13,nsga2,02,org.apache.commons.compress.archivers.zip.ZipArchiveEntry,566.893,,,,,,,,,,generation_failed,/home/pizza/evosuite/results/project-Compress/Compress-13/round02
Mockito,11,nsga2,02,org.mockito.internal.creation.DelegatingMethod,685.731,,,,,,,,,,generation_failed,/home/pizza/evosuite/results/project-Mockito/Mockito-11/round02
Compress,29,nsga2,02,org.apache.commons.compress.archivers.ArchiveStreamFactory|org.apache.commons.compress.archivers.cpio.CpioArchiveInputStream|org.apache.commons.compress.archivers.cpio.CpioArchiveOutputStream|org.apache.commons.compress.archivers.dump.DumpArchiveInputStream|org.apache.commons.compress.archivers.tar.TarArchiveInputStream|org.apache.commons.compress.archivers.tar.TarArchiveOutputStream|org.apache.commons.compress.archivers.zip.ZipArchiveInputStream,1907.14,527,1619,191,889,32.6,21.5,fail,fail,False,ok,/home/pizza/evosuite/results/project-Compress/Compress-29/round02
Compress,14,nsga2,02,org.apache.commons.compress.archivers.tar.TarUtils,850.02,,,,,,,,,,generation_failed,/home/pizza/evosuite/results/project-Compress/Compress-14/round02
Lang,17,nsga2,02,org.apache.commons.lang3.text.translate.CharSequenceTranslator,828.643,,,,,,,,,,generation_failed,/home/pizza/evosuite/results/project-Lang/Lang-17/round02
Compress,30,nsga2,02,org.apache.commons.compress.compressors.bzip2.BZip2CompressorInputStream,787.628,,,,,,,,,,generation_failed,/home/pizza/evosuite/results/project-Compress/Compress-30/round02
Mockito,12,nsga2,02,org.mockito.internal.util.reflection.GenericMaster,818.532,,,,,,,,,,generation_failed,/home/pizza/evosuite/results/project-Mockito/Mockito-12/round02
Lang,19,nsga2,02,org.apache.commons.lang3.text.translate.NumericEntityUnescaper,160.938,18,32,18,38,56.2,47.4,pass,fail,True,ok,/home/pizza/evosuite/results/project-Lang/Lang-19/round02
Compress,15,nsga2,02,org.apache.commons.compress.archivers.zip.ZipArchiveEntry,188.047,183,203,82,110,90.1,74.5,pass,pass,False,ok,/home/pizza/evosuite/results/project-Compress/Compress-15/round02
Mockito,13,nsga2,02,org.mockito.internal.MockHandler,171.702,21,41,2,8,51.2,25.0,pass,pass,False,ok,/home/pizza/evosuite/results/project-Mockito/Mockito-13/round02
Lang,31,nsga2,02,org.apache.commons.lang3.StringUtils,262.629,639,1183,476,1055,54.0,45.1,fail,fail,False,ok,/home/pizza/evosuite/results/project-Lang/Lang-31/round02
Compress,16,nsga2,02,org.apache.commons.compress.archivers.ArchiveStreamFactory,173.876,59,71,40,50,83.1,80.0,fail,fail,False,ok,/home/pizza/evosuite/results/project-Compress/Compress-16/round02
Lang,20,nsga2,02,org.apache.commons.lang3.StringUtils,262.824,632,1298,430,1145,48.7,37.6,pass,pass,False,ok,/home/pizza/evosuite/results/project-Lang/Lang-20/round02
Lang,32,nsga2,02,org.apache.commons.lang3.builder.HashCodeBuilder,188.848,141,155,78,96,91.0,81.2,fail,fail,False,ok,/home/pizza/evosuite/results/project-Lang/Lang-32/round02
Mockito,14,nsga2,02,org.mockito.internal.MockHandler|org.mockito.internal.MockitoCore,339.95,73,107,22,36,68.2,61.1,pass,pass,False,ok,/home/pizza/evosuite/results/project-Mockito/Mockito-14/round02
Compress,17,nsga2,02,org.apache.commons.compress.archivers.tar.TarUtils,172.691,127,180,68,118,70.6,57.6,pass,pass,False,ok,/home/pizza/evosuite/results/project-Compress/Compress-17/round02
Lang,33,nsga2,02,org.apache.commons.lang3.ClassUtils,188.286,214,286,125,218,74.8,57.3,fail,fail,False,ok,/home/pizza/evosuite/results/project-Lang/Lang-33/round02
Lang,21,nsga2,02,org.apache.commons.lang3.time.DateUtils,227.114,231,319,124,218,72.4,56.9,pass,pass,False,ok,/home/pizza/evosuite/results/project-Lang/Lang-21/round02
Mockito,15,nsga2,02,org.mockito.internal.configuration.injection.FinalMockCandidateFilter,166.658,7,14,2,4,50.0,50.0,pass,pass,False,ok,/home/pizza/evosuite/results/project-Mockito/Mockito-15/round02
Compress,18,nsga2,02,org.apache.commons.compress.archivers.tar.TarArchiveOutputStream,190.14,162,204,56,86,79.4,65.1,pass,pass,False,ok,/home/pizza/evosuite/results/project-Compress/Compress-18/round02
Lang,34,nsga2,02,org.apache.commons.lang3.builder.ToStringStyle,194.724,0,515,0,218,0.0,0.0,pass,fail,True,ok,/home/pizza/evosuite/results/project-Lang/Lang-34/round02
Lang,22,nsga2,02,org.apache.commons.lang3.math.Fraction,204.504,246,282,147,196,87.2,75.0,pass,pass,False,ok,/home/pizza/evosuite/results/project-Lang/Lang-22/round02
Compress,19,nsga2,02,org.apache.commons.compress.archivers.zip.Zip64ExtendedInformationExtraField,168.096,90,105,51,60,85.7,85.0,pass,pass,False,ok,/home/pizza/evosuite/results/project-Compress/Compress-19/round02
Lang,35,nsga2,02,org.apache.commons.lang3.ArrayUtils,199.389,376,964,254,806,39.0,31.5,pass,pass,False,ok,/home/pizza/evosuite/results/project-Lang/Lang-35/round02
Lang,23,nsga2,02,org.apache.commons.lang3.text.ExtendedMessageFormat,163.81,70,185,25,111,37.8,22.5,pass,pass,False,ok,/home/pizza/evosuite/results/project-Lang/Lang-23/round02
Mockito,16,nsga2,02,org.mockito.internal.MockitoCore|org.mockito.Mockito,353.913,,,,,,,pass,error,n/a,not_evaluable,/home/pizza/evosuite/results/project-Mockito/Mockito-16/round02
Compress,20,nsga2,02,org.apache.commons.compress.archivers.cpio.CpioArchiveInputStream,226.524,75,214,42,114,35.0,36.8,pass,pass,False,ok,/home/pizza/evosuite/results/project-Compress/Compress-20/round02
Lang,36,nsga2,02,org.apache.commons.lang3.math.NumberUtils,182.965,256,374,169,352,68.4,48.0,pass,pass,False,ok,/home/pizza/evosuite/results/project-Lang/Lang-36/round02
Lang,24,nsga2,02,org.apache.commons.lang3.math.NumberUtils,184.874,266,376,188,358,70.7,52.5,pass,pass,False,ok,/home/pizza/evosuite/results/project-Lang/Lang-24/round02
Compress,31,nsga2,02,org.apache.commons.compress.archivers.tar.TarUtils,171.92,109,174,60,114,62.6,52.6,pass,pass,False,ok,/home/pizza/evosuite/results/project-Compress/Compress-31/round02
Mockito,17,nsga2,02,org.mockito.internal.creation.MockSettingsImpl|org.mockito.internal.util.MockUtil,332.799,49,64,19,32,76.6,59.4,pass,pass,False,ok,/home/pizza/evosuite/results/project-Mockito/Mockito-17/round02
Lang,37,nsga2,02,org.apache.commons.lang3.ArrayUtils,205.475,368,957,233,806,38.5,28.9,pass,pass,False,ok,/home/pizza/evosuite/results/project-Lang/Lang-37/round02
Lang,26,nsga2,02,org.apache.commons.lang3.time.FastDateFormat,240.055,341,465,123,228,73.3,53.9,fail,fail,False,ok,/home/pizza/evosuite/results/project-Lang/Lang-26/round02
Compress,32,nsga2,02,org.apache.commons.compress.archivers.tar.TarArchiveInputStream,177.347,103,220,37,126,46.8,29.4,pass,pass,False,ok,/home/pizza/evosuite/results/project-Compress/Compress-32/round02
Lang,38,nsga2,02,org.apache.commons.lang3.time.FastDateFormat,234.941,341,465,127,228,73.3,55.7,fail,fail,False,ok,/home/pizza/evosuite/results/project-Lang/Lang-38/round02
Lang,27,nsga2,02,org.apache.commons.lang3.math.NumberUtils,185.205,266,376,190,356,70.7,53.4,pass,pass,False,ok,/home/pizza/evosuite/results/project-Lang/Lang-27/round02
Compress,33,nsga2,02,org.apache.commons.compress.compressors.CompressorStreamFactory|org.apache.commons.compress.compressors.deflate.DeflateCompressorInputStream,331.002,76,99,46,78,76.8,59.0,fail,fail,False,ok,/home/pizza/evosuite/results/project-Compress/Compress-33/round02
Mockito,18,nsga2,02,org.mockito.internal.stubbing.defaultanswers.ReturnsEmptyValues,183.96,21,46,16,40,45.7,40.0,pass,pass,False,ok,/home/pizza/evosuite/results/project-Mockito/Mockito-18/round02
Lang,28,nsga2,02,org.apache.commons.lang3.text.translate.NumericEntityUnescaper,162.751,10,25,7,16,40.0,43.8,pass,pass,False,ok,/home/pizza/evosuite/results/project-Lang/Lang-28/round02
Lang,39,nsga2,02,org.apache.commons.lang3.StringUtils,257.56,601,1128,448,1009,53.3,44.4,pass,pass,False,ok,/home/pizza/evosuite/results/project-Lang/Lang-39/round02
Compress,34,nsga2,02,org.apache.commons.compress.archivers.zip.X7875_NewUnix,167.347,71,71,14,14,100.0,100.0,pass,fail,True,ok,/home/pizza/evosuite/results/project-Compress/Compress-34/round02
Lang,29,nsga2,02,org.apache.commons.lang3.SystemUtils,172.809,133,141,43,50,94.3,86.0,pass,pass,False,ok,/home/pizza/evosuite/results/project-Lang/Lang-29/round02
Lang,40,nsga2,02,org.apache.commons.lang.StringUtils,242.769,542,1101,406,1001,49.2,40.6,pass,pass,False,ok,/home/pizza/evosuite/results/project-Lang/Lang-40/round02
Compress,35,nsga2,02,org.apache.commons.compress.archivers.tar.TarUtils,176.507,112,170,57,104,65.9,54.8,pass,fail,True,ok,/home/pizza/evosuite/results/project-Compress/Compress-35/round02
Lang,30,nsga2,02,org.apache.commons.lang3.StringUtils,277.189,,,,,,,fail,error,n/a,not_evaluable,/home/pizza/evosuite/results/project-Lang/Lang-30/round02
Lang,41,nsga2,02,org.apache.commons.lang.ClassUtils,178.344,204,286,109,216,71.3,50.5,pass,pass,False,ok,/home/pizza/evosuite/results/project-Lang/Lang-41/round02
Compress,36,nsga2,02,org.apache.commons.compress.archivers.sevenz.SevenZFile,166.608,23,535,6,305,4.3,2.0,fail,fail,False,ok,/home/pizza/evosuite/results/project-Compress/Compress-36/round02
Lang,42,nsga2,02,org.apache.commons.lang.Entities,179.463,167,212,43,68,78.8,63.2,pass,pass,False,ok,/home/pizza/evosuite/results/project-Lang/Lang-42/round02
Compress,37,nsga2,02,org.apache.commons.compress.archivers.tar.TarArchiveInputStream,204.488,107,239,45,154,44.8,29.2,pass,pass,False,ok,/home/pizza/evosuite/results/project-Compress/Compress-37/round02
Mockito,19,nsga2,02,org.mockito.internal.configuration.injection.filter.FinalMockCandidateFilter|org.mockito.internal.configuration.injection.filter.MockCandidateFilter|org.mockito.internal.configuration.injection.filter.NameBasedCandidateFilter|org.mockito.internal.configuration.injection.filter.TypeBasedCandidateFilter|org.mockito.internal.configuration.injection.PropertyAndSetterInjection,667.906,,,,,,,pass,error,n/a,not_evaluable,/home/pizza/evosuite/results/project-Mockito/Mockito-19/round02
Lang,43,nsga2,02,org.apache.commons.lang.text.ExtendedMessageFormat,214.499,69,167,23,99,41.3,23.2,pass,pass,False,ok,/home/pizza/evosuite/results/project-Lang/Lang-43/round02
Compress,38,nsga2,02,org.apache.commons.compress.archivers.tar.TarArchiveEntry,198.662,164,304,52,147,53.9,35.4,pass,pass,False,ok,/home/pizza/evosuite/results/project-Compress/Compress-38/round02
Lang,44,nsga2,02,org.apache.commons.lang.NumberUtils,185.634,137,192,114,220,71.4,51.8,pass,pass,False,ok,/home/pizza/evosuite/results/project-Lang/Lang-44/round02
Compress,39,nsga2,02,org.apache.commons.compress.utils.ArchiveUtils,184.22,53,66,35,42,80.3,83.3,pass,pass,False,ok,/home/pizza/evosuite/results/project-Compress/Compress-39/round02
Mockito,20,nsga2,02,org.mockito.internal.creation.bytebuddy.ByteBuddyMockMaker,190.999,17,41,3,10,41.5,30.0,pass,pass,False,ok,/home/pizza/evosuite/results/project-Mockito/Mockito-20/round02
Lang,45,nsga2,02,org.apache.commons.lang.WordUtils,205.843,139,140,103,104,99.3,99.0,pass,fail,True,ok,/home/pizza/evosuite/results/project-Lang/Lang-45/round02
Compress,40,nsga2,02,org.apache.commons.compress.utils.BitInputStream,305.096,,,,,,,,,,generation_failed,/home/pizza/evosuite/results/project-Compress/Compress-40/round02
Lang,46,nsga2,02,org.apache.commons.lang.StringEscapeUtils,198.758,135,222,70,109,60.8,64.2,pass,fail,True,ok,/home/pizza/evosuite/results/project-Lang/Lang-46/round02
Compress,41,nsga2,02,org.apache.commons.compress.archivers.zip.ZipArchiveInputStream,175.958,35,413,8,260,8.5,3.1,fail,fail,False,ok,/home/pizza/evosuite/results/project-Compress/Compress-41/round02
Mockito,21,nsga2,02,org.mockito.internal.creation.instance.ConstructorInstantiator,180.405,16,26,6,12,61.5,50.0,pass,pass,False,ok,/home/pizza/evosuite/results/project-Mockito/Mockito-21/round02
Compress,42,nsga2,02,org.apache.commons.compress.archivers.zip.UnixStat|org.apache.commons.compress.archivers.zip.ZipArchiveEntry,222.432,216,244,101,132,88.5,76.5,pass,pass,False,ok,/home/pizza/evosuite/results/project-Compress/Compress-42/round02
Lang,47,nsga2,02,org.apache.commons.lang.text.StrBuilder,269.808,383,700,206,496,54.7,41.5,pass,pass,False,ok,/home/pizza/evosuite/results/project-Lang/Lang-47/round02
Compress,43,nsga2,02,org.apache.commons.compress.archivers.zip.ZipArchiveOutputStream,204.217,35,533,0,300,6.6,0.0,fail,fail,False,ok,/home/pizza/evosuite/results/project-Compress/Compress-43/round02
Lang,49,nsga2,02,org.apache.commons.lang.math.Fraction,256.118,243,278,139,188,87.4,73.9,pass,pass,False,ok,/home/pizza/evosuite/results/project-Lang/Lang-49/round02
Mockito,22,nsga2,02,org.mockito.internal.matchers.Equality,181.756,8,15,8,26,53.3,30.8,pass,pass,False,ok,/home/pizza/evosuite/results/project-Mockito/Mockito-22/round02
Compress,44,nsga2,02,org.apache.commons.compress.utils.ChecksumCalculatingInputStream,169.724,16,21,5,10,76.2,50.0,fail,fail,False,ok,/home/pizza/evosuite/results/project-Compress/Compress-44/round02
Lang,50,nsga2,02,org.apache.commons.lang.time.FastDateFormat,231.804,308,465,117,228,66.2,51.3,fail,fail,False,ok,/home/pizza/evosuite/results/project-Lang/Lang-50/round02
Mockito,23,nsga2,02,org.mockito.internal.stubbing.defaultanswers.ReturnsDeepStubs,181.466,4,41,0,12,9.8,0.0,pass,pass,False,ok,/home/pizza/evosuite/results/project-Mockito/Mockito-23/round02
Compress,45,nsga2,02,org.apache.commons.compress.archivers.tar.TarUtils,183.848,109,171,59,108,63.7,54.6,pass,fail,True,ok,/home/pizza/evosuite/results/project-Compress/Compress-45/round02
Lang,51,nsga2,02,org.apache.commons.lang.BooleanUtils,193.015,135,172,135,212,78.5,63.7,pass,pass,False,ok,/home/pizza/evosuite/results/project-Lang/Lang-51/round02
Compress,46,nsga2,02,org.apache.commons.compress.archivers.zip.X5455_ExtendedTimestamp,192.693,114,118,78,98,96.6,79.6,pass,pass,False,ok,/home/pizza/evosuite/results/project-Compress/Compress-46/round02
Lang,52,nsga2,02,org.apache.commons.lang.StringEscapeUtils,178.109,114,178,62,85,64.0,72.9,pass,pass,False,ok,/home/pizza/evosuite/results/project-Lang/Lang-52/round02
Mockito,24,nsga2,02,org.mockito.internal.stubbing.defaultanswers.ReturnsEmptyValues,182.601,20,44,15,38,45.5,39.5,pass,pass,False,ok,/home/pizza/evosuite/results/project-Mockito/Mockito-24/round02
Compress,47,nsga2,02,org.apache.commons.compress.archivers.zip.ZipArchiveInputStream,177.488,39,439,8,289,8.9,2.8,fail,fail,False,ok,/home/pizza/evosuite/results/project-Compress/Compress-47/round02
Lang,53,nsga2,02,org.apache.commons.lang.time.DateUtils,218.566,165,217,112,175,76.0,64.0,pass,pass,False,ok,/home/pizza/evosuite/results/project-Lang/Lang-53/round02
Mockito,25,nsga2,02,org.mockito.internal.stubbing.defaultanswers.ReturnsDeepStubs,170.697,5,32,0,8,15.6,0.0,pass,pass,False,ok,/home/pizza/evosuite/results/project-Mockito/Mockito-25/round02
Lang,54,nsga2,02,org.apache.commons.lang.LocaleUtils,166.807,70,81,47,66,86.4,71.2,pass,pass,False,ok,/home/pizza/evosuite/results/project-Lang/Lang-54/round02
Mockito,26,nsga2,02,org.mockito.internal.util.Primitives,169.892,36,36,2,2,100.0,100.0,pass,pass,False,ok,/home/pizza/evosuite/results/project-Mockito/Mockito-26/round02
Lang,55,nsga2,02,org.apache.commons.lang.time.StopWatch,168.982,57,58,27,28,98.3,96.4,pass,pass,False,ok,/home/pizza/evosuite/results/project-Lang/Lang-55/round02
Mockito,27,nsga2,02,org.mockito.internal.util.MockUtil,174.6,29,41,12,22,70.7,54.5,pass,pass,False,ok,/home/pizza/evosuite/results/project-Mockito/Mockito-27/round02
Lang,56,nsga2,02,org.apache.commons.lang.time.FastDateFormat,230.783,,,,,,,error,error,n/a,not_evaluable,/home/pizza/evosuite/results/project-Lang/Lang-56/round02
Mockito,28,nsga2,02,org.mockito.internal.configuration.DefaultInjectionEngine,164.292,9,31,2,10,29.0,20.0,pass,pass,False,ok,/home/pizza/evosuite/results/project-Mockito/Mockito-28/round02
Lang,57,nsga2,02,org.apache.commons.lang.LocaleUtils,171.334,70,79,49,64,88.6,76.6,fail,fail,False,ok,/home/pizza/evosuite/results/project-Lang/Lang-57/round02
Mockito,29,nsga2,02,org.mockito.internal.matchers.Same,168.277,14,15,6,8,93.3,75.0,pass,pass,False,ok,/home/pizza/evosuite/results/project-Mockito/Mockito-29/round02
Lang,58,nsga2,02,org.apache.commons.lang.math.NumberUtils,201.095,285,434,212,420,65.7,50.5,pass,pass,False,ok,/home/pizza/evosuite/results/project-Lang/Lang-58/round02
Mockito,30,nsga2,02,org.mockito.exceptions.Reporter|org.mockito.internal.stubbing.defaultanswers.ReturnsSmartNulls,336.397,,,,,,,pass,error,n/a,not_evaluable,/home/pizza/evosuite/results/project-Mockito/Mockito-30/round02
Lang,59,nsga2,02,org.apache.commons.lang.text.StrBuilder,268.195,382,656,217,464,58.2,46.8,pass,pass,False,ok,/home/pizza/evosuite/results/project-Lang/Lang-59/round02
Mockito,31,nsga2,02,org.mockito.internal.stubbing.defaultanswers.ReturnsSmartNulls,163.907,3,20,0,6,15.0,0.0,pass,pass,False,ok,/home/pizza/evosuite/results/project-Mockito/Mockito-31/round02
Lang,60,nsga2,02,org.apache.commons.lang.text.StrBuilder,290.267,383,656,220,464,58.4,47.4,fail,fail,False,ok,/home/pizza/evosuite/results/project-Lang/Lang-60/round02
Mockito,32,nsga2,02,org.mockito.internal.configuration.SpyAnnotationEngine,162.565,9,26,5,12,34.6,41.7,pass,pass,False,ok,/home/pizza/evosuite/results/project-Mockito/Mockito-32/round02
Lang,61,nsga2,02,org.apache.commons.lang.text.StrBuilder,232.886,407,656,226,464,62.0,48.7,pass,pass,False,ok,/home/pizza/evosuite/results/project-Lang/Lang-61/round02
Mockito,33,nsga2,02,org.mockito.internal.invocation.InvocationMatcher,167.833,20,53,4,42,37.7,9.5,pass,pass,False,ok,/home/pizza/evosuite/results/project-Mockito/Mockito-33/round02
Lang,62,nsga2,02,org.apache.commons.lang.Entities,178.155,187,247,57,94,75.7,60.6,pass,pass,False,ok,/home/pizza/evosuite/results/project-Lang/Lang-62/round02
Mockito,34,nsga2,02,org.mockito.internal.invocation.InvocationMatcher,166.695,17,38,3,30,44.7,10.0,pass,pass,False,ok,/home/pizza/evosuite/results/project-Mockito/Mockito-34/round02
Lang,63,nsga2,02,org.apache.commons.lang.time.DurationFormatUtils,183.018,,,,,,,pass,error,n/a,not_evaluable,/home/pizza/evosuite/results/project-Lang/Lang-63/round02
Mockito,35,nsga2,02,org.mockito.Matchers,172.785,51,51,0,0,100.0,,pass,fail,True,ok,/home/pizza/evosuite/results/project-Mockito/Mockito-35/round02
Lang,64,nsga2,02,org.apache.commons.lang.enums.ValuedEnum,157.732,3,33,2,14,9.1,14.3,pass,pass,False,ok,/home/pizza/evosuite/results/project-Lang/Lang-64/round02
Mockito,36,nsga2,02,org.mockito.internal.invocation.Invocation,162.888,6,72,0,44,8.3,0.0,pass,pass,False,ok,/home/pizza/evosuite/results/project-Mockito/Mockito-36/round02
Lang,65,nsga2,02,org.apache.commons.lang.time.DateUtils,208.437,183,217,123,175,84.3,70.3,fail,fail,False,ok,/home/pizza/evosuite/results/project-Lang/Lang-65/round02
Mockito,37,nsga2,02,org.mockito.internal.stubbing.answers.AnswersValidator,163.32,18,32,13,30,56.2,43.3,pass,pass,False,ok,/home/pizza/evosuite/results/project-Mockito/Mockito-37/round02
Mockito,38,nsga2,02,org.mockito.internal.verification.argumentmatching.ArgumentMatchingTool,161.207,2,18,0,14,11.1,0.0,pass,pass,False,ok,/home/pizza/evosuite/results/project-Mockito/Mockito-38/round02
Closure,1,nsga2,02,com.google.javascript.jscomp.RemoveUnusedVars,212.97,62,392,20,287,15.8,7.0,pass,pass,False,ok,/home/pizza/evosuite/results/project-Closure/Closure-1/round02
Closure,81,nsga2,02,com.google.javascript.jscomp.parsing.IRFactory,190.323,81,592,17,321,13.7,5.3,pass,pass,False,ok,/home/pizza/evosuite/results/project-Closure/Closure-81/round02
Closure,121,nsga2,02,com.google.javascript.jscomp.InlineVariables,181.687,23,299,3,240,7.7,1.2,pass,pass,False,ok,/home/pizza/evosuite/results/project-Closure/Closure-121/round02
Closure,41,nsga2,02,com.google.javascript.jscomp.FunctionTypeBuilder,249.699,164,342,71,248,48.0,28.6,pass,pass,False,ok,/home/pizza/evosuite/results/project-Closure/Closure-41/round02
Closure,82,nsga2,02,com.google.javascript.rhino.jstype.JSType,232.086,150,223,88,158,67.3,55.7,pass,pass,False,ok,/home/pizza/evosuite/results/project-Closure/Closure-82/round02
Closure,2,nsga2,02,com.google.javascript.jscomp.TypeCheck,221.607,100,822,8,576,12.2,1.4,pass,pass,False,ok,/home/pizza/evosuite/results/project-Closure/Closure-2/round02
Closure,122,nsga2,02,com.google.javascript.jscomp.parsing.IRFactory,193.173,82,692,20,356,11.8,5.6,pass,pass,False,ok,/home/pizza/evosuite/results/project-Closure/Closure-122/round02
Closure,42,nsga2,02,com.google.javascript.jscomp.parsing.IRFactory,182.309,74,603,19,281,12.3,6.8,pass,pass,False,ok,/home/pizza/evosuite/results/project-Closure/Closure-42/round02
Closure,83,nsga2,02,com.google.javascript.jscomp.CommandLineRunner,210.175,142,197,15,36,72.1,41.7,pass,pass,False,ok,/home/pizza/evosuite/results/project-Closure/Closure-83/round02
Closure,3,nsga2,02,com.google.javascript.jscomp.FlowSensitiveInlineVariables,194.185,12,180,1,132,6.7,0.8,pass,pass,False,ok,/home/pizza/evosuite/results/project-Closure/Closure-3/round02
Closure,43,nsga2,02,com.google.javascript.jscomp.TypedScopeCreator,217.146,24,854,0,661,2.8,0.0,fail,fail,False,ok,/home/pizza/evosuite/results/project-Closure/Closure-43/round02
Closure,123,nsga2,02,com.google.javascript.jscomp.CodeGenerator,241.843,108,650,48,485,16.6,9.9,pass,pass,False,ok,/home/pizza/evosuite/results/project-Closure/Closure-123/round02
Closure,84,nsga2,02,com.google.javascript.jscomp.parsing.IRFactory,205.221,73,568,16,305,12.9,5.2,pass,pass,False,ok,/home/pizza/evosuite/results/project-Closure/Closure-84/round02
Closure,4,nsga2,02,com.google.javascript.rhino.jstype.NamedType,205.062,84,132,47,86,63.6,54.7,pass,pass,False,ok,/home/pizza/evosuite/results/project-Closure/Closure-4/round02
Closure,44,nsga2,02,com.google.javascript.jscomp.CodeConsumer,172.605,3,111,9,64,2.7,14.1,pass,pass,False,ok,/home/pizza/evosuite/results/project-Closure/Closure-44/round02
Closure,124,nsga2,02,com.google.javascript.jscomp.ExploitAssigns,234.084,7,81,3,68,8.6,4.4,pass,pass,False,ok,/home/pizza/evosuite/results/project-Closure/Closure-124/round02
Closure,85,nsga2,02,com.google.javascript.jscomp.UnreachableCodeElimination,216.818,47,74,19,55,63.5,34.5,fail,fail,False,ok,/home/pizza/evosuite/results/project-Closure/Closure-85/round02
Closure,5,nsga2,02,com.google.javascript.jscomp.InlineObjectLiterals,187.586,8,183,0,110,4.4,0.0,pass,pass,False,ok,/home/pizza/evosuite/results/project-Closure/Closure-5/round02
Closure,45,nsga2,02,com.google.javascript.jscomp.RemoveUnusedVars,192.348,82,387,28,283,21.2,9.9,pass,pass,False,ok,/home/pizza/evosuite/results/project-Closure/Closure-45/round02
Closure,125,nsga2,02,com.google.javascript.jscomp.TypeCheck,228.242,155,889,29,629,17.4,4.6,pass,pass,False,ok,/home/pizza/evosuite/results/project-Closure/Closure-125/round02
Closure,86,nsga2,02,com.google.javascript.jscomp.NodeUtil,284.753,153,756,70,722,20.2,9.7,pass,pass,False,ok,/home/pizza/evosuite/results/project-Closure/Closure-86/round02
Closure,46,nsga2,02,com.google.javascript.rhino.jstype.RecordType,196.796,86,98,51,72,87.8,70.8,pass,fail,True,ok,/home/pizza/evosuite/results/project-Closure/Closure-46/round02
Closure,6,nsga2,02,com.google.javascript.jscomp.TypeValidator,244.787,83,279,26,204,29.7,12.7,pass,pass,False,ok,/home/pizza/evosuite/results/project-Closure/Closure-6/round02
Closure,126,nsga2,02,com.google.javascript.jscomp.MinimizeExitPoints,195.018,22,99,14,67,22.2,20.9,pass,pass,False,ok,/home/pizza/evosuite/results/project-Closure/Closure-126/round02
Closure,87,nsga2,02,com.google.javascript.jscomp.PeepholeSubstituteAlternateSyntax,215.158,36,464,13,319,7.8,4.1,pass,pass,False,ok,/home/pizza/evosuite/results/project-Closure/Closure-87/round02
Closure,7,nsga2,02,com.google.javascript.jscomp.type.ChainableReverseAbstractInterpreter,257.978,75,176,32,95,42.6,33.7,pass,pass,False,ok,/home/pizza/evosuite/results/project-Closure/Closure-7/round02
Closure,127,nsga2,02,com.google.javascript.jscomp.UnreachableCodeElimination,180.475,10,87,0,73,11.5,0.0,pass,pass,False,ok,/home/pizza/evosuite/results/project-Closure/Closure-127/round02
Closure,88,nsga2,02,com.google.javascript.jscomp.DeadAssignmentsElimination,181.231,18,137,1,104,13.1,1.0,pass,pass,False,ok,/home/pizza/evosuite/results/project-Closure/Closure-88/round02
Closure,47,nsga2,02,com.google.debugging.sourcemap.SourceMapConsumerV3|com.google.javascript.jscomp.SourceMap,352.934,46,361,3,166,12.7,1.8,pass,pass,False,ok,/home/pizza/evosuite/results/project-Closure/Closure-47/round02
Closure,8,nsga2,02,com.google.javascript.jscomp.CollapseVariableDeclarations,203.103,33,86,17,54,38.4,31.5,pass,pass,False,ok,/home/pizza/evosuite/results/project-Closure/Closure-8/round02
Closure,128,nsga2,02,com.google.javascript.jscomp.CodeGenerator,246.572,105,640,53,479,16.4,11.1,fail,fail,False,ok,/home/pizza/evosuite/results/project-Closure/Closure-128/round02
Closure,48,nsga2,02,com.google.javascript.jscomp.TypedScopeCreator,217.231,24,834,0,643,2.9,0.0,fail,fail,False,ok,/home/pizza/evosuite/results/project-Closure/Closure-48/round02
Closure,89,nsga2,02,com.google.javascript.jscomp.CollapseProperties|com.google.javascript.jscomp.GlobalNamespace,444.101,172,716,63,523,24.0,12.0,pass,pass,False,ok,/home/pizza/evosuite/results/project-Closure/Closure-89/round02
Closure,9,nsga2,02,com.google.javascript.jscomp.ProcessCommonJSModules,227.68,77,110,29,42,70.0,69.0,fail,fail,False,ok,/home/pizza/evosuite/results/project-Closure/Closure-9/round02
Closure,129,nsga2,02,com.google.javascript.jscomp.PrepareAst,208.098,31,74,13,53,41.9,24.5,pass,pass,False,ok,/home/pizza/evosuite/results/project-Closure/Closure-129/round02
Closure,49,nsga2,02,com.google.javascript.jscomp.MakeDeclaredNamesUnique,237.957,100,196,36,105,51.0,34.3,pass,pass,False,ok,/home/pizza/evosuite/results/project-Closure/Closure-49/round02
Closure,10,nsga2,02,com.google.javascript.jscomp.NodeUtil,257.31,147,1032,66,1028,14.2,6.4,pass,pass,False,ok,/home/pizza/evosuite/results/project-Closure/Closure-10/round02
Closure,130,nsga2,02,com.google.javascript.jscomp.CollapseProperties,205.546,26,371,8,266,7.0,3.0,pass,pass,False,ok,/home/pizza/evosuite/results/project-Closure/Closure-130/round02
Closure,90,nsga2,02,com.google.javascript.jscomp.FunctionTypeBuilder|com.google.javascript.rhino.jstype.FunctionType,520.929,271,658,147,524,41.2,28.1,fail,fail,False,ok,/home/pizza/evosuite/results/project-Closure/Closure-90/round02
Closure,50,nsga2,02,com.google.javascript.jscomp.PeepholeReplaceKnownMethods,209.145,4,312,1,253,1.3,0.4,pass,pass,False,ok,/home/pizza/evosuite/results/project-Closure/Closure-50/round02
Closure,131,nsga2,02,com.google.javascript.rhino.TokenStream,183.502,74,114,81,169,64.9,47.9,pass,pass,False,ok,/home/pizza/evosuite/results/project-Closure/Closure-131/round02
Closure,91,nsga2,02,com.google.javascript.jscomp.CheckGlobalThis,199.652,31,58,30,74,53.4,40.5,pass,pass,False,ok,/home/pizza/evosuite/results/project-Closure/Closure-91/round02
Closure,51,nsga2,02,com.google.javascript.jscomp.CodeConsumer,166.188,2,109,6,60,1.8,10.0,pass,pass,False,ok,/home/pizza/evosuite/results/project-Closure/Closure-51/round02
Closure,11,nsga2,02,com.google.javascript.jscomp.TypeCheck,306.445,,,,,,,,,,generation_failed,/home/pizza/evosuite/results/project-Closure/Closure-11/round02
Closure,92,nsga2,02,com.google.javascript.jscomp.ProcessClosurePrimitives,193.118,63,409,15,258,15.4,5.8,pass,pass,False,ok,/home/pizza/evosuite/results/project-Closure/Closure-92/round02
Closure,52,nsga2,02,com.google.javascript.jscomp.CodeGenerator,212.347,117,595,58,453,19.7,12.8,pass,pass,False,ok,/home/pizza/evosuite/results/project-Closure/Closure-52/round02
Closure,12,nsga2,02,com.google.javascript.jscomp.MaybeReachingVariableUse,209.915,42,93,11,52,45.2,21.2,pass,pass,False,ok,/home/pizza/evosuite/results/project-Closure/Closure-12/round02
Closure,132,nsga2,02,com.google.javascript.jscomp.PeepholeSubstituteAlternateSyntax,258.368,54,759,30,536,7.1,5.6,pass,pass,False,ok,/home/pizza/evosuite/results/project-Closure/Closure-132/round02
Closure,94,nsga2,02,com.google.javascript.jscomp.NodeUtil,265.799,162,689,81,662,23.5,12.2,fail,fail,False,ok,/home/pizza/evosuite/results/project-Closure/Closure-94/round02
Closure,53,nsga2,02,com.google.javascript.jscomp.InlineObjectLiterals,184.074,8,172,0,114,4.7,0.0,pass,pass,False,ok,/home/pizza/evosuite/results/project-Closure/Closure-53/round02
Closure,13,nsga2,02,com.google.javascript.jscomp.PeepholeOptimizationsPass,203.115,75,86,29,40,87.2,72.5,pass,pass,False,ok,/home/pizza/evosuite/results/project-Closure/Closure-13/round02
Closure,133,nsga2,02,com.google.javascript.jscomp.parsing.JsDocInfoParser,243.8,272,1090,108,655,25.0,16.5,pass,pass,False,ok,/home/pizza/evosuite/results/project-Closure/Closure-133/round02
Closure,95,nsga2,02,com.google.javascript.jscomp.TypedScopeCreator,202.523,117,668,23,495,17.5,4.6,fail,fail,False,ok,/home/pizza/evosuite/results/project-Closure/Closure-95/round02
Closure,14,nsga2,02,com.google.javascript.jscomp.ControlFlowAnalysis,242.499,104,407,54,276,25.6,19.6,fail,fail,False,ok,/home/pizza/evosuite/results/project-Closure/Closure-14/round02
Closure,96,nsga2,02,com.google.javascript.jscomp.TypeCheck,200.959,137,684,30,434,20.0,6.9,fail,fail,False,ok,/home/pizza/evosuite/results/project-Closure/Closure-96/round02
Closure,134,nsga2,02,com.google.javascript.jscomp.AmbiguateProperties|com.google.javascript.jscomp.TypedScopeCreator,395.543,196,852,48,573,23.0,8.4,fail,fail,False,ok,/home/pizza/evosuite/results/project-Closure/Closure-134/round02
Closure,54,nsga2,02,com.google.javascript.jscomp.TypedScopeCreator|com.google.javascript.rhino.jstype.FunctionType,500.943,263,1197,139,916,22.0,15.2,fail,fail,False,ok,/home/pizza/evosuite/results/project-Closure/Closure-54/round02
Closure,97,nsga2,02,com.google.javascript.jscomp.PeepholeFoldConstants,194.966,34,556,11,437,6.1,2.5,fail,fail,False,ok,/home/pizza/evosuite/results/project-Closure/Closure-97/round02
Closure,15,nsga2,02,com.google.javascript.jscomp.FlowSensitiveInlineVariables,184.318,11,168,1,121,6.5,0.8,pass,pass,False,ok,/home/pizza/evosuite/results/project-Closure/Closure-15/round02
Closure,55,nsga2,02,com.google.javascript.jscomp.FunctionRewriter,180.832,84,157,36,82,53.5,43.9,pass,pass,False,ok,/home/pizza/evosuite/results/project-Closure/Closure-55/round02
Closure,16,nsga2,02,com.google.javascript.jscomp.ScopedAliases,180.459,33,207,3,124,15.9,2.4,fail,fail,False,ok,/home/pizza/evosuite/results/project-Closure/Closure-16/round02
Closure,98,nsga2,02,com.google.javascript.jscomp.ReferenceCollectingCallback,232.281,94,181,30,143,51.9,21.0,fail,fail,False,ok,/home/pizza/evosuite/results/project-Closure/Closure-98/round02
Closure,135,nsga2,02,com.google.javascript.jscomp.DevirtualizePrototypeMethods|com.google.javascript.rhino.jstype.FunctionType,426.042,29,428,29,324,6.8,9.0,pass,pass,False,ok,/home/pizza/evosuite/results/project-Closure/Closure-135/round02
Closure,56,nsga2,02,com.google.javascript.jscomp.SourceFile,179.153,130,144,35,50,90.3,70.0,pass,pass,False,ok,/home/pizza/evosuite/results/project-Closure/Closure-56/round02
Closure,99,nsga2,02,com.google.javascript.jscomp.CheckGlobalThis,185.527,14,51,11,62,27.5,17.7,fail,fail,False,ok,/home/pizza/evosuite/results/project-Closure/Closure-99/round02
Closure,17,nsga2,02,com.google.javascript.jscomp.TypedScopeCreator,189.459,182,884,46,691,20.6,6.7,pass,pass,False,ok,/home/pizza/evosuite/results/project-Closure/Closure-17/round02
Closure,57,nsga2,02,com.google.javascript.jscomp.ClosureCodingConvention,216.449,54,139,16,102,38.8,15.7,pass,pass,False,ok,/home/pizza/evosuite/results/project-Closure/Closure-57/round02
Closure,136,nsga2,02,com.google.javascript.jscomp.MethodCompilerPass|com.google.javascript.jscomp.RenameVars,377.666,145,255,49,140,56.9,35.0,fail,fail,False,ok,/home/pizza/evosuite/results/project-Closure/Closure-136/round02
Closure,100,nsga2,02,com.google.javascript.jscomp.CheckGlobalThis,193.409,34,45,25,56,75.6,44.6,fail,fail,False,ok,/home/pizza/evosuite/results/project-Closure/Closure-100/round02
Closure,18,nsga2,02,com.google.javascript.jscomp.Compiler,256.055,402,1006,122,414,40.0,29.5,fail,fail,False,ok,/home/pizza/evosuite/results/project-Closure/Closure-18/round02
Closure,58,nsga2,02,com.google.javascript.jscomp.LiveVariablesAnalysis,199.441,47,106,11,54,44.3,20.4,pass,pass,False,ok,/home/pizza/evosuite/results/project-Closure/Closure-58/round02
Closure,101,nsga2,02,com.google.javascript.jscomp.CommandLineRunner,179.233,122,164,6,22,74.4,27.3,pass,pass,False,ok,/home/pizza/evosuite/results/project-Closure/Closure-101/round02
Closure,19,nsga2,02,com.google.javascript.jscomp.type.ChainableReverseAbstractInterpreter,195.485,88,172,39,95,51.2,41.1,pass,pass,False,ok,/home/pizza/evosuite/results/project-Closure/Closure-19/round02
Closure,102,nsga2,02,com.google.javascript.jscomp.Normalize,206.338,73,186,23,109,39.2,21.1,pass,pass,False,ok,/home/pizza/evosuite/results/project-Closure/Closure-102/round02
Closure,59,nsga2,02,com.google.javascript.jscomp.Compiler,251.239,215,815,61,332,26.4,18.4,fail,fail,False,ok,/home/pizza/evosuite/results/project-Closure/Closure-59/round02
Closure,137,nsga2,02,com.google.javascript.jscomp.MakeDeclaredNamesUnique|com.google.javascript.jscomp.NodeUtil|com.google.javascript.jscomp.Normalize,630.404,352,934,157,732,37.7,21.4,fail,fail,False,ok,/home/pizza/evosuite/results/project-Closure/Closure-137/round02
Closure,20,nsga2,02,com.google.javascript.jscomp.PeepholeSubstituteAlternateSyntax,226.028,51,755,28,530,6.8,5.3,pass,pass,False,ok,/home/pizza/evosuite/results/project-Closure/Closure-20/round02
Closure,60,nsga2,02,com.google.javascript.jscomp.NodeUtil,227.583,164,938,79,928,17.5,8.5,fail,fail,False,ok,/home/pizza/evosuite/results/project-Closure/Closure-60/round02
Closure,103,nsga2,02,com.google.javascript.jscomp.ControlFlowAnalysis|com.google.javascript.jscomp.DisambiguateProperties,403.717,178,765,72,522,23.3,13.8,fail,fail,False,ok,/home/pizza/evosuite/results/project-Closure/Closure-103/round02
Closure,21,nsga2,02,com.google.javascript.jscomp.CheckSideEffects,192.603,51,70,25,38,72.9,65.8,pass,pass,False,ok,/home/pizza/evosuite/results/project-Closure/Closure-21/round02
Closure,138,nsga2,02,com.google.javascript.jscomp.ClosureReverseAbstractInterpreter|com.google.javascript.jscomp.TypeInference,366.285,91,610,20,381,14.9,5.2,fail,fail,False,ok,/home/pizza/evosuite/results/project-Closure/Closure-138/round02
Closure,104,nsga2,02,com.google.javascript.rhino.jstype.UnionType,187.38,165,192,84,124,85.9,67.7,pass,pass,False,ok,/home/pizza/evosuite/results/project-Closure/Closure-104/round02
Closure,61,nsga2,02,com.google.javascript.jscomp.NodeUtil,246.924,179,936,77,924,19.1,8.3,pass,pass,False,ok,/home/pizza/evosuite/results/project-Closure/Closure-61/round02
Closure,22,nsga2,02,com.google.javascript.jscomp.CheckSideEffects,199.711,50,70,24,38,71.4,63.2,pass,fail,True,ok,/home/pizza/evosuite/results/project-Closure/Closure-22/round02
Closure,139,nsga2,02,com.google.javascript.jscomp.Normalize,202.299,57,223,23,128,25.6,18.0,fail,fail,False,ok,/home/pizza/evosuite/results/project-Closure/Closure-139/round02
Closure,105,nsga2,02,com.google.javascript.jscomp.FoldConstants,227.186,92,994,70,739,9.3,9.5,pass,pass,False,ok,/home/pizza/evosuite/results/project-Closure/Closure-105/round02
Closure,62,nsga2,02,com.google.javascript.jscomp.LightweightMessageFormatter,185.508,63,74,21,32,85.1,65.6,pass,pass,False,ok,/home/pizza/evosuite/results/project-Closure/Closure-62/round02
Closure,140,nsga2,02,com.google.javascript.jscomp.Compiler,243.592,151,658,38,244,22.9,15.6,fail,fail,False,ok,/home/pizza/evosuite/results/project-Closure/Closure-140/round02
Closure,23,nsga2,02,com.google.javascript.jscomp.PeepholeFoldConstants,205.305,44,698,14,545,6.3,2.6,pass,pass,False,ok,/home/pizza/evosuite/results/project-Closure/Closure-23/round02
Closure,64,nsga2,02,com.google.javascript.jscomp.Compiler,235.069,180,793,47,324,22.7,14.5,fail,fail,False,ok,/home/pizza/evosuite/results/project-Closure/Closure-64/round02
Closure,24,nsga2,02,com.google.javascript.jscomp.ScopedAliases,172.892,48,174,17,108,27.6,15.7,pass,pass,False,ok,/home/pizza/evosuite/results/project-Closure/Closure-24/round02
Closure,106,nsga2,02,com.google.javascript.jscomp.GlobalNamespace|com.google.javascript.rhino.JSDocInfoBuilder,432.316,385,630,193,435,61.1,44.4,pass,fail,True,ok,/home/pizza/evosuite/results/project-Closure/Closure-106/round02
Closure,141,nsga2,02,com.google.javascript.jscomp.NodeUtil|com.google.javascript.jscomp.PureFunctionIdentifier,400.734,257,845,120,716,30.4,16.8,pass,fail,True,ok,/home/pizza/evosuite/results/project-Closure/Closure-141/round02
Closure,65,nsga2,02,com.google.javascript.jscomp.CodeGenerator,218.658,146,595,75,451,24.5,16.6,fail,fail,False,ok,/home/pizza/evosuite/results/project-Closure/Closure-65/round02
Closure,25,nsga2,02,com.google.javascript.jscomp.TypeInference,183.723,7,607,2,402,1.2,0.5,fail,fail,False,ok,/home/pizza/evosuite/results/project-Closure/Closure-25/round02
Closure,107,nsga2,02,com.google.javascript.jscomp.CommandLineRunner,188.57,173,328,12,69,52.7,17.4,pass,pass,False,ok,/home/pizza/evosuite/results/project-Closure/Closure-107/round02
Closure,66,nsga2,02,com.google.javascript.jscomp.TypeCheck,196.103,108,784,11,509,13.8,2.2,fail,fail,False,ok,/home/pizza/evosuite/results/project-Closure/Closure-66/round02
Closure,26,nsga2,02,com.google.javascript.jscomp.ProcessCommonJSModules,197.377,90,111,29,42,81.1,69.0,pass,fail,True,ok,/home/pizza/evosuite/results/project-Closure/Closure-26/round02
Closure,142,nsga2,02,com.google.javascript.jscomp.CoalesceVariableNames|com.google.javascript.jscomp.parsing.JsDocInfoParser,383.155,199,1042,71,639,19.1,11.1,pass,pass,False,ok,/home/pizza/evosuite/results/project-Closure/Closure-142/round02
Closure,108,nsga2,02,com.google.javascript.jscomp.ScopedAliases,179.854,56,272,18,152,20.6,11.8,pass,pass,False,ok,/home/pizza/evosuite/results/project-Closure/Closure-108/round02
Closure,67,nsga2,02,com.google.javascript.jscomp.AnalyzePrototypeProperties,209.327,136,253,41,147,53.8,27.9,pass,pass,False,ok,/home/pizza/evosuite/results/project-Closure/Closure-67/round02
Closure,27,nsga2,02,com.google.javascript.rhino.IR,204.486,71,188,19,60,37.8,31.7,pass,pass,False,ok,/home/pizza/evosuite/results/project-Closure/Closure-27/round02
Closure,109,nsga2,02,com.google.javascript.jscomp.parsing.JsDocInfoParser,220.182,234,1148,84,709,20.4,11.8,pass,pass,False,ok,/home/pizza/evosuite/results/project-Closure/Closure-109/round02
Closure,68,nsga2,02,com.google.javascript.jscomp.parsing.JsDocInfoParser,208.589,206,1014,75,589,20.3,12.7,pass,pass,False,ok,/home/pizza/evosuite/results/project-Closure/Closure-68/round02
Closure,143,nsga2,02,com.google.javascript.jscomp.AbstractCommandLineRunner|com.google.javascript.jscomp.RemoveConstantExpressions,384.9,192,506,26,214,37.9,12.1,pass,pass,False,ok,/home/pizza/evosuite/results/project-Closure/Closure-143/round02
Closure,28,nsga2,02,com.google.javascript.jscomp.InlineCostEstimator,166.631,24,28,2,2,85.7,100.0,pass,pass,False,ok,/home/pizza/evosuite/results/project-Closure/Closure-28/round02
Closure,69,nsga2,02,com.google.javascript.jscomp.TypeCheck,204.894,100,782,13,509,12.8,2.6,fail,fail,False,ok,/home/pizza/evosuite/results/project-Closure/Closure-69/round02
Closure,29,nsga2,02,com.google.javascript.jscomp.InlineObjectLiterals,173.505,8,181,0,108,4.4,0.0,pass,pass,False,ok,/home/pizza/evosuite/results/project-Closure/Closure-29/round02
Closure,110,nsga2,02,com.google.javascript.jscomp.ScopedAliases|com.google.javascript.rhino.Node,448.234,503,1137,182,707,44.2,25.7,pass,pass,False,ok,/home/pizza/evosuite/results/project-Closure/Closure-110/round02
Closure,70,nsga2,02,com.google.javascript.jscomp.TypedScopeCreator,200.451,129,806,25,621,16.0,4.0,fail,fail,False,ok,/home/pizza/evosuite/results/project-Closure/Closure-70/round02
Closure,111,nsga2,02,com.google.javascript.jscomp.type.ClosureReverseAbstractInterpreter,173.356,32,95,3,48,33.7,6.2,pass,pass,False,ok,/home/pizza/evosuite/results/project-Closure/Closure-111/round02
Closure,71,nsga2,02,com.google.javascript.jscomp.CheckAccessControls,192.367,69,267,18,222,25.8,8.1,pass,pass,False,ok,/home/pizza/evosuite/results/project-Closure/Closure-71/round02
Closure,30,nsga2,02,com.google.javascript.jscomp.FlowSensitiveInlineVariables|com.google.javascript.jscomp.MustBeReachingVariableDef,376.722,84,337,27,224,24.9,12.1,pass,fail,True,ok,/home/pizza/evosuite/results/project-Closure/Closure-30/round02
Closure,144,nsga2,02,com.google.javascript.jscomp.FunctionTypeBuilder|com.google.javascript.jscomp.TypedScopeCreator|com.google.javascript.rhino.jstype.FunctionBuilder|com.google.javascript.rhino.jstype.FunctionType,837.826,449,1249,204,928,35.9,22.0,fail,fail,False,ok,/home/pizza/evosuite/results/project-Closure/Closure-144/round02
Closure,112,nsga2,02,com.google.javascript.jscomp.TypeInference,181.587,6,715,2,465,0.8,0.4,pass,pass,False,ok,/home/pizza/evosuite/results/project-Closure/Closure-112/round02
Closure,145,nsga2,02,com.google.javascript.jscomp.CodeGenerator,179.34,101,520,51,382,19.4,13.4,pass,pass,False,ok,/home/pizza/evosuite/results/project-Closure/Closure-145/round02
Closure,31,nsga2,02,com.google.javascript.jscomp.Compiler,245.822,428,982,118,398,43.6,29.6,fail,fail,False,ok,/home/pizza/evosuite/results/project-Closure/Closure-31/round02
Closure,72,nsga2,02,com.google.javascript.jscomp.FunctionToBlockMutator|com.google.javascript.jscomp.RenameLabels,363.182,65,218,15,103,29.8,14.6,fail,fail,False,ok,/home/pizza/evosuite/results/project-Closure/Closure-72/round02
Closure,113,nsga2,02,com.google.javascript.jscomp.ProcessClosurePrimitives,197.718,79,566,22,326,14.0,6.7,pass,pass,False,ok,/home/pizza/evosuite/results/project-Closure/Closure-113/round02
Closure,146,nsga2,02,com.google.javascript.rhino.jstype.JSType,250.587,136,191,65,122,71.2,53.3,pass,pass,False,ok,/home/pizza/evosuite/results/project-Closure/Closure-146/round02
Closure,32,nsga2,02,com.google.javascript.jscomp.parsing.JsDocInfoParser,211.756,205,1052,83,621,19.5,13.4,pass,pass,False,ok,/home/pizza/evosuite/results/project-Closure/Closure-32/round02
Closure,73,nsga2,02,com.google.javascript.jscomp.CodeGenerator,208.936,101,586,55,449,17.2,12.2,pass,pass,False,ok,/home/pizza/evosuite/results/project-Closure/Closure-73/round02
Closure,114,nsga2,02,com.google.javascript.jscomp.NameAnalyzer,188.065,158,752,63,469,21.0,13.4,pass,pass,False,ok,/home/pizza/evosuite/results/project-Closure/Closure-114/round02
Closure,33,nsga2,02,com.google.javascript.rhino.jstype.PrototypeObjectType,202.943,139,218,90,182,63.8,49.5,pass,pass,False,ok,/home/pizza/evosuite/results/project-Closure/Closure-33/round02
Closure,74,nsga2,02,com.google.javascript.jscomp.PeepholeFoldConstants,204.761,60,808,24,624,7.4,3.8,pass,pass,False,ok,/home/pizza/evosuite/results/project-Closure/Closure-74/round02
Closure,147,nsga2,02,com.google.javascript.jscomp.CheckGlobalThis|com.google.javascript.jscomp.RuntimeTypeCheck,372.77,64,216,35,146,29.6,24.0,fail,fail,False,ok,/home/pizza/evosuite/results/project-Closure/Closure-147/round02
Closure,115,nsga2,02,com.google.javascript.jscomp.FunctionInjector,209.163,50,303,1,218,16.5,0.5,fail,fail,False,ok,/home/pizza/evosuite/results/project-Closure/Closure-115/round02
Closure,75,nsga2,02,com.google.javascript.jscomp.NodeUtil,256.474,207,922,108,893,22.5,12.1,fail,fail,False,ok,/home/pizza/evosuite/results/project-Closure/Closure-75/round02
Closure,116,nsga2,02,com.google.javascript.jscomp.FunctionInjector,203.921,0,312,0,226,0.0,0.0,pass,pass,False,ok,/home/pizza/evosuite/results/project-Closure/Closure-116/round02
Closure,34,nsga2,02,com.google.javascript.jscomp.CodeGenerator|com.google.javascript.jscomp.CodePrinter,370.056,266,861,114,577,30.9,19.8,pass,pass,False,ok,/home/pizza/evosuite/results/project-Closure/Closure-34/round02
Closure,148,nsga2,02,com.google.javascript.jscomp.PeepholeFoldConstants|com.google.javascript.jscomp.SourceMap,361.323,,,,,,,pass,error,n/a,not_evaluable,/home/pizza/evosuite/results/project-Closure/Closure-148/round02
Closure,76,nsga2,02,com.google.javascript.jscomp.DeadAssignmentsElimination,184.868,26,173,8,132,15.0,6.1,pass,pass,False,ok,/home/pizza/evosuite/results/project-Closure/Closure-76/round02
Closure,117,nsga2,02,com.google.javascript.jscomp.TypeValidator,205.319,64,287,13,208,22.3,6.2,pass,pass,False,ok,/home/pizza/evosuite/results/project-Closure/Closure-117/round02
Closure,35,nsga2,02,com.google.javascript.jscomp.TypeInference,196.195,40,618,9,412,6.5,2.2,pass,pass,False,ok,/home/pizza/evosuite/results/project-Closure/Closure-35/round02
Closure,77,nsga2,02,com.google.javascript.jscomp.CodeGenerator,213.824,88,569,45,435,15.5,10.3,fail,fail,False,ok,/home/pizza/evosuite/results/project-Closure/Closure-77/round02
Closure,118,nsga2,02,com.google.javascript.jscomp.DisambiguateProperties,194.086,47,464,5,328,10.1,1.5,pass,pass,False,ok,/home/pizza/evosuite/results/project-Closure/Closure-118/round02
Closure,36,nsga2,02,com.google.javascript.jscomp.InlineVariables,174.911,23,291,3,234,7.9,1.3,pass,pass,False,ok,/home/pizza/evosuite/results/project-Closure/Closure-36/round02
Closure,78,nsga2,02,com.google.javascript.jscomp.PeepholeFoldConstants,199.05,43,762,16,580,5.6,2.8,pass,pass,False,ok,/home/pizza/evosuite/results/project-Closure/Closure-78/round02
Closure,119,nsga2,02,com.google.javascript.jscomp.GlobalNamespace,230.989,152,496,44,346,30.6,12.7,pass,pass,False,ok,/home/pizza/evosuite/results/project-Closure/Closure-119/round02
Closure,149,nsga2,02,com.google.javascript.jscomp.AbstractCommandLineRunner|com.google.javascript.jscomp.CommandLineRunner|com.google.javascript.jscomp.Compiler|com.google.javascript.jscomp.CompilerOptions,866.904,804,1666,138,570,48.3,24.2,pass,pass,False,ok,/home/pizza/evosuite/results/project-Closure/Closure-149/round02
Closure,37,nsga2,02,com.google.javascript.jscomp.NodeTraversal|com.google.javascript.jscomp.parsing.IRFactory,393.563,192,835,55,387,23.0,14.2,fail,fail,False,ok,/home/pizza/evosuite/results/project-Closure/Closure-37/round02
Closure,150,nsga2,02,com.google.javascript.jscomp.TypedScopeCreator,183.961,103,652,20,486,15.8,4.1,fail,fail,False,ok,/home/pizza/evosuite/results/project-Closure/Closure-150/round02
Closure,79,nsga2,02,com.google.javascript.jscomp.Normalize|com.google.javascript.jscomp.VarCheck,394.896,167,392,65,238,42.6,27.3,fail,fail,False,ok,/home/pizza/evosuite/results/project-Closure/Closure-79/round02
Closure,120,nsga2,02,com.google.javascript.jscomp.ReferenceCollectingCallback,214.092,95,212,21,151,44.8,13.9,fail,fail,False,ok,/home/pizza/evosuite/results/project-Closure/Closure-120/round02
Closure,38,nsga2,02,com.google.javascript.jscomp.CodeConsumer,164.505,3,112,9,66,2.7,13.6,pass,pass,False,ok,/home/pizza/evosuite/results/project-Closure/Closure-38/round02
Closure,151,nsga2,02,com.google.javascript.jscomp.CommandLineRunner,176.677,144,191,16,36,75.4,44.4,pass,pass,False,ok,/home/pizza/evosuite/results/project-Closure/Closure-151/round02
Closure,80,nsga2,02,com.google.javascript.jscomp.NodeUtil,221.247,196,915,94,887,21.4,10.6,pass,pass,False,ok,/home/pizza/evosuite/results/project-Closure/Closure-80/round02
Closure,39,nsga2,02,com.google.javascript.rhino.jstype.PrototypeObjectType,196.021,151,205,96,172,73.7,55.8,pass,pass,False,ok,/home/pizza/evosuite/results/project-Closure/Closure-39/round02
Closure,152,nsga2,02,com.google.javascript.rhino.jstype.FunctionType,233.017,250,353,153,284,70.8,53.9,pass,pass,False,ok,/home/pizza/evosuite/results/project-Closure/Closure-152/round02
Closure,40,nsga2,02,com.google.javascript.jscomp.NameAnalyzer,185.324,189,711,88,434,26.6,20.3,fail,fail,False,ok,/home/pizza/evosuite/results/project-Closure/Closure-40/round02
Closure,153,nsga2,02,com.google.javascript.jscomp.Normalize|com.google.javascript.jscomp.SyntacticScopeCreator,372.86,141,384,64,230,36.7,27.8,fail,fail,False,ok,/home/pizza/evosuite/results/project-Closure/Closure-153/round02
Closure,154,nsga2,02,com.google.javascript.jscomp.TypeCheck|com.google.javascript.jscomp.TypeValidator,387.778,144,974,19,663,14.8,2.9,fail,fail,False,ok,/home/pizza/evosuite/results/project-Closure/Closure-154/round02
JacksonDatabind,1,nsga2,02,com.fasterxml.jackson.databind.ser.BeanPropertyWriter,181.514,68,196,12,104,34.7,11.5,pass,pass,False,ok,/home/pizza/evosuite/results/project-JacksonDatabind/JacksonDatabind-1/round02
JacksonDatabind,31,nsga2,02,com.fasterxml.jackson.databind.util.TokenBuffer,239.13,262,673,80,350,38.9,22.9,pass,pass,False,ok,/home/pizza/evosuite/results/project-JacksonDatabind/JacksonDatabind-31/round02
JacksonDatabind,91,nsga2,02,com.fasterxml.jackson.databind.deser.DeserializerCache,198.88,108,169,68,126,63.9,54.0,pass,pass,False,ok,/home/pizza/evosuite/results/project-JacksonDatabind/JacksonDatabind-91/round02
JacksonDatabind,61,nsga2,02,com.fasterxml.jackson.databind.ObjectMapper|com.fasterxml.jackson.databind.jsontype.impl.StdTypeResolverBuilder,433.215,256,743,89,248,34.5,35.9,pass,pass,False,ok,/home/pizza/evosuite/results/project-JacksonDatabind/JacksonDatabind-61/round02
JacksonDatabind,2,nsga2,02,com.fasterxml.jackson.databind.util.TokenBuffer,302.134,,,,,,,,,,generation_failed,/home/pizza/evosuite/results/project-JacksonDatabind/JacksonDatabind-2/round02
JacksonDatabind,32,nsga2,02,com.fasterxml.jackson.databind.deser.std.UntypedObjectDeserializer,200.459,78,263,33,146,29.7,22.6,pass,pass,False,ok,/home/pizza/evosuite/results/project-JacksonDatabind/JacksonDatabind-32/round02
JacksonDatabind,92,nsga2,02,com.fasterxml.jackson.databind.deser.BeanDeserializerFactory,207.304,169,349,76,204,48.4,37.3,pass,pass,False,ok,/home/pizza/evosuite/results/project-JacksonDatabind/JacksonDatabind-92/round02
JacksonDatabind,62,nsga2,02,com.fasterxml.jackson.databind.deser.std.CollectionDeserializer,196.976,64,137,26,74,46.7,35.1,pass,pass,False,ok,/home/pizza/evosuite/results/project-JacksonDatabind/JacksonDatabind-62/round02
JacksonDatabind,3,nsga2,02,com.fasterxml.jackson.databind.deser.std.StringArrayDeserializer,183.168,21,62,5,36,33.9,13.9,pass,pass,False,ok,/home/pizza/evosuite/results/project-JacksonDatabind/JacksonDatabind-3/round02
JacksonDatabind,93,nsga2,02,com.fasterxml.jackson.databind.jsontype.impl.SubTypeValidator,168.428,28,36,3,14,77.8,21.4,pass,pass,False,ok,/home/pizza/evosuite/results/project-JacksonDatabind/JacksonDatabind-93/round02
JacksonDatabind,33,nsga2,02,com.fasterxml.jackson.databind.introspect.JacksonAnnotationIntrospector,224.52,135,371,65,282,36.4,23.0,pass,pass,False,ok,/home/pizza/evosuite/results/project-JacksonDatabind/JacksonDatabind-33/round02
JacksonDatabind,4,nsga2,02,com.fasterxml.jackson.databind.deser.std.StringArrayDeserializer,187.784,28,68,7,36,41.2,19.4,pass,fail,True,ok,/home/pizza/evosuite/results/project-JacksonDatabind/JacksonDatabind-4/round02
JacksonDatabind,63,nsga2,02,com.fasterxml.jackson.databind.JsonMappingException,215.043,115,125,38,46,92.0,82.6,pass,fail,True,ok,/home/pizza/evosuite/results/project-JacksonDatabind/JacksonDatabind-63/round02
JacksonDatabind,94,nsga2,02,com.fasterxml.jackson.databind.jsontype.impl.SubTypeValidator,169.951,28,38,4,18,73.7,22.2,pass,pass,False,ok,/home/pizza/evosuite/results/project-JacksonDatabind/JacksonDatabind-94/round02
JacksonDatabind,34,nsga2,02,com.fasterxml.jackson.databind.ser.std.NumberSerializer,187.72,26,29,21,24,89.7,87.5,pass,pass,False,ok,/home/pizza/evosuite/results/project-JacksonDatabind/JacksonDatabind-34/round02
JacksonDatabind,64,nsga2,02,com.fasterxml.jackson.databind.ser.PropertyBuilder,168.762,0,110,0,73,0.0,0.0,pass,pass,False,ok,/home/pizza/evosuite/results/project-JacksonDatabind/JacksonDatabind-64/round02
JacksonDatabind,5,nsga2,02,com.fasterxml.jackson.databind.introspect.AnnotatedClass,237.802,279,368,181,274,75.8,66.1,fail,fail,False,ok,/home/pizza/evosuite/results/project-JacksonDatabind/JacksonDatabind-5/round02
JacksonDatabind,35,nsga2,02,com.fasterxml.jackson.databind.jsontype.impl.AsWrapperTypeDeserializer,180.367,16,36,5,18,44.4,27.8,pass,pass,False,ok,/home/pizza/evosuite/results/project-JacksonDatabind/JacksonDatabind-35/round02
JacksonDatabind,66,nsga2,02,com.fasterxml.jackson.databind.deser.std.StdKeyDeserializer,184.437,55,160,27,95,34.4,28.4,pass,fail,True,ok,/home/pizza/evosuite/results/project-JacksonDatabind/JacksonDatabind-66/round02
JacksonDatabind,6,nsga2,02,com.fasterxml.jackson.databind.util.StdDateFormat,172.347,140,163,77,106,85.9,72.6,pass,pass,False,ok,/home/pizza/evosuite/results/project-JacksonDatabind/JacksonDatabind-6/round02
JacksonDatabind,95,nsga2,02,com.fasterxml.jackson.databind.type.TypeFactory|com.fasterxml.jackson.databind.type.TypeParser,447.041,341,459,166,271,74.3,61.3,pass,pass,False,ok,/home/pizza/evosuite/results/project-JacksonDatabind/JacksonDatabind-95/round02
JacksonDatabind,36,nsga2,02,com.fasterxml.jackson.databind.util.StdDateFormat,179.267,172,200,95,134,86.0,70.9,pass,pass,False,ok,/home/pizza/evosuite/results/project-JacksonDatabind/JacksonDatabind-36/round02
JacksonDatabind,67,nsga2,02,com.fasterxml.jackson.databind.deser.BasicDeserializerFactory,204.098,90,793,25,612,11.3,4.1,pass,pass,False,ok,/home/pizza/evosuite/results/project-JacksonDatabind/JacksonDatabind-67/round02
JacksonDatabind,7,nsga2,02,com.fasterxml.jackson.databind.util.TokenBuffer,230.515,275,632,87,314,43.5,27.7,pass,pass,False,ok,/home/pizza/evosuite/results/project-JacksonDatabind/JacksonDatabind-7/round02
JacksonDatabind,96,nsga2,02,com.fasterxml.jackson.databind.deser.BasicDeserializerFactory,201.856,90,889,25,614,10.1,4.1,pass,pass,False,ok,/home/pizza/evosuite/results/project-JacksonDatabind/JacksonDatabind-96/round02
JacksonDatabind,37,nsga2,02,com.fasterxml.jackson.databind.type.SimpleType,213.378,54,67,22,32,80.6,68.8,pass,pass,False,ok,/home/pizza/evosuite/results/project-JacksonDatabind/JacksonDatabind-37/round02
JacksonDatabind,68,nsga2,02,com.fasterxml.jackson.databind.deser.BeanDeserializerBase,176.386,126,593,61,369,21.2,16.5,pass,pass,False,ok,/home/pizza/evosuite/results/project-JacksonDatabind/JacksonDatabind-68/round02
JacksonDatabind,8,nsga2,02,com.fasterxml.jackson.databind.deser.impl.CreatorCollector,211.193,95,123,34,72,77.2,47.2,pass,pass,False,ok,/home/pizza/evosuite/results/project-JacksonDatabind/JacksonDatabind-8/round02
JacksonDatabind,97,nsga2,02,com.fasterxml.jackson.databind.node.POJONode,205.707,34,41,27,34,82.9,79.4,pass,pass,False,ok,/home/pizza/evosuite/results/project-JacksonDatabind/JacksonDatabind-97/round02
JacksonDatabind,69,nsga2,02,com.fasterxml.jackson.databind.deser.impl.CreatorCollector,186.269,67,127,28,80,52.8,35.0,pass,pass,False,ok,/home/pizza/evosuite/results/project-JacksonDatabind/JacksonDatabind-69/round02
JacksonDatabind,9,nsga2,02,com.fasterxml.jackson.databind.ser.std.StdKeySerializer,173.322,12,15,4,6,80.0,66.7,pass,pass,False,ok,/home/pizza/evosuite/results/project-JacksonDatabind/JacksonDatabind-9/round02
JacksonDatabind,98,nsga2,02,com.fasterxml.jackson.databind.deser.impl.ExternalTypeHandler,178.904,46,213,5,94,21.6,5.3,pass,pass,False,ok,/home/pizza/evosuite/results/project-JacksonDatabind/JacksonDatabind-98/round02
JacksonDatabind,70,nsga2,02,com.fasterxml.jackson.databind.deser.impl.BeanPropertyMap,200.59,107,226,50,138,47.3,36.2,pass,pass,False,ok,/home/pizza/evosuite/results/project-JacksonDatabind/JacksonDatabind-70/round02
JacksonDatabind,38,nsga2,02,com.fasterxml.jackson.databind.type.CollectionType|com.fasterxml.jackson.databind.type.MapType|com.fasterxml.jackson.databind.type.SimpleType,620.594,122,137,40,54,89.1,74.1,pass,pass,False,ok,/home/pizza/evosuite/results/project-JacksonDatabind/JacksonDatabind-38/round02
JacksonDatabind,99,nsga2,02,com.fasterxml.jackson.databind.type.ReferenceType,222.663,70,71,27,28,98.6,96.4,pass,fail,True,ok,/home/pizza/evosuite/results/project-JacksonDatabind/JacksonDatabind-99/round02
JacksonDatabind,10,nsga2,02,com.fasterxml.jackson.databind.ser.AnyGetterWriter|com.fasterxml.jackson.databind.ser.BeanSerializerFactory,365.411,57,285,21,172,20.0,12.2,pass,pass,False,ok,/home/pizza/evosuite/results/project-JacksonDatabind/JacksonDatabind-10/round02
JacksonDatabind,71,nsga2,02,com.fasterxml.jackson.databind.deser.std.StdKeyDeserializer,187.392,60,149,31,97,40.3,32.0,pass,pass,False,ok,/home/pizza/evosuite/results/project-JacksonDatabind/JacksonDatabind-71/round02
JacksonDatabind,39,nsga2,02,com.fasterxml.jackson.databind.deser.std.NullifyingDeserializer,167.007,7,13,2,8,53.8,25.0,pass,pass,False,ok,/home/pizza/evosuite/results/project-JacksonDatabind/JacksonDatabind-39/round02
JacksonDatabind,100,nsga2,02,com.fasterxml.jackson.databind.node.TreeTraversingParser,224.77,93,119,50,77,78.2,64.9,pass,pass,False,ok,/home/pizza/evosuite/results/project-JacksonDatabind/JacksonDatabind-100/round02
JacksonDatabind,72,nsga2,02,com.fasterxml.jackson.databind.deser.impl.InnerClassProperty,190.264,36,48,5,10,75.0,50.0,pass,pass,False,ok,/home/pizza/evosuite/results/project-JacksonDatabind/JacksonDatabind-72/round02
JacksonDatabind,11,nsga2,02,com.fasterxml.jackson.databind.type.TypeFactory,231.051,211,320,104,198,65.9,52.5,pass,pass,False,ok,/home/pizza/evosuite/results/project-JacksonDatabind/JacksonDatabind-11/round02
JacksonDatabind,40,nsga2,02,com.fasterxml.jackson.databind.deser.std.NumberDeserializers,211.555,107,223,42,134,48.0,31.3,pass,pass,False,ok,/home/pizza/evosuite/results/project-JacksonDatabind/JacksonDatabind-40/round02
JacksonDatabind,101,nsga2,02,com.fasterxml.jackson.databind.deser.BeanDeserializer,180.964,20,465,3,251,4.3,1.2,pass,pass,False,ok,/home/pizza/evosuite/results/project-JacksonDatabind/JacksonDatabind-101/round02
JacksonDatabind,12,nsga2,02,com.fasterxml.jackson.databind.deser.std.MapDeserializer,189.64,82,262,29,146,31.3,19.9,pass,fail,True,ok,/home/pizza/evosuite/results/project-JacksonDatabind/JacksonDatabind-12/round02
JacksonDatabind,41,nsga2,02,com.fasterxml.jackson.databind.type.TypeFactory,245.591,274,343,136,217,79.9,62.7,pass,pass,False,ok,/home/pizza/evosuite/results/project-JacksonDatabind/JacksonDatabind-41/round02
JacksonDatabind,102,nsga2,02,com.fasterxml.jackson.databind.ser.std.DateTimeSerializerBase,176.303,35,69,20,50,50.7,40.0,pass,pass,False,ok,/home/pizza/evosuite/results/project-JacksonDatabind/JacksonDatabind-102/round02
JacksonDatabind,73,nsga2,02,com.fasterxml.jackson.databind.introspect.POJOPropertiesCollector|com.fasterxml.jackson.databind.introspect.POJOPropertyBuilder,350.376,53,930,39,720,5.7,5.4,pass,pass,False,ok,/home/pizza/evosuite/results/project-JacksonDatabind/JacksonDatabind-73/round02
JacksonDatabind,42,nsga2,02,com.fasterxml.jackson.databind.deser.std.FromStringDeserializer,184.604,,,,,,,error,error,n/a,not_evaluable,/home/pizza/evosuite/results/project-JacksonDatabind/JacksonDatabind-42/round02
JacksonDatabind,74,nsga2,02,com.fasterxml.jackson.databind.jsontype.impl.AsPropertyTypeDeserializer,187.772,24,65,9,38,36.9,23.7,pass,pass,False,ok,/home/pizza/evosuite/results/project-JacksonDatabind/JacksonDatabind-74/round02
JacksonDatabind,13,nsga2,02,com.fasterxml.jackson.databind.deser.DefaultDeserializationContext|com.fasterxml.jackson.databind.deser.impl.ObjectIdValueProperty,364.798,77,136,25,72,56.6,34.7,pass,pass,False,ok,/home/pizza/evosuite/results/project-JacksonDatabind/JacksonDatabind-13/round02
JacksonDatabind,43,nsga2,02,com.fasterxml.jackson.databind.deser.impl.ObjectIdValueProperty,173.207,21,32,2,6,65.6,33.3,pass,fail,True,ok,/home/pizza/evosuite/results/project-JacksonDatabind/JacksonDatabind-43/round02
JacksonDatabind,75,nsga2,02,com.fasterxml.jackson.databind.ser.std.EnumSerializer,177.054,,,,,,,pass,error,n/a,not_evaluable,/home/pizza/evosuite/results/project-JacksonDatabind/JacksonDatabind-75/round02
JacksonDatabind,14,nsga2,02,com.fasterxml.jackson.databind.ObjectReader,219.052,183,389,46,154,47.0,29.9,pass,fail,True,ok,/home/pizza/evosuite/results/project-JacksonDatabind/JacksonDatabind-14/round02
JacksonDatabind,44,nsga2,02,com.fasterxml.jackson.databind.type.SimpleType,211.763,74,91,35,50,81.3,70.0,pass,pass,False,ok,/home/pizza/evosuite/results/project-JacksonDatabind/JacksonDatabind-44/round02
JacksonDatabind,76,nsga2,02,com.fasterxml.jackson.databind.deser.BuilderBasedDeserializer,167.083,4,306,0,162,1.3,0.0,pass,pass,False,ok,/home/pizza/evosuite/results/project-JacksonDatabind/JacksonDatabind-76/round02
JacksonDatabind,45,nsga2,02,com.fasterxml.jackson.databind.ser.std.DateTimeSerializerBase,185.701,22,41,19,38,53.7,50.0,pass,pass,False,ok,/home/pizza/evosuite/results/project-JacksonDatabind/JacksonDatabind-45/round02
JacksonDatabind,77,nsga2,02,com.fasterxml.jackson.databind.deser.BeanDeserializerFactory,192.6,56,332,21,206,16.9,10.2,pass,pass,False,ok,/home/pizza/evosuite/results/project-JacksonDatabind/JacksonDatabind-77/round02
JacksonDatabind,46,nsga2,02,com.fasterxml.jackson.databind.type.ReferenceType,186.357,51,52,22,22,98.1,100.0,pass,fail,True,ok,/home/pizza/evosuite/results/project-JacksonDatabind/JacksonDatabind-46/round02
JacksonDatabind,78,nsga2,02,com.fasterxml.jackson.databind.deser.BeanDeserializerFactory,202.133,116,354,49,212,32.8,23.1,pass,pass,False,ok,/home/pizza/evosuite/results/project-JacksonDatabind/JacksonDatabind-78/round02
JacksonDatabind,47,nsga2,02,com.fasterxml.jackson.databind.AnnotationIntrospector,227.09,88,186,14,48,47.3,29.2,pass,pass,False,ok,/home/pizza/evosuite/results/project-JacksonDatabind/JacksonDatabind-47/round02
JacksonDatabind,15,nsga2,02,com.fasterxml.jackson.databind.JavaType|com.fasterxml.jackson.databind.ser.BeanSerializerFactory|com.fasterxml.jackson.databind.ser.std.BeanSerializerBase|com.fasterxml.jackson.databind.ser.std.StdDelegatingSerializer|com.fasterxml.jackson.databind.ser.std.StdSerializer,944.321,405,779,163,494,52.0,33.0,pass,fail,True,ok,/home/pizza/evosuite/results/project-JacksonDatabind/JacksonDatabind-15/round02
JacksonDatabind,16,nsga2,02,com.fasterxml.jackson.databind.introspect.AnnotationMap,162.767,17,35,10,36,48.6,27.8,pass,fail,True,ok,/home/pizza/evosuite/results/project-JacksonDatabind/JacksonDatabind-16/round02
JacksonDatabind,79,nsga2,02,com.fasterxml.jackson.databind.introspect.JacksonAnnotationIntrospector|com.fasterxml.jackson.databind.introspect.ObjectIdInfo|com.fasterxml.jackson.databind.ser.std.BeanSerializerBase,574.711,271,834,101,562,32.5,18.0,pass,pass,False,ok,/home/pizza/evosuite/results/project-JacksonDatabind/JacksonDatabind-79/round02
JacksonDatabind,48,nsga2,02,com.fasterxml.jackson.databind.DeserializationConfig|com.fasterxml.jackson.databind.SerializationConfig,494.445,462,577,150,262,80.1,57.3,pass,pass,False,ok,/home/pizza/evosuite/results/project-JacksonDatabind/JacksonDatabind-48/round02
JacksonDatabind,17,nsga2,02,com.fasterxml.jackson.databind.ObjectMapper,228.879,198,638,39,192,31.0,20.3,pass,pass,False,ok,/home/pizza/evosuite/results/project-JacksonDatabind/JacksonDatabind-17/round02
JacksonDatabind,80,nsga2,02,com.fasterxml.jackson.databind.jsontype.impl.StdSubtypeResolver,166.63,11,126,6,82,8.7,7.3,pass,pass,False,ok,/home/pizza/evosuite/results/project-JacksonDatabind/JacksonDatabind-80/round02
JacksonDatabind,49,nsga2,02,com.fasterxml.jackson.databind.ser.impl.WritableObjectId,173.714,18,22,11,14,81.8,78.6,pass,pass,False,ok,/home/pizza/evosuite/results/project-JacksonDatabind/JacksonDatabind-49/round02
JacksonDatabind,18,nsga2,02,com.fasterxml.jackson.databind.MappingIterator,199.865,65,93,30,55,69.9,54.5,pass,pass,False,ok,/home/pizza/evosuite/results/project-JacksonDatabind/JacksonDatabind-18/round02
JacksonDatabind,81,nsga2,02,com.fasterxml.jackson.databind.introspect.JacksonAnnotationIntrospector,210.159,118,551,46,391,21.4,11.8,pass,pass,False,ok,/home/pizza/evosuite/results/project-JacksonDatabind/JacksonDatabind-81/round02
JacksonDatabind,50,nsga2,02,com.fasterxml.jackson.databind.deser.BeanDeserializer,175.925,7,432,0,237,1.6,0.0,pass,pass,False,ok,/home/pizza/evosuite/results/project-JacksonDatabind/JacksonDatabind-50/round02
JacksonDatabind,19,nsga2,02,com.fasterxml.jackson.databind.type.TypeFactory,234.666,211,349,108,232,60.5,46.6,pass,pass,False,ok,/home/pizza/evosuite/results/project-JacksonDatabind/JacksonDatabind-19/round02
JacksonDatabind,82,nsga2,02,com.fasterxml.jackson.databind.deser.BeanDeserializerFactory,190.443,75,355,23,212,21.1,10.8,pass,pass,False,ok,/home/pizza/evosuite/results/project-JacksonDatabind/JacksonDatabind-82/round02
JacksonDatabind,51,nsga2,02,com.fasterxml.jackson.databind.jsontype.impl.TypeDeserializerBase,189.09,53,75,16,36,70.7,44.4,pass,pass,False,ok,/home/pizza/evosuite/results/project-JacksonDatabind/JacksonDatabind-51/round02
JacksonDatabind,83,nsga2,02,com.fasterxml.jackson.databind.deser.std.FromStringDeserializer,194.445,,,,,,,error,error,n/a,not_evaluable,/home/pizza/evosuite/results/project-JacksonDatabind/JacksonDatabind-83/round02
JacksonDatabind,20,nsga2,02,com.fasterxml.jackson.databind.node.ObjectNode,216.938,150,186,59,84,80.6,70.2,pass,pass,False,ok,/home/pizza/evosuite/results/project-JacksonDatabind/JacksonDatabind-20/round02
JacksonDatabind,52,nsga2,02,com.fasterxml.jackson.databind.deser.BeanDeserializerBase|com.fasterxml.jackson.databind.deser.impl.ExternalTypeHandler,343.692,127,748,54,439,17.0,12.3,pass,pass,False,ok,/home/pizza/evosuite/results/project-JacksonDatabind/JacksonDatabind-52/round02
JacksonDatabind,84,nsga2,02,com.fasterxml.jackson.databind.type.ResolvedRecursiveType,194.004,30,33,13,16,90.9,81.2,pass,pass,False,ok,/home/pizza/evosuite/results/project-JacksonDatabind/JacksonDatabind-84/round02
JacksonDatabind,21,nsga2,02,com.fasterxml.jackson.databind.introspect.JacksonAnnotationIntrospector,228.68,162,342,72,255,47.4,28.2,pass,pass,False,ok,/home/pizza/evosuite/results/project-JacksonDatabind/JacksonDatabind-21/round02
JacksonDatabind,103,nsga2,02,com.fasterxml.jackson.databind.DatabindContext|com.fasterxml.jackson.databind.DeserializationContext|com.fasterxml.jackson.databind.JsonMappingException|com.fasterxml.jackson.databind.SerializerProvider|com.fasterxml.jackson.databind.deser.BasicDeserializerFactory|com.fasterxml.jackson.databind.deser.BeanDeserializerFactory|com.fasterxml.jackson.databind.deser.DeserializerCache|com.fasterxml.jackson.databind.deser.SettableAnyProperty|com.fasterxml.jackson.databind.deser.SettableBeanProperty|com.fasterxml.jackson.databind.deser.std.StdDeserializer|com.fasterxml.jackson.databind.deser.std.StdKeyDeserializer|com.fasterxml.jackson.databind.deser.std.StdValueInstantiator|com.fasterxml.jackson.databind.introspect.BasicBeanDescription|com.fasterxml.jackson.databind.ser.DefaultSerializerProvider|com.fasterxml.jackson.databind.ser.PropertyBuilder|com.fasterxml.jackson.databind.util.ClassUtil,3313.465,2012,4259,887,2537,47.2,35.0,pass,pass,False,ok,/home/pizza/evosuite/results/project-JacksonDatabind/JacksonDatabind-103/round02
JacksonDatabind,85,nsga2,02,com.fasterxml.jackson.databind.ser.std.DateTimeSerializerBase,184.26,23,62,18,54,37.1,33.3,pass,pass,False,ok,/home/pizza/evosuite/results/project-JacksonDatabind/JacksonDatabind-85/round02
JacksonDatabind,104,nsga2,02,com.fasterxml.jackson.databind.util.StdDateFormat,186.526,,,,,,,error,error,n/a,not_evaluable,/home/pizza/evosuite/results/project-JacksonDatabind/JacksonDatabind-104/round02
JacksonDatabind,53,nsga2,02,com.fasterxml.jackson.databind.type.TypeBindings|com.fasterxml.jackson.databind.type.TypeFactory,460.817,428,532,239,358,80.5,66.8,pass,pass,False,ok,/home/pizza/evosuite/results/project-JacksonDatabind/JacksonDatabind-53/round02
JacksonDatabind,22,nsga2,02,com.fasterxml.jackson.databind.ser.BasicSerializerFactory|com.fasterxml.jackson.databind.ser.BeanSerializerFactory,399.188,,,,,,,pass,error,n/a,not_evaluable,/home/pizza/evosuite/results/project-JacksonDatabind/JacksonDatabind-22/round02
JacksonDatabind,86,nsga2,02,com.fasterxml.jackson.databind.type.ResolvedRecursiveType,186.932,30,33,13,16,90.9,81.2,pass,pass,False,ok,/home/pizza/evosuite/results/project-JacksonDatabind/JacksonDatabind-86/round02
JacksonDatabind,105,nsga2,02,com.fasterxml.jackson.databind.deser.std.JdkDeserializers,161.484,16,21,9,14,76.2,64.3,pass,pass,False,ok,/home/pizza/evosuite/results/project-JacksonDatabind/JacksonDatabind-105/round02
JacksonDatabind,54,nsga2,02,com.fasterxml.jackson.databind.ser.PropertyBuilder,170.782,6,97,0,67,6.2,0.0,pass,pass,False,ok,/home/pizza/evosuite/results/project-JacksonDatabind/JacksonDatabind-54/round02
JacksonDatabind,23,nsga2,02,com.fasterxml.jackson.databind.ser.std.NumberSerializers,186.305,62,84,10,22,73.8,45.5,pass,pass,False,ok,/home/pizza/evosuite/results/project-JacksonDatabind/JacksonDatabind-23/round02
JacksonDatabind,87,nsga2,02,com.fasterxml.jackson.databind.util.StdDateFormat,184.776,162,204,91,136,79.4,66.9,pass,pass,False,ok,/home/pizza/evosuite/results/project-JacksonDatabind/JacksonDatabind-87/round02
JacksonDatabind,106,nsga2,02,com.fasterxml.jackson.databind.node.TreeTraversingParser,228.586,106,125,57,81,84.8,70.4,pass,pass,False,ok,/home/pizza/evosuite/results/project-JacksonDatabind/JacksonDatabind-106/round02
JacksonDatabind,55,nsga2,02,com.fasterxml.jackson.databind.ser.std.StdKeySerializers,199.672,57,72,27,39,79.2,69.2,pass,fail,True,ok,/home/pizza/evosuite/results/project-JacksonDatabind/JacksonDatabind-55/round02
JacksonDatabind,24,nsga2,02,com.fasterxml.jackson.databind.cfg.BaseSettings,162.566,0,66,0,24,0.0,0.0,pass,pass,False,ok,/home/pizza/evosuite/results/project-JacksonDatabind/JacksonDatabind-24/round02
JacksonDatabind,88,nsga2,02,com.fasterxml.jackson.databind.jsontype.impl.ClassNameIdResolver,185.061,33,51,16,28,64.7,57.1,pass,pass,False,ok,/home/pizza/evosuite/results/project-JacksonDatabind/JacksonDatabind-88/round02
JacksonDatabind,107,nsga2,02,com.fasterxml.jackson.databind.jsontype.impl.TypeDeserializerBase,192.576,55,77,12,32,71.4,37.5,pass,pass,False,ok,/home/pizza/evosuite/results/project-JacksonDatabind/JacksonDatabind-107/round02
JacksonDatabind,56,nsga2,02,com.fasterxml.jackson.databind.deser.std.FromStringDeserializer,188.927,59,117,38,87,50.4,43.7,pass,pass,False,ok,/home/pizza/evosuite/results/project-JacksonDatabind/JacksonDatabind-56/round02
JacksonDatabind,108,nsga2,02,com.fasterxml.jackson.databind.ObjectReader,210.694,188,451,47,194,41.7,24.2,pass,pass,False,ok,/home/pizza/evosuite/results/project-JacksonDatabind/JacksonDatabind-108/round02
JacksonDatabind,90,nsga2,02,com.fasterxml.jackson.databind.deser.ValueInstantiator|com.fasterxml.jackson.databind.deser.std.StdValueInstantiator,423.105,155,224,63,124,69.2,50.8,pass,pass,False,ok,/home/pizza/evosuite/results/project-JacksonDatabind/JacksonDatabind-90/round02
JacksonDatabind,57,nsga2,02,com.fasterxml.jackson.databind.ObjectReader,231.027,191,408,47,156,46.8,30.1,pass,pass,False,ok,/home/pizza/evosuite/results/project-JacksonDatabind/JacksonDatabind-57/round02
JacksonDatabind,25,nsga2,02,com.fasterxml.jackson.databind.deser.BasicDeserializerFactory|com.fasterxml.jackson.databind.deser.DeserializerCache|com.fasterxml.jackson.databind.jsontype.impl.TypeDeserializerBase|com.fasterxml.jackson.databind.module.SimpleAbstractTypeResolver,743.531,456,1058,222,770,43.1,28.8,pass,pass,False,ok,/home/pizza/evosuite/results/project-JacksonDatabind/JacksonDatabind-25/round02
JacksonDatabind,58,nsga2,02,com.fasterxml.jackson.databind.deser.BeanDeserializerFactory,187.026,86,323,33,200,26.6,16.5,pass,pass,False,ok,/home/pizza/evosuite/results/project-JacksonDatabind/JacksonDatabind-58/round02
JacksonDatabind,109,nsga2,02,com.fasterxml.jackson.databind.ser.std.NumberSerializer|com.fasterxml.jackson.databind.ser.std.NumberSerializers,364.37,81,116,32,52,69.8,61.5,pass,pass,False,ok,/home/pizza/evosuite/results/project-JacksonDatabind/JacksonDatabind-109/round02
JacksonDatabind,26,nsga2,02,com.fasterxml.jackson.databind.ser.BeanPropertyWriter,211.562,148,267,43,148,55.4,29.1,pass,pass,False,ok,/home/pizza/evosuite/results/project-JacksonDatabind/JacksonDatabind-26/round02
JacksonDatabind,110,nsga2,02,com.fasterxml.jackson.databind.deser.impl.JavaUtilCollectionsDeserializers,163.575,21,59,8,27,35.6,29.6,pass,pass,False,ok,/home/pizza/evosuite/results/project-JacksonDatabind/JacksonDatabind-110/round02
JacksonDatabind,27,nsga2,02,com.fasterxml.jackson.databind.deser.BeanDeserializer,174.1,6,392,0,222,1.5,0.0,pass,pass,False,ok,/home/pizza/evosuite/results/project-JacksonDatabind/JacksonDatabind-27/round02
JacksonDatabind,28,nsga2,02,com.fasterxml.jackson.databind.deser.std.JsonNodeDeserializer,177.58,21,30,7,15,70.0,46.7,pass,pass,False,ok,/home/pizza/evosuite/results/project-JacksonDatabind/JacksonDatabind-28/round02
JacksonDatabind,59,nsga2,02,com.fasterxml.jackson.databind.JavaType|com.fasterxml.jackson.databind.type.CollectionLikeType|com.fasterxml.jackson.databind.type.MapLikeType|com.fasterxml.jackson.databind.type.TypeFactory,864.817,510,597,224,331,85.4,67.7,pass,pass,False,ok,/home/pizza/evosuite/results/project-JacksonDatabind/JacksonDatabind-59/round02
JacksonDatabind,29,nsga2,02,com.fasterxml.jackson.databind.deser.impl.ExternalTypeHandler,178.144,53,146,10,66,36.3,15.2,pass,pass,False,ok,/home/pizza/evosuite/results/project-JacksonDatabind/JacksonDatabind-29/round02
JacksonDatabind,60,nsga2,02,com.fasterxml.jackson.databind.ser.std.JsonValueSerializer,163.903,2,149,0,74,1.3,0.0,pass,pass,False,ok,/home/pizza/evosuite/results/project-JacksonDatabind/JacksonDatabind-60/round02
JacksonDatabind,30,nsga2,02,com.fasterxml.jackson.databind.ObjectMapper|com.fasterxml.jackson.databind.util.TokenBuffer,505.204,583,1342,179,544,43.4,32.9,pass,pass,False,ok,/home/pizza/evosuite/results/project-JacksonDatabind/JacksonDatabind-30/round02
JacksonDatabind,111,nsga2,02,com.fasterxml.jackson.databind.deser.CreatorProperty|com.fasterxml.jackson.databind.deser.impl.FieldProperty|com.fasterxml.jackson.databind.deser.impl.MethodProperty|com.fasterxml.jackson.databind.deser.impl.ObjectIdReferenceProperty|com.fasterxml.jackson.databind.deser.impl.ObjectIdValueProperty|com.fasterxml.jackson.databind.deser.impl.SetterlessProperty|com.fasterxml.jackson.databind.deser.std.AtomicReferenceDeserializer,1240.237,135,351,20,106,38.5,18.9,pass,pass,False,ok,/home/pizza/evosuite/results/project-JacksonDatabind/JacksonDatabind-111/round02
JacksonDatabind,112,nsga2,02,com.fasterxml.jackson.databind.deser.std.StringCollectionDeserializer,182.613,38,91,25,60,41.8,41.7,pass,pass,False,ok,/home/pizza/evosuite/results/project-JacksonDatabind/JacksonDatabind-112/round02
Closure,155,nsga2,02,com.google.javascript.jscomp.InlineVariables|com.google.javascript.jscomp.ReferenceCollectingCallback|com.google.javascript.jscomp.Scope,604.049,236,601,84,451,39.3,18.6,fail,fail,False,ok,/home/pizza/evosuite/results/project-Closure/Closure-155/round02
Closure,156,nsga2,02,com.google.javascript.jscomp.CollapseProperties,279.07,21,340,5,244,6.2,2.0,pass,pass,False,ok,/home/pizza/evosuite/results/project-Closure/Closure-156/round02
Closure,157,nsga2,02,com.google.javascript.jscomp.CodeGenerator|com.google.javascript.jscomp.parsing.IRFactory|com.google.javascript.jscomp.RenamePrototypes,537.805,283,1355,112,882,20.9,12.7,pass,pass,False,ok,/home/pizza/evosuite/results/project-Closure/Closure-157/round02
Closure,158,nsga2,02,com.google.javascript.jscomp.AbstractCommandLineRunner|com.google.javascript.jscomp.CommandLineRunner|com.google.javascript.jscomp.DiagnosticGroups,559.313,,,,,,,pass,error,n/a,not_evaluable,/home/pizza/evosuite/results/project-Closure/Closure-158/round02
Closure,159,nsga2,02,com.google.javascript.jscomp.InlineFunctions,302.209,,,,,,,,,,generation_failed,/home/pizza/evosuite/results/project-Closure/Closure-159/round02
Closure,160,nsga2,02,com.google.javascript.jscomp.Compiler,252.082,190,793,54,320,24.0,16.9,fail,fail,False,ok,/home/pizza/evosuite/results/project-Closure/Closure-160/round02
Closure,161,nsga2,02,com.google.javascript.jscomp.PeepholeFoldConstants,198.828,39,638,15,500,6.1,3.0,pass,pass,False,ok,/home/pizza/evosuite/results/project-Closure/Closure-161/round02
Closure,162,nsga2,02,com.google.javascript.jscomp.Scope|com.google.javascript.jscomp.ScopedAliases,415.859,138,320,41,184,43.1,22.3,pass,pass,False,ok,/home/pizza/evosuite/results/project-Closure/Closure-162/round02
Closure,163,nsga2,02,com.google.javascript.jscomp.AnalyzePrototypeProperties|com.google.javascript.jscomp.CrossModuleMethodMotion,392.252,,,,,,,fail,error,n/a,not_evaluable,/home/pizza/evosuite/results/project-Closure/Closure-163/round02
Closure,164,nsga2,02,com.google.javascript.rhino.jstype.ArrowType,178.824,73,100,51,100,73.0,51.0,pass,fail,True,ok,/home/pizza/evosuite/results/project-Closure/Closure-164/round02
Closure,165,nsga2,02,com.google.javascript.rhino.jstype.JSTypeRegistry|com.google.javascript.rhino.jstype.ObjectType|com.google.javascript.rhino.jstype.RecordType|com.google.javascript.rhino.jstype.RecordTypeBuilder,822.683,624,845,149,297,73.8,50.2,pass,pass,False,ok,/home/pizza/evosuite/results/project-Closure/Closure-165/round02
Closure,166,nsga2,02,com.google.javascript.rhino.jstype.PrototypeObjectType,205.688,163,225,106,188,72.4,56.4,pass,pass,False,ok,/home/pizza/evosuite/results/project-Closure/Closure-166/round02
Closure,167,nsga2,02,com.google.javascript.jscomp.type.SemanticReverseAbstractInterpreter|com.google.javascript.rhino.jstype.JSType,393.652,254,513,151,388,49.5,38.9,pass,pass,False,ok,/home/pizza/evosuite/results/project-Closure/Closure-167/round02
Closure,168,nsga2,02,com.google.javascript.jscomp.TypedScopeCreator,181.706,185,895,49,703,20.7,7.0,pass,pass,False,ok,/home/pizza/evosuite/results/project-Closure/Closure-168/round02
Closure,169,nsga2,02,com.google.javascript.rhino.jstype.ArrowType|com.google.javascript.rhino.jstype.EquivalenceMethod|com.google.javascript.rhino.jstype.FunctionType|com.google.javascript.rhino.jstype.JSType|com.google.javascript.rhino.jstype.RecordType|com.google.javascript.rhino.jstype.UnionType,1003.643,,,,,,,pass,error,n/a,not_evaluable,/home/pizza/evosuite/results/project-Closure/Closure-169/round02
Closure,170,nsga2,02,com.google.javascript.jscomp.FlowSensitiveInlineVariables,171.715,11,184,1,138,6.0,0.7,pass,pass,False,ok,/home/pizza/evosuite/results/project-Closure/Closure-170/round02
Closure,171,nsga2,02,com.google.javascript.jscomp.TypeInference|com.google.javascript.jscomp.TypedScopeCreator,347.797,28,1650,2,1215,1.7,0.2,fail,fail,False,ok,/home/pizza/evosuite/results/project-Closure/Closure-171/round02
Closure,172,nsga2,02,com.google.javascript.jscomp.TypedScopeCreator,178.4,164,956,38,770,17.2,4.9,pass,pass,False,ok,/home/pizza/evosuite/results/project-Closure/Closure-172/round02
Closure,173,nsga2,02,com.google.javascript.jscomp.CodeGenerator|com.google.javascript.jscomp.PeepholeSubstituteAlternateSyntax,382.99,152,930,72,686,16.3,10.5,pass,pass,False,ok,/home/pizza/evosuite/results/project-Closure/Closure-173/round02
Closure,174,nsga2,02,com.google.javascript.jscomp.JsAst|com.google.javascript.jscomp.NodeUtil|com.google.javascript.jscomp.ScopedAliases,580.154,257,1393,121,1252,18.4,9.7,fail,fail,False,ok,/home/pizza/evosuite/results/project-Closure/Closure-174/round02
Closure,175,nsga2,02,com.google.javascript.jscomp.FunctionInjector,187.182,0,302,0,208,0.0,0.0,pass,pass,False,ok,/home/pizza/evosuite/results/project-Closure/Closure-175/round02
Closure,176,nsga2,02,com.google.javascript.jscomp.TypeInference,167.694,3,739,2,489,0.4,0.4,pass,pass,False,ok,/home/pizza/evosuite/results/project-Closure/Closure-176/round02
JacksonCore,1,nsga2,02,com.fasterxml.jackson.core.io.NumberInput|com.fasterxml.jackson.core.util.TextBuffer,324.659,360,403,193,242,89.3,79.8,pass,fail,True,ok,/home/pizza/evosuite/results/project-JacksonCore/JacksonCore-1/round02
Math,36,nsga2,02,org.apache.commons.math.fraction.BigFraction,187.544,203,240,70,96,84.6,72.9,pass,pass,False,ok,/home/pizza/evosuite/results/project-Math/Math-36/round02
JacksonCore,2,nsga2,02,com.fasterxml.jackson.core.json.ReaderBasedJsonParser|com.fasterxml.jackson.core.json.UTF8StreamJsonParser,371.949,489,2491,237,1714,19.6,13.8,pass,fail,True,ok,/home/pizza/evosuite/results/project-JacksonCore/JacksonCore-2/round02
Math,1,nsga2,02,org.apache.commons.math3.fraction.BigFraction|org.apache.commons.math3.fraction.Fraction,369.909,379,429,156,200,88.3,78.0,pass,fail,True,ok,/home/pizza/evosuite/results/project-Math/Math-1/round02
JacksonCore,3,nsga2,02,com.fasterxml.jackson.core.json.UTF8StreamJsonParser,183.219,194,1540,93,1016,12.6,9.2,pass,pass,False,ok,/home/pizza/evosuite/results/project-JacksonCore/JacksonCore-3/round02
Math,37,nsga2,02,org.apache.commons.math.complex.Complex,278.701,210,228,141,170,92.1,82.9,pass,fail,True,ok,/home/pizza/evosuite/results/project-Math/Math-37/round02
Math,2,nsga2,02,org.apache.commons.math3.distribution.HypergeometricDistribution,187.104,74,74,26,26,100.0,100.0,pass,pass,False,ok,/home/pizza/evosuite/results/project-Math/Math-2/round02
JacksonCore,4,nsga2,02,com.fasterxml.jackson.core.util.TextBuffer,172.915,231,264,110,134,87.5,82.1,pass,pass,False,ok,/home/pizza/evosuite/results/project-JacksonCore/JacksonCore-4/round02
Math,38,nsga2,02,org.apache.commons.math.optimization.direct.BOBYQAOptimizer,184.219,21,1198,4,624,1.8,0.6,pass,pass,False,ok,/home/pizza/evosuite/results/project-Math/Math-38/round02
Math,3,nsga2,02,org.apache.commons.math3.util.MathArrays,194.576,372,423,178,236,87.9,75.4,pass,pass,False,ok,/home/pizza/evosuite/results/project-Math/Math-3/round02
JacksonCore,5,nsga2,02,com.fasterxml.jackson.core.JsonPointer,166.548,80,84,55,62,95.2,88.7,pass,fail,True,ok,/home/pizza/evosuite/results/project-JacksonCore/JacksonCore-5/round02
Math,39,nsga2,02,org.apache.commons.math.ode.nonstiff.EmbeddedRungeKuttaIntegrator,216.302,99,112,43,54,88.4,79.6,pass,pass,False,ok,/home/pizza/evosuite/results/project-Math/Math-39/round02
JacksonCore,6,nsga2,02,com.fasterxml.jackson.core.JsonPointer,178.127,85,89,59,70,95.5,84.3,pass,pass,False,ok,/home/pizza/evosuite/results/project-JacksonCore/JacksonCore-6/round02
Math,4,nsga2,02,org.apache.commons.math3.geometry.euclidean.threed.SubLine|org.apache.commons.math3.geometry.euclidean.twod.SubLine,335.943,87,88,47,48,98.9,97.9,pass,fail,True,ok,/home/pizza/evosuite/results/project-Math/Math-4/round02
JacksonCore,7,nsga2,02,com.fasterxml.jackson.core.json.JsonWriteContext,181.173,44,72,3,34,61.1,8.8,pass,fail,True,ok,/home/pizza/evosuite/results/project-JacksonCore/JacksonCore-7/round02
Math,40,nsga2,02,org.apache.commons.math.analysis.solvers.BracketingNthOrderBrentSolver,223.699,131,133,62,66,98.5,93.9,pass,pass,False,ok,/home/pizza/evosuite/results/project-Math/Math-40/round02
JacksonCore,8,nsga2,02,com.fasterxml.jackson.core.util.TextBuffer,174.072,241,271,118,140,88.9,84.3,pass,pass,False,ok,/home/pizza/evosuite/results/project-JacksonCore/JacksonCore-8/round02
Math,41,nsga2,02,org.apache.commons.math.stat.descriptive.moment.Variance,175.491,111,112,40,46,99.1,87.0,pass,pass,False,ok,/home/pizza/evosuite/results/project-Math/Math-41/round02
Math,5,nsga2,02,org.apache.commons.math3.complex.Complex,303.717,,,,,,,,,,generation_failed,/home/pizza/evosuite/results/project-Math/Math-5/round02
Math,42,nsga2,02,org.apache.commons.math.optimization.linear.SimplexTableau,178.646,171,185,99,124,92.4,79.8,pass,fail,True,ok,/home/pizza/evosuite/results/project-Math/Math-42/round02
Math,43,nsga2,02,org.apache.commons.math.stat.descriptive.SummaryStatistics,176.335,192,192,55,58,100.0,94.8,pass,pass,False,ok,/home/pizza/evosuite/results/project-Math/Math-43/round02
JacksonCore,9,nsga2,02,com.fasterxml.jackson.core.base.ParserMinimalBase|com.fasterxml.jackson.core.json.ReaderBasedJsonParser|com.fasterxml.jackson.core.json.UTF8StreamJsonParser,562.193,557,3128,274,2269,17.8,12.1,pass,pass,False,ok,/home/pizza/evosuite/results/project-JacksonCore/JacksonCore-9/round02
JacksonCore,10,nsga2,02,com.fasterxml.jackson.core.sym.ByteQuadsCanonicalizer,186.042,289,467,75,266,61.9,28.2,pass,fail,True,ok,/home/pizza/evosuite/results/project-JacksonCore/JacksonCore-10/round02
Math,44,nsga2,02,org.apache.commons.math.ode.AbstractIntegrator,248.773,80,122,27,46,65.6,58.7,pass,pass,False,ok,/home/pizza/evosuite/results/project-Math/Math-44/round02
JacksonCore,11,nsga2,02,com.fasterxml.jackson.core.sym.ByteQuadsCanonicalizer,182.401,271,469,72,268,57.8,26.9,pass,fail,True,ok,/home/pizza/evosuite/results/project-JacksonCore/JacksonCore-11/round02
Math,45,nsga2,02,org.apache.commons.math.linear.OpenMapRealMatrix,218.342,38,101,5,24,37.6,20.8,pass,pass,False,ok,/home/pizza/evosuite/results/project-Math/Math-45/round02
Math,6,nsga2,02,org.apache.commons.math3.optim.BaseOptimizer|org.apache.commons.math3.optim.nonlinear.scalar.gradient.NonLinearConjugateGradientOptimizer|org.apache.commons.math3.optim.nonlinear.scalar.noderiv.CMAESOptimizer|org.apache.commons.math3.optim.nonlinear.scalar.noderiv.PowellOptimizer|org.apache.commons.math3.optim.nonlinear.scalar.noderiv.SimplexOptimizer|org.apache.commons.math3.optim.nonlinear.vector.jacobian.GaussNewtonOptimizer|org.apache.commons.math3.optim.nonlinear.vector.jacobian.LevenbergMarquardtOptimizer,1122.56,217,1201,56,587,18.1,9.5,pass,fail,True,ok,/home/pizza/evosuite/results/project-Math/Math-6/round02
Math,46,nsga2,02,org.apache.commons.math.complex.Complex,255.141,193,202,124,144,95.5,86.1,pass,fail,True,ok,/home/pizza/evosuite/results/project-Math/Math-46/round02
JacksonCore,12,nsga2,02,com.fasterxml.jackson.core.json.ReaderBasedJsonParser|com.fasterxml.jackson.core.json.UTF8StreamJsonParser,393.909,527,3192,265,2260,16.5,11.7,pass,pass,False,ok,/home/pizza/evosuite/results/project-JacksonCore/JacksonCore-12/round02
Math,7,nsga2,02,org.apache.commons.math3.ode.AbstractIntegrator,240.07,115,129,46,58,89.1,79.3,pass,pass,False,ok,/home/pizza/evosuite/results/project-Math/Math-7/round02
JacksonCore,13,nsga2,02,com.fasterxml.jackson.core.json.JsonGeneratorImpl,163.573,30,35,10,14,85.7,71.4,pass,pass,False,ok,/home/pizza/evosuite/results/project-JacksonCore/JacksonCore-13/round02
Math,47,nsga2,02,org.apache.commons.math.complex.Complex,301.796,,,,,,,,,,generation_failed,/home/pizza/evosuite/results/project-Math/Math-47/round02
Math,8,nsga2,02,org.apache.commons.math3.distribution.DiscreteDistribution,172.513,,,,,,,pass,error,n/a,not_evaluable,/home/pizza/evosuite/results/project-Math/Math-8/round02
JacksonCore,14,nsga2,02,com.fasterxml.jackson.core.io.IOContext,169.226,68,68,22,22,100.0,100.0,pass,fail,True,ok,/home/pizza/evosuite/results/project-JacksonCore/JacksonCore-14/round02
Math,48,nsga2,02,org.apache.commons.math.analysis.solvers.BaseSecantSolver,187.96,66,74,39,48,89.2,81.2,pass,pass,False,ok,/home/pizza/evosuite/results/project-Math/Math-48/round02
Math,9,nsga2,02,org.apache.commons.math3.geometry.euclidean.threed.Line,182.069,46,47,16,16,97.9,100.0,pass,pass,False,ok,/home/pizza/evosuite/results/project-Math/Math-9/round02
JacksonCore,15,nsga2,02,com.fasterxml.jackson.core.filter.FilteringParserDelegate,189.279,83,378,26,269,22.0,9.7,pass,pass,False,ok,/home/pizza/evosuite/results/project-JacksonCore/JacksonCore-15/round02
JacksonCore,16,nsga2,02,com.fasterxml.jackson.core.util.JsonParserSequence,179.878,19,38,13,26,50.0,50.0,pass,fail,True,ok,/home/pizza/evosuite/results/project-JacksonCore/JacksonCore-16/round02
Math,49,nsga2,02,org.apache.commons.math.linear.OpenMapRealVector,227.87,331,378,115,152,87.6,75.7,pass,fail,True,ok,/home/pizza/evosuite/results/project-Math/Math-49/round02
Math,10,nsga2,02,org.apache.commons.math3.analysis.differentiation.DSCompiler,290.837,203,554,107,286,36.6,37.4,pass,pass,False,ok,/home/pizza/evosuite/results/project-Math/Math-10/round02
JacksonCore,17,nsga2,02,com.fasterxml.jackson.core.json.UTF8JsonGenerator,217.359,321,1019,121,541,31.5,22.4,fail,fail,False,ok,/home/pizza/evosuite/results/project-JacksonCore/JacksonCore-17/round02
Math,50,nsga2,02,org.apache.commons.math.analysis.solvers.BaseSecantSolver,186.07,66,73,33,46,90.4,71.7,pass,fail,True,ok,/home/pizza/evosuite/results/project-Math/Math-50/round02
Math,11,nsga2,02,org.apache.commons.math3.distribution.MultivariateNormalDistribution,168.399,59,59,28,28,100.0,100.0,pass,fail,True,ok,/home/pizza/evosuite/results/project-Math/Math-11/round02
Math,51,nsga2,02,org.apache.commons.math.analysis.solvers.BaseSecantSolver,188.892,66,77,39,48,85.7,81.2,pass,pass,False,ok,/home/pizza/evosuite/results/project-Math/Math-51/round02
Math,12,nsga2,02,org.apache.commons.math3.random.BitsStreamGenerator,174.065,48,48,14,14,100.0,100.0,pass,pass,False,ok,/home/pizza/evosuite/results/project-Math/Math-12/round02
Math,52,nsga2,02,org.apache.commons.math.geometry.euclidean.threed.Rotation,271.544,285,368,70,122,77.4,57.4,pass,pass,False,ok,/home/pizza/evosuite/results/project-Math/Math-52/round02
Math,13,nsga2,02,org.apache.commons.math3.optimization.general.AbstractLeastSquaresOptimizer,169.445,0,87,0,22,0.0,0.0,pass,pass,False,ok,/home/pizza/evosuite/results/project-Math/Math-13/round02
Math,76,nsga2,02,org.apache.commons.math.linear.SingularValueDecompositionImpl,203.434,132,138,55,58,95.7,94.8,pass,pass,False,ok,/home/pizza/evosuite/results/project-Math/Math-76/round02
Math,53,nsga2,02,org.apache.commons.math.complex.Complex,306.959,,,,,,,,,,generation_failed,/home/pizza/evosuite/results/project-Math/Math-53/round02
Math,14,nsga2,02,org.apache.commons.math3.optim.nonlinear.vector.jacobian.AbstractLeastSquaresOptimizer|org.apache.commons.math3.optim.nonlinear.vector.Weight,355.828,35,55,9,16,63.6,56.2,pass,fail,True,ok,/home/pizza/evosuite/results/project-Math/Math-14/round02
Math,77,nsga2,02,org.apache.commons.math.linear.ArrayRealVector|org.apache.commons.math.linear.OpenMapRealVector,470.284,515,793,193,336,64.9,57.4,pass,fail,True,ok,/home/pizza/evosuite/results/project-Math/Math-77/round02
Math,54,nsga2,02,org.apache.commons.math.dfp.Dfp,247.83,255,1001,148,700,25.5,21.1,pass,pass,False,ok,/home/pizza/evosuite/results/project-Math/Math-54/round02
Math,15,nsga2,02,org.apache.commons.math3.util.FastMath,305.469,,,,,,,,,,generation_failed,/home/pizza/evosuite/results/project-Math/Math-15/round02
Math,78,nsga2,02,org.apache.commons.math.ode.events.EventState,211.912,74,98,33,60,75.5,55.0,pass,pass,False,ok,/home/pizza/evosuite/results/project-Math/Math-78/round02
Math,55,nsga2,02,org.apache.commons.math.geometry.Vector3D,282.099,129,132,42,50,97.7,84.0,pass,pass,False,ok,/home/pizza/evosuite/results/project-Math/Math-55/round02
Math,16,nsga2,02,org.apache.commons.math3.util.FastMath,305.823,,,,,,,,,,generation_failed,/home/pizza/evosuite/results/project-Math/Math-16/round02
Math,79,nsga2,02,org.apache.commons.math.util.MathUtils,292.957,284,420,203,345,67.6,58.8,pass,pass,False,ok,/home/pizza/evosuite/results/project-Math/Math-79/round02
Math,56,nsga2,02,org.apache.commons.math.util.MultidimensionalCounter,275.465,68,70,29,32,97.1,90.6,pass,fail,True,ok,/home/pizza/evosuite/results/project-Math/Math-56/round02
Math,17,nsga2,02,org.apache.commons.math3.dfp.Dfp,211.216,257,1031,148,742,24.9,19.9,pass,pass,False,ok,/home/pizza/evosuite/results/project-Math/Math-17/round02
Math,80,nsga2,02,org.apache.commons.math.linear.EigenDecompositionImpl,301.201,687,855,280,414,80.4,67.6,pass,fail,True,ok,/home/pizza/evosuite/results/project-Math/Math-80/round02
Math,57,nsga2,02,org.apache.commons.math.stat.clustering.KMeansPlusPlusClusterer,214.006,85,120,33,54,70.8,61.1,fail,fail,False,ok,/home/pizza/evosuite/results/project-Math/Math-57/round02
Math,18,nsga2,02,org.apache.commons.math3.optimization.direct.CMAESOptimizer,195.31,400,512,170,276,78.1,61.6,pass,pass,False,ok,/home/pizza/evosuite/results/project-Math/Math-18/round02
Math,81,nsga2,02,org.apache.commons.math.linear.EigenDecompositionImpl,224.146,633,855,266,414,74.0,64.3,pass,pass,False,ok,/home/pizza/evosuite/results/project-Math/Math-81/round02
Math,58,nsga2,02,org.apache.commons.math.optimization.fitting.GaussianFitter,176.25,83,96,56,58,86.5,96.6,pass,pass,False,ok,/home/pizza/evosuite/results/project-Math/Math-58/round02
Math,19,nsga2,02,org.apache.commons.math3.optimization.direct.CMAESOptimizer,196.777,350,510,140,276,68.6,50.7,pass,pass,False,ok,/home/pizza/evosuite/results/project-Math/Math-19/round02
Math,82,nsga2,02,org.apache.commons.math.optimization.linear.SimplexSolver,166.948,59,60,34,36,98.3,94.4,pass,pass,False,ok,/home/pizza/evosuite/results/project-Math/Math-82/round02
Math,59,nsga2,02,org.apache.commons.math.util.FastMath,238.634,1288,1549,375,652,83.2,57.5,pass,pass,False,ok,/home/pizza/evosuite/results/project-Math/Math-59/round02
Math,20,nsga2,02,org.apache.commons.math3.optimization.direct.CMAESOptimizer,174.676,332,501,123,272,66.3,45.2,pass,pass,False,ok,/home/pizza/evosuite/results/project-Math/Math-20/round02
Math,83,nsga2,02,org.apache.commons.math.optimization.linear.SimplexTableau,192.393,11,155,7,94,7.1,7.4,pass,pass,False,ok,/home/pizza/evosuite/results/project-Math/Math-83/round02
Math,60,nsga2,02,org.apache.commons.math.distribution.NormalDistributionImpl,178.155,43,43,17,18,100.0,94.4,pass,pass,False,ok,/home/pizza/evosuite/results/project-Math/Math-60/round02
Math,21,nsga2,02,org.apache.commons.math3.linear.RectangularCholeskyDecomposition,161.704,54,55,27,28,98.2,96.4,pass,fail,True,ok,/home/pizza/evosuite/results/project-Math/Math-21/round02
Math,84,nsga2,02,org.apache.commons.math.optimization.direct.MultiDirectional,166.771,29,41,6,14,70.7,42.9,pass,pass,False,ok,/home/pizza/evosuite/results/project-Math/Math-84/round02
Math,61,nsga2,02,org.apache.commons.math.distribution.PoissonDistributionImpl,175.425,34,34,12,12,100.0,100.0,pass,fail,True,ok,/home/pizza/evosuite/results/project-Math/Math-61/round02
Math,85,nsga2,02,org.apache.commons.math.analysis.solvers.UnivariateRealSolverUtils,165.197,36,38,22,22,94.7,100.0,pass,pass,False,ok,/home/pizza/evosuite/results/project-Math/Math-85/round02
Math,22,nsga2,02,org.apache.commons.math3.distribution.FDistribution|org.apache.commons.math3.distribution.UniformRealDistribution,328.804,86,86,22,22,100.0,100.0,pass,fail,True,ok,/home/pizza/evosuite/results/project-Math/Math-22/round02
Math,86,nsga2,02,org.apache.commons.math.linear.CholeskyDecompositionImpl,165.855,48,116,21,60,41.4,35.0,pass,fail,True,ok,/home/pizza/evosuite/results/project-Math/Math-86/round02
Math,62,nsga2,02,org.apache.commons.math.optimization.univariate.MultiStartUnivariateRealOptimizer,252.377,26,46,4,16,56.5,25.0,pass,pass,False,ok,/home/pizza/evosuite/results/project-Math/Math-62/round02
Math,23,nsga2,02,org.apache.commons.math3.optimization.univariate.BrentOptimizer,302.175,,,,,,,,,,generation_failed,/home/pizza/evosuite/results/project-Math/Math-23/round02
Math,87,nsga2,02,org.apache.commons.math.optimization.linear.SimplexTableau,214.968,11,152,9,92,7.2,9.8,pass,pass,False,ok,/home/pizza/evosuite/results/project-Math/Math-87/round02
Math,63,nsga2,02,org.apache.commons.math.util.MathUtils,291.417,352,518,246,435,68.0,56.6,pass,pass,False,ok,/home/pizza/evosuite/results/project-Math/Math-63/round02
Math,24,nsga2,02,org.apache.commons.math3.optimization.univariate.BrentOptimizer,185.484,118,120,68,74,98.3,91.9,pass,pass,False,ok,/home/pizza/evosuite/results/project-Math/Math-24/round02
Math,88,nsga2,02,org.apache.commons.math.optimization.linear.SimplexTableau,193.813,11,152,6,90,7.2,6.7,pass,pass,False,ok,/home/pizza/evosuite/results/project-Math/Math-88/round02
Math,64,nsga2,02,org.apache.commons.math.optimization.general.LevenbergMarquardtOptimizer,168.841,36,355,0,204,10.1,0.0,pass,pass,False,ok,/home/pizza/evosuite/results/project-Math/Math-64/round02
Math,25,nsga2,02,org.apache.commons.math3.optimization.fitting.HarmonicFitter,169.466,94,96,28,30,97.9,93.3,pass,pass,False,ok,/home/pizza/evosuite/results/project-Math/Math-25/round02
Math,89,nsga2,02,org.apache.commons.math.stat.Frequency,171.751,107,110,33,34,97.3,97.1,pass,fail,True,ok,/home/pizza/evosuite/results/project-Math/Math-89/round02
Math,65,nsga2,02,org.apache.commons.math.optimization.general.AbstractLeastSquaresOptimizer,171.833,69,92,15,28,75.0,53.6,pass,pass,False,ok,/home/pizza/evosuite/results/project-Math/Math-65/round02
Math,26,nsga2,02,org.apache.commons.math3.fraction.Fraction,183.09,170,183,81,94,92.9,86.2,pass,pass,False,ok,/home/pizza/evosuite/results/project-Math/Math-26/round02
Math,90,nsga2,02,org.apache.commons.math.stat.Frequency,170.642,99,108,28,32,91.7,87.5,pass,fail,True,ok,/home/pizza/evosuite/results/project-Math/Math-90/round02
Math,66,nsga2,02,org.apache.commons.math.optimization.univariate.BrentOptimizer,168.588,97,97,56,56,100.0,100.0,pass,fail,True,ok,/home/pizza/evosuite/results/project-Math/Math-66/round02
Math,27,nsga2,02,org.apache.commons.math3.fraction.Fraction,180.609,173,183,84,94,94.5,89.4,pass,pass,False,ok,/home/pizza/evosuite/results/project-Math/Math-27/round02
Math,91,nsga2,02,org.apache.commons.math.fraction.Fraction,174.141,152,163,80,90,93.3,88.9,pass,pass,False,ok,/home/pizza/evosuite/results/project-Math/Math-91/round02
Math,67,nsga2,02,org.apache.commons.math.optimization.MultiStartUnivariateRealOptimizer,256.69,83,93,33,34,89.2,97.1,pass,fail,True,ok,/home/pizza/evosuite/results/project-Math/Math-67/round02
Math,28,nsga2,02,org.apache.commons.math3.optimization.linear.SimplexSolver,167.472,60,81,28,52,74.1,53.8,pass,pass,False,ok,/home/pizza/evosuite/results/project-Math/Math-28/round02
Math,92,nsga2,02,org.apache.commons.math.util.MathUtils,209.924,185,260,176,255,71.2,69.0,pass,fail,True,ok,/home/pizza/evosuite/results/project-Math/Math-92/round02
Math,68,nsga2,02,org.apache.commons.math.optimization.general.LevenbergMarquardtOptimizer,170.782,302,339,156,200,89.1,78.0,pass,pass,False,ok,/home/pizza/evosuite/results/project-Math/Math-68/round02
Math,29,nsga2,02,org.apache.commons.math3.linear.OpenMapRealVector,197.496,299,329,108,144,90.9,75.0,pass,pass,False,ok,/home/pizza/evosuite/results/project-Math/Math-29/round02
Math,93,nsga2,02,org.apache.commons.math.util.MathUtils,207.496,177,231,161,223,76.6,72.2,pass,pass,False,ok,/home/pizza/evosuite/results/project-Math/Math-93/round02
Math,69,nsga2,02,org.apache.commons.math.stat.correlation.PearsonsCorrelation,168.0,74,75,29,30,98.7,96.7,pass,pass,False,ok,/home/pizza/evosuite/results/project-Math/Math-69/round02
Math,30,nsga2,02,org.apache.commons.math3.stat.inference.MannWhitneyUTest,159.967,34,34,10,10,100.0,100.0,pass,pass,False,ok,/home/pizza/evosuite/results/project-Math/Math-30/round02
Math,94,nsga2,02,org.apache.commons.math.util.MathUtils,191.145,173,225,158,217,76.9,72.8,pass,pass,False,ok,/home/pizza/evosuite/results/project-Math/Math-94/round02
Math,70,nsga2,02,org.apache.commons.math.analysis.solvers.BisectionSolver,160.526,23,23,6,6,100.0,100.0,pass,pass,False,ok,/home/pizza/evosuite/results/project-Math/Math-70/round02
Math,31,nsga2,02,org.apache.commons.math3.util.ContinuedFraction,156.535,0,42,0,16,0.0,0.0,pass,pass,False,ok,/home/pizza/evosuite/results/project-Math/Math-31/round02
Math,95,nsga2,02,org.apache.commons.math.distribution.FDistributionImpl,159.184,32,32,11,12,100.0,91.7,pass,pass,False,ok,/home/pizza/evosuite/results/project-Math/Math-95/round02
Math,32,nsga2,02,org.apache.commons.math3.geometry.euclidean.twod.PolygonsSet,161.414,139,169,59,82,82.2,72.0,pass,pass,False,ok,/home/pizza/evosuite/results/project-Math/Math-32/round02
Math,96,nsga2,02,org.apache.commons.math.complex.Complex,181.279,137,142,94,102,96.5,92.2,pass,fail,True,ok,/home/pizza/evosuite/results/project-Math/Math-96/round02
Math,33,nsga2,02,org.apache.commons.math3.optimization.linear.SimplexTableau,174.639,168,185,101,124,90.8,81.5,pass,pass,False,ok,/home/pizza/evosuite/results/project-Math/Math-33/round02
Math,97,nsga2,02,org.apache.commons.math.analysis.BrentSolver,168.376,95,99,52,54,96.0,96.3,pass,fail,True,ok,/home/pizza/evosuite/results/project-Math/Math-97/round02
Math,34,nsga2,02,org.apache.commons.math3.genetics.ListPopulation,159.519,46,50,18,22,92.0,81.8,pass,pass,False,ok,/home/pizza/evosuite/results/project-Math/Math-34/round02
Math,35,nsga2,02,org.apache.commons.math3.genetics.ElitisticListPopulation,159.444,11,19,4,6,57.9,66.7,pass,fail,True,ok,/home/pizza/evosuite/results/project-Math/Math-35/round02
Math,98,nsga2,02,org.apache.commons.math.linear.BigMatrixImpl|org.apache.commons.math.linear.RealMatrixImpl,500.744,294,918,148,554,32.0,26.7,pass,pass,False,ok,/home/pizza/evosuite/results/project-Math/Math-98/round02
Math,99,nsga2,02,org.apache.commons.math.util.MathUtils,193.463,209,274,201,277,76.3,72.6,pass,pass,False,ok,/home/pizza/evosuite/results/project-Math/Math-99/round02
Math,100,nsga2,02,org.apache.commons.math.estimation.AbstractEstimator,164.515,73,73,22,22,100.0,100.0,pass,pass,False,ok,/home/pizza/evosuite/results/project-Math/Math-100/round02
Math,101,nsga2,02,org.apache.commons.math.complex.ComplexFormat,162.107,138,144,51,56,95.8,91.1,pass,pass,False,ok,/home/pizza/evosuite/results/project-Math/Math-101/round02
Math,102,nsga2,02,org.apache.commons.math.stat.inference.ChiSquareTestImpl,163.779,124,124,86,92,100.0,93.5,pass,fail,True,ok,/home/pizza/evosuite/results/project-Math/Math-102/round02
Math,103,nsga2,02,org.apache.commons.math.distribution.NormalDistributionImpl,157.538,37,43,14,18,86.0,77.8,pass,pass,False,ok,/home/pizza/evosuite/results/project-Math/Math-103/round02
Math,104,nsga2,02,org.apache.commons.math.special.Gamma,172.576,45,47,40,40,95.7,100.0,pass,pass,False,ok,/home/pizza/evosuite/results/project-Math/Math-104/round02
Math,105,nsga2,02,org.apache.commons.math.stat.regression.SimpleRegression,165.187,71,71,18,18,100.0,100.0,pass,pass,False,ok,/home/pizza/evosuite/results/project-Math/Math-105/round02
Math,106,nsga2,02,org.apache.commons.math.fraction.ProperFractionFormat,161.973,47,63,12,19,74.6,63.2,pass,pass,False,ok,/home/pizza/evosuite/results/project-Math/Math-106/round02
Jsoup,1,nsga2,02,org.jsoup.nodes.Document,160.844,46,46,18,18,100.0,100.0,pass,pass,False,ok,/home/pizza/evosuite/results/project-Jsoup/Jsoup-1/round02
Jsoup,33,nsga2,02,org.jsoup.parser.HtmlTreeBuilder,201.912,288,394,116,202,73.1,57.4,pass,pass,False,ok,/home/pizza/evosuite/results/project-Jsoup/Jsoup-33/round02
Jsoup,65,nsga2,02,org.jsoup.parser.HtmlTreeBuilder|org.jsoup.parser.HtmlTreeBuilderState,346.589,0,1485,0,987,0.0,0.0,pass,fail,True,ok,/home/pizza/evosuite/results/project-Jsoup/Jsoup-65/round02
Jsoup,2,nsga2,02,org.jsoup.parser.Parser,188.17,146,163,68,86,89.6,79.1,pass,pass,False,ok,/home/pizza/evosuite/results/project-Jsoup/Jsoup-2/round02
Jsoup,34,nsga2,02,org.jsoup.parser.CharacterReader,182.189,136,136,129,132,100.0,97.7,pass,pass,False,ok,/home/pizza/evosuite/results/project-Jsoup/Jsoup-34/round02
Jsoup,66,nsga2,02,org.jsoup.nodes.Element,220.65,250,390,80,204,64.1,39.2,fail,fail,False,ok,/home/pizza/evosuite/results/project-Jsoup/Jsoup-66/round02
Jsoup,35,nsga2,02,org.jsoup.parser.HtmlTreeBuilderState,164.062,0,1079,0,749,0.0,0.0,pass,fail,True,ok,/home/pizza/evosuite/results/project-Jsoup/Jsoup-35/round02
Jsoup,67,nsga2,02,org.jsoup.parser.HtmlTreeBuilder,189.041,207,383,77,202,54.0,38.1,pass,pass,False,ok,/home/pizza/evosuite/results/project-Jsoup/Jsoup-67/round02
Jsoup,36,nsga2,02,org.jsoup.helper.DataUtil,172.438,46,72,22,46,63.9,47.8,pass,pass,False,ok,/home/pizza/evosuite/results/project-Jsoup/Jsoup-36/round02
Jsoup,3,nsga2,02,org.jsoup.nodes.Element|org.jsoup.parser.Parser|org.jsoup.parser.Tag,545.462,376,606,145,304,62.0,47.7,fail,fail,False,ok,/home/pizza/evosuite/results/project-Jsoup/Jsoup-3/round02
Jsoup,68,nsga2,02,org.jsoup.parser.HtmlTreeBuilder,197.142,203,380,79,202,53.4,39.1,pass,pass,False,ok,/home/pizza/evosuite/results/project-Jsoup/Jsoup-68/round02
Jsoup,37,nsga2,02,org.jsoup.nodes.Element,207.199,45,307,7,154,14.7,4.5,pass,pass,False,ok,/home/pizza/evosuite/results/project-Jsoup/Jsoup-37/round02
Jsoup,4,nsga2,02,org.jsoup.nodes.Entities,159.456,,,,,,,pass,error,n/a,not_evaluable,/home/pizza/evosuite/results/project-Jsoup/Jsoup-4/round02
Jsoup,69,nsga2,02,org.jsoup.nodes.FormElement,163.715,20,42,10,28,47.6,35.7,pass,pass,False,ok,/home/pizza/evosuite/results/project-Jsoup/Jsoup-69/round02
Jsoup,38,nsga2,02,org.jsoup.parser.HtmlTreeBuilderState,162.122,0,1099,0,751,0.0,0.0,pass,fail,True,ok,/home/pizza/evosuite/results/project-Jsoup/Jsoup-38/round02
Jsoup,5,nsga2,02,org.jsoup.parser.Parser,191.345,136,173,61,94,78.6,64.9,pass,fail,True,ok,/home/pizza/evosuite/results/project-Jsoup/Jsoup-5/round02
Jsoup,39,nsga2,02,org.jsoup.helper.DataUtil,167.14,46,76,22,46,60.5,47.8,pass,pass,False,ok,/home/pizza/evosuite/results/project-Jsoup/Jsoup-39/round02
Jsoup,70,nsga2,02,org.jsoup.nodes.Element,235.708,308,397,114,206,77.6,55.3,fail,fail,False,ok,/home/pizza/evosuite/results/project-Jsoup/Jsoup-70/round02
Jsoup,6,nsga2,02,org.jsoup.nodes.Entities,158.232,,,,,,,pass,error,n/a,not_evaluable,/home/pizza/evosuite/results/project-Jsoup/Jsoup-6/round02
Jsoup,40,nsga2,02,org.jsoup.nodes.DocumentType,157.582,16,16,6,6,100.0,100.0,pass,pass,False,ok,/home/pizza/evosuite/results/project-Jsoup/Jsoup-40/round02
Jsoup,7,nsga2,02,org.jsoup.nodes.Document,175.775,96,96,36,36,100.0,100.0,pass,pass,False,ok,/home/pizza/evosuite/results/project-Jsoup/Jsoup-7/round02
Jsoup,71,nsga2,02,org.jsoup.nodes.PseudoTextElement|org.jsoup.select.Evaluator|org.jsoup.select.QueryParser,356.239,350,448,154,254,78.1,60.6,fail,fail,False,ok,/home/pizza/evosuite/results/project-Jsoup/Jsoup-71/round02
Jsoup,41,nsga2,02,org.jsoup.nodes.Element,212.83,137,326,46,172,42.0,26.7,fail,fail,False,ok,/home/pizza/evosuite/results/project-Jsoup/Jsoup-41/round02
Jsoup,8,nsga2,02,org.jsoup.nodes.Node,213.779,133,140,41,42,95.0,97.6,fail,fail,False,ok,/home/pizza/evosuite/results/project-Jsoup/Jsoup-8/round02
Jsoup,42,nsga2,02,org.jsoup.nodes.FormElement,161.442,18,41,8,28,43.9,28.6,pass,pass,False,ok,/home/pizza/evosuite/results/project-Jsoup/Jsoup-42/round02
Jsoup,72,nsga2,02,org.jsoup.parser.CharacterReader,187.754,221,230,168,200,96.1,84.0,pass,fail,True,ok,/home/pizza/evosuite/results/project-Jsoup/Jsoup-72/round02
Jsoup,9,nsga2,02,org.jsoup.nodes.Entities,159.288,,,,,,,pass,error,n/a,not_evaluable,/home/pizza/evosuite/results/project-Jsoup/Jsoup-9/round02
Jsoup,73,nsga2,02,org.jsoup.helper.W3CDom,164.271,,,,,,,error,error,n/a,not_evaluable,/home/pizza/evosuite/results/project-Jsoup/Jsoup-73/round02
Jsoup,43,nsga2,02,org.jsoup.nodes.Element,215.837,59,328,13,174,18.0,7.5,pass,pass,False,ok,/home/pizza/evosuite/results/project-Jsoup/Jsoup-43/round02
Jsoup,10,nsga2,02,org.jsoup.nodes.Node,232.161,132,156,44,50,84.6,88.0,fail,fail,False,ok,/home/pizza/evosuite/results/project-Jsoup/Jsoup-10/round02
Jsoup,74,nsga2,02,org.jsoup.helper.StringUtil,172.501,79,85,68,86,92.9,79.1,pass,pass,False,ok,/home/pizza/evosuite/results/project-Jsoup/Jsoup-74/round02
Jsoup,44,nsga2,02,org.jsoup.parser.TreeBuilder,162.545,33,36,7,10,91.7,70.0,pass,pass,False,ok,/home/pizza/evosuite/results/project-Jsoup/Jsoup-44/round02
Jsoup,11,nsga2,02,org.jsoup.select.Selector,177.597,141,218,67,132,64.7,50.8,pass,pass,False,ok,/home/pizza/evosuite/results/project-Jsoup/Jsoup-11/round02
Jsoup,75,nsga2,02,org.jsoup.nodes.Attributes,212.47,149,167,70,78,89.2,89.7,pass,pass,False,ok,/home/pizza/evosuite/results/project-Jsoup/Jsoup-75/round02
Jsoup,45,nsga2,02,org.jsoup.parser.HtmlTreeBuilder,186.351,230,376,97,202,61.2,48.0,pass,pass,False,ok,/home/pizza/evosuite/results/project-Jsoup/Jsoup-45/round02
Jsoup,12,nsga2,02,org.jsoup.select.Selector,182.542,151,228,73,140,66.2,52.1,pass,pass,False,ok,/home/pizza/evosuite/results/project-Jsoup/Jsoup-12/round02
Jsoup,76,nsga2,02,org.jsoup.parser.HtmlTreeBuilderState,161.512,0,1106,0,787,0.0,0.0,pass,pass,False,ok,/home/pizza/evosuite/results/project-Jsoup/Jsoup-76/round02
Jsoup,46,nsga2,02,org.jsoup.nodes.Entities,164.463,101,118,37,51,85.6,72.5,pass,pass,False,ok,/home/pizza/evosuite/results/project-Jsoup/Jsoup-46/round02
Jsoup,13,nsga2,02,org.jsoup.nodes.Node,216.393,152,198,42,70,76.8,60.0,fail,fail,False,ok,/home/pizza/evosuite/results/project-Jsoup/Jsoup-13/round02
Jsoup,77,nsga2,02,org.jsoup.parser.XmlTreeBuilder,170.513,68,69,25,31,98.6,80.6,pass,pass,False,ok,/home/pizza/evosuite/results/project-Jsoup/Jsoup-77/round02
Jsoup,47,nsga2,02,org.jsoup.nodes.Entities,165.884,105,118,42,53,89.0,79.2,pass,pass,False,ok,/home/pizza/evosuite/results/project-Jsoup/Jsoup-47/round02
Jsoup,78,nsga2,02,org.jsoup.helper.DataUtil,215.188,,,,,,,,,,generation_failed,/home/pizza/evosuite/results/project-Jsoup/Jsoup-78/round02
Jsoup,48,nsga2,02,org.jsoup.helper.HttpConnection,193.409,188,477,27,176,39.4,15.3,pass,pass,False,ok,/home/pizza/evosuite/results/project-Jsoup/Jsoup-48/round02
Jsoup,14,nsga2,02,org.jsoup.parser.Tokeniser|org.jsoup.parser.TokeniserState,332.846,0,1319,0,434,0.0,0.0,pass,fail,True,ok,/home/pizza/evosuite/results/project-Jsoup/Jsoup-14/round02
Jsoup,79,nsga2,02,org.jsoup.nodes.LeafNode,165.205,34,34,14,14,100.0,100.0,pass,fail,True,ok,/home/pizza/evosuite/results/project-Jsoup/Jsoup-79/round02
Jsoup,15,nsga2,02,org.jsoup.parser.TreeBuilderState,161.93,48,1079,0,747,4.4,0.0,pass,pass,False,ok,/home/pizza/evosuite/results/project-Jsoup/Jsoup-15/round02
Jsoup,49,nsga2,02,org.jsoup.nodes.Node,286.981,170,231,65,102,73.6,63.7,pass,pass,False,ok,/home/pizza/evosuite/results/project-Jsoup/Jsoup-49/round02
Jsoup,80,nsga2,02,org.jsoup.parser.XmlTreeBuilder,167.303,64,70,23,33,91.4,69.7,pass,pass,False,ok,/home/pizza/evosuite/results/project-Jsoup/Jsoup-80/round02
Jsoup,16,nsga2,02,org.jsoup.nodes.DocumentType,157.467,15,15,2,4,100.0,50.0,pass,fail,True,ok,/home/pizza/evosuite/results/project-Jsoup/Jsoup-16/round02
Jsoup,50,nsga2,02,org.jsoup.helper.DataUtil,166.757,63,95,29,76,66.3,38.2,fail,fail,False,ok,/home/pizza/evosuite/results/project-Jsoup/Jsoup-50/round02
Jsoup,81,nsga2,02,org.jsoup.helper.DataUtil,171.636,79,121,43,98,65.3,43.9,pass,pass,False,ok,/home/pizza/evosuite/results/project-Jsoup/Jsoup-81/round02
Jsoup,17,nsga2,02,org.jsoup.parser.TreeBuilderState,159.758,48,1079,0,747,4.4,0.0,pass,pass,False,ok,/home/pizza/evosuite/results/project-Jsoup/Jsoup-17/round02
Jsoup,51,nsga2,02,org.jsoup.parser.CharacterReader,185.214,190,195,172,188,97.4,91.5,pass,pass,False,ok,/home/pizza/evosuite/results/project-Jsoup/Jsoup-51/round02
Jsoup,82,nsga2,02,org.jsoup.helper.DataUtil,166.226,73,115,42,98,63.5,42.9,pass,pass,False,ok,/home/pizza/evosuite/results/project-Jsoup/Jsoup-82/round02
Jsoup,18,nsga2,02,org.jsoup.parser.CharacterReader,175.886,98,98,82,82,100.0,100.0,pass,fail,True,ok,/home/pizza/evosuite/results/project-Jsoup/Jsoup-18/round02
Jsoup,19,nsga2,02,org.jsoup.safety.Whitelist,175.912,138,149,37,54,92.6,68.5,pass,pass,False,ok,/home/pizza/evosuite/results/project-Jsoup/Jsoup-19/round02
Jsoup,83,nsga2,02,org.jsoup.parser.CharacterReader|org.jsoup.parser.TokeniserState,351.324,0,1397,0,537,0.0,0.0,pass,fail,True,ok,/home/pizza/evosuite/results/project-Jsoup/Jsoup-83/round02
Jsoup,52,nsga2,02,org.jsoup.helper.DataUtil|org.jsoup.nodes.XmlDeclaration|org.jsoup.parser.XmlTreeBuilder,487.278,138,186,53,115,74.2,46.1,fail,fail,False,ok,/home/pizza/evosuite/results/project-Jsoup/Jsoup-52/round02
Jsoup,20,nsga2,02,org.jsoup.helper.DataUtil,301.086,,,,,,,,,,generation_failed,/home/pizza/evosuite/results/project-Jsoup/Jsoup-20/round02
Jsoup,84,nsga2,02,org.jsoup.helper.W3CDom,175.395,67,77,28,32,87.0,87.5,fail,fail,False,ok,/home/pizza/evosuite/results/project-Jsoup/Jsoup-84/round02
Jsoup,21,nsga2,02,org.jsoup.select.CombiningEvaluator|org.jsoup.select.QueryParser,185.811,177,192,86,96,92.2,89.6,pass,fail,True,ok,/home/pizza/evosuite/results/project-Jsoup/Jsoup-21/round02
Jsoup,53,nsga2,02,org.jsoup.parser.TokenQueue,191.993,127,135,98,118,94.1,83.1,pass,pass,False,ok,/home/pizza/evosuite/results/project-Jsoup/Jsoup-53/round02
Jsoup,85,nsga2,02,org.jsoup.nodes.Attribute,185.097,61,66,43,50,92.4,86.0,pass,pass,False,ok,/home/pizza/evosuite/results/project-Jsoup/Jsoup-85/round02
Math,71,nsga2,02,org.apache.commons.math.ode.nonstiff.EmbeddedRungeKuttaIntegrator|org.apache.commons.math.ode.nonstiff.RungeKuttaIntegrator,371.972,148,204,60,98,72.5,61.2,pass,pass,False,ok,/home/pizza/evosuite/results/project-Math/Math-71/round02
Jsoup,54,nsga2,02,org.jsoup.helper.W3CDom,171.158,,,,,,,error,error,n/a,not_evaluable,/home/pizza/evosuite/results/project-Jsoup/Jsoup-54/round02
Jsoup,86,nsga2,02,org.jsoup.nodes.Comment,170.059,27,27,10,10,100.0,100.0,fail,fail,False,ok,/home/pizza/evosuite/results/project-Jsoup/Jsoup-86/round02
Math,72,nsga2,02,org.apache.commons.math.analysis.solvers.BrentSolver,172.413,103,107,51,54,96.3,94.4,pass,pass,False,ok,/home/pizza/evosuite/results/project-Math/Math-72/round02
Jsoup,55,nsga2,02,org.jsoup.parser.TokeniserState,169.128,0,1149,0,325,0.0,0.0,pass,fail,True,ok,/home/pizza/evosuite/results/project-Jsoup/Jsoup-55/round02
Math,73,nsga2,02,org.apache.commons.math.analysis.solvers.BrentSolver,178.625,105,107,51,54,98.1,94.4,pass,fail,True,ok,/home/pizza/evosuite/results/project-Math/Math-73/round02
Jsoup,22,nsga2,02,org.jsoup.nodes.Element|org.jsoup.nodes.Node|org.jsoup.select.Elements,621.877,508,688,178,290,73.8,61.4,fail,fail,False,ok,/home/pizza/evosuite/results/project-Jsoup/Jsoup-22/round02
Math,74,nsga2,02,org.apache.commons.math.ode.nonstiff.EmbeddedRungeKuttaIntegrator,235.08,77,124,24,58,62.1,41.4,pass,pass,False,ok,/home/pizza/evosuite/results/project-Math/Math-74/round02
Jsoup,23,nsga2,02,org.jsoup.parser.CharacterReader|org.jsoup.parser.Tokeniser,347.377,214,229,147,168,93.4,87.5,pass,pass,False,ok,/home/pizza/evosuite/results/project-Jsoup/Jsoup-23/round02
Jsoup,87,nsga2,02,org.jsoup.nodes.Element|org.jsoup.parser.HtmlTreeBuilder|org.jsoup.parser.HtmlTreeBuilderState|org.jsoup.parser.Tag,773.441,0,2009,0,1259,0.0,0.0,fail,fail,False,ok,/home/pizza/evosuite/results/project-Jsoup/Jsoup-87/round02
Math,75,nsga2,02,org.apache.commons.math.stat.Frequency,182.177,132,134,44,48,98.5,91.7,pass,fail,True,ok,/home/pizza/evosuite/results/project-Math/Math-75/round02
Jsoup,24,nsga2,02,org.jsoup.parser.TokeniserState,162.191,0,1194,0,354,0.0,0.0,pass,pass,False,ok,/home/pizza/evosuite/results/project-Jsoup/Jsoup-24/round02
Jsoup,88,nsga2,02,org.jsoup.nodes.Attribute,172.326,61,66,41,50,92.4,82.0,pass,pass,False,ok,/home/pizza/evosuite/results/project-Jsoup/Jsoup-88/round02
Jsoup,56,nsga2,02,org.jsoup.nodes.DocumentType|org.jsoup.parser.HtmlTreeBuilderState|org.jsoup.parser.Token|org.jsoup.parser.TokeniserState|org.jsoup.parser.XmlTreeBuilder,847.911,0,2511,0,1175,0.0,0.0,fail,fail,False,ok,/home/pizza/evosuite/results/project-Jsoup/Jsoup-56/round02
Jsoup,25,nsga2,02,org.jsoup.parser.Tag,162.615,89,90,41,46,98.9,89.1,pass,pass,False,ok,/home/pizza/evosuite/results/project-Jsoup/Jsoup-25/round02
Jsoup,89,nsga2,02,org.jsoup.nodes.Attribute,170.849,62,67,42,50,92.5,84.0,pass,fail,True,ok,/home/pizza/evosuite/results/project-Jsoup/Jsoup-89/round02
Jsoup,57,nsga2,02,org.jsoup.nodes.Attributes,173.37,110,127,70,76,86.6,92.1,pass,pass,False,ok,/home/pizza/evosuite/results/project-Jsoup/Jsoup-57/round02
Jsoup,26,nsga2,02,org.jsoup.safety.Cleaner,156.824,22,50,6,16,44.0,37.5,pass,pass,False,ok,/home/pizza/evosuite/results/project-Jsoup/Jsoup-26/round02
Jsoup,90,nsga2,02,org.jsoup.helper.HttpConnection,184.022,229,598,31,236,38.3,13.1,pass,pass,False,ok,/home/pizza/evosuite/results/project-Jsoup/Jsoup-90/round02
Jsoup,27,nsga2,02,org.jsoup.helper.DataUtil,162.718,37,49,12,28,75.5,42.9,pass,pass,False,ok,/home/pizza/evosuite/results/project-Jsoup/Jsoup-27/round02
Jsoup,91,nsga2,02,org.jsoup.UncheckedIOException|org.jsoup.parser.CharacterReader,196.211,239,258,170,198,92.6,85.9,pass,pass,False,ok,/home/pizza/evosuite/results/project-Jsoup/Jsoup-91/round02
Jsoup,58,nsga2,02,org.jsoup.Jsoup|org.jsoup.parser.Parser|org.jsoup.safety.Cleaner,488.426,106,137,22,38,77.4,57.9,fail,fail,False,ok,/home/pizza/evosuite/results/project-Jsoup/Jsoup-58/round02
Jsoup,59,nsga2,02,org.jsoup.parser.Token,173.604,160,161,41,46,99.4,89.1,pass,pass,False,ok,/home/pizza/evosuite/results/project-Jsoup/Jsoup-59/round02
Jsoup,28,nsga2,02,org.jsoup.nodes.Entities|org.jsoup.parser.Parser|org.jsoup.parser.Tokeniser,488.112,204,223,74,98,91.5,75.5,pass,fail,True,ok,/home/pizza/evosuite/results/project-Jsoup/Jsoup-28/round02
Jsoup,29,nsga2,02,org.jsoup.nodes.Document,186.024,110,117,33,36,94.0,91.7,pass,pass,False,ok,/home/pizza/evosuite/results/project-Jsoup/Jsoup-29/round02
Jsoup,60,nsga2,02,org.jsoup.parser.TokenQueue|org.jsoup.select.QueryParser,340.251,313,369,206,260,84.8,79.2,pass,fail,True,ok,/home/pizza/evosuite/results/project-Jsoup/Jsoup-60/round02
Jsoup,30,nsga2,02,org.jsoup.safety.Cleaner,157.278,35,61,11,20,57.4,55.0,pass,pass,False,ok,/home/pizza/evosuite/results/project-Jsoup/Jsoup-30/round02
Jsoup,61,nsga2,02,org.jsoup.nodes.Element,185.864,126,352,22,184,35.8,12.0,fail,fail,False,ok,/home/pizza/evosuite/results/project-Jsoup/Jsoup-61/round02
Jsoup,92,nsga2,02,org.jsoup.nodes.Attributes|org.jsoup.parser.HtmlTreeBuilder|org.jsoup.parser.ParseSettings|org.jsoup.parser.Token|org.jsoup.parser.XmlTreeBuilder,925.551,601,819,216,385,73.4,56.1,fail,fail,False,ok,/home/pizza/evosuite/results/project-Jsoup/Jsoup-92/round02
Jsoup,62,nsga2,02,org.jsoup.parser.HtmlTreeBuilderState,161.625,0,1103,0,757,0.0,0.0,pass,fail,True,ok,/home/pizza/evosuite/results/project-Jsoup/Jsoup-62/round02
Jsoup,93,nsga2,02,org.jsoup.nodes.FormElement,166.697,19,43,6,30,44.2,20.0,pass,pass,False,ok,/home/pizza/evosuite/results/project-Jsoup/Jsoup-93/round02
Jsoup,31,nsga2,02,org.jsoup.parser.Token|org.jsoup.parser.TokeniserState|org.jsoup.parser.XmlTreeBuilder,486.312,0,1364,0,417,0.0,0.0,pass,fail,True,ok,/home/pizza/evosuite/results/project-Jsoup/Jsoup-31/round02
Jsoup,63,nsga2,02,org.jsoup.parser.HtmlTreeBuilder|org.jsoup.parser.Tokeniser,356.89,,,,,,,pass,error,n/a,not_evaluable,/home/pizza/evosuite/results/project-Jsoup/Jsoup-63/round02
Jsoup,32,nsga2,02,org.jsoup.nodes.Element,183.383,94,303,26,140,31.0,18.6,fail,fail,False,ok,/home/pizza/evosuite/results/project-Jsoup/Jsoup-32/round02
Jsoup,64,nsga2,02,org.jsoup.parser.HtmlTreeBuilderState,158.103,0,1100,0,783,0.0,0.0,pass,fail,True,ok,/home/pizza/evosuite/results/project-Jsoup/Jsoup-64/round02
