CMD: /usr/lib/jvm/java-8-openjdk-amd64/bin/java -Dtools_jar_location=/usr/lib/jvm/java-8-openjdk-amd64/lib/tools.jar -jar /home/pizza/evosuite/evosuite-1.2.0.jar -generateSuite -class com.fasterxml.jackson.databind.ser.std.JsonValueSerializer -projectCP /home/pizza/evosuite/Test/JacksonDatabind-60b/target/classes:/home/pizza/defects4j/framework/projects/JacksonDatabind/lib/com/fasterxml/jackson/core/jackson-annotations/2.8.0/jackson-annotations-2.8.0.jar:/home/pizza/defects4j/framework/projects/JacksonDatabind/lib/com/fasterxml/jackson/core/jackson-core/2.8.3/jackson-core-2.8.3.jar -base_dir /home/pizza/evosuite/results/project-JacksonDatabind/JacksonDatabind-60/round02/evosuite-work -seed 11 -Dalgorithm=NSGAII -Dsearch_budget=150 -Dtest_format=JUNIT4 -Dassertions=true

* EvoSuite 1.2.0
* Going to generate test cases for class: com.fasterxml.jackson.databind.ser.std.JsonValueSerializer
* Starting Client-0
* Connecting to master process on port 8220
* Analyzing classpath: 
  - /home/pizza/evosuite/Test/JacksonDatabind-60b/target/classes
  - /home/pizza/defects4j/framework/projects/JacksonDatabind/lib/com/fasterxml/jackson/core/jackson-annotations/2.8.0/jackson-annotations-2.8.0.jar
  - /home/pizza/defects4j/framework/projects/JacksonDatabind/lib/com/fasterxml/jackson/core/jackson-core/2.8.3/jackson-core-2.8.3.jar
* Finished analyzing classpath
* Generating tests for class com.fasterxml.jackson.databind.ser.std.JsonValueSerializer
* Test criteria:
  - Line Coverage
  - Branch Coverage
  - Exception
  - Mutation testing (weak)
  - Method-Output Coverage
  - Top-Level Method Coverage
  - No-Exception Top-Level Method Coverage
  - Context Branch Coverage
* Setting up search algorithm for whole suite generation
* Total number of test goals: 
  - Line 110
  - Branch 77
  - Exception 0
  - MutationFactory 121
  - Output 41

[Progress:>                             0%] [Cov:>                                  0%]  - Method 11
  - MethodNoException 11
  - CBranchFitnessFactory 77
* Using seed 11
* Starting evolution
[MASTER] 07:16:05.976 [logback-1] WARN  TestCluster - Failed to check cache for java.util.HashMap<K, V> : Type points to itself
[MASTER] 07:16:06.043 [logback-1] WARN  TestCluster - Failed to check cache for java.util.HashSet<E> : Type points to itself

[Progress:>                             2%] [Cov:>                                  0%][MASTER] 07:16:09.619 [logback-1] WARN  TestCluster - Failed to check cache for com.fasterxml.jackson.databind.JsonSerializer<T> : Type points to itself

[Progress:>                             2%] [Cov:====>                              12%]
[Progress:>                             2%] [Cov:====>                              13%][MASTER] 07:16:10.157 [logback-1] WARN  TestCluster - Failed to check cache for com.fasterxml.jackson.annotation.ObjectIdGenerator<T> : Type points to itself

[Progress:>                             3%] [Cov:>                                  0%]
[Progress:>                             3%] [Cov:====>                              12%]
[Progress:>                             3%] [Cov:====>                              13%][MASTER] 07:16:11.223 [logback-1] WARN  TestCluster - Failed to check cache for com.fasterxml.jackson.databind.JsonDeserializer<T> : Type points to itself

[Progress:>                             3%] [Cov:====>                              13%][MASTER] 07:16:11.617 [logback-1] WARN  TestChromosome - Functional mock problem: org.evosuite.ga.ConstructionFailedException: Invalid generic instance
[MASTER] 07:16:11.707 [logback-1] WARN  TestChromosome - Functional mock problem: org.evosuite.ga.ConstructionFailedException: Failed to add constructor for com.fasterxml.jackson.databind.ser.BeanSerializerBuilder due to org.evosuite.ga.ConstructionFailedException: Failed to add constructor for com.fasterxml.jackson.databind.SerializationConfig due to org.evosuite.ga.ConstructionFailedException: Max recursion depth reached

[Progress:=>                            4%] [Cov:===>                               11%]
[Progress:=>                            4%] [Cov:====>                              13%][MASTER] 07:16:11.833 [logback-1] WARN  TestChromosome - Functional mock problem: org.evosuite.ga.ConstructionFailedException: Failed to add constructor for com.fasterxml.jackson.databind.DeserializationConfig due to org.evosuite.ga.ConstructionFailedException: Failed to add constructor for com.fasterxml.jackson.databind.cfg.BaseSettings due to org.evosuite.ga.ConstructionFailedException: Max recursion depth reached
[MASTER] 07:16:11.940 [logback-1] WARN  TestChromosome - Functional mock problem: org.evosuite.ga.ConstructionFailedException: Failed to add constructor for com.fasterxml.jackson.databind.introspect.AnnotatedMethod due to org.evosuite.ga.ConstructionFailedException: Invalid generic instance

[Progress:=>                            4%] [Cov:===>                               11%]
[Progress:=>                            4%] [Cov:====>                              12%]
[Progress:=>                            4%] [Cov:====>                              13%][MASTER] 07:16:12.028 [logback-1] WARN  TestChromosome - Functional mock problem: org.evosuite.ga.ConstructionFailedException: Failed to add constructor for com.fasterxml.jackson.databind.ser.BeanSerializerBuilder due to org.evosuite.ga.ConstructionFailedException: Failed to add constructor for com.fasterxml.jackson.databind.DeserializationConfig due to org.evosuite.ga.ConstructionFailedException: Failed to add constructor for com.fasterxml.jackson.databind.introspect.SimpleMixInResolver due to org.evosuite.ga.ConstructionFailedException: Failed to add constructor for com.fasterxml.jackson.databind.SerializationConfig due to org.evosuite.ga.ConstructionFailedException: Max recursion depth reached
[MASTER] 07:16:12.030 [logback-1] WARN  TestChromosome - Functional mock problem: org.evosuite.ga.ConstructionFailedException: Have no generator for class com.fasterxml.jackson.databind.deser.DefaultDeserializationContext$Impl canUseFunctionalMocks=false, canBeMocked: true
[MASTER] 07:16:12.090 [logback-1] WARN  TestChromosome - Functional mock problem: org.evosuite.ga.ConstructionFailedException: Failed to add constructor for com.fasterxml.jackson.databind.ser.BeanSerializerBuilder due to org.evosuite.ga.ConstructionFailedException: Failed to add constructor for com.fasterxml.jackson.databind.DeserializationConfig due to org.evosuite.ga.ConstructionFailedException: Failed to add constructor for com.fasterxml.jackson.databind.cfg.BaseSettings due to org.evosuite.ga.ConstructionFailedException: Invalid generic instance
[MASTER] 07:16:12.092 [logback-1] WARN  TestChromosome - Functional mock problem: org.evosuite.ga.ConstructionFailedException: Max recursion depth reached
[MASTER] 07:16:12.285 [logback-1] WARN  TestChromosome - Functional mock problem: org.evosuite.ga.ConstructionFailedException: Failed to add constructor for com.fasterxml.jackson.databind.DeserializationConfig due to org.evosuite.ga.ConstructionFailedException: Failed to add constructor for com.fasterxml.jackson.databind.cfg.BaseSettings due to org.evosuite.ga.ConstructionFailedException: Invalid generic instance

[Progress:=>                            4%] [Cov:====>                              13%][MASTER] 07:16:12.333 [logback-1] WARN  TestChromosome - Functional mock problem: org.evosuite.ga.ConstructionFailedException: Failed to add constructor for com.fasterxml.jackson.databind.ser.BeanSerializerBuilder due to org.evosuite.ga.ConstructionFailedException: Failed to add constructor for com.fasterxml.jackson.databind.DeserializationConfig due to org.evosuite.ga.ConstructionFailedException: Failed to add constructor for com.fasterxml.jackson.databind.cfg.BaseSettings due to org.evosuite.ga.ConstructionFailedException: Max recursion depth reached
[MASTER] 07:16:12.381 [logback-1] WARN  TestChromosome - Functional mock problem: org.evosuite.ga.ConstructionFailedException: Failed to add constructor for com.fasterxml.jackson.databind.ser.BeanSerializerBuilder due to org.evosuite.ga.ConstructionFailedException: Failed to add constructor for com.fasterxml.jackson.databind.SerializationConfig due to org.evosuite.ga.ConstructionFailedException: Failed to add constructor for com.fasterxml.jackson.databind.cfg.BaseSettings due to org.evosuite.ga.ConstructionFailedException: Invalid generic instance
[MASTER] 07:16:12.407 [logback-1] WARN  TestChromosome - Functional mock problem: org.evosuite.ga.ConstructionFailedException: Failed to add constructor for org.evosuite.runtime.mock.java.lang.MockError due to org.evosuite.ga.ConstructionFailedException: Failed to add constructor for java.sql.SQLNonTransientConnectionException due to org.evosuite.ga.ConstructionFailedException: Failed to add constructor for java.sql.SQLTransientException due to org.evosuite.ga.ConstructionFailedException: Failed to add constructor for java.sql.SQLNonTransientConnectionException due to org.evosuite.ga.ConstructionFailedException: Max recursion depth reached

[Progress:=>                            4%] [Cov:===>                               11%]
[Progress:=>                            4%] [Cov:====>                              13%][MASTER] 07:16:12.737 [logback-1] WARN  TestChromosome - Functional mock problem: org.evosuite.ga.ConstructionFailedException: Failed to add constructor for com.fasterxml.jackson.databind.type.ResolvedRecursiveType due to org.evosuite.ga.ConstructionFailedException: Failed to add constructor for com.fasterxml.jackson.databind.deser.BeanDeserializerBuilder due to org.evosuite.ga.ConstructionFailedException: Failed to add constructor for com.fasterxml.jackson.databind.DeserializationConfig due to org.evosuite.ga.ConstructionFailedException: Failed to add constructor for com.fasterxml.jackson.databind.cfg.BaseSettings due to org.evosuite.ga.ConstructionFailedException: Max recursion depth reached

[Progress:=>                            4%] [Cov:====>                              13%][MASTER] 07:16:12.999 [logback-1] WARN  TestChromosome - Functional mock problem: org.evosuite.ga.ConstructionFailedException: Failed to add constructor for com.fasterxml.jackson.databind.SerializationConfig due to org.evosuite.ga.ConstructionFailedException: Failed to add constructor for com.fasterxml.jackson.databind.cfg.BaseSettings due to org.evosuite.ga.ConstructionFailedException: Max recursion depth reached
[MASTER] 07:16:13.000 [logback-1] WARN  TestChromosome - Functional mock problem: org.evosuite.ga.ConstructionFailedException: Have no generator for class com.fasterxml.jackson.databind.introspect.BasicClassIntrospector canUseFunctionalMocks=false, canBeMocked: true
[MASTER] 07:16:13.008 [logback-1] WARN  TestChromosome - Functional mock problem: org.evosuite.ga.ConstructionFailedException: Failed to add constructor for com.fasterxml.jackson.databind.ser.BeanSerializerBuilder due to org.evosuite.ga.ConstructionFailedException: Failed to add constructor for com.fasterxml.jackson.databind.DeserializationConfig due to org.evosuite.ga.ConstructionFailedException: Max recursion depth reached

[Progress:=>                            4%] [Cov:====>                              13%][MASTER] 07:16:13.321 [logback-1] WARN  TestCluster - Failed to check cache for java.util.LinkedHashSet<E> : Type points to itself

[Progress:=>                            4%] [Cov:====>                              13%][MASTER] 07:16:13.507 [logback-1] WARN  TestChromosome - Functional mock problem: org.evosuite.ga.ConstructionFailedException: Failed to add constructor for com.fasterxml.jackson.databind.ser.BeanSerializerBuilder due to org.evosuite.ga.ConstructionFailedException: Invalid generic instance

[Progress:=>                            5%] [Cov:====>                              13%]
[Progress:=>                            5%] [Cov:====>                              13%]
[Progress:=>                            5%] [Cov:====>                              13%][MASTER] 07:16:14.046 [logback-1] WARN  TestChromosome - Functional mock problem: org.evosuite.ga.ConstructionFailedException: Failed to add constructor for com.fasterxml.jackson.databind.type.ResolvedRecursiveType due to org.evosuite.ga.ConstructionFailedException: Max recursion depth reached

[Progress:=>                            5%] [Cov:====>                              13%][MASTER] 07:16:14.295 [logback-1] WARN  TestChromosome - Functional mock problem: org.evosuite.ga.ConstructionFailedException: Failed to add constructor for com.fasterxml.jackson.databind.ser.BeanSerializerBuilder due to org.evosuite.ga.ConstructionFailedException: Max recursion depth reached

[Progress:=>                            5%] [Cov:====>                              13%]
[Progress:=>                            6%] [Cov:====>                              13%][MASTER] 07:16:14.769 [logback-1] WARN  TestChromosome - Functional mock problem: org.evosuite.ga.ConstructionFailedException: Failed to add constructor for com.fasterxml.jackson.databind.module.SimpleModule due to org.evosuite.ga.ConstructionFailedException: Error: VariableReference: Statement 9, type java.util.HashMap<java.lang.Class<com.fasterxml.jackson.databind.module.SimpleModule>, com.fasterxml.jackson.databind.JsonDeserializer<java.lang.Error>> is not assignable to java.util.Map<java.lang.Class<?>, com.fasterxml.jackson.databind.JsonDeserializer<?>>

[Progress:=>                            6%] [Cov:====>                              13%]
[Progress:=>                            6%] [Cov:====>                              13%]
[Progress:=>                            6%] [Cov:====>                              13%]
[Progress:=>                            6%] [Cov:====>                              13%]
[Progress:=>                            6%] [Cov:====>                              13%]
[Progress:=>                            6%] [Cov:====>                              13%]
[Progress:=>                            6%] [Cov:====>                              13%]
[Progress:=>                            6%] [Cov:====>                              13%]
[Progress:=>                            6%] [Cov:====>                              13%]
[Progress:=>                            6%] [Cov:====>                              13%]
[Progress:=>                            6%] [Cov:====>                              13%][MASTER] 07:16:16.185 [logback-1] WARN  TestChromosome - Functional mock problem: org.evosuite.ga.ConstructionFailedException: Failed to add constructor for com.fasterxml.jackson.databind.module.SimpleModule due to org.evosuite.ga.ConstructionFailedException: Error: VariableReference: Statement 8, type java.util.HashMap<java.lang.Class<com.fasterxml.jackson.databind.module.SimpleModule>, com.fasterxml.jackson.databind.JsonDeserializer<com.fasterxml.jackson.databind.module.SimpleModule>> is not assignable to java.util.Map<java.lang.Class<?>, com.fasterxml.jackson.databind.JsonDeserializer<?>>
[MASTER] 07:16:16.207 [logback-1] WARN  TestChromosome - Functional mock problem: org.evosuite.ga.ConstructionFailedException: Failed to add constructor for com.fasterxml.jackson.databind.ObjectMapper due to org.evosuite.ga.ConstructionFailedException: Failed to add constructor for com.fasterxml.jackson.databind.deser.DefaultDeserializationContext$Impl due to org.evosuite.ga.ConstructionFailedException: Max recursion depth reached

[Progress:=>                            6%] [Cov:====>                              13%][MASTER] 07:16:16.254 [logback-1] WARN  TestChromosome - Functional mock problem: org.evosuite.ga.ConstructionFailedException: Have no generator for class com.fasterxml.jackson.databind.ser.DefaultSerializerProvider$Impl canUseFunctionalMocks=false, canBeMocked: true

[Progress:=>                            6%] [Cov:====>                              13%]
[Progress:=>                            6%] [Cov:====>                              13%]
[Progress:=>                            6%] [Cov:====>                              13%]
[Progress:==>                           7%] [Cov:====>                              13%]
[Progress:==>                           7%] [Cov:====>                              13%]
[Progress:==>                           7%] [Cov:====>                              13%][MASTER] 07:16:16.900 [logback-1] WARN  TestCluster - Failed to check cache for java.util.PriorityQueue<E> : Type points to itself

[Progress:==>                           7%] [Cov:====>                              13%][MASTER] 07:16:16.979 [logback-1] WARN  TestChromosome - Functional mock problem: org.evosuite.ga.ConstructionFailedException: Failed to add constructor for com.fasterxml.jackson.databind.SerializationConfig due to org.evosuite.ga.ConstructionFailedException: Failed to add constructor for com.fasterxml.jackson.databind.cfg.BaseSettings due to org.evosuite.ga.ConstructionFailedException: Invalid generic instance

[Progress:==>                           7%] [Cov:====>                              13%]
[Progress:==>                           7%] [Cov:====>                              13%]
[Progress:==>                           7%] [Cov:====>                              13%]
[Progress:==>                           7%] [Cov:====>                              13%]
[Progress:==>                           7%] [Cov:====>                              13%]
[Progress:==>                           7%] [Cov:====>                              13%]
[Progress:==>                           7%] [Cov:====>                              13%]
[Progress:==>                           7%] [Cov:====>                              13%]
[Progress:==>                           7%] [Cov:====>                              13%]
[Progress:==>                           7%] [Cov:====>                              13%]
[Progress:==>                           8%] [Cov:====>                              13%]
[Progress:==>                           8%] [Cov:====>                              13%]
[Progress:==>                           8%] [Cov:====>                              13%]
[Progress:==>                           8%] [Cov:====>                              13%]
[Progress:==>                           8%] [Cov:====>                              13%]
[Progress:==>                           8%] [Cov:====>                              13%]
[Progress:==>                           8%] [Cov:====>                              13%]
[Progress:==>                           8%] [Cov:====>                              13%]
[Progress:==>                           8%] [Cov:====>                              13%]
[Progress:==>                           8%] [Cov:====>                              13%]
[Progress:==>                           8%] [Cov:====>                              13%]
[Progress:==>                           8%] [Cov:====>                              13%]
[Progress:==>                           8%] [Cov:====>                              13%]
[Progress:==>                           8%] [Cov:====>                              13%]
[Progress:==>                           8%] [Cov:====>                              13%]
[Progress:==>                           8%] [Cov:====>                              13%]
[Progress:==>                           8%] [Cov:====>                              13%]
[Progress:==>                           8%] [Cov:====>                              13%]
[Progress:==>                           8%] [Cov:====>                              13%]
[Progress:==>                           8%] [Cov:====>                              13%]
[Progress:==>                           8%] [Cov:====>                              13%]
[Progress:==>                           8%] [Cov:====>                              13%]
[Progress:==>                           8%] [Cov:====>                              13%]
[Progress:==>                           8%] [Cov:====>                              13%]
[Progress:==>                           8%] [Cov:====>                              13%]
[Progress:==>                           8%] [Cov:====>                              13%]
[Progress:==>                           8%] [Cov:====>                              13%]
[Progress:==>                           9%] [Cov:====>                              13%]
[Progress:==>                           9%] [Cov:====>                              13%]
[Progress:==>                           9%] [Cov:====>                              13%]
[Progress:==>                           9%] [Cov:====>                              13%]
[Progress:==>                           9%] [Cov:====>                              13%]
[Progress:==>                           9%] [Cov:====>                              13%]
[Progress:==>                           9%] [Cov:====>                              13%]
[Progress:==>                           9%] [Cov:====>                              13%]
[Progress:==>                           9%] [Cov:====>                              13%]
[Progress:==>                           9%] [Cov:====>                              13%]
[Progress:==>                           9%] [Cov:====>                              13%]
[Progress:==>                           9%] [Cov:====>                              13%]
[Progress:==>                           9%] [Cov:====>                              13%]
[Progress:==>                           9%] [Cov:====>                              13%]
[Progress:==>                           9%] [Cov:====>                              13%]
[Progress:===>                          10%] [Cov:====>                              13%]
[Progress:===>                          10%] [Cov:====>                              13%]
[Progress:===>                          10%] [Cov:====>                              13%]
[Progress:===>                          10%] [Cov:====>                              13%][MASTER] 07:16:20.933 [logback-1] WARN  TestCluster - Failed to check cache for java.util.TreeSet<E> : Type points to itself

[Progress:===>                          10%] [Cov:====>                              13%]
[Progress:===>                          10%] [Cov:====>                              13%]
[Progress:===>                          10%] [Cov:====>                              13%]
[Progress:===>                          10%] [Cov:====>                              13%]
[Progress:===>                          10%] [Cov:====>                              13%]
[Progress:===>                          10%] [Cov:====>                              13%]
[Progress:===>                          10%] [Cov:====>                              13%]
[Progress:===>                          10%] [Cov:====>                              13%]
[Progress:===>                          10%] [Cov:====>                              13%]
[Progress:===>                          10%] [Cov:====>                              13%]
[Progress:===>                          10%] [Cov:====>                              13%]
[Progress:===>                          10%] [Cov:====>                              13%]
[Progress:===>                          10%] [Cov:====>                              13%]
[Progress:===>                          10%] [Cov:====>                              13%]
[Progress:===>                          10%] [Cov:====>                              13%][MASTER] 07:16:21.933 [logback-1] WARN  TestCluster - Failed to check cache for java.util.EnumSet<E> : Type points to itself

[Progress:===>                          10%] [Cov:====>                              13%]
[Progress:===>                          10%] [Cov:====>                              13%]
[Progress:===>                          10%] [Cov:====>                              13%]
[Progress:===>                          10%] [Cov:====>                              13%]
[Progress:===>                          10%] [Cov:====>                              13%]
[Progress:===>                          10%] [Cov:====>                              13%]
[Progress:===>                          10%] [Cov:====>                              13%]
[Progress:===>                          10%] [Cov:====>                              13%]
[Progress:===>                          10%] [Cov:====>                              13%]
[Progress:===>                          10%] [Cov:====>                              13%]
[Progress:===>                          10%] [Cov:====>                              13%]
[Progress:===>                          10%] [Cov:====>                              13%]
[Progress:===>                          10%] [Cov:====>                              13%]
[Progress:===>                          11%] [Cov:====>                              13%]
[Progress:===>                          11%] [Cov:====>                              13%]
[Progress:===>                          11%] [Cov:====>                              13%]
[Progress:===>                          11%] [Cov:====>                              13%]
[Progress:===>                          11%] [Cov:====>                              13%]
[Progress:===>                          11%] [Cov:====>                              13%]
[Progress:===>                          11%] [Cov:====>                              13%]
[Progress:===>                          11%] [Cov:====>                              13%]
[Progress:===>                          11%] [Cov:====>                              13%]
[Progress:===>                          11%] [Cov:====>                              13%]
[Progress:===>                          11%] [Cov:====>                              13%]
[Progress:===>                          11%] [Cov:====>                              13%]
[Progress:===>                          11%] [Cov:====>                              13%]
[Progress:===>                          11%] [Cov:====>                              13%]
[Progress:===>                          11%] [Cov:====>                              13%]
[Progress:===>                          11%] [Cov:====>                              13%]
[Progress:===>                          12%] [Cov:====>                              13%]
[Progress:===>                          12%] [Cov:====>                              13%]
[Progress:===>                          12%] [Cov:====>                              13%]
[Progress:===>                          12%] [Cov:====>                              13%]
[Progress:===>                          12%] [Cov:====>                              13%]
[Progress:===>                          12%] [Cov:====>                              13%]
[Progress:===>                          12%] [Cov:====>                              13%]
[Progress:===>                          12%] [Cov:====>                              13%]
[Progress:===>                          12%] [Cov:====>                              13%]
[Progress:===>                          12%] [Cov:====>                              13%]
[Progress:===>                          12%] [Cov:====>                              13%]
[Progress:===>                          12%] [Cov:====>                              13%]
[Progress:===>                          12%] [Cov:====>                              13%]
[Progress:===>                          12%] [Cov:====>                              13%]
[Progress:===>                          12%] [Cov:====>                              13%]
[Progress:===>                          12%] [Cov:====>                              13%]
[Progress:===>                          12%] [Cov:====>                              13%]
[Progress:===>                          12%] [Cov:====>                              13%]
[Progress:===>                          12%] [Cov:====>                              13%]
[Progress:===>                          12%] [Cov:====>                              13%]
[Progress:===>                          12%] [Cov:====>                              13%]
[Progress:===>                          12%] [Cov:====>                              13%]
[Progress:===>                          12%] [Cov:===>                               11%]
[Progress:===>                          12%] [Cov:====>                              13%]
[Progress:===>                          12%] [Cov:====>                              13%]
[Progress:===>                          12%] [Cov:====>                              13%]
[Progress:===>                          12%] [Cov:====>                              13%]
[Progress:===>                          12%] [Cov:====>                              13%]
[Progress:===>                          12%] [Cov:====>                              13%]
[Progress:===>                          12%] [Cov:====>                              13%]
[Progress:===>                          12%] [Cov:====>                              13%]
[Progress:===>                          12%] [Cov:====>                              13%]
[Progress:===>                          12%] [Cov:====>                              13%]
[Progress:===>                          13%] [Cov:====>                              13%]
[Progress:===>                          13%] [Cov:====>                              13%]
[Progress:===>                          13%] [Cov:====>                              13%]
[Progress:===>                          13%] [Cov:====>                              13%]
[Progress:===>                          13%] [Cov:====>                              13%]
[Progress:===>                          13%] [Cov:====>                              13%]
[Progress:===>                          13%] [Cov:====>                              13%]
[Progress:===>                          13%] [Cov:====>                              13%]
[Progress:===>                          13%] [Cov:====>                              13%]
[Progress:===>                          13%] [Cov:====>                              13%]
[Progress:===>                          13%] [Cov:====>                              13%]
[Progress:===>                          13%] [Cov:====>                              13%]
[Progress:===>                          13%] [Cov:====>                              13%]
[Progress:===>                          13%] [Cov:====>                              13%]
[Progress:===>                          13%] [Cov:====>                              13%]
[Progress:===>                          13%] [Cov:====>                              13%]
[Progress:===>                          13%] [Cov:====>                              13%]
[Progress:====>                         14%] [Cov:====>                              13%]
[Progress:====>                         14%] [Cov:====>                              13%]
[Progress:====>                         14%] [Cov:====>                              13%]
[Progress:====>                         14%] [Cov:====>                              13%]
[Progress:====>                         14%] [Cov:====>                              13%]
[Progress:====>                         14%] [Cov:====>                              13%]
[Progress:====>                         14%] [Cov:====>                              13%]
[Progress:====>                         14%] [Cov:====>                              13%]
[Progress:====>                         14%] [Cov:====>                              13%]
[Progress:====>                         14%] [Cov:====>                              13%]
[Progress:====>                         14%] [Cov:====>                              13%]
[Progress:====>                         14%] [Cov:====>                              13%]
[Progress:====>                         14%] [Cov:====>                              13%]
[Progress:====>                         14%] [Cov:====>                              13%]
[Progress:====>                         14%] [Cov:====>                              13%]
[Progress:====>                         14%] [Cov:====>                              13%]
[Progress:====>                         14%] [Cov:====>                              13%]
[Progress:====>                         14%] [Cov:====>                              13%][MASTER] 07:16:27.850 [logback-1] WARN  TestCluster - Failed to check cache for java.util.Comparator<T> : Type points to itself

[Progress:====>                         14%] [Cov:====>                              13%]
[Progress:====>                         14%] [Cov:====>                              13%]
[Progress:====>                         14%] [Cov:====>                              13%]
[Progress:====>                         14%] [Cov:====>                              13%]
[Progress:====>                         14%] [Cov:====>                              13%]
[Progress:====>                         14%] [Cov:====>                              13%]
[Progress:====>                         14%] [Cov:====>                              13%]
[Progress:====>                         14%] [Cov:====>                              13%]
[Progress:====>                         14%] [Cov:====>                              13%]
[Progress:====>                         14%] [Cov:====>                              13%]
[Progress:====>                         14%] [Cov:====>                              13%]
[Progress:====>                         14%] [Cov:====>                              13%]
[Progress:====>                         14%] [Cov:====>                              13%]
[Progress:====>                         15%] [Cov:====>                              13%]
[Progress:====>                         15%] [Cov:====>                              13%]
[Progress:====>                         15%] [Cov:====>                              13%]
[Progress:====>                         15%] [Cov:====>                              13%]
[Progress:====>                         15%] [Cov:====>                              13%]
[Progress:====>                         15%] [Cov:====>                              13%]
[Progress:====>                         15%] [Cov:====>                              13%]
[Progress:====>                         15%] [Cov:====>                              13%]
[Progress:====>                         15%] [Cov:====>                              13%]
[Progress:====>                         15%] [Cov:====>                              13%]
[Progress:====>                         15%] [Cov:====>                              13%]
[Progress:====>                         15%] [Cov:====>                              13%]
[Progress:====>                         15%] [Cov:====>                              13%]
[Progress:====>                         15%] [Cov:====>                              13%]
[Progress:====>                         15%] [Cov:====>                              13%]
[Progress:====>                         15%] [Cov:====>                              13%]
[Progress:====>                         15%] [Cov:====>                              13%]
[Progress:====>                         15%] [Cov:====>                              13%]
[Progress:====>                         16%] [Cov:====>                              13%]
[Progress:====>                         16%] [Cov:====>                              13%]
[Progress:====>                         16%] [Cov:====>                              13%]
[Progress:====>                         16%] [Cov:====>                              13%]
[Progress:====>                         16%] [Cov:====>                              13%]
[Progress:====>                         16%] [Cov:====>                              13%]
[Progress:====>                         16%] [Cov:====>                              13%]
[Progress:====>                         16%] [Cov:====>                              13%]
[Progress:====>                         16%] [Cov:====>                              13%]
[Progress:====>                         16%] [Cov:====>                              13%]
[Progress:====>                         16%] [Cov:====>                              13%]
[Progress:====>                         16%] [Cov:====>                              13%]
[Progress:====>                         16%] [Cov:====>                              13%]
[Progress:====>                         16%] [Cov:====>                              13%]
[Progress:====>                         16%] [Cov:====>                              13%]
[Progress:====>                         16%] [Cov:====>                              13%]
[Progress:====>                         16%] [Cov:====>                              13%]
[Progress:====>                         16%] [Cov:====>                              13%]
[Progress:====>                         16%] [Cov:====>                              13%]
[Progress:====>                         16%] [Cov:====>                              13%]
[Progress:====>                         16%] [Cov:====>                              13%]
[Progress:====>                         16%] [Cov:====>                              13%]
[Progress:====>                         16%] [Cov:====>                              13%]
[Progress:====>                         16%] [Cov:====>                              13%]
[Progress:====>                         16%] [Cov:====>                              13%]
[Progress:====>                         16%] [Cov:====>                              13%]
[Progress:====>                         16%] [Cov:====>                              13%]
[Progress:====>                         16%] [Cov:====>                              13%]
[Progress:====>                         16%] [Cov:====>                              13%]
[Progress:====>                         16%] [Cov:====>                              13%]
[Progress:====>                         16%] [Cov:====>                              13%]
[Progress:====>                         16%] [Cov:====>                              13%]
[Progress:====>                         16%] [Cov:====>                              13%]
[Progress:====>                         16%] [Cov:====>                              13%]
[Progress:=====>                        17%] [Cov:====>                              13%]
[Progress:=====>                        17%] [Cov:====>                              13%]
[Progress:=====>                        17%] [Cov:====>                              13%]
[Progress:=====>                        17%] [Cov:====>                              13%]
[Progress:=====>                        17%] [Cov:====>                              13%]
[Progress:=====>                        17%] [Cov:====>                              13%]
[Progress:=====>                        17%] [Cov:====>                              13%]
[Progress:=====>                        17%] [Cov:====>                              13%]
[Progress:=====>                        17%] [Cov:====>                              13%]
[Progress:=====>                        17%] [Cov:====>                              13%]
[Progress:=====>                        17%] [Cov:====>                              13%]
[Progress:=====>                        17%] [Cov:====>                              13%]
[Progress:=====>                        17%] [Cov:====>                              13%]
[Progress:=====>                        17%] [Cov:====>                              13%]
[Progress:=====>                        17%] [Cov:====>                              13%]
[Progress:=====>                        17%] [Cov:====>                              13%]
[Progress:=====>                        17%] [Cov:====>                              13%]
[Progress:=====>                        18%] [Cov:====>                              13%]
[Progress:=====>                        18%] [Cov:====>                              13%]
[Progress:=====>                        18%] [Cov:====>                              13%]
[Progress:=====>                        18%] [Cov:====>                              13%]
[Progress:=====>                        18%] [Cov:====>                              13%]
[Progress:=====>                        18%] [Cov:====>                              13%]
[Progress:=====>                        18%] [Cov:====>                              13%]
[Progress:=====>                        18%] [Cov:====>                              13%]
[Progress:=====>                        18%] [Cov:====>                              13%]
[Progress:=====>                        18%] [Cov:====>                              13%]
[Progress:=====>                        18%] [Cov:====>                              13%]
[Progress:=====>                        18%] [Cov:====>                              13%][MASTER] 07:16:33.387 [logback-1] WARN  TestCluster - Failed to check cache for java.util.Stack<E> : Type points to itself

[Progress:=====>                        18%] [Cov:====>                              13%]
[Progress:=====>                        18%] [Cov:====>                              13%]
[Progress:=====>                        18%] [Cov:====>                              13%]
[Progress:=====>                        18%] [Cov:====>                              13%]
[Progress:=====>                        18%] [Cov:====>                              13%]
[Progress:=====>                        18%] [Cov:====>                              13%]
[Progress:=====>                        18%] [Cov:====>                              13%]
[Progress:=====>                        18%] [Cov:====>                              13%]
[Progress:=====>                        18%] [Cov:====>                              13%]
[Progress:=====>                        18%] [Cov:====>                              13%]
[Progress:=====>                        18%] [Cov:====>                              13%]
[Progress:=====>                        18%] [Cov:====>                              13%]
[Progress:=====>                        18%] [Cov:====>                              13%]
[Progress:=====>                        18%] [Cov:====>                              13%][MASTER] 07:16:34.363 [logback-1] WARN  TestCluster - Failed to check cache for java.util.Vector<E> : Type points to itself

[Progress:=====>                        18%] [Cov:====>                              13%]
[Progress:=====>                        18%] [Cov:====>                              13%]
[Progress:=====>                        18%] [Cov:====>                              13%]
[Progress:=====>                        18%] [Cov:====>                              13%]
[Progress:=====>                        19%] [Cov:====>                              13%]
[Progress:=====>                        19%] [Cov:====>                              13%]
[Progress:=====>                        19%] [Cov:====>                              13%]
[Progress:=====>                        19%] [Cov:====>                              13%]
[Progress:=====>                        19%] [Cov:====>                              13%]
[Progress:=====>                        19%] [Cov:====>                              13%]
[Progress:=====>                        19%] [Cov:====>                              13%]
[Progress:=====>                        19%] [Cov:====>                              13%]
[Progress:=====>                        19%] [Cov:====>                              13%]
[Progress:=====>                        19%] [Cov:====>                              13%]
[Progress:=====>                        19%] [Cov:====>                              13%]
[Progress:=====>                        19%] [Cov:====>                              13%]
[Progress:=====>                        19%] [Cov:====>                              13%]
[Progress:=====>                        19%] [Cov:====>                              13%]
[Progress:======>                       20%] [Cov:====>                              13%]
[Progress:======>                       20%] [Cov:====>                              13%]
[Progress:======>                       20%] [Cov:====>                              13%]
[Progress:======>                       20%] [Cov:====>                              13%]
[Progress:======>                       20%] [Cov:====>                              13%]
[Progress:======>                       20%] [Cov:====>                              13%]
[Progress:======>                       20%] [Cov:====>                              13%]
[Progress:======>                       20%] [Cov:====>                              13%]
[Progress:======>                       20%] [Cov:====>                              13%]
[Progress:======>                       20%] [Cov:====>                              13%]
[Progress:======>                       20%] [Cov:====>                              13%]
[Progress:======>                       20%] [Cov:====>                              13%]
[Progress:======>                       20%] [Cov:====>                              13%]
[Progress:======>                       20%] [Cov:====>                              13%]
[Progress:======>                       20%] [Cov:====>                              13%]
[Progress:======>                       20%] [Cov:====>                              13%]
[Progress:======>                       20%] [Cov:====>                              13%]
[Progress:======>                       20%] [Cov:====>                              13%]
[Progress:======>                       20%] [Cov:====>                              13%]
[Progress:======>                       20%] [Cov:====>                              13%]
[Progress:======>                       20%] [Cov:====>                              13%]
[Progress:======>                       20%] [Cov:====>                              13%]
[Progress:======>                       20%] [Cov:====>                              13%]
[Progress:======>                       20%] [Cov:====>                              13%]
[Progress:======>                       20%] [Cov:====>                              13%]
[Progress:======>                       21%] [Cov:====>                              13%]
[Progress:======>                       21%] [Cov:====>                              13%]
[Progress:======>                       21%] [Cov:====>                              13%]
[Progress:======>                       21%] [Cov:====>                              13%]
[Progress:======>                       21%] [Cov:====>                              13%]
[Progress:======>                       21%] [Cov:====>                              13%]
[Progress:======>                       21%] [Cov:====>                              13%]
[Progress:======>                       21%] [Cov:====>                              13%]
[Progress:======>                       21%] [Cov:====>                              13%]
[Progress:======>                       21%] [Cov:====>                              13%]
[Progress:======>                       21%] [Cov:====>                              13%]
[Progress:======>                       21%] [Cov:====>                              13%]
[Progress:======>                       21%] [Cov:====>                              13%]
[Progress:======>                       22%] [Cov:====>                              13%]
[Progress:======>                       22%] [Cov:====>                              13%]
[Progress:======>                       22%] [Cov:====>                              13%]
[Progress:======>                       22%] [Cov:====>                              13%]
[Progress:======>                       22%] [Cov:====>                              13%]
[Progress:======>                       22%] [Cov:====>                              13%]
[Progress:======>                       22%] [Cov:====>                              13%]
[Progress:======>                       22%] [Cov:====>                              13%]
[Progress:======>                       22%] [Cov:====>                              13%]
[Progress:======>                       22%] [Cov:====>                              13%]
[Progress:======>                       22%] [Cov:====>                              13%]
[Progress:======>                       22%] [Cov:====>                              13%]
[Progress:======>                       22%] [Cov:====>                              13%]
[Progress:======>                       22%] [Cov:====>                              13%]
[Progress:======>                       22%] [Cov:====>                              13%]
[Progress:======>                       22%] [Cov:====>                              13%]
[Progress:======>                       22%] [Cov:====>                              13%]
[Progress:======>                       22%] [Cov:====>                              13%]
[Progress:======>                       22%] [Cov:====>                              13%]
[Progress:======>                       22%] [Cov:====>                              13%]
[Progress:======>                       22%] [Cov:====>                              13%]
[Progress:======>                       22%] [Cov:====>                              13%]
[Progress:======>                       22%] [Cov:====>                              13%]
[Progress:======>                       22%] [Cov:====>                              13%]
[Progress:======>                       22%] [Cov:====>                              13%]
[Progress:======>                       22%] [Cov:====>                              13%]
[Progress:======>                       22%] [Cov:====>                              13%]
[Progress:======>                       22%] [Cov:====>                              13%]
[Progress:======>                       22%] [Cov:====>                              13%]
[Progress:======>                       23%] [Cov:====>                              13%]
[Progress:======>                       23%] [Cov:====>                              13%]
[Progress:======>                       23%] [Cov:====>                              13%]
[Progress:======>                       23%] [Cov:====>                              13%]
[Progress:======>                       23%] [Cov:====>                              13%]
[Progress:======>                       23%] [Cov:====>                              13%]
[Progress:======>                       23%] [Cov:====>                              13%]
[Progress:======>                       23%] [Cov:====>                              13%]
[Progress:======>                       23%] [Cov:====>                              13%]
[Progress:======>                       23%] [Cov:====>                              13%]
[Progress:======>                       23%] [Cov:====>                              13%]
[Progress:======>                       23%] [Cov:====>                              13%]
[Progress:======>                       23%] [Cov:====>                              13%]
[Progress:======>                       23%] [Cov:====>                              13%]
[Progress:======>                       23%] [Cov:====>                              13%]
[Progress:=======>                      24%] [Cov:====>                              13%]
[Progress:=======>                      24%] [Cov:====>                              13%]
[Progress:=======>                      24%] [Cov:====>                              13%]
[Progress:=======>                      24%] [Cov:====>                              13%]
[Progress:=======>                      24%] [Cov:====>                              13%]
[Progress:=======>                      24%] [Cov:====>                              13%]
[Progress:=======>                      24%] [Cov:====>                              13%]
[Progress:=======>                      24%] [Cov:====>                              13%]
[Progress:=======>                      24%] [Cov:====>                              13%]
[Progress:=======>                      24%] [Cov:====>                              13%]
[Progress:=======>                      24%] [Cov:====>                              13%]
[Progress:=======>                      24%] [Cov:====>                              13%]
[Progress:=======>                      24%] [Cov:====>                              13%]
[Progress:=======>                      24%] [Cov:====>                              13%]
[Progress:=======>                      24%] [Cov:====>                              13%]
[Progress:=======>                      24%] [Cov:====>                              13%]
[Progress:=======>                      24%] [Cov:====>                              13%]
[Progress:=======>                      24%] [Cov:====>                              13%]
[Progress:=======>                      24%] [Cov:====>                              13%]
[Progress:=======>                      24%] [Cov:====>                              13%]
[Progress:=======>                      24%] [Cov:====>                              13%]
[Progress:=======>                      24%] [Cov:====>                              13%]
[Progress:=======>                      25%] [Cov:====>                              13%]
[Progress:=======>                      25%] [Cov:====>                              13%]
[Progress:=======>                      25%] [Cov:====>                              13%]
[Progress:=======>                      25%] [Cov:====>                              13%]
[Progress:=======>                      25%] [Cov:====>                              13%]
[Progress:=======>                      25%] [Cov:====>                              13%]
[Progress:=======>                      25%] [Cov:====>                              13%]
[Progress:=======>                      25%] [Cov:====>                              13%]
[Progress:=======>                      25%] [Cov:====>                              13%][MASTER] 07:16:44.422 [logback-1] WARN  TestCluster - Failed to check cache for java.lang.Class<T> : Type points to itself

[Progress:=======>                      25%] [Cov:====>                              13%]
[Progress:=======>                      25%] [Cov:====>                              13%]
[Progress:=======>                      25%] [Cov:====>                              13%]
[Progress:=======>                      25%] [Cov:====>                              13%]
[Progress:=======>                      26%] [Cov:====>                              13%]
[Progress:=======>                      26%] [Cov:====>                              13%]
[Progress:=======>                      26%] [Cov:====>                              13%]
[Progress:=======>                      26%] [Cov:====>                              13%]
[Progress:=======>                      26%] [Cov:====>                              13%]
[Progress:=======>                      26%] [Cov:====>                              13%]
[Progress:=======>                      26%] [Cov:====>                              13%]
[Progress:=======>                      26%] [Cov:====>                              13%]
[Progress:=======>                      26%] [Cov:====>                              13%]
[Progress:=======>                      26%] [Cov:====>                              13%]
[Progress:=======>                      26%] [Cov:====>                              13%]
[Progress:=======>                      26%] [Cov:====>                              13%]
[Progress:=======>                      26%] [Cov:====>                              13%]
[Progress:=======>                      26%] [Cov:====>                              13%]
[Progress:=======>                      26%] [Cov:====>                              13%]
[Progress:=======>                      26%] [Cov:====>                              13%]
[Progress:=======>                      26%] [Cov:====>                              13%]
[Progress:=======>                      26%] [Cov:====>                              13%]
[Progress:=======>                      26%] [Cov:====>                              13%]
[Progress:=======>                      26%] [Cov:====>                              13%]
[Progress:=======>                      26%] [Cov:====>                              13%]
[Progress:=======>                      26%] [Cov:====>                              13%]
[Progress:=======>                      26%] [Cov:====>                              13%]
[Progress:=======>                      26%] [Cov:====>                              13%]
[Progress:=======>                      26%] [Cov:====>                              13%]
[Progress:========>                     27%] [Cov:====>                              13%]
[Progress:========>                     27%] [Cov:====>                              13%]
[Progress:========>                     27%] [Cov:====>                              13%]
[Progress:========>                     27%] [Cov:====>                              13%]
[Progress:========>                     27%] [Cov:====>                              13%]
[Progress:========>                     27%] [Cov:====>                              13%]
[Progress:========>                     27%] [Cov:====>                              13%]
[Progress:========>                     27%] [Cov:====>                              13%]
[Progress:========>                     27%] [Cov:====>                              13%]
[Progress:========>                     27%] [Cov:====>                              13%]
[Progress:========>                     27%] [Cov:====>                              13%]
[Progress:========>                     27%] [Cov:====>                              13%]
[Progress:========>                     27%] [Cov:====>                              13%]
[Progress:========>                     27%] [Cov:====>                              13%]
[Progress:========>                     28%] [Cov:====>                              13%]
[Progress:========>                     28%] [Cov:====>                              13%]
[Progress:========>                     28%] [Cov:====>                              13%]
[Progress:========>                     28%] [Cov:====>                              13%][MASTER] 07:16:47.974 [logback-1] WARN  TestCluster - Failed to check cache for java.util.LinkedList<E> : Type points to itself

[Progress:========>                     28%] [Cov:====>                              13%]
[Progress:========>                     28%] [Cov:====>                              13%]
[Progress:========>                     28%] [Cov:====>                              13%]
[Progress:========>                     28%] [Cov:====>                              13%]
[Progress:========>                     28%] [Cov:====>                              13%]
[Progress:========>                     28%] [Cov:====>                              13%]
[Progress:========>                     28%] [Cov:====>                              13%]
[Progress:========>                     28%] [Cov:====>                              13%]
[Progress:========>                     28%] [Cov:====>                              13%]
[Progress:========>                     28%] [Cov:====>                              13%]
[Progress:========>                     28%] [Cov:====>                              13%]
[Progress:========>                     28%] [Cov:====>                              13%]
[Progress:========>                     28%] [Cov:====>                              13%]
[Progress:========>                     28%] [Cov:====>                              13%]
[Progress:========>                     28%] [Cov:====>                              13%]
[Progress:========>                     28%] [Cov:====>                              13%]
[Progress:========>                     28%] [Cov:====>                              13%]
[Progress:========>                     28%] [Cov:====>                              13%]
[Progress:========>                     28%] [Cov:====>                              13%]
[Progress:========>                     28%] [Cov:====>                              13%]
[Progress:========>                     28%] [Cov:====>                              13%]
[Progress:========>                     29%] [Cov:====>                              13%]
[Progress:========>                     29%] [Cov:====>                              13%]
[Progress:========>                     29%] [Cov:====>                              13%]
[Progress:========>                     29%] [Cov:====>                              13%]
[Progress:========>                     29%] [Cov:====>                              13%]
[Progress:========>                     29%] [Cov:====>                              13%]
[Progress:========>                     29%] [Cov:====>                              13%]
[Progress:========>                     29%] [Cov:====>                              13%]
[Progress:========>                     29%] [Cov:====>                              13%]
[Progress:========>                     29%] [Cov:====>                              13%]
[Progress:========>                     29%] [Cov:====>                              13%]
[Progress:========>                     29%] [Cov:====>                              13%]
[Progress:=========>                    30%] [Cov:====>                              13%]
[Progress:=========>                    30%] [Cov:====>                              13%]
[Progress:=========>                    30%] [Cov:====>                              13%]
[Progress:=========>                    30%] [Cov:====>                              13%]
[Progress:=========>                    30%] [Cov:====>                              13%]
[Progress:=========>                    30%] [Cov:====>                              13%]
[Progress:=========>                    30%] [Cov:====>                              13%]
[Progress:=========>                    30%] [Cov:====>                              13%]
[Progress:=========>                    30%] [Cov:====>                              13%]
[Progress:=========>                    30%] [Cov:====>                              13%]
[Progress:=========>                    30%] [Cov:====>                              13%]
[Progress:=========>                    30%] [Cov:====>                              13%]
[Progress:=========>                    30%] [Cov:====>                              13%]
[Progress:=========>                    30%] [Cov:====>                              13%]
[Progress:=========>                    30%] [Cov:====>                              13%]
[Progress:=========>                    30%] [Cov:====>                              13%]
[Progress:=========>                    30%] [Cov:====>                              13%]
[Progress:=========>                    30%] [Cov:====>                              13%]
[Progress:=========>                    30%] [Cov:====>                              13%]
[Progress:=========>                    30%] [Cov:====>                              13%]
[Progress:=========>                    30%] [Cov:====>                              13%]
[Progress:=========>                    30%] [Cov:====>                              13%]
[Progress:=========>                    30%] [Cov:====>                              13%]
[Progress:=========>                    30%] [Cov:====>                              13%]
[Progress:=========>                    31%] [Cov:====>                              13%]
[Progress:=========>                    31%] [Cov:====>                              13%]
[Progress:=========>                    31%] [Cov:====>                              13%]
[Progress:=========>                    31%] [Cov:====>                              13%]
[Progress:=========>                    31%] [Cov:====>                              13%]
[Progress:=========>                    31%] [Cov:====>                              13%]
[Progress:=========>                    31%] [Cov:====>                              13%]
[Progress:=========>                    31%] [Cov:====>                              13%]
[Progress:=========>                    31%] [Cov:===>                               11%]
[Progress:=========>                    31%] [Cov:====>                              13%]
[Progress:=========>                    31%] [Cov:====>                              13%]
[Progress:=========>                    31%] [Cov:====>                              13%]
[Progress:=========>                    31%] [Cov:====>                              13%]
[Progress:=========>                    32%] [Cov:====>                              13%]
[Progress:=========>                    32%] [Cov:====>                              13%]
[Progress:=========>                    32%] [Cov:====>                              13%]
[Progress:=========>                    32%] [Cov:====>                              13%]
[Progress:=========>                    32%] [Cov:====>                              13%]
[Progress:=========>                    32%] [Cov:====>                              13%]
[Progress:=========>                    32%] [Cov:====>                              13%]
[Progress:=========>                    32%] [Cov:====>                              13%]
[Progress:=========>                    32%] [Cov:====>                              13%]
[Progress:=========>                    32%] [Cov:====>                              13%]
[Progress:=========>                    32%] [Cov:===>                               11%]
[Progress:=========>                    32%] [Cov:====>                              13%]
[Progress:=========>                    32%] [Cov:====>                              13%]
[Progress:=========>                    32%] [Cov:====>                              13%]
[Progress:=========>                    32%] [Cov:====>                              13%]
[Progress:=========>                    32%] [Cov:====>                              13%]
[Progress:=========>                    32%] [Cov:====>                              13%]
[Progress:=========>                    32%] [Cov:====>                              13%]
[Progress:=========>                    32%] [Cov:====>                              13%]
[Progress:=========>                    32%] [Cov:====>                              13%]
[Progress:=========>                    32%] [Cov:====>                              13%]
[Progress:=========>                    32%] [Cov:====>                              13%]
[Progress:=========>                    32%] [Cov:====>                              13%]
[Progress:=========>                    32%] [Cov:====>                              13%]
[Progress:=========>                    32%] [Cov:====>                              13%]
[Progress:=========>                    32%] [Cov:====>                              13%]
[Progress:=========>                    32%] [Cov:====>                              13%]
[Progress:=========>                    32%] [Cov:====>                              13%]
[Progress:=========>                    32%] [Cov:====>                              13%]
[Progress:=========>                    33%] [Cov:====>                              13%]
[Progress:=========>                    33%] [Cov:====>                              13%]
[Progress:=========>                    33%] [Cov:====>                              13%]
[Progress:=========>                    33%] [Cov:====>                              13%]
[Progress:=========>                    33%] [Cov:====>                              13%]
[Progress:=========>                    33%] [Cov:====>                              13%]
[Progress:=========>                    33%] [Cov:====>                              13%]
[Progress:=========>                    33%] [Cov:====>                              13%]
[Progress:=========>                    33%] [Cov:====>                              13%]
[Progress:=========>                    33%] [Cov:====>                              13%]
[Progress:=========>                    33%] [Cov:====>                              13%]
[Progress:=========>                    33%] [Cov:====>                              13%]
[Progress:=========>                    33%] [Cov:====>                              13%]
[Progress:=========>                    33%] [Cov:====>                              13%]
[Progress:==========>                   34%] [Cov:====>                              13%]
[Progress:==========>                   34%] [Cov:====>                              13%]
[Progress:==========>                   34%] [Cov:====>                              13%]
[Progress:==========>                   34%] [Cov:====>                              13%]
[Progress:==========>                   34%] [Cov:====>                              13%]
[Progress:==========>                   34%] [Cov:====>                              13%]
[Progress:==========>                   34%] [Cov:====>                              13%]
[Progress:==========>                   34%] [Cov:====>                              13%]
[Progress:==========>                   34%] [Cov:====>                              13%]
[Progress:==========>                   34%] [Cov:====>                              13%]
[Progress:==========>                   34%] [Cov:====>                              13%]
[Progress:==========>                   34%] [Cov:====>                              13%]
[Progress:==========>                   34%] [Cov:===>                               11%]
[Progress:==========>                   34%] [Cov:====>                              13%]
[Progress:==========>                   34%] [Cov:====>                              13%]
[Progress:==========>                   34%] [Cov:====>                              13%]
[Progress:==========>                   34%] [Cov:====>                              13%]
[Progress:==========>                   34%] [Cov:====>                              13%]
[Progress:==========>                   34%] [Cov:====>                              13%]
[Progress:==========>                   34%] [Cov:====>                              13%]
[Progress:==========>                   34%] [Cov:====>                              13%]
[Progress:==========>                   34%] [Cov:====>                              13%]
[Progress:==========>                   34%] [Cov:====>                              13%]
[Progress:==========>                   34%] [Cov:====>                              13%]
[Progress:==========>                   34%] [Cov:====>                              13%]
[Progress:==========>                   34%] [Cov:====>                              13%]
[Progress:==========>                   34%] [Cov:====>                              13%]
[Progress:==========>                   34%] [Cov:====>                              13%]
[Progress:==========>                   35%] [Cov:====>                              13%]
[Progress:==========>                   35%] [Cov:====>                              13%]
[Progress:==========>                   35%] [Cov:====>                              13%]
[Progress:==========>                   35%] [Cov:====>                              13%]
[Progress:==========>                   35%] [Cov:====>                              13%]
[Progress:==========>                   35%] [Cov:====>                              13%]
[Progress:==========>                   35%] [Cov:====>                              13%]
[Progress:==========>                   35%] [Cov:====>                              13%]
[Progress:==========>                   35%] [Cov:====>                              13%]
[Progress:==========>                   35%] [Cov:====>                              13%]
[Progress:==========>                   35%] [Cov:====>                              13%]
[Progress:==========>                   35%] [Cov:====>                              13%]
[Progress:==========>                   35%] [Cov:====>                              13%]
[Progress:==========>                   35%] [Cov:====>                              13%]
[Progress:==========>                   35%] [Cov:====>                              13%]
[Progress:==========>                   36%] [Cov:====>                              13%]
[Progress:==========>                   36%] [Cov:====>                              13%]
[Progress:==========>                   36%] [Cov:====>                              13%]
[Progress:==========>                   36%] [Cov:====>                              13%]
[Progress:==========>                   36%] [Cov:====>                              13%]
[Progress:==========>                   36%] [Cov:====>                              13%]
[Progress:==========>                   36%] [Cov:====>                              13%]
[Progress:==========>                   36%] [Cov:====>                              13%]
[Progress:==========>                   36%] [Cov:====>                              13%]
[Progress:==========>                   36%] [Cov:====>                              13%]
[Progress:==========>                   36%] [Cov:====>                              13%]
[Progress:==========>                   36%] [Cov:====>                              13%]
[Progress:==========>                   36%] [Cov:====>                              13%]
[Progress:==========>                   36%] [Cov:====>                              13%]
[Progress:==========>                   36%] [Cov:====>                              13%]
[Progress:==========>                   36%] [Cov:====>                              13%]
[Progress:==========>                   36%] [Cov:====>                              13%]
[Progress:==========>                   36%] [Cov:====>                              13%]
[Progress:==========>                   36%] [Cov:====>                              13%]
[Progress:==========>                   36%] [Cov:====>                              13%]
[Progress:==========>                   36%] [Cov:====>                              13%]
[Progress:==========>                   36%] [Cov:====>                              13%]
[Progress:==========>                   36%] [Cov:====>                              13%]
[Progress:==========>                   36%] [Cov:====>                              13%]
[Progress:==========>                   36%] [Cov:====>                              13%]
[Progress:==========>                   36%] [Cov:====>                              13%]
[Progress:==========>                   36%] [Cov:====>                              13%]
[Progress:==========>                   36%] [Cov:====>                              13%]
[Progress:==========>                   36%] [Cov:====>                              13%]
[Progress:==========>                   36%] [Cov:====>                              13%]
[Progress:===========>                  37%] [Cov:====>                              13%]
[Progress:===========>                  37%] [Cov:====>                              13%]
[Progress:===========>                  37%] [Cov:====>                              13%]
[Progress:===========>                  37%] [Cov:====>                              13%]
[Progress:===========>                  37%] [Cov:====>                              13%]
[Progress:===========>                  37%] [Cov:====>                              13%]
[Progress:===========>                  37%] [Cov:====>                              13%]
[Progress:===========>                  37%] [Cov:====>                              13%]
[Progress:===========>                  37%] [Cov:====>                              13%]
[Progress:===========>                  37%] [Cov:====>                              13%]
[Progress:===========>                  37%] [Cov:====>                              13%]
[Progress:===========>                  37%] [Cov:====>                              13%]
[Progress:===========>                  37%] [Cov:====>                              13%]
[Progress:===========>                  37%] [Cov:====>                              13%]
[Progress:===========>                  37%] [Cov:===>                               11%]
[Progress:===========>                  37%] [Cov:====>                              13%]
[Progress:===========>                  37%] [Cov:====>                              13%]
[Progress:===========>                  38%] [Cov:====>                              13%]
[Progress:===========>                  38%] [Cov:====>                              13%]
[Progress:===========>                  38%] [Cov:====>                              13%]
[Progress:===========>                  38%] [Cov:====>                              13%]
[Progress:===========>                  38%] [Cov:====>                              13%]
[Progress:===========>                  38%] [Cov:====>                              13%]
[Progress:===========>                  38%] [Cov:====>                              13%]
[Progress:===========>                  38%] [Cov:====>                              13%]
[Progress:===========>                  38%] [Cov:====>                              13%]
[Progress:===========>                  38%] [Cov:====>                              13%]
[Progress:===========>                  38%] [Cov:====>                              13%][MASTER] 07:17:03.350 [logback-1] WARN  TestCluster - Failed to check cache for java.util.Collection<E> : Type points to itself

[Progress:===========>                  38%] [Cov:====>                              13%]
[Progress:===========>                  38%] [Cov:====>                              13%]
[Progress:===========>                  38%] [Cov:====>                              13%]
[Progress:===========>                  38%] [Cov:====>                              13%]
[Progress:===========>                  38%] [Cov:====>                              13%]
[Progress:===========>                  38%] [Cov:====>                              13%]
[Progress:===========>                  38%] [Cov:====>                              13%]
[Progress:===========>                  38%] [Cov:====>                              13%]
[Progress:===========>                  38%] [Cov:====>                              13%]
[Progress:===========>                  38%] [Cov:====>                              13%]
[Progress:===========>                  38%] [Cov:====>                              13%]
[Progress:===========>                  38%] [Cov:====>                              13%]
[Progress:===========>                  38%] [Cov:====>                              13%]
[Progress:===========>                  38%] [Cov:====>                              13%]
[Progress:===========>                  38%] [Cov:====>                              13%]
[Progress:===========>                  38%] [Cov:====>                              13%]
[Progress:===========>                  38%] [Cov:====>                              13%]
[Progress:===========>                  38%] [Cov:====>                              13%]
[Progress:===========>                  38%] [Cov:====>                              13%]
[Progress:===========>                  38%] [Cov:====>                              13%]
[Progress:===========>                  38%] [Cov:====>                              13%]
[Progress:===========>                  38%] [Cov:====>                              13%]
[Progress:===========>                  39%] [Cov:====>                              13%]
[Progress:===========>                  39%] [Cov:====>                              13%]
[Progress:===========>                  39%] [Cov:====>                              13%]
[Progress:===========>                  39%] [Cov:====>                              13%]
[Progress:===========>                  39%] [Cov:====>                              13%]
[Progress:===========>                  39%] [Cov:====>                              13%]
[Progress:===========>                  39%] [Cov:====>                              13%]
[Progress:===========>                  39%] [Cov:====>                              13%]
[Progress:===========>                  39%] [Cov:====>                              13%]
[Progress:===========>                  39%] [Cov:====>                              13%]
[Progress:===========>                  39%] [Cov:====>                              13%]
[Progress:===========>                  39%] [Cov:====>                              13%]
[Progress:===========>                  39%] [Cov:====>                              13%]
[Progress:===========>                  39%] [Cov:====>                              13%]
[Progress:===========>                  39%] [Cov:====>                              13%]
[Progress:============>                 40%] [Cov:====>                              13%]
[Progress:============>                 40%] [Cov:====>                              13%]
[Progress:============>                 40%] [Cov:====>                              13%]
[Progress:============>                 40%] [Cov:====>                              13%]
[Progress:============>                 40%] [Cov:====>                              13%]
[Progress:============>                 40%] [Cov:====>                              13%]
[Progress:============>                 40%] [Cov:====>                              13%]
[Progress:============>                 40%] [Cov:====>                              13%]
[Progress:============>                 40%] [Cov:====>                              13%]
[Progress:============>                 40%] [Cov:====>                              13%]
[Progress:============>                 40%] [Cov:====>                              13%]
[Progress:============>                 40%] [Cov:====>                              13%]
[Progress:============>                 40%] [Cov:====>                              13%]
[Progress:============>                 40%] [Cov:====>                              13%]
[Progress:============>                 40%] [Cov:====>                              13%]
[Progress:============>                 40%] [Cov:====>                              13%]
[Progress:============>                 40%] [Cov:====>                              13%]
[Progress:============>                 40%] [Cov:====>                              13%]
[Progress:============>                 40%] [Cov:====>                              13%]
[Progress:============>                 40%] [Cov:====>                              13%]
[Progress:============>                 40%] [Cov:====>                              13%]
[Progress:============>                 40%] [Cov:====>                              13%]
[Progress:============>                 40%] [Cov:====>                              13%]
[Progress:============>                 40%] [Cov:====>                              13%]
[Progress:============>                 40%] [Cov:====>                              13%]
[Progress:============>                 40%] [Cov:====>                              13%]
[Progress:============>                 40%] [Cov:====>                              13%]
[Progress:============>                 41%] [Cov:====>                              13%]
[Progress:============>                 41%] [Cov:====>                              13%]
[Progress:============>                 41%] [Cov:====>                              13%]
[Progress:============>                 41%] [Cov:====>                              13%]
[Progress:============>                 41%] [Cov:====>                              13%]
[Progress:============>                 41%] [Cov:====>                              13%]
[Progress:============>                 41%] [Cov:====>                              13%]
[Progress:============>                 41%] [Cov:====>                              13%]
[Progress:============>                 41%] [Cov:====>                              13%]
[Progress:============>                 41%] [Cov:====>                              13%]
[Progress:============>                 41%] [Cov:====>                              13%]
[Progress:============>                 41%] [Cov:====>                              13%]
[Progress:============>                 41%] [Cov:====>                              13%]
[Progress:============>                 42%] [Cov:====>                              13%]
[Progress:============>                 42%] [Cov:====>                              13%]
[Progress:============>                 42%] [Cov:====>                              13%]
[Progress:============>                 42%] [Cov:====>                              13%]
[Progress:============>                 42%] [Cov:====>                              13%]
[Progress:============>                 42%] [Cov:====>                              13%]
[Progress:============>                 42%] [Cov:====>                              13%]
[Progress:============>                 42%] [Cov:====>                              13%]
[Progress:============>                 42%] [Cov:====>                              13%]
[Progress:============>                 42%] [Cov:====>                              13%]
[Progress:============>                 42%] [Cov:====>                              13%]
[Progress:============>                 42%] [Cov:====>                              13%]
[Progress:============>                 42%] [Cov:====>                              13%]
[Progress:============>                 42%] [Cov:====>                              13%]
[Progress:============>                 42%] [Cov:====>                              13%]
[Progress:============>                 42%] [Cov:====>                              13%]
[Progress:============>                 42%] [Cov:====>                              13%]
[Progress:============>                 42%] [Cov:====>                              13%]
[Progress:============>                 42%] [Cov:====>                              13%]
[Progress:============>                 42%] [Cov:====>                              13%]
[Progress:============>                 42%] [Cov:====>                              13%]
[Progress:============>                 42%] [Cov:====>                              13%]
[Progress:============>                 42%] [Cov:====>                              13%]
[Progress:============>                 42%] [Cov:====>                              13%]
[Progress:============>                 42%] [Cov:====>                              13%]
[Progress:============>                 42%] [Cov:====>                              13%]
[Progress:============>                 42%] [Cov:====>                              13%]
[Progress:============>                 42%] [Cov:====>                              13%]
[Progress:============>                 42%] [Cov:====>                              13%]
[Progress:============>                 43%] [Cov:====>                              13%]
[Progress:============>                 43%] [Cov:====>                              13%]
[Progress:============>                 43%] [Cov:====>                              13%]
[Progress:============>                 43%] [Cov:====>                              13%]
[Progress:============>                 43%] [Cov:====>                              13%]
[Progress:============>                 43%] [Cov:====>                              13%]
[Progress:============>                 43%] [Cov:====>                              13%]
[Progress:============>                 43%] [Cov:====>                              13%]
[Progress:============>                 43%] [Cov:===>                               11%]
[Progress:============>                 43%] [Cov:====>                              13%]
[Progress:============>                 43%] [Cov:====>                              13%]
[Progress:============>                 43%] [Cov:====>                              13%]
[Progress:============>                 43%] [Cov:====>                              13%]
[Progress:============>                 43%] [Cov:====>                              13%]
[Progress:=============>                44%] [Cov:====>                              13%]
[Progress:=============>                44%] [Cov:====>                              13%]
[Progress:=============>                44%] [Cov:====>                              13%]
[Progress:=============>                44%] [Cov:====>                              13%]
[Progress:=============>                44%] [Cov:====>                              13%]
[Progress:=============>                44%] [Cov:====>                              13%]
[Progress:=============>                44%] [Cov:====>                              13%]
[Progress:=============>                44%] [Cov:====>                              13%]
[Progress:=============>                44%] [Cov:====>                              13%]
[Progress:=============>                44%] [Cov:====>                              13%]
[Progress:=============>                44%] [Cov:====>                              13%]
[Progress:=============>                44%] [Cov:====>                              13%]
[Progress:=============>                44%] [Cov:====>                              13%]
[Progress:=============>                44%] [Cov:====>                              13%]
[Progress:=============>                44%] [Cov:====>                              13%]
[Progress:=============>                44%] [Cov:====>                              13%]
[Progress:=============>                44%] [Cov:====>                              13%]
[Progress:=============>                44%] [Cov:====>                              13%]
[Progress:=============>                44%] [Cov:====>                              13%]
[Progress:=============>                44%] [Cov:====>                              13%]
[Progress:=============>                44%] [Cov:====>                              13%]
[Progress:=============>                44%] [Cov:====>                              13%]
[Progress:=============>                44%] [Cov:====>                              13%]
[Progress:=============>                44%] [Cov:====>                              13%]
[Progress:=============>                44%] [Cov:====>                              13%]
[Progress:=============>                44%] [Cov:====>                              13%]
[Progress:=============>                44%] [Cov:====>                              13%]
[Progress:=============>                45%] [Cov:====>                              13%]
[Progress:=============>                45%] [Cov:====>                              13%]
[Progress:=============>                45%] [Cov:====>                              13%]
[Progress:=============>                45%] [Cov:====>                              13%]
[Progress:=============>                45%] [Cov:====>                              13%]
[Progress:=============>                45%] [Cov:====>                              13%]
[Progress:=============>                45%] [Cov:====>                              13%]
[Progress:=============>                45%] [Cov:====>                              13%]
[Progress:=============>                45%] [Cov:====>                              13%]
[Progress:=============>                45%] [Cov:====>                              13%]
[Progress:=============>                45%] [Cov:====>                              13%]
[Progress:=============>                45%] [Cov:====>                              13%]
[Progress:=============>                45%] [Cov:====>                              13%]
[Progress:=============>                45%] [Cov:====>                              13%]
[Progress:=============>                46%] [Cov:====>                              13%]
[Progress:=============>                46%] [Cov:====>                              13%]
[Progress:=============>                46%] [Cov:====>                              13%]
[Progress:=============>                46%] [Cov:====>                              13%]
[Progress:=============>                46%] [Cov:====>                              13%]
[Progress:=============>                46%] [Cov:====>                              13%]
[Progress:=============>                46%] [Cov:====>                              13%]
[Progress:=============>                46%] [Cov:====>                              13%]
[Progress:=============>                46%] [Cov:====>                              13%]
[Progress:=============>                46%] [Cov:====>                              13%]
[Progress:=============>                46%] [Cov:====>                              13%]
[Progress:=============>                46%] [Cov:====>                              13%]
[Progress:=============>                46%] [Cov:====>                              13%]
[Progress:=============>                46%] [Cov:====>                              13%]
[Progress:=============>                46%] [Cov:====>                              13%]
[Progress:=============>                46%] [Cov:====>                              13%]
[Progress:=============>                46%] [Cov:====>                              13%]
[Progress:==============>               47%] [Cov:====>                              13%]
[Progress:==============>               47%] [Cov:====>                              13%]
[Progress:==============>               47%] [Cov:====>                              13%]
[Progress:==============>               47%] [Cov:====>                              13%]
[Progress:==============>               47%] [Cov:====>                              13%]
[Progress:==============>               47%] [Cov:====>                              13%]
[Progress:==============>               47%] [Cov:====>                              13%]
[Progress:==============>               47%] [Cov:====>                              13%]
[Progress:==============>               47%] [Cov:====>                              13%]
[Progress:==============>               47%] [Cov:====>                              13%]
[Progress:==============>               47%] [Cov:====>                              13%]
[Progress:==============>               47%] [Cov:====>                              13%]
[Progress:==============>               47%] [Cov:====>                              13%]
[Progress:==============>               48%] [Cov:====>                              13%]
[Progress:==============>               48%] [Cov:====>                              13%]
[Progress:==============>               48%] [Cov:====>                              13%]
[Progress:==============>               48%] [Cov:====>                              13%]
[Progress:==============>               48%] [Cov:====>                              13%]
[Progress:==============>               48%] [Cov:====>                              13%]
[Progress:==============>               48%] [Cov:====>                              13%]
[Progress:==============>               48%] [Cov:====>                              13%]
[Progress:==============>               48%] [Cov:====>                              13%]
[Progress:==============>               48%] [Cov:====>                              13%]
[Progress:==============>               48%] [Cov:====>                              13%]
[Progress:==============>               48%] [Cov:====>                              13%]
[Progress:==============>               48%] [Cov:====>                              13%]
[Progress:==============>               48%] [Cov:====>                              13%]
[Progress:==============>               48%] [Cov:====>                              13%]
[Progress:==============>               48%] [Cov:====>                              13%]
[Progress:==============>               48%] [Cov:====>                              13%]
[Progress:==============>               48%] [Cov:====>                              13%]
[Progress:==============>               48%] [Cov:====>                              13%]
[Progress:==============>               48%] [Cov:====>                              13%]
[Progress:==============>               48%] [Cov:====>                              13%]
[Progress:==============>               48%] [Cov:====>                              13%]
[Progress:==============>               48%] [Cov:====>                              13%]
[Progress:==============>               48%] [Cov:====>                              13%]
[Progress:==============>               48%] [Cov:====>                              13%]
[Progress:==============>               48%] [Cov:====>                              13%]
[Progress:==============>               48%] [Cov:====>                              13%]
[Progress:==============>               48%] [Cov:====>                              13%]
[Progress:==============>               48%] [Cov:====>                              13%]
[Progress:==============>               48%] [Cov:====>                              13%]
[Progress:==============>               48%] [Cov:====>                              13%]
[Progress:==============>               48%] [Cov:====>                              13%]
[Progress:==============>               49%] [Cov:====>                              13%]
[Progress:==============>               49%] [Cov:====>                              13%]
[Progress:==============>               49%] [Cov:====>                              13%]
[Progress:==============>               49%] [Cov:====>                              13%]
[Progress:==============>               49%] [Cov:====>                              13%]
[Progress:==============>               49%] [Cov:====>                              13%]
[Progress:==============>               49%] [Cov:====>                              13%]
[Progress:==============>               49%] [Cov:===>                               11%]
[Progress:==============>               49%] [Cov:====>                              13%]
[Progress:==============>               49%] [Cov:====>                              13%]
[Progress:==============>               49%] [Cov:====>                              13%]
[Progress:==============>               49%] [Cov:====>                              13%]
[Progress:==============>               49%] [Cov:====>                              13%]
[Progress:==============>               49%] [Cov:====>                              13%]
[Progress:===============>              50%] [Cov:====>                              13%]
[Progress:===============>              50%] [Cov:====>                              13%]
[Progress:===============>              50%] [Cov:====>                              13%]
[Progress:===============>              50%] [Cov:====>                              13%]
[Progress:===============>              50%] [Cov:====>                              13%]
[Progress:===============>              50%] [Cov:====>                              13%]
[Progress:===============>              50%] [Cov:====>                              13%]
[Progress:===============>              50%] [Cov:====>                              13%]
[Progress:===============>              50%] [Cov:====>                              13%]
[Progress:===============>              50%] [Cov:====>                              13%]
[Progress:===============>              50%] [Cov:====>                              13%]
[Progress:===============>              50%] [Cov:====>                              13%]
[Progress:===============>              50%] [Cov:====>                              13%]
[Progress:===============>              50%] [Cov:====>                              13%][MASTER] 07:17:21.718 [logback-1] WARN  TestCluster - Failed to check cache for java.util.ArrayDeque<E> : Type points to itself

[Progress:===============>              50%] [Cov:====>                              13%]
[Progress:===============>              50%] [Cov:====>                              13%]
[Progress:===============>              50%] [Cov:====>                              13%]
[Progress:===============>              50%] [Cov:====>                              13%]
[Progress:===============>              50%] [Cov:====>                              13%]
[Progress:===============>              50%] [Cov:====>                              13%]
[Progress:===============>              50%] [Cov:====>                              13%]
[Progress:===============>              50%] [Cov:====>                              13%]
[Progress:===============>              50%] [Cov:====>                              13%]
[Progress:===============>              50%] [Cov:====>                              13%]
[Progress:===============>              50%] [Cov:====>                              13%]
[Progress:===============>              50%] [Cov:====>                              13%]
[Progress:===============>              50%] [Cov:====>                              13%]
[Progress:===============>              51%] [Cov:====>                              13%]
[Progress:===============>              51%] [Cov:====>                              13%]
[Progress:===============>              51%] [Cov:====>                              13%]
[Progress:===============>              51%] [Cov:====>                              13%]
[Progress:===============>              51%] [Cov:====>                              13%]
[Progress:===============>              51%] [Cov:====>                              13%]
[Progress:===============>              51%] [Cov:====>                              13%]
[Progress:===============>              51%] [Cov:====>                              13%]
[Progress:===============>              51%] [Cov:===>                               11%]
[Progress:===============>              51%] [Cov:====>                              13%]
[Progress:===============>              51%] [Cov:====>                              13%]
[Progress:===============>              51%] [Cov:====>                              13%]
[Progress:===============>              51%] [Cov:====>                              13%]
[Progress:===============>              51%] [Cov:====>                              13%]
[Progress:===============>              51%] [Cov:====>                              13%]
[Progress:===============>              51%] [Cov:====>                              13%]
[Progress:===============>              52%] [Cov:====>                              13%]
[Progress:===============>              52%] [Cov:====>                              13%]
[Progress:===============>              52%] [Cov:====>                              13%]
[Progress:===============>              52%] [Cov:====>                              13%]
[Progress:===============>              52%] [Cov:====>                              13%]
[Progress:===============>              52%] [Cov:====>                              13%]
[Progress:===============>              52%] [Cov:====>                              13%]
[Progress:===============>              52%] [Cov:====>                              13%]
[Progress:===============>              52%] [Cov:====>                              13%]
[Progress:===============>              52%] [Cov:====>                              13%]
[Progress:===============>              52%] [Cov:====>                              13%]
[Progress:===============>              52%] [Cov:====>                              13%]
[Progress:===============>              52%] [Cov:====>                              13%]
[Progress:===============>              52%] [Cov:====>                              13%]
[Progress:===============>              52%] [Cov:====>                              13%]
[Progress:===============>              52%] [Cov:====>                              13%]
[Progress:===============>              52%] [Cov:====>                              13%]
[Progress:===============>              52%] [Cov:====>                              13%]
[Progress:===============>              52%] [Cov:====>                              13%]
[Progress:===============>              52%] [Cov:====>                              13%]
[Progress:===============>              53%] [Cov:====>                              13%]
[Progress:===============>              53%] [Cov:====>                              13%]
[Progress:===============>              53%] [Cov:====>                              13%]
[Progress:===============>              53%] [Cov:====>                              13%]
[Progress:===============>              53%] [Cov:====>                              13%]
[Progress:===============>              53%] [Cov:====>                              13%]
[Progress:===============>              53%] [Cov:====>                              13%]
[Progress:===============>              53%] [Cov:====>                              13%]
[Progress:===============>              53%] [Cov:====>                              13%]
[Progress:===============>              53%] [Cov:====>                              13%]
[Progress:===============>              53%] [Cov:====>                              13%]
[Progress:===============>              53%] [Cov:====>                              13%]
[Progress:===============>              53%] [Cov:====>                              13%]
[Progress:===============>              53%] [Cov:====>                              13%]
[Progress:================>             54%] [Cov:====>                              13%]
[Progress:================>             54%] [Cov:====>                              13%]
[Progress:================>             54%] [Cov:====>                              13%]
[Progress:================>             54%] [Cov:====>                              13%]
[Progress:================>             54%] [Cov:====>                              13%]
[Progress:================>             54%] [Cov:====>                              13%]
[Progress:================>             54%] [Cov:====>                              13%]
[Progress:================>             54%] [Cov:====>                              13%]
[Progress:================>             54%] [Cov:====>                              13%]
[Progress:================>             54%] [Cov:====>                              13%]
[Progress:================>             54%] [Cov:====>                              13%]
[Progress:================>             54%] [Cov:====>                              13%]
[Progress:================>             54%] [Cov:====>                              13%]
[Progress:================>             54%] [Cov:====>                              13%]
[Progress:================>             54%] [Cov:====>                              13%]
[Progress:================>             54%] [Cov:====>                              13%]
[Progress:================>             54%] [Cov:====>                              13%]
[Progress:================>             54%] [Cov:====>                              13%]
[Progress:================>             54%] [Cov:====>                              13%]
[Progress:================>             54%] [Cov:====>                              13%]
[Progress:================>             54%] [Cov:====>                              13%]
[Progress:================>             54%] [Cov:====>                              13%]
[Progress:================>             54%] [Cov:====>                              13%]
[Progress:================>             54%] [Cov:====>                              13%]
[Progress:================>             54%] [Cov:====>                              13%]
[Progress:================>             54%] [Cov:====>                              13%]
[Progress:================>             54%] [Cov:====>                              13%]
[Progress:================>             54%] [Cov:====>                              13%]
[Progress:================>             54%] [Cov:====>                              13%]
[Progress:================>             54%] [Cov:====>                              13%]
[Progress:================>             54%] [Cov:====>                              13%]
[Progress:================>             54%] [Cov:====>                              13%]
[Progress:================>             54%] [Cov:====>                              13%]
[Progress:================>             54%] [Cov:====>                              13%]
[Progress:================>             55%] [Cov:====>                              13%]
[Progress:================>             55%] [Cov:====>                              13%]
[Progress:================>             55%] [Cov:====>                              13%]
[Progress:================>             55%] [Cov:====>                              13%]
[Progress:================>             55%] [Cov:====>                              13%]
[Progress:================>             55%] [Cov:====>                              13%]
[Progress:================>             55%] [Cov:====>                              13%]
[Progress:================>             55%] [Cov:====>                              13%]
[Progress:================>             55%] [Cov:====>                              13%]
[Progress:================>             55%] [Cov:====>                              13%]
[Progress:================>             55%] [Cov:====>                              13%]
[Progress:================>             55%] [Cov:====>                              13%]
[Progress:================>             55%] [Cov:====>                              13%]
[Progress:================>             55%] [Cov:====>                              13%]
[Progress:================>             55%] [Cov:====>                              13%][MASTER] 07:17:29.619 [logback-1] WARN  TestCluster - Failed to check cache for java.util.ArrayList<E> : Type points to itself

[Progress:================>             55%] [Cov:====>                              13%]
[Progress:================>             56%] [Cov:====>                              13%]
[Progress:================>             56%] [Cov:====>                              13%]
[Progress:================>             56%] [Cov:====>                              13%]
[Progress:================>             56%] [Cov:====>                              13%]
[Progress:================>             56%] [Cov:====>                              13%]
[Progress:================>             56%] [Cov:====>                              13%]
[Progress:================>             56%] [Cov:====>                              13%]
[Progress:================>             56%] [Cov:====>                              13%]
[Progress:================>             56%] [Cov:====>                              13%]
[Progress:================>             56%] [Cov:====>                              13%]
[Progress:================>             56%] [Cov:====>                              13%]
[Progress:================>             56%] [Cov:====>                              13%]
[Progress:================>             56%] [Cov:====>                              13%]
[Progress:================>             56%] [Cov:====>                              13%]
[Progress:================>             56%] [Cov:====>                              13%]
[Progress:================>             56%] [Cov:====>                              13%]
[Progress:================>             56%] [Cov:====>                              13%]
[Progress:================>             56%] [Cov:===>                               11%]
[Progress:================>             56%] [Cov:====>                              13%]
[Progress:================>             56%] [Cov:====>                              13%]
[Progress:================>             56%] [Cov:====>                              13%]
[Progress:================>             56%] [Cov:====>                              13%]
[Progress:================>             56%] [Cov:====>                              13%]
[Progress:================>             56%] [Cov:====>                              13%]
[Progress:================>             56%] [Cov:====>                              13%]
[Progress:================>             56%] [Cov:====>                              13%]
[Progress:================>             56%] [Cov:====>                              13%]
[Progress:================>             56%] [Cov:====>                              13%]
[Progress:================>             56%] [Cov:====>                              13%]
[Progress:================>             56%] [Cov:====>                              13%]
[Progress:================>             56%] [Cov:====>                              13%]
[Progress:================>             56%] [Cov:====>                              13%]
[Progress:================>             56%] [Cov:====>                              13%]
[Progress:================>             56%] [Cov:====>                              13%]
[Progress:================>             56%] [Cov:====>                              13%]
[Progress:=================>            57%] [Cov:====>                              13%]
[Progress:=================>            57%] [Cov:====>                              13%]
[Progress:=================>            57%] [Cov:====>                              13%]
[Progress:=================>            57%] [Cov:====>                              13%]
[Progress:=================>            57%] [Cov:====>                              13%]
[Progress:=================>            57%] [Cov:====>                              13%]
[Progress:=================>            57%] [Cov:====>                              13%]
[Progress:=================>            57%] [Cov:====>                              13%]
[Progress:=================>            57%] [Cov:====>                              13%]
[Progress:=================>            57%] [Cov:====>                              13%]
[Progress:=================>            57%] [Cov:====>                              13%]
[Progress:=================>            57%] [Cov:====>                              13%]
[Progress:=================>            57%] [Cov:====>                              13%]
[Progress:=================>            57%] [Cov:====>                              13%]
[Progress:=================>            57%] [Cov:====>                              13%]
[Progress:=================>            57%] [Cov:====>                              13%]
[Progress:=================>            57%] [Cov:====>                              13%]
[Progress:=================>            57%] [Cov:====>                              13%]
[Progress:=================>            58%] [Cov:====>                              13%]
[Progress:=================>            58%] [Cov:====>                              13%]
[Progress:=================>            58%] [Cov:====>                              13%]
[Progress:=================>            58%] [Cov:====>                              13%]
[Progress:=================>            58%] [Cov:====>                              13%]
[Progress:=================>            58%] [Cov:====>                              13%]
[Progress:=================>            58%] [Cov:====>                              13%]
[Progress:=================>            58%] [Cov:====>                              13%]
[Progress:=================>            58%] [Cov:====>                              13%]
[Progress:=================>            58%] [Cov:====>                              13%]
[Progress:=================>            58%] [Cov:====>                              13%]
[Progress:=================>            58%] [Cov:====>                              13%]
[Progress:=================>            58%] [Cov:====>                              13%]
[Progress:=================>            58%] [Cov:====>                              13%]
[Progress:=================>            58%] [Cov:====>                              13%]
[Progress:=================>            58%] [Cov:====>                              13%]
[Progress:=================>            58%] [Cov:====>                              13%]
[Progress:=================>            58%] [Cov:====>                              13%]
[Progress:=================>            58%] [Cov:===>                               11%]
[Progress:=================>            58%] [Cov:====>                              13%]
[Progress:=================>            58%] [Cov:====>                              13%]
[Progress:=================>            58%] [Cov:====>                              13%]
[Progress:=================>            58%] [Cov:====>                              13%]
[Progress:=================>            58%] [Cov:====>                              13%]
[Progress:=================>            58%] [Cov:====>                              13%]
[Progress:=================>            58%] [Cov:====>                              13%]
[Progress:=================>            58%] [Cov:====>                              13%]
[Progress:=================>            58%] [Cov:====>                              13%]
[Progress:=================>            58%] [Cov:====>                              13%]
[Progress:=================>            58%] [Cov:====>                              13%]
[Progress:=================>            58%] [Cov:====>                              13%]
[Progress:=================>            58%] [Cov:====>                              13%]
[Progress:=================>            58%] [Cov:====>                              13%]
[Progress:=================>            58%] [Cov:====>                              13%]
[Progress:=================>            59%] [Cov:====>                              13%]
[Progress:=================>            59%] [Cov:====>                              13%]
[Progress:=================>            59%] [Cov:====>                              13%]
[Progress:=================>            59%] [Cov:====>                              13%]
[Progress:=================>            59%] [Cov:====>                              13%]
[Progress:=================>            59%] [Cov:====>                              13%]
[Progress:=================>            59%] [Cov:====>                              13%]
[Progress:=================>            59%] [Cov:====>                              13%]
[Progress:=================>            59%] [Cov:====>                              13%]
[Progress:=================>            59%] [Cov:====>                              13%]
[Progress:=================>            59%] [Cov:====>                              13%]
[Progress:=================>            59%] [Cov:====>                              13%]
[Progress:=================>            59%] [Cov:====>                              13%]
[Progress:=================>            59%] [Cov:====>                              13%]
[Progress:=================>            59%] [Cov:====>                              13%]
[Progress:=================>            59%] [Cov:====>                              13%]
[Progress:=================>            59%] [Cov:====>                              13%]
[Progress:=================>            59%] [Cov:====>                              13%]
[Progress:=================>            59%] [Cov:====>                              13%]
[Progress:=================>            59%] [Cov:====>                              13%]
[Progress:==================>           60%] [Cov:====>                              13%]
[Progress:==================>           60%] [Cov:====>                              13%]
[Progress:==================>           60%] [Cov:====>                              13%]
[Progress:==================>           60%] [Cov:====>                              13%]
[Progress:==================>           60%] [Cov:====>                              13%]
[Progress:==================>           60%] [Cov:====>                              13%]
[Progress:==================>           60%] [Cov:====>                              13%]
[Progress:==================>           60%] [Cov:====>                              13%]
[Progress:==================>           60%] [Cov:====>                              13%]
[Progress:==================>           60%] [Cov:====>                              13%]
[Progress:==================>           60%] [Cov:====>                              13%]
[Progress:==================>           60%] [Cov:====>                              13%]
[Progress:==================>           60%] [Cov:====>                              13%]
[Progress:==================>           60%] [Cov:====>                              13%]
[Progress:==================>           60%] [Cov:====>                              13%]
[Progress:==================>           60%] [Cov:====>                              13%]
[Progress:==================>           60%] [Cov:====>                              13%]
[Progress:==================>           60%] [Cov:====>                              13%]
[Progress:==================>           60%] [Cov:====>                              13%]
[Progress:==================>           60%] [Cov:====>                              13%]
[Progress:==================>           60%] [Cov:====>                              13%]
[Progress:==================>           60%] [Cov:====>                              13%]
[Progress:==================>           60%] [Cov:====>                              13%]
[Progress:==================>           60%] [Cov:====>                              13%]
[Progress:==================>           60%] [Cov:====>                              13%]
[Progress:==================>           60%] [Cov:====>                              13%]
[Progress:==================>           60%] [Cov:====>                              13%]
[Progress:==================>           60%] [Cov:====>                              13%]
[Progress:==================>           60%] [Cov:====>                              13%]
[Progress:==================>           60%] [Cov:====>                              13%]
[Progress:==================>           60%] [Cov:====>                              13%]
[Progress:==================>           60%] [Cov:====>                              13%]
[Progress:==================>           60%] [Cov:====>                              13%]
[Progress:==================>           60%] [Cov:====>                              13%]
[Progress:==================>           60%] [Cov:====>                              13%]
[Progress:==================>           61%] [Cov:====>                              13%]
[Progress:==================>           61%] [Cov:====>                              13%]
[Progress:==================>           61%] [Cov:====>                              13%]
[Progress:==================>           61%] [Cov:====>                              13%]
[Progress:==================>           61%] [Cov:====>                              13%]
[Progress:==================>           61%] [Cov:====>                              13%]
[Progress:==================>           61%] [Cov:====>                              13%]
[Progress:==================>           61%] [Cov:====>                              13%]
[Progress:==================>           61%] [Cov:====>                              13%]
[Progress:==================>           61%] [Cov:====>                              13%]
[Progress:==================>           61%] [Cov:====>                              13%]
[Progress:==================>           61%] [Cov:====>                              13%]
[Progress:==================>           61%] [Cov:====>                              13%]
[Progress:==================>           61%] [Cov:====>                              13%]
[Progress:==================>           61%] [Cov:====>                              13%]
[Progress:==================>           61%] [Cov:====>                              13%]
[Progress:==================>           61%] [Cov:====>                              13%]
[Progress:==================>           62%] [Cov:====>                              13%]
[Progress:==================>           62%] [Cov:====>                              13%]
[Progress:==================>           62%] [Cov:====>                              13%]
[Progress:==================>           62%] [Cov:====>                              13%]
[Progress:==================>           62%] [Cov:====>                              13%]
[Progress:==================>           62%] [Cov:====>                              13%]
[Progress:==================>           62%] [Cov:====>                              13%]
[Progress:==================>           62%] [Cov:====>                              13%]
[Progress:==================>           62%] [Cov:====>                              13%]
[Progress:==================>           62%] [Cov:====>                              13%]
[Progress:==================>           62%] [Cov:====>                              13%]
[Progress:==================>           62%] [Cov:====>                              13%]
[Progress:==================>           62%] [Cov:====>                              13%]
[Progress:==================>           62%] [Cov:====>                              13%]
[Progress:==================>           62%] [Cov:====>                              13%]
[Progress:==================>           62%] [Cov:====>                              13%]
[Progress:==================>           62%] [Cov:====>                              13%]
[Progress:==================>           62%] [Cov:====>                              13%]
[Progress:==================>           62%] [Cov:====>                              13%]
[Progress:==================>           62%] [Cov:====>                              13%]
[Progress:==================>           62%] [Cov:====>                              13%]
[Progress:==================>           62%] [Cov:====>                              13%]
[Progress:==================>           62%] [Cov:====>                              13%]
[Progress:==================>           62%] [Cov:====>                              13%]
[Progress:==================>           62%] [Cov:====>                              13%]
[Progress:==================>           62%] [Cov:====>                              13%]
[Progress:==================>           62%] [Cov:====>                              13%]
[Progress:==================>           62%] [Cov:====>                              13%]
[Progress:==================>           62%] [Cov:====>                              13%]
[Progress:==================>           62%] [Cov:====>                              13%]
[Progress:==================>           62%] [Cov:===>                               11%]
[Progress:==================>           62%] [Cov:====>                              13%]
[Progress:==================>           63%] [Cov:====>                              13%]
[Progress:==================>           63%] [Cov:====>                              13%]
[Progress:==================>           63%] [Cov:====>                              13%]
[Progress:==================>           63%] [Cov:====>                              13%]
[Progress:==================>           63%] [Cov:====>                              13%]
[Progress:==================>           63%] [Cov:====>                              13%]
[Progress:==================>           63%] [Cov:====>                              13%]
[Progress:==================>           63%] [Cov:====>                              13%]
[Progress:==================>           63%] [Cov:====>                              13%]
[Progress:==================>           63%] [Cov:====>                              13%]
[Progress:==================>           63%] [Cov:====>                              13%]
[Progress:==================>           63%] [Cov:====>                              13%]
[Progress:==================>           63%] [Cov:====>                              13%]
[Progress:==================>           63%] [Cov:====>                              13%]
[Progress:==================>           63%] [Cov:====>                              13%]
[Progress:==================>           63%] [Cov:====>                              13%]
[Progress:===================>          64%] [Cov:====>                              13%]
[Progress:===================>          64%] [Cov:====>                              13%]
[Progress:===================>          64%] [Cov:====>                              13%]
[Progress:===================>          64%] [Cov:====>                              13%]
[Progress:===================>          64%] [Cov:====>                              13%]
[Progress:===================>          64%] [Cov:====>                              13%]
[Progress:===================>          64%] [Cov:====>                              13%]
[Progress:===================>          64%] [Cov:====>                              13%]
[Progress:===================>          64%] [Cov:====>                              13%]
[Progress:===================>          64%] [Cov:====>                              13%]
[Progress:===================>          64%] [Cov:====>                              13%]
[Progress:===================>          64%] [Cov:====>                              13%]
[Progress:===================>          64%] [Cov:====>                              13%]
[Progress:===================>          64%] [Cov:====>                              13%]
[Progress:===================>          64%] [Cov:====>                              13%]
[Progress:===================>          64%] [Cov:====>                              13%]
[Progress:===================>          64%] [Cov:====>                              13%]
[Progress:===================>          64%] [Cov:====>                              13%]
[Progress:===================>          64%] [Cov:====>                              13%]
[Progress:===================>          64%] [Cov:====>                              13%]
[Progress:===================>          64%] [Cov:====>                              13%]
[Progress:===================>          64%] [Cov:====>                              13%]
[Progress:===================>          64%] [Cov:====>                              13%]
[Progress:===================>          64%] [Cov:====>                              13%]
[Progress:===================>          64%] [Cov:====>                              13%]
[Progress:===================>          64%] [Cov:====>                              13%]
[Progress:===================>          64%] [Cov:====>                              13%]
[Progress:===================>          64%] [Cov:====>                              13%]
[Progress:===================>          64%] [Cov:====>                              13%]
[Progress:===================>          64%] [Cov:====>                              13%]
[Progress:===================>          64%] [Cov:====>                              13%]
[Progress:===================>          64%] [Cov:====>                              13%]
[Progress:===================>          64%] [Cov:====>                              13%]
[Progress:===================>          65%] [Cov:====>                              13%]
[Progress:===================>          65%] [Cov:====>                              13%]
[Progress:===================>          65%] [Cov:====>                              13%]
[Progress:===================>          65%] [Cov:====>                              13%]
[Progress:===================>          65%] [Cov:====>                              13%]
[Progress:===================>          65%] [Cov:====>                              13%]
[Progress:===================>          65%] [Cov:====>                              13%]
[Progress:===================>          65%] [Cov:====>                              13%]
[Progress:===================>          65%] [Cov:====>                              13%]
[Progress:===================>          65%] [Cov:====>                              13%]
[Progress:===================>          65%] [Cov:====>                              13%]
[Progress:===================>          65%] [Cov:====>                              13%]
[Progress:===================>          65%] [Cov:====>                              13%]
[Progress:===================>          65%] [Cov:====>                              13%]
[Progress:===================>          65%] [Cov:====>                              13%]
[Progress:===================>          66%] [Cov:====>                              13%]
[Progress:===================>          66%] [Cov:====>                              13%]
[Progress:===================>          66%] [Cov:====>                              13%]
[Progress:===================>          66%] [Cov:====>                              13%]
[Progress:===================>          66%] [Cov:====>                              13%]
[Progress:===================>          66%] [Cov:====>                              13%]
[Progress:===================>          66%] [Cov:====>                              13%]
[Progress:===================>          66%] [Cov:====>                              13%]
[Progress:===================>          66%] [Cov:====>                              13%]
[Progress:===================>          66%] [Cov:====>                              13%]
[Progress:===================>          66%] [Cov:====>                              13%]
[Progress:===================>          66%] [Cov:====>                              13%]
[Progress:===================>          66%] [Cov:====>                              13%]
[Progress:===================>          66%] [Cov:====>                              13%]
[Progress:===================>          66%] [Cov:====>                              13%]
[Progress:===================>          66%] [Cov:====>                              13%]
[Progress:===================>          66%] [Cov:====>                              13%]
[Progress:===================>          66%] [Cov:====>                              13%]
[Progress:===================>          66%] [Cov:====>                              13%]
[Progress:===================>          66%] [Cov:====>                              13%]
[Progress:===================>          66%] [Cov:====>                              13%]
[Progress:===================>          66%] [Cov:====>                              13%]
[Progress:===================>          66%] [Cov:====>                              13%]
[Progress:===================>          66%] [Cov:====>                              13%]
[Progress:===================>          66%] [Cov:====>                              13%]
[Progress:===================>          66%] [Cov:====>                              13%]
[Progress:===================>          66%] [Cov:====>                              13%]
[Progress:===================>          66%] [Cov:====>                              13%]
[Progress:===================>          66%] [Cov:====>                              13%]
[Progress:===================>          66%] [Cov:====>                              13%]
[Progress:===================>          66%] [Cov:====>                              13%]
[Progress:===================>          66%] [Cov:====>                              13%]
[Progress:===================>          66%] [Cov:====>                              13%]
[Progress:===================>          66%] [Cov:====>                              13%]
[Progress:===================>          66%] [Cov:====>                              13%]
[Progress:===================>          66%] [Cov:====>                              13%]
[Progress:===================>          66%] [Cov:====>                              13%]
[Progress:====================>         67%] [Cov:====>                              13%]
[Progress:====================>         67%] [Cov:====>                              13%]
[Progress:====================>         67%] [Cov:====>                              13%]
[Progress:====================>         67%] [Cov:====>                              13%]
[Progress:====================>         67%] [Cov:====>                              13%]
[Progress:====================>         67%] [Cov:====>                              13%]
[Progress:====================>         67%] [Cov:====>                              13%]
[Progress:====================>         67%] [Cov:====>                              13%]
[Progress:====================>         67%] [Cov:====>                              13%]
[Progress:====================>         67%] [Cov:====>                              13%]
[Progress:====================>         67%] [Cov:====>                              13%]
[Progress:====================>         67%] [Cov:====>                              13%]
[Progress:====================>         67%] [Cov:====>                              13%]
[Progress:====================>         67%] [Cov:====>                              13%]
[Progress:====================>         67%] [Cov:====>                              13%]
[Progress:====================>         67%] [Cov:====>                              13%]
[Progress:====================>         67%] [Cov:====>                              13%]
[Progress:====================>         67%] [Cov:====>                              13%]
[Progress:====================>         68%] [Cov:====>                              13%]
[Progress:====================>         68%] [Cov:====>                              13%]
[Progress:====================>         68%] [Cov:====>                              13%]
[Progress:====================>         68%] [Cov:====>                              13%]
[Progress:====================>         68%] [Cov:====>                              13%]
[Progress:====================>         68%] [Cov:====>                              13%]
[Progress:====================>         68%] [Cov:====>                              13%]
[Progress:====================>         68%] [Cov:====>                              13%]
[Progress:====================>         68%] [Cov:====>                              13%]
[Progress:====================>         68%] [Cov:====>                              13%]
[Progress:====================>         68%] [Cov:====>                              13%]
[Progress:====================>         68%] [Cov:====>                              13%]
[Progress:====================>         68%] [Cov:====>                              13%]
[Progress:====================>         68%] [Cov:====>                              13%]
[Progress:====================>         68%] [Cov:====>                              13%]
[Progress:====================>         68%] [Cov:====>                              13%]
[Progress:====================>         68%] [Cov:====>                              13%]
[Progress:====================>         68%] [Cov:====>                              13%]
[Progress:====================>         68%] [Cov:====>                              13%]
[Progress:====================>         68%] [Cov:====>                              13%]
[Progress:====================>         68%] [Cov:====>                              13%]
[Progress:====================>         68%] [Cov:====>                              13%]
[Progress:====================>         68%] [Cov:====>                              13%]
[Progress:====================>         68%] [Cov:====>                              13%]
[Progress:====================>         68%] [Cov:====>                              13%]
[Progress:====================>         68%] [Cov:====>                              13%]
[Progress:====================>         68%] [Cov:====>                              13%]
[Progress:====================>         68%] [Cov:====>                              13%]
[Progress:====================>         68%] [Cov:====>                              13%]
[Progress:====================>         68%] [Cov:====>                              13%]
[Progress:====================>         68%] [Cov:====>                              13%]
[Progress:====================>         68%] [Cov:====>                              13%]
[Progress:====================>         69%] [Cov:====>                              13%]
[Progress:====================>         69%] [Cov:====>                              13%]
[Progress:====================>         69%] [Cov:====>                              13%]
[Progress:====================>         69%] [Cov:====>                              13%]
[Progress:====================>         69%] [Cov:====>                              13%]
[Progress:====================>         69%] [Cov:====>                              13%]
[Progress:====================>         69%] [Cov:====>                              13%]
[Progress:====================>         69%] [Cov:====>                              13%]
[Progress:====================>         69%] [Cov:====>                              13%]
[Progress:====================>         69%] [Cov:====>                              13%]
[Progress:====================>         69%] [Cov:====>                              13%]
[Progress:====================>         69%] [Cov:====>                              13%]
[Progress:====================>         69%] [Cov:====>                              13%]
[Progress:====================>         69%] [Cov:====>                              13%]
[Progress:====================>         69%] [Cov:====>                              13%]
[Progress:====================>         69%] [Cov:====>                              13%]
[Progress:====================>         69%] [Cov:====>                              13%]
[Progress:====================>         69%] [Cov:====>                              13%]
[Progress:=====================>        70%] [Cov:====>                              13%]
[Progress:=====================>        70%] [Cov:====>                              13%]
[Progress:=====================>        70%] [Cov:====>                              13%]
[Progress:=====================>        70%] [Cov:====>                              13%]
[Progress:=====================>        70%] [Cov:====>                              13%]
[Progress:=====================>        70%] [Cov:====>                              13%]
[Progress:=====================>        70%] [Cov:====>                              13%]
[Progress:=====================>        70%] [Cov:====>                              13%]
[Progress:=====================>        70%] [Cov:====>                              13%]
[Progress:=====================>        70%] [Cov:====>                              13%]
[Progress:=====================>        70%] [Cov:====>                              13%]
[Progress:=====================>        70%] [Cov:====>                              13%]
[Progress:=====================>        70%] [Cov:====>                              13%]
[Progress:=====================>        70%] [Cov:====>                              13%]
[Progress:=====================>        70%] [Cov:====>                              13%]
[Progress:=====================>        70%] [Cov:====>                              13%]
[Progress:=====================>        70%] [Cov:====>                              13%]
[Progress:=====================>        70%] [Cov:====>                              13%]
[Progress:=====================>        70%] [Cov:====>                              13%]
[Progress:=====================>        70%] [Cov:====>                              13%]
[Progress:=====================>        70%] [Cov:====>                              13%]
[Progress:=====================>        70%] [Cov:====>                              13%]
[Progress:=====================>        70%] [Cov:====>                              13%]
[Progress:=====================>        70%] [Cov:====>                              13%]
[Progress:=====================>        70%] [Cov:====>                              13%]
[Progress:=====================>        70%] [Cov:====>                              13%]
[Progress:=====================>        70%] [Cov:====>                              13%]
[Progress:=====================>        70%] [Cov:====>                              13%]
[Progress:=====================>        70%] [Cov:====>                              13%]
[Progress:=====================>        70%] [Cov:====>                              13%]
[Progress:=====================>        70%] [Cov:====>                              13%]
[Progress:=====================>        70%] [Cov:====>                              13%]
[Progress:=====================>        70%] [Cov:====>                              13%]
[Progress:=====================>        70%] [Cov:====>                              13%]
[Progress:=====================>        70%] [Cov:====>                              13%]
[Progress:=====================>        70%] [Cov:====>                              13%]
[Progress:=====================>        71%] [Cov:====>                              13%]
[Progress:=====================>        71%] [Cov:====>                              13%]
[Progress:=====================>        71%] [Cov:====>                              13%]
[Progress:=====================>        71%] [Cov:====>                              13%]
[Progress:=====================>        71%] [Cov:====>                              13%]
[Progress:=====================>        71%] [Cov:====>                              13%]
[Progress:=====================>        71%] [Cov:====>                              13%]
[Progress:=====================>        71%] [Cov:====>                              13%]
[Progress:=====================>        71%] [Cov:====>                              13%]
[Progress:=====================>        71%] [Cov:====>                              13%]
[Progress:=====================>        71%] [Cov:====>                              13%]
[Progress:=====================>        71%] [Cov:====>                              13%]
[Progress:=====================>        71%] [Cov:====>                              13%]
[Progress:=====================>        71%] [Cov:====>                              13%]
[Progress:=====================>        71%] [Cov:====>                              13%]
[Progress:=====================>        71%] [Cov:====>                              13%]
[Progress:=====================>        71%] [Cov:====>                              13%]
[Progress:=====================>        71%] [Cov:====>                              13%]
[Progress:=====================>        71%] [Cov:====>                              13%]
[Progress:=====================>        71%] [Cov:====>                              13%]
[Progress:=====================>        72%] [Cov:====>                              13%]
[Progress:=====================>        72%] [Cov:====>                              13%]
[Progress:=====================>        72%] [Cov:====>                              13%]
[Progress:=====================>        72%] [Cov:====>                              13%]
[Progress:=====================>        72%] [Cov:====>                              13%]
[Progress:=====================>        72%] [Cov:====>                              13%]
[Progress:=====================>        72%] [Cov:====>                              13%]
[Progress:=====================>        72%] [Cov:====>                              13%]
[Progress:=====================>        72%] [Cov:====>                              13%]
[Progress:=====================>        72%] [Cov:====>                              13%]
[Progress:=====================>        72%] [Cov:====>                              13%]
[Progress:=====================>        72%] [Cov:====>                              13%]
[Progress:=====================>        72%] [Cov:====>                              13%]
[Progress:=====================>        72%] [Cov:====>                              13%]
[Progress:=====================>        72%] [Cov:====>                              13%]
[Progress:=====================>        72%] [Cov:====>                              13%]
[Progress:=====================>        72%] [Cov:====>                              13%]
[Progress:=====================>        72%] [Cov:====>                              13%]
[Progress:=====================>        72%] [Cov:====>                              13%]
[Progress:=====================>        72%] [Cov:====>                              13%]
[Progress:=====================>        72%] [Cov:====>                              13%]
[Progress:=====================>        72%] [Cov:====>                              13%]
[Progress:=====================>        72%] [Cov:====>                              13%]
[Progress:=====================>        72%] [Cov:====>                              13%]
[Progress:=====================>        72%] [Cov:====>                              13%]
[Progress:=====================>        72%] [Cov:====>                              13%]
[Progress:=====================>        72%] [Cov:====>                              13%]
[Progress:=====================>        72%] [Cov:====>                              13%]
[Progress:=====================>        72%] [Cov:====>                              13%]
[Progress:=====================>        72%] [Cov:====>                              13%]
[Progress:=====================>        72%] [Cov:====>                              13%]
[Progress:=====================>        72%] [Cov:====>                              13%]
[Progress:=====================>        72%] [Cov:====>                              13%]
[Progress:=====================>        72%] [Cov:====>                              13%]
[Progress:=====================>        72%] [Cov:====>                              13%]
[Progress:=====================>        72%] [Cov:====>                              13%]
[Progress:=====================>        72%] [Cov:====>                              13%]
[Progress:=====================>        72%] [Cov:====>                              13%]
[Progress:=====================>        73%] [Cov:====>                              13%]
[Progress:=====================>        73%] [Cov:====>                              13%]
[Progress:=====================>        73%] [Cov:====>                              13%]
[Progress:=====================>        73%] [Cov:====>                              13%]
[Progress:=====================>        73%] [Cov:====>                              13%]
[Progress:=====================>        73%] [Cov:====>                              13%]
[Progress:=====================>        73%] [Cov:====>                              13%]
[Progress:=====================>        73%] [Cov:====>                              13%]
[Progress:=====================>        73%] [Cov:====>                              13%]
[Progress:=====================>        73%] [Cov:====>                              13%]
[Progress:=====================>        73%] [Cov:====>                              13%]
[Progress:=====================>        73%] [Cov:====>                              13%]
[Progress:=====================>        73%] [Cov:====>                              13%]
[Progress:=====================>        73%] [Cov:====>                              13%]
[Progress:=====================>        73%] [Cov:====>                              13%]
[Progress:=====================>        73%] [Cov:====>                              13%]
[Progress:=====================>        73%] [Cov:====>                              13%]
[Progress:=====================>        73%] [Cov:====>                              13%]
[Progress:======================>       74%] [Cov:====>                              13%]
[Progress:======================>       74%] [Cov:====>                              13%]
[Progress:======================>       74%] [Cov:====>                              13%]
[Progress:======================>       74%] [Cov:====>                              13%]
[Progress:======================>       74%] [Cov:====>                              13%]
[Progress:======================>       74%] [Cov:====>                              13%]
[Progress:======================>       74%] [Cov:====>                              13%]
[Progress:======================>       74%] [Cov:====>                              13%]
[Progress:======================>       74%] [Cov:====>                              13%]
[Progress:======================>       74%] [Cov:====>                              13%]
[Progress:======================>       74%] [Cov:====>                              13%]
[Progress:======================>       74%] [Cov:====>                              13%]
[Progress:======================>       74%] [Cov:====>                              13%]
[Progress:======================>       74%] [Cov:====>                              13%]
[Progress:======================>       74%] [Cov:====>                              13%]
[Progress:======================>       74%] [Cov:====>                              13%]
[Progress:======================>       74%] [Cov:====>                              13%]
[Progress:======================>       74%] [Cov:====>                              13%]
[Progress:======================>       74%] [Cov:====>                              13%]
[Progress:======================>       74%] [Cov:====>                              13%]
[Progress:======================>       74%] [Cov:====>                              13%]
[Progress:======================>       74%] [Cov:====>                              13%]
[Progress:======================>       74%] [Cov:====>                              13%]
[Progress:======================>       74%] [Cov:====>                              13%]
[Progress:======================>       74%] [Cov:====>                              13%]
[Progress:======================>       74%] [Cov:====>                              13%]
[Progress:======================>       74%] [Cov:====>                              13%]
[Progress:======================>       74%] [Cov:====>                              13%]
[Progress:======================>       74%] [Cov:====>                              13%]
[Progress:======================>       74%] [Cov:===>                               11%]
[Progress:======================>       74%] [Cov:====>                              13%]
[Progress:======================>       74%] [Cov:====>                              13%]
[Progress:======================>       74%] [Cov:====>                              13%]
[Progress:======================>       74%] [Cov:====>                              13%]
[Progress:======================>       74%] [Cov:====>                              13%]
[Progress:======================>       74%] [Cov:====>                              13%]
[Progress:======================>       74%] [Cov:====>                              13%]
[Progress:======================>       74%] [Cov:====>                              13%]
[Progress:======================>       74%] [Cov:====>                              13%]
[Progress:======================>       75%] [Cov:====>                              13%]
[Progress:======================>       75%] [Cov:====>                              13%]
[Progress:======================>       75%] [Cov:====>                              13%]
[Progress:======================>       75%] [Cov:====>                              13%]
[Progress:======================>       75%] [Cov:====>                              13%]
[Progress:======================>       75%] [Cov:====>                              13%]
[Progress:======================>       75%] [Cov:====>                              13%]
[Progress:======================>       75%] [Cov:====>                              13%]
[Progress:======================>       75%] [Cov:====>                              13%]
[Progress:======================>       75%] [Cov:====>                              13%]
[Progress:======================>       75%] [Cov:====>                              13%]
[Progress:======================>       75%] [Cov:====>                              13%]
[Progress:======================>       75%] [Cov:====>                              13%]
[Progress:======================>       75%] [Cov:====>                              13%]
[Progress:======================>       75%] [Cov:====>                              13%]
[Progress:======================>       75%] [Cov:====>                              13%]
[Progress:======================>       75%] [Cov:====>                              13%]
[Progress:======================>       75%] [Cov:====>                              13%]
[Progress:======================>       75%] [Cov:====>                              13%]
[Progress:======================>       75%] [Cov:====>                              13%]
[Progress:======================>       76%] [Cov:====>                              13%]
[Progress:======================>       76%] [Cov:====>                              13%]
[Progress:======================>       76%] [Cov:====>                              13%]
[Progress:======================>       76%] [Cov:====>                              13%]
[Progress:======================>       76%] [Cov:====>                              13%]
[Progress:======================>       76%] [Cov:====>                              13%]
[Progress:======================>       76%] [Cov:====>                              13%]
[Progress:======================>       76%] [Cov:====>                              13%]
[Progress:======================>       76%] [Cov:====>                              13%]
[Progress:======================>       76%] [Cov:====>                              13%]
[Progress:======================>       76%] [Cov:====>                              13%]
[Progress:======================>       76%] [Cov:====>                              13%]
[Progress:======================>       76%] [Cov:====>                              13%]
[Progress:======================>       76%] [Cov:====>                              13%]
[Progress:======================>       76%] [Cov:====>                              13%]
[Progress:======================>       76%] [Cov:====>                              13%]
[Progress:======================>       76%] [Cov:====>                              13%]
[Progress:======================>       76%] [Cov:====>                              13%]
[Progress:======================>       76%] [Cov:====>                              13%]
[Progress:======================>       76%] [Cov:====>                              13%]
[Progress:======================>       76%] [Cov:====>                              13%]
[Progress:======================>       76%] [Cov:====>                              13%]
[Progress:======================>       76%] [Cov:====>                              13%]
[Progress:======================>       76%] [Cov:====>                              13%]
[Progress:======================>       76%] [Cov:====>                              13%]
[Progress:======================>       76%] [Cov:====>                              13%]
[Progress:======================>       76%] [Cov:====>                              13%]
[Progress:======================>       76%] [Cov:====>                              13%]
[Progress:======================>       76%] [Cov:====>                              13%]
[Progress:======================>       76%] [Cov:====>                              13%]
[Progress:======================>       76%] [Cov:====>                              13%]
[Progress:======================>       76%] [Cov:====>                              13%]
[Progress:=======================>      77%] [Cov:====>                              13%]
[Progress:=======================>      77%] [Cov:====>                              13%]
[Progress:=======================>      77%] [Cov:====>                              13%]
[Progress:=======================>      77%] [Cov:====>                              13%]
[Progress:=======================>      77%] [Cov:====>                              13%]
[Progress:=======================>      77%] [Cov:====>                              13%]
[Progress:=======================>      77%] [Cov:====>                              13%]
[Progress:=======================>      77%] [Cov:====>                              13%]
[Progress:=======================>      77%] [Cov:====>                              13%]
[Progress:=======================>      77%] [Cov:====>                              13%]
[Progress:=======================>      77%] [Cov:====>                              13%]
[Progress:=======================>      77%] [Cov:====>                              13%]
[Progress:=======================>      77%] [Cov:====>                              13%]
[Progress:=======================>      77%] [Cov:====>                              13%]
[Progress:=======================>      77%] [Cov:====>                              13%]
[Progress:=======================>      77%] [Cov:====>                              13%]
[Progress:=======================>      77%] [Cov:====>                              13%]
[Progress:=======================>      77%] [Cov:====>                              13%]
[Progress:=======================>      77%] [Cov:====>                              13%]
[Progress:=======================>      77%] [Cov:====>                              13%]
[Progress:=======================>      78%] [Cov:====>                              13%]
[Progress:=======================>      78%] [Cov:====>                              13%]
[Progress:=======================>      78%] [Cov:====>                              13%]
[Progress:=======================>      78%] [Cov:====>                              13%]
[Progress:=======================>      78%] [Cov:====>                              13%]
[Progress:=======================>      78%] [Cov:====>                              13%]
[Progress:=======================>      78%] [Cov:====>                              13%]
[Progress:=======================>      78%] [Cov:====>                              13%]
[Progress:=======================>      78%] [Cov:====>                              13%]
[Progress:=======================>      78%] [Cov:====>                              13%]
[Progress:=======================>      78%] [Cov:====>                              13%]
[Progress:=======================>      78%] [Cov:====>                              13%]
[Progress:=======================>      78%] [Cov:====>                              13%]
[Progress:=======================>      78%] [Cov:====>                              13%]
[Progress:=======================>      78%] [Cov:===>                               11%]
[Progress:=======================>      78%] [Cov:====>                              13%]
[Progress:=======================>      78%] [Cov:====>                              13%]
[Progress:=======================>      78%] [Cov:====>                              13%]
[Progress:=======================>      78%] [Cov:====>                              13%]
[Progress:=======================>      78%] [Cov:====>                              13%]
[Progress:=======================>      78%] [Cov:====>                              13%]
[Progress:=======================>      78%] [Cov:====>                              13%]
[Progress:=======================>      78%] [Cov:====>                              13%]
[Progress:=======================>      78%] [Cov:====>                              13%]
[Progress:=======================>      78%] [Cov:====>                              13%]
[Progress:=======================>      78%] [Cov:====>                              13%]
[Progress:=======================>      78%] [Cov:====>                              13%]
[Progress:=======================>      78%] [Cov:====>                              13%]
[Progress:=======================>      78%] [Cov:====>                              13%]
[Progress:=======================>      78%] [Cov:====>                              13%]
[Progress:=======================>      78%] [Cov:====>                              13%]
[Progress:=======================>      78%] [Cov:====>                              13%]
[Progress:=======================>      78%] [Cov:====>                              13%]
[Progress:=======================>      78%] [Cov:====>                              13%]
[Progress:=======================>      78%] [Cov:====>                              13%]
[Progress:=======================>      78%] [Cov:====>                              13%]
[Progress:=======================>      78%] [Cov:====>                              13%]
[Progress:=======================>      79%] [Cov:====>                              13%]
[Progress:=======================>      79%] [Cov:====>                              13%]
[Progress:=======================>      79%] [Cov:====>                              13%]
[Progress:=======================>      79%] [Cov:====>                              13%]
[Progress:=======================>      79%] [Cov:====>                              13%]
[Progress:=======================>      79%] [Cov:====>                              13%]
[Progress:=======================>      79%] [Cov:====>                              13%]
[Progress:=======================>      79%] [Cov:====>                              13%]
[Progress:=======================>      79%] [Cov:====>                              13%]
[Progress:=======================>      79%] [Cov:====>                              13%]
[Progress:=======================>      79%] [Cov:====>                              13%]
[Progress:=======================>      79%] [Cov:===>                               11%]
[Progress:=======================>      79%] [Cov:====>                              13%]
[Progress:=======================>      79%] [Cov:====>                              13%]
[Progress:=======================>      79%] [Cov:====>                              13%]
[Progress:=======================>      79%] [Cov:====>                              13%]
[Progress:=======================>      79%] [Cov:====>                              13%]
[Progress:=======================>      79%] [Cov:====>                              13%]
[Progress:=======================>      79%] [Cov:====>                              13%]
[Progress:=======================>      79%] [Cov:====>                              13%]
[Progress:========================>     80%] [Cov:====>                              13%]
[Progress:========================>     80%] [Cov:====>                              13%]
[Progress:========================>     80%] [Cov:====>                              13%]
[Progress:========================>     80%] [Cov:====>                              13%]
[Progress:========================>     80%] [Cov:====>                              13%]
[Progress:========================>     80%] [Cov:====>                              13%]
[Progress:========================>     80%] [Cov:====>                              13%]
[Progress:========================>     80%] [Cov:====>                              13%]
[Progress:========================>     80%] [Cov:====>                              13%]
[Progress:========================>     80%] [Cov:====>                              13%]
[Progress:========================>     80%] [Cov:====>                              13%]
[Progress:========================>     80%] [Cov:====>                              13%]
[Progress:========================>     80%] [Cov:====>                              13%]
[Progress:========================>     80%] [Cov:====>                              13%]
[Progress:========================>     80%] [Cov:====>                              13%]
[Progress:========================>     80%] [Cov:====>                              13%]
[Progress:========================>     80%] [Cov:====>                              13%]
[Progress:========================>     80%] [Cov:====>                              13%]
[Progress:========================>     80%] [Cov:====>                              13%]
[Progress:========================>     80%] [Cov:====>                              13%]
[Progress:========================>     80%] [Cov:====>                              13%]
[Progress:========================>     80%] [Cov:====>                              13%]
[Progress:========================>     80%] [Cov:====>                              13%]
[Progress:========================>     80%] [Cov:====>                              13%]
[Progress:========================>     80%] [Cov:====>                              13%]
[Progress:========================>     80%] [Cov:====>                              13%]
[Progress:========================>     80%] [Cov:====>                              13%]
[Progress:========================>     80%] [Cov:====>                              13%]
[Progress:========================>     80%] [Cov:====>                              13%]
[Progress:========================>     80%] [Cov:====>                              13%]
[Progress:========================>     80%] [Cov:====>                              13%]
[Progress:========================>     80%] [Cov:====>                              13%]
[Progress:========================>     80%] [Cov:====>                              13%]
[Progress:========================>     80%] [Cov:====>                              13%]
[Progress:========================>     81%] [Cov:====>                              13%]
[Progress:========================>     81%] [Cov:====>                              13%]
[Progress:========================>     81%] [Cov:====>                              13%]
[Progress:========================>     81%] [Cov:====>                              13%]
[Progress:========================>     81%] [Cov:====>                              13%]
[Progress:========================>     81%] [Cov:====>                              13%]
[Progress:========================>     81%] [Cov:====>                              13%]
[Progress:========================>     81%] [Cov:====>                              13%]
[Progress:========================>     81%] [Cov:====>                              13%]
[Progress:========================>     81%] [Cov:====>                              13%]
[Progress:========================>     81%] [Cov:====>                              13%]
[Progress:========================>     81%] [Cov:====>                              13%]
[Progress:========================>     81%] [Cov:====>                              13%]
[Progress:========================>     81%] [Cov:====>                              13%]
[Progress:========================>     81%] [Cov:====>                              13%]
[Progress:========================>     81%] [Cov:====>                              13%]
[Progress:========================>     81%] [Cov:====>                              13%]
[Progress:========================>     81%] [Cov:====>                              13%]
[Progress:========================>     82%] [Cov:====>                              13%]
[Progress:========================>     82%] [Cov:====>                              13%]
[Progress:========================>     82%] [Cov:====>                              13%]
[Progress:========================>     82%] [Cov:====>                              13%]
[Progress:========================>     82%] [Cov:====>                              13%]
[Progress:========================>     82%] [Cov:====>                              13%]
[Progress:========================>     82%] [Cov:====>                              13%]
[Progress:========================>     82%] [Cov:====>                              13%]
[Progress:========================>     82%] [Cov:====>                              13%]
[Progress:========================>     82%] [Cov:====>                              13%]
[Progress:========================>     82%] [Cov:====>                              13%]
[Progress:========================>     82%] [Cov:====>                              13%]
[Progress:========================>     82%] [Cov:====>                              13%]
[Progress:========================>     82%] [Cov:====>                              13%]
[Progress:========================>     82%] [Cov:====>                              13%]
[Progress:========================>     82%] [Cov:====>                              13%]
[Progress:========================>     82%] [Cov:====>                              13%]
[Progress:========================>     82%] [Cov:====>                              13%]
[Progress:========================>     82%] [Cov:====>                              13%]
[Progress:========================>     82%] [Cov:====>                              13%]
[Progress:========================>     82%] [Cov:====>                              13%]
[Progress:========================>     82%] [Cov:====>                              13%]
[Progress:========================>     82%] [Cov:====>                              13%]
[Progress:========================>     82%] [Cov:====>                              13%]
[Progress:========================>     82%] [Cov:====>                              13%]
[Progress:========================>     82%] [Cov:====>                              13%]
[Progress:========================>     82%] [Cov:====>                              13%]
[Progress:========================>     82%] [Cov:====>                              13%]
[Progress:========================>     82%] [Cov:====>                              13%]
[Progress:========================>     82%] [Cov:====>                              13%]
[Progress:========================>     82%] [Cov:====>                              13%]
[Progress:========================>     82%] [Cov:====>                              13%]
[Progress:========================>     82%] [Cov:====>                              13%]
[Progress:========================>     83%] [Cov:====>                              13%]
[Progress:========================>     83%] [Cov:====>                              13%]
[Progress:========================>     83%] [Cov:====>                              13%]
[Progress:========================>     83%] [Cov:====>                              13%]
[Progress:========================>     83%] [Cov:====>                              13%]
[Progress:========================>     83%] [Cov:====>                              13%]
[Progress:========================>     83%] [Cov:====>                              13%]
[Progress:========================>     83%] [Cov:====>                              13%]
[Progress:========================>     83%] [Cov:====>                              13%]
[Progress:========================>     83%] [Cov:====>                              13%]
[Progress:========================>     83%] [Cov:====>                              13%]
[Progress:========================>     83%] [Cov:====>                              13%]
[Progress:========================>     83%] [Cov:====>                              13%]
[Progress:========================>     83%] [Cov:====>                              13%]
[Progress:========================>     83%] [Cov:====>                              13%]
[Progress:========================>     83%] [Cov:====>                              13%]
[Progress:========================>     83%] [Cov:====>                              13%]
[Progress:========================>     83%] [Cov:====>                              13%]
[Progress:=========================>    84%] [Cov:====>                              13%]
[Progress:=========================>    84%] [Cov:====>                              13%]
[Progress:=========================>    84%] [Cov:====>                              13%]
[Progress:=========================>    84%] [Cov:====>                              13%]
[Progress:=========================>    84%] [Cov:====>                              13%]
[Progress:=========================>    84%] [Cov:====>                              13%]
[Progress:=========================>    84%] [Cov:====>                              13%]
[Progress:=========================>    84%] [Cov:====>                              13%]
[Progress:=========================>    84%] [Cov:====>                              13%]
[Progress:=========================>    84%] [Cov:====>                              13%]
[Progress:=========================>    84%] [Cov:====>                              13%]
[Progress:=========================>    84%] [Cov:====>                              13%]
[Progress:=========================>    84%] [Cov:====>                              13%]
[Progress:=========================>    84%] [Cov:====>                              13%]
[Progress:=========================>    84%] [Cov:====>                              13%]
[Progress:=========================>    84%] [Cov:====>                              13%]
[Progress:=========================>    84%] [Cov:====>                              13%]
[Progress:=========================>    84%] [Cov:====>                              13%]
[Progress:=========================>    84%] [Cov:====>                              13%]
[Progress:=========================>    84%] [Cov:====>                              13%]
[Progress:=========================>    84%] [Cov:====>                              13%]
[Progress:=========================>    84%] [Cov:====>                              13%]
[Progress:=========================>    84%] [Cov:====>                              13%]
[Progress:=========================>    84%] [Cov:====>                              13%]
[Progress:=========================>    84%] [Cov:====>                              13%]
[Progress:=========================>    84%] [Cov:====>                              13%]
[Progress:=========================>    84%] [Cov:====>                              13%]
[Progress:=========================>    84%] [Cov:====>                              13%]
[Progress:=========================>    84%] [Cov:====>                              13%]
[Progress:=========================>    84%] [Cov:====>                              13%]
[Progress:=========================>    84%] [Cov:====>                              13%]
[Progress:=========================>    84%] [Cov:====>                              13%]
[Progress:=========================>    84%] [Cov:====>                              13%]
[Progress:=========================>    85%] [Cov:====>                              13%]
[Progress:=========================>    85%] [Cov:====>                              13%]
[Progress:=========================>    85%] [Cov:====>                              13%]
[Progress:=========================>    85%] [Cov:====>                              13%]
[Progress:=========================>    85%] [Cov:====>                              13%]
[Progress:=========================>    85%] [Cov:====>                              13%]
[Progress:=========================>    85%] [Cov:====>                              13%]
[Progress:=========================>    85%] [Cov:====>                              13%]
[Progress:=========================>    85%] [Cov:====>                              13%]
[Progress:=========================>    85%] [Cov:====>                              13%]
[Progress:=========================>    85%] [Cov:====>                              13%]
[Progress:=========================>    85%] [Cov:====>                              13%]
[Progress:=========================>    85%] [Cov:====>                              13%]
[Progress:=========================>    85%] [Cov:====>                              13%]
[Progress:=========================>    85%] [Cov:====>                              13%]
[Progress:=========================>    85%] [Cov:====>                              13%]
[Progress:=========================>    86%] [Cov:====>                              13%]
[Progress:=========================>    86%] [Cov:====>                              13%]
[Progress:=========================>    86%] [Cov:====>                              13%]
[Progress:=========================>    86%] [Cov:====>                              13%]
[Progress:=========================>    86%] [Cov:====>                              13%]
[Progress:=========================>    86%] [Cov:====>                              13%]
[Progress:=========================>    86%] [Cov:====>                              13%]
[Progress:=========================>    86%] [Cov:====>                              13%]
[Progress:=========================>    86%] [Cov:====>                              13%]
[Progress:=========================>    86%] [Cov:====>                              13%]
[Progress:=========================>    86%] [Cov:====>                              13%]
[Progress:=========================>    86%] [Cov:====>                              13%]
[Progress:=========================>    86%] [Cov:====>                              13%]
[Progress:=========================>    86%] [Cov:====>                              13%]
[Progress:=========================>    86%] [Cov:====>                              13%]
[Progress:=========================>    86%] [Cov:====>                              13%]
[Progress:=========================>    86%] [Cov:====>                              13%]
[Progress:=========================>    86%] [Cov:====>                              13%]
[Progress:=========================>    86%] [Cov:====>                              13%]
[Progress:=========================>    86%] [Cov:====>                              13%]
[Progress:=========================>    86%] [Cov:====>                              13%]
[Progress:=========================>    86%] [Cov:====>                              13%]
[Progress:=========================>    86%] [Cov:====>                              13%]
[Progress:=========================>    86%] [Cov:====>                              13%]
[Progress:=========================>    86%] [Cov:====>                              13%]
[Progress:=========================>    86%] [Cov:====>                              13%]
[Progress:=========================>    86%] [Cov:====>                              13%]
[Progress:=========================>    86%] [Cov:====>                              13%]
[Progress:=========================>    86%] [Cov:====>                              13%]
[Progress:=========================>    86%] [Cov:====>                              13%]
[Progress:=========================>    86%] [Cov:====>                              13%]
[Progress:=========================>    86%] [Cov:====>                              13%]
[Progress:=========================>    86%] [Cov:====>                              13%]
[Progress:==========================>   87%] [Cov:====>                              13%]
[Progress:==========================>   87%] [Cov:====>                              13%]
[Progress:==========================>   87%] [Cov:====>                              13%]
[Progress:==========================>   87%] [Cov:====>                              13%]
[Progress:==========================>   87%] [Cov:====>                              13%]
[Progress:==========================>   87%] [Cov:====>                              13%]
[Progress:==========================>   87%] [Cov:====>                              13%]
[Progress:==========================>   87%] [Cov:====>                              13%]
[Progress:==========================>   87%] [Cov:====>                              13%]
[Progress:==========================>   87%] [Cov:====>                              13%]
[Progress:==========================>   87%] [Cov:====>                              13%]
[Progress:==========================>   87%] [Cov:====>                              13%]
[Progress:==========================>   87%] [Cov:====>                              13%]
[Progress:==========================>   87%] [Cov:====>                              13%]
[Progress:==========================>   87%] [Cov:====>                              13%]
[Progress:==========================>   87%] [Cov:====>                              13%]
[Progress:==========================>   87%] [Cov:====>                              13%]
[Progress:==========================>   87%] [Cov:====>                              13%]
[Progress:==========================>   87%] [Cov:====>                              13%]
[Progress:==========================>   88%] [Cov:====>                              13%]
[Progress:==========================>   88%] [Cov:====>                              13%]
[Progress:==========================>   88%] [Cov:====>                              13%]
[Progress:==========================>   88%] [Cov:====>                              13%]
[Progress:==========================>   88%] [Cov:====>                              13%]
[Progress:==========================>   88%] [Cov:====>                              13%]
[Progress:==========================>   88%] [Cov:====>                              13%]
[Progress:==========================>   88%] [Cov:====>                              13%]
[Progress:==========================>   88%] [Cov:====>                              13%]
[Progress:==========================>   88%] [Cov:====>                              13%]
[Progress:==========================>   88%] [Cov:====>                              13%]
[Progress:==========================>   88%] [Cov:====>                              13%]
[Progress:==========================>   88%] [Cov:====>                              13%]
[Progress:==========================>   88%] [Cov:====>                              13%]
[Progress:==========================>   88%] [Cov:====>                              13%]
[Progress:==========================>   88%] [Cov:====>                              13%]
[Progress:==========================>   88%] [Cov:====>                              13%]
[Progress:==========================>   88%] [Cov:====>                              13%]
[Progress:==========================>   88%] [Cov:====>                              13%]
[Progress:==========================>   88%] [Cov:====>                              13%]
[Progress:==========================>   88%] [Cov:====>                              13%]
[Progress:==========================>   88%] [Cov:====>                              13%]
[Progress:==========================>   88%] [Cov:====>                              13%]
[Progress:==========================>   88%] [Cov:====>                              13%]
[Progress:==========================>   88%] [Cov:====>                              13%]
[Progress:==========================>   88%] [Cov:====>                              13%]
[Progress:==========================>   88%] [Cov:====>                              13%]
[Progress:==========================>   88%] [Cov:====>                              13%]
[Progress:==========================>   88%] [Cov:====>                              13%]
[Progress:==========================>   88%] [Cov:====>                              13%]
[Progress:==========================>   88%] [Cov:====>                              13%]
[Progress:==========================>   88%] [Cov:====>                              13%]
[Progress:==========================>   88%] [Cov:====>                              13%]
[Progress:==========================>   88%] [Cov:====>                              13%]
[Progress:==========================>   88%] [Cov:====>                              13%]
[Progress:==========================>   88%] [Cov:====>                              13%]
[Progress:==========================>   89%] [Cov:====>                              13%]
[Progress:==========================>   89%] [Cov:====>                              13%]
[Progress:==========================>   89%] [Cov:====>                              13%]
[Progress:==========================>   89%] [Cov:====>                              13%]
[Progress:==========================>   89%] [Cov:====>                              13%]
[Progress:==========================>   89%] [Cov:====>                              13%]
[Progress:==========================>   89%] [Cov:====>                              13%]
[Progress:==========================>   89%] [Cov:====>                              13%]
[Progress:==========================>   89%] [Cov:====>                              13%]
[Progress:==========================>   89%] [Cov:====>                              13%]
[Progress:==========================>   89%] [Cov:====>                              13%]
[Progress:==========================>   89%] [Cov:====>                              13%]
[Progress:==========================>   89%] [Cov:====>                              13%]
[Progress:==========================>   89%] [Cov:====>                              13%]
[Progress:==========================>   89%] [Cov:===>                               11%]
[Progress:==========================>   89%] [Cov:====>                              13%]
[Progress:==========================>   89%] [Cov:====>                              13%]
[Progress:==========================>   89%] [Cov:====>                              13%]
[Progress:==========================>   89%] [Cov:====>                              13%]
[Progress:===========================>  90%] [Cov:====>                              13%]
[Progress:===========================>  90%] [Cov:====>                              13%]
[Progress:===========================>  90%] [Cov:====>                              13%]
[Progress:===========================>  90%] [Cov:====>                              13%]
[Progress:===========================>  90%] [Cov:====>                              13%]
[Progress:===========================>  90%] [Cov:====>                              13%]
[Progress:===========================>  90%] [Cov:====>                              13%]
[Progress:===========================>  90%] [Cov:====>                              13%]
[Progress:===========================>  90%] [Cov:====>                              13%]
[Progress:===========================>  90%] [Cov:====>                              13%]
[Progress:===========================>  90%] [Cov:====>                              13%]
[Progress:===========================>  90%] [Cov:====>                              13%]
[Progress:===========================>  90%] [Cov:====>                              13%]
[Progress:===========================>  90%] [Cov:====>                              13%]
[Progress:===========================>  90%] [Cov:====>                              13%]
[Progress:===========================>  90%] [Cov:====>                              13%]
[Progress:===========================>  90%] [Cov:====>                              13%]
[Progress:===========================>  90%] [Cov:====>                              13%]
[Progress:===========================>  90%] [Cov:====>                              13%]
[Progress:===========================>  90%] [Cov:====>                              13%]
[Progress:===========================>  90%] [Cov:====>                              13%]
[Progress:===========================>  90%] [Cov:====>                              13%]
[Progress:===========================>  90%] [Cov:====>                              13%]
[Progress:===========================>  90%] [Cov:====>                              13%]
[Progress:===========================>  90%] [Cov:====>                              13%]
[Progress:===========================>  90%] [Cov:====>                              13%]
[Progress:===========================>  90%] [Cov:====>                              13%]
[Progress:===========================>  90%] [Cov:====>                              13%]
[Progress:===========================>  90%] [Cov:====>                              13%]
[Progress:===========================>  90%] [Cov:====>                              13%]
[Progress:===========================>  90%] [Cov:====>                              13%]
[Progress:===========================>  90%] [Cov:====>                              13%]
[Progress:===========================>  90%] [Cov:====>                              13%]
[Progress:===========================>  90%] [Cov:====>                              13%]
[Progress:===========================>  90%] [Cov:====>                              13%]
[Progress:===========================>  90%] [Cov:====>                              13%]
[Progress:===========================>  91%] [Cov:====>                              13%]
[Progress:===========================>  91%] [Cov:====>                              13%]
[Progress:===========================>  91%] [Cov:====>                              13%]
[Progress:===========================>  91%] [Cov:====>                              13%]
[Progress:===========================>  91%] [Cov:====>                              13%]
[Progress:===========================>  91%] [Cov:====>                              13%]
[Progress:===========================>  91%] [Cov:====>                              13%]
[Progress:===========================>  91%] [Cov:====>                              13%]
[Progress:===========================>  91%] [Cov:====>                              13%]
[Progress:===========================>  91%] [Cov:====>                              13%]
[Progress:===========================>  91%] [Cov:====>                              13%]
[Progress:===========================>  91%] [Cov:====>                              13%]
[Progress:===========================>  91%] [Cov:====>                              13%]
[Progress:===========================>  91%] [Cov:====>                              13%]
[Progress:===========================>  91%] [Cov:====>                              13%]
[Progress:===========================>  91%] [Cov:====>                              13%]
[Progress:===========================>  91%] [Cov:====>                              13%]
[Progress:===========================>  91%] [Cov:====>                              13%]
[Progress:===========================>  92%] [Cov:====>                              13%]
[Progress:===========================>  92%] [Cov:====>                              13%]
[Progress:===========================>  92%] [Cov:====>                              13%]
[Progress:===========================>  92%] [Cov:====>                              13%]
[Progress:===========================>  92%] [Cov:====>                              13%]
[Progress:===========================>  92%] [Cov:====>                              13%]
[Progress:===========================>  92%] [Cov:====>                              13%]
[Progress:===========================>  92%] [Cov:====>                              13%]
[Progress:===========================>  92%] [Cov:====>                              13%]
[Progress:===========================>  92%] [Cov:====>                              13%]
[Progress:===========================>  92%] [Cov:====>                              13%]
[Progress:===========================>  92%] [Cov:====>                              13%]
[Progress:===========================>  92%] [Cov:====>                              13%]
[Progress:===========================>  92%] [Cov:====>                              13%]
[Progress:===========================>  92%] [Cov:====>                              13%]
[Progress:===========================>  92%] [Cov:====>                              13%]
[Progress:===========================>  92%] [Cov:====>                              13%]
[Progress:===========================>  92%] [Cov:====>                              13%]
[Progress:===========================>  92%] [Cov:====>                              13%]
[Progress:===========================>  92%] [Cov:===>                               11%]
[Progress:===========================>  92%] [Cov:====>                              13%]
[Progress:===========================>  92%] [Cov:====>                              13%]
[Progress:===========================>  92%] [Cov:====>                              13%]
[Progress:===========================>  92%] [Cov:====>                              13%]
[Progress:===========================>  92%] [Cov:====>                              13%]
[Progress:===========================>  92%] [Cov:====>                              13%]
[Progress:===========================>  92%] [Cov:====>                              13%]
[Progress:===========================>  92%] [Cov:====>                              13%]
[Progress:===========================>  92%] [Cov:====>                              13%]
[Progress:===========================>  92%] [Cov:====>                              13%]
[Progress:===========================>  92%] [Cov:====>                              13%]
[Progress:===========================>  92%] [Cov:====>                              13%]
[Progress:===========================>  92%] [Cov:====>                              13%]
[Progress:===========================>  92%] [Cov:====>                              13%]
[Progress:===========================>  92%] [Cov:====>                              13%]
[Progress:===========================>  92%] [Cov:====>                              13%]
[Progress:===========================>  93%] [Cov:====>                              13%]
[Progress:===========================>  93%] [Cov:====>                              13%]
[Progress:===========================>  93%] [Cov:====>                              13%]
[Progress:===========================>  93%] [Cov:====>                              13%]
[Progress:===========================>  93%] [Cov:====>                              13%]
[Progress:===========================>  93%] [Cov:====>                              13%]
[Progress:===========================>  93%] [Cov:====>                              13%]
[Progress:===========================>  93%] [Cov:====>                              13%]
[Progress:===========================>  93%] [Cov:====>                              13%]
[Progress:===========================>  93%] [Cov:====>                              13%]
[Progress:===========================>  93%] [Cov:====>                              13%]
[Progress:===========================>  93%] [Cov:====>                              13%]
[Progress:===========================>  93%] [Cov:====>                              13%]
[Progress:===========================>  93%] [Cov:====>                              13%]
[Progress:===========================>  93%] [Cov:====>                              13%]
[Progress:===========================>  93%] [Cov:====>                              13%]
[Progress:===========================>  93%] [Cov:====>                              13%]
[Progress:============================> 94%] [Cov:====>                              13%]
[Progress:============================> 94%] [Cov:====>                              13%]
[Progress:============================> 94%] [Cov:====>                              13%]
[Progress:============================> 94%] [Cov:====>                              13%]
[Progress:============================> 94%] [Cov:====>                              13%]
[Progress:============================> 94%] [Cov:====>                              13%]
[Progress:============================> 94%] [Cov:====>                              13%]
[Progress:============================> 94%] [Cov:====>                              13%]
[Progress:============================> 94%] [Cov:====>                              13%]
[Progress:============================> 94%] [Cov:====>                              13%]
[Progress:============================> 94%] [Cov:====>                              13%]
[Progress:============================> 94%] [Cov:====>                              13%]
[Progress:============================> 94%] [Cov:====>                              13%]
[Progress:============================> 94%] [Cov:====>                              13%]
[Progress:============================> 94%] [Cov:====>                              13%]
[Progress:============================> 94%] [Cov:====>                              13%]
[Progress:============================> 94%] [Cov:====>                              13%]
[Progress:============================> 94%] [Cov:====>                              13%]
[Progress:============================> 94%] [Cov:====>                              13%]
[Progress:============================> 94%] [Cov:====>                              13%]
[Progress:============================> 94%] [Cov:====>                              13%]
[Progress:============================> 94%] [Cov:====>                              13%]
[Progress:============================> 94%] [Cov:====>                              13%]
[Progress:============================> 94%] [Cov:====>                              13%]
[Progress:============================> 94%] [Cov:====>                              13%]
[Progress:============================> 94%] [Cov:====>                              13%]
[Progress:============================> 94%] [Cov:====>                              13%]
[Progress:============================> 94%] [Cov:===>                               11%]
[Progress:============================> 94%] [Cov:====>                              13%]
[Progress:============================> 94%] [Cov:====>                              13%]
[Progress:============================> 94%] [Cov:====>                              13%]
[Progress:============================> 94%] [Cov:====>                              13%]
[Progress:============================> 94%] [Cov:====>                              13%]
[Progress:============================> 94%] [Cov:====>                              13%]
[Progress:============================> 95%] [Cov:====>                              13%]
[Progress:============================> 95%] [Cov:====>                              13%]
[Progress:============================> 95%] [Cov:====>                              13%]
[Progress:============================> 95%] [Cov:====>                              13%]
[Progress:============================> 95%] [Cov:====>                              13%]
[Progress:============================> 95%] [Cov:====>                              13%]
[Progress:============================> 95%] [Cov:====>                              13%]
[Progress:============================> 95%] [Cov:====>                              13%]
[Progress:============================> 95%] [Cov:====>                              13%]
[Progress:============================> 95%] [Cov:====>                              13%]
[Progress:============================> 95%] [Cov:====>                              13%]
[Progress:============================> 95%] [Cov:====>                              13%]
[Progress:============================> 95%] [Cov:====>                              13%]
[Progress:============================> 95%] [Cov:====>                              13%]
[Progress:============================> 96%] [Cov:====>                              13%]
[Progress:============================> 96%] [Cov:====>                              13%]
[Progress:============================> 96%] [Cov:====>                              13%]
[Progress:============================> 96%] [Cov:====>                              13%]
[Progress:============================> 96%] [Cov:====>                              13%]
[Progress:============================> 96%] [Cov:====>                              13%]
[Progress:============================> 96%] [Cov:====>                              13%]
[Progress:============================> 96%] [Cov:====>                              13%]
[Progress:============================> 96%] [Cov:====>                              13%]
[Progress:============================> 96%] [Cov:====>                              13%]
[Progress:============================> 96%] [Cov:====>                              13%]
[Progress:============================> 96%] [Cov:====>                              13%]
[Progress:============================> 96%] [Cov:====>                              13%]
[Progress:============================> 96%] [Cov:====>                              13%]
[Progress:============================> 96%] [Cov:====>                              13%]
[Progress:============================> 96%] [Cov:====>                              13%]
[Progress:============================> 96%] [Cov:====>                              13%]
[Progress:============================> 96%] [Cov:====>                              13%]
[Progress:============================> 96%] [Cov:====>                              13%]
[Progress:============================> 96%] [Cov:====>                              13%]
[Progress:============================> 96%] [Cov:====>                              13%]
[Progress:============================> 96%] [Cov:====>                              13%]
[Progress:============================> 96%] [Cov:====>                              13%]
[Progress:============================> 96%] [Cov:====>                              13%]
[Progress:============================> 96%] [Cov:====>                              13%]
[Progress:============================> 96%] [Cov:====>                              13%]
[Progress:============================> 96%] [Cov:====>                              13%]
[Progress:============================> 96%] [Cov:====>                              13%]
[Progress:============================> 96%] [Cov:====>                              13%]
[Progress:============================> 96%] [Cov:====>                              13%]
[Progress:============================> 96%] [Cov:====>                              13%]
[Progress:============================> 96%] [Cov:====>                              13%]
[Progress:============================> 96%] [Cov:====>                              13%]
[Progress:=============================>97%] [Cov:====>                              13%]
[Progress:=============================>97%] [Cov:====>                              13%]
[Progress:=============================>97%] [Cov:====>                              13%]
[Progress:=============================>97%] [Cov:====>                              13%]
[Progress:=============================>97%] [Cov:====>                              13%]
[Progress:=============================>97%] [Cov:====>                              13%]
[Progress:=============================>97%] [Cov:====>                              13%]
[Progress:=============================>97%] [Cov:====>                              13%]
[Progress:=============================>97%] [Cov:====>                              13%]
[Progress:=============================>97%] [Cov:====>                              13%]
[Progress:=============================>97%] [Cov:====>                              13%]
[Progress:=============================>97%] [Cov:====>                              13%]
[Progress:=============================>97%] [Cov:====>                              13%]
[Progress:=============================>97%] [Cov:====>                              13%]
[Progress:=============================>97%] [Cov:====>                              13%]
[Progress:=============================>97%] [Cov:====>                              13%]
[Progress:=============================>97%] [Cov:====>                              13%]
[Progress:=============================>97%] [Cov:====>                              13%]
[Progress:=============================>98%] [Cov:====>                              13%]
[Progress:=============================>98%] [Cov:====>                              13%]
[Progress:=============================>98%] [Cov:====>                              13%]
[Progress:=============================>98%] [Cov:====>                              13%]
[Progress:=============================>98%] [Cov:====>                              13%]
[Progress:=============================>98%] [Cov:====>                              13%]
[Progress:=============================>98%] [Cov:====>                              13%]
[Progress:=============================>98%] [Cov:====>                              13%]
[Progress:=============================>98%] [Cov:====>                              13%]
[Progress:=============================>98%] [Cov:====>                              13%]
[Progress:=============================>98%] [Cov:====>                              13%]
[Progress:=============================>98%] [Cov:====>                              13%]
[Progress:=============================>98%] [Cov:====>                              13%]
[Progress:=============================>98%] [Cov:====>                              13%]
[Progress:=============================>98%] [Cov:====>                              13%]
[Progress:=============================>98%] [Cov:====>                              13%]
[Progress:=============================>98%] [Cov:====>                              13%]
[Progress:=============================>98%] [Cov:====>                              13%]
[Progress:=============================>98%] [Cov:====>                              13%]
[Progress:=============================>98%] [Cov:====>                              13%]
[Progress:=============================>98%] [Cov:====>                              13%]
[Progress:=============================>98%] [Cov:====>                              13%]
[Progress:=============================>98%] [Cov:====>                              13%]
[Progress:=============================>98%] [Cov:====>                              13%]
[Progress:=============================>98%] [Cov:====>                              13%]
[Progress:=============================>98%] [Cov:====>                              13%]
[Progress:=============================>98%] [Cov:====>                              13%]
[Progress:=============================>98%] [Cov:====>                              13%]
[Progress:=============================>98%] [Cov:====>                              13%]
[Progress:=============================>98%] [Cov:====>                              13%]
[Progress:=============================>98%] [Cov:====>                              13%]
[Progress:=============================>99%] [Cov:====>                              13%]
[Progress:=============================>99%] [Cov:====>                              13%]
[Progress:=============================>99%] [Cov:====>                              13%]
[Progress:=============================>99%] [Cov:====>                              13%]
[Progress:=============================>99%] [Cov:====>                              13%]
[Progress:=============================>99%] [Cov:====>                              13%]
[Progress:=============================>99%] [Cov:====>                              13%]
[Progress:=============================>99%] [Cov:====>                              13%]
[Progress:=============================>99%] [Cov:====>                              13%]
[Progress:=============================>99%] [Cov:====>                              13%]
[Progress:=============================>99%] [Cov:====>                              13%]
[Progress:=============================>99%] [Cov:====>                              13%]
[Progress:=============================>99%] [Cov:====>                              13%]
[Progress:=============================>99%] [Cov:====>                              13%]
[Progress:=============================>99%] [Cov:====>                              13%]
[Progress:=============================>99%] [Cov:====>                              13%]
[Progress:=============================>99%] [Cov:====>                              13%]
[Progress:=============================>99%] [Cov:====>                              13%]
[Progress:==============================100%] [Cov:====>                              13%]
[Progress:==============================100%] [Cov:====>                              13%]
[Progress:==============================100%] [Cov:====>                              13%]
[Progress:==============================100%] [Cov:====>                              13%]
[Progress:==============================100%] [Cov:====>                              13%]
[Progress:==============================100%] [Cov:====>                              13%]
[Progress:==============================100%] [Cov:====>                              13%]
[Progress:==============================100%] [Cov:====>                              13%]
[Progress:==============================100%] [Cov:====>                              13%]
[Progress:==============================100%] [Cov:====>                              13%]
[Progress:==============================100%] [Cov:====>                              13%]
[Progress:==============================100%] [Cov:====>                              13%]
[Progress:==============================100%] [Cov:====>                              13%]
[Progress:==============================100%] [Cov:====>                              13%]
[Progress:==============================100%] [Cov:====>                              13%]
[Progress:==============================100%] [Cov:====>                              13%]
[Progress:==============================100%] [Cov:====>                              13%]
[Progress:==============================100%] [Cov:====>                              13%]
* Search finished after 151s and 2125 generations, 160310 statements, best individual has fitness: 579.990990990991
* Minimizing test suite
* Going to analyze the coverage criteria
* Coverage analysis for criterion LINE
* Coverage of criterion LINE: 0%
* Total number of goals: 110
* Number of covered goals: 0
* Coverage analysis for criterion BRANCH
* Coverage of criterion BRANCH: 3%
* Total number of goals: 77
* Number of covered goals: 2
* Coverage analysis for criterion EXCEPTION
* Coverage of criterion EXCEPTION: 100%
* Total number of goals: 2
* Number of covered goals: 2
* Coverage analysis for criterion WEAKMUTATION
* Coverage of criterion WEAKMUTATION: 0%
* Total number of goals: 121
* Number of covered goals: 0
* Coverage analysis for criterion OUTPUT
* Coverage of criterion OUTPUT: 0%
* Total number of goals: 41
* Number of covered goals: 0
* Coverage analysis for criterion METHOD
* Coverage of criterion METHOD: 18%
* Total number of goals: 11
* Number of covered goals: 2
* Coverage analysis for criterion METHODNOEXCEPTION
* Coverage of criterion METHODNOEXCEPTION: 0%
* Total number of goals: 11
* Number of covered goals: 0
* Coverage analysis for criterion CBRANCH
* Coverage of criterion CBRANCH: 0%
* Total number of goals: 77
* Number of covered goals: 0
* Generated 2 tests with total length 2
* Resulting test suite's coverage: 14% (average coverage for all fitness functions)
* Generating assertions
* Resulting test suite's mutation score: 0%
* Compiling and checking tests
* Permissions denied during test execution: 
  - java.lang.RuntimePermission: 
         writeFileDescriptor: 6
* Writing tests to file
* Writing JUnit test case 'JsonValueSerializer_ESTest' to evosuite-tests
* Done!

* Computation finished

