CMD: /usr/lib/jvm/java-8-openjdk-amd64/bin/java -Dtools_jar_location=/usr/lib/jvm/java-8-openjdk-amd64/lib/tools.jar -jar /home/user/evosuite/evosuite-1.2.0.jar -generateSuite -class org.jsoup.parser.Parser -projectCP /home/user/evosuite/Test/Jsoup-28b/target/classes -base_dir /home/user/evosuite/results/project-Jsoup/Jsoup-28/round02/evosuite-work -seed 11 -Dalgorithm=NSGAII -Dsearch_budget=150 -Dtest_format=JUNIT4 -Dassertions=true

* EvoSuite 1.2.0
* Going to generate test cases for class: org.jsoup.parser.Parser
* Starting Client-0
* Connecting to master process on port 8222
* Analyzing classpath: 
  - /home/user/evosuite/Test/Jsoup-28b/target/classes
* Finished analyzing classpath
* Generating tests for class org.jsoup.parser.Parser
* Test criteria:
  - Line Coverage
  - Branch Coverage
  - Exception
  - Mutation testing (weak)
  - Method-Output Coverage
  - Top-Level Method Coverage
  - No-Exception Top-Level Method Coverage
  - Context Branch Coverage
* Setting up search algorithm for whole suite generation
* Total number of test goals: 
  - Line 28
  - Branch 16
  - Exception 0
  - MutationFactory 31
  - Output 52
  - Method 13
  - MethodNoException 13
  - CBranchFitnessFactory 16

[Progress:>                             0%] [Cov:>                                  0%]* Using seed 11
* Starting evolution

[Progress:>                             0%] [Cov:>                                  0%]
[Progress:>                             0%] [Cov:>                                  2%]
[Progress:>                             0%] [Cov:====>                              12%]
[Progress:>                             0%] [Cov:========>                          23%]
[Progress:>                             0%] [Cov:============>                      35%]
[Progress:>                             0%] [Cov:================>                  48%]
[Progress:>                             0%] [Cov:==================>                52%]
[Progress:>                             0%] [Cov:=====================>             62%]
[Progress:>                             0%] [Cov:========================>          71%]
[Progress:>                             0%] [Cov:============================>      80%]
[Progress:>                             0%] [Cov:=============================>     83%]
[Progress:>                             0%] [Cov:=============================>     85%]
[Progress:>                             0%] [Cov:==============================>    86%]
[Progress:>                             0%] [Cov:==============================>    88%]
[Progress:>                             0%] [Cov:===============================>   89%]
[Progress:>                             1%] [Cov:====>                              12%]
[Progress:>                             1%] [Cov:========>                          23%]
[Progress:>                             1%] [Cov:============>                      36%]
[Progress:>                             1%] [Cov:==================>                53%]
[Progress:>                             1%] [Cov:=====================>             62%]
[Progress:>                             1%] [Cov:========================>          71%]
[Progress:>                             1%] [Cov:============================>      80%]
[Progress:>                             1%] [Cov:==============================>    87%]
[Progress:>                             1%] [Cov:==============================>    87%]
[Progress:>                             1%] [Cov:==============================>    88%]
[Progress:>                             1%] [Cov:===============================>   89%]
[Progress:>                             1%] [Cov:==============================>    87%]
[Progress:>                             1%] [Cov:==============================>    88%]
[Progress:>                             1%] [Cov:===============================>   89%]
[Progress:>                             1%] [Cov:===============================>   90%]
[Progress:>                             1%] [Cov:===============================>   91%]
[Progress:>                             1%] [Cov:==============================>    87%]
[Progress:>                             1%] [Cov:===============================>   91%]
[Progress:>                             2%] [Cov:===============================>   91%]
[Progress:>                             2%] [Cov:==============================>    87%]
[Progress:>                             2%] [Cov:===============================>   89%]
[Progress:>                             2%] [Cov:===============================>   90%]
[Progress:>                             2%] [Cov:===============================>   91%]
[Progress:>                             2%] [Cov:===============================>   90%]
[Progress:>                             2%] [Cov:================================>  92%]
[Progress:>                             2%] [Cov:================================>  93%]
[Progress:>                             2%] [Cov:================================>  92%]
[Progress:>                             2%] [Cov:================================>  93%]
[Progress:>                             2%] [Cov:================================>  92%]
[Progress:>                             2%] [Cov:================================>  93%]
[Progress:>                             2%] [Cov:================================>  92%]
[Progress:>                             2%] [Cov:================================>  93%]
[Progress:>                             2%] [Cov:===============================>   91%]
[Progress:>                             2%] [Cov:================================>  92%]
[Progress:>                             2%] [Cov:================================>  93%]
[Progress:>                             2%] [Cov:===============================>   91%]
[Progress:>                             2%] [Cov:================================>  93%]
[Progress:>                             2%] [Cov:===============================>   91%]
[Progress:>                             2%] [Cov:================================>  93%]
[Progress:>                             3%] [Cov:================================>  93%]
[Progress:>                             3%] [Cov:===============================>   91%]
[Progress:>                             3%] [Cov:================================>  93%]
[Progress:>                             3%] [Cov:===============================>   91%]
[Progress:>                             3%] [Cov:================================>  93%]
[Progress:>                             3%] [Cov:===============================>   91%]
[Progress:>                             3%] [Cov:================================>  93%]
[Progress:=>                            4%] [Cov:================================>  93%]
[Progress:=>                            4%] [Cov:===============================>   91%]
[Progress:=>                            4%] [Cov:================================>  93%]
[Progress:=>                            4%] [Cov:===============================>   91%]
[Progress:=>                            4%] [Cov:================================>  93%]
[Progress:=>                            4%] [Cov:===============================>   91%]
[Progress:=>                            4%] [Cov:================================>  93%]
[Progress:=>                            4%] [Cov:===============================>   91%]
[Progress:=>                            4%] [Cov:================================>  93%]
[Progress:=>                            4%] [Cov:===============================>   91%]
[Progress:=>                            4%] [Cov:================================>  93%]
[Progress:=>                            4%] [Cov:===============================>   91%]
[Progress:=>                            4%] [Cov:================================>  93%]
[Progress:=>                            4%] [Cov:===============================>   91%]
[Progress:=>                            4%] [Cov:================================>  93%]
[Progress:=>                            4%] [Cov:===============================>   91%]
[Progress:=>                            4%] [Cov:================================>  93%]
[Progress:=>                            4%] [Cov:===============================>   91%]
[Progress:=>                            4%] [Cov:================================>  93%]
[Progress:=>                            5%] [Cov:================================>  93%]
[Progress:=>                            5%] [Cov:===============================>   91%]
[Progress:=>                            5%] [Cov:================================>  93%]
[Progress:=>                            5%] [Cov:===============================>   91%]
[Progress:=>                            5%] [Cov:================================>  93%]
[Progress:=>                            5%] [Cov:===============================>   91%]
[Progress:=>                            5%] [Cov:================================>  93%]
[Progress:=>                            5%] [Cov:===============================>   91%]
[Progress:=>                            5%] [Cov:================================>  93%]
[Progress:=>                            6%] [Cov:================================>  93%]
[Progress:=>                            6%] [Cov:===============================>   91%]
[Progress:=>                            6%] [Cov:================================>  93%]
[Progress:=>                            6%] [Cov:===============================>   91%]
[Progress:=>                            6%] [Cov:================================>  93%]
[Progress:=>                            6%] [Cov:===============================>   91%]
[Progress:=>                            6%] [Cov:================================>  93%]
[Progress:=>                            6%] [Cov:===============================>   91%]
[Progress:=>                            6%] [Cov:================================>  93%]
[Progress:=>                            6%] [Cov:===============================>   91%]
[Progress:=>                            6%] [Cov:================================>  93%]
[Progress:=>                            6%] [Cov:================================>  93%]
[Progress:=>                            6%] [Cov:===============================>   91%]
[Progress:=>                            6%] [Cov:================================>  93%]
[Progress:=>                            6%] [Cov:================================>  93%]
[Progress:=>                            6%] [Cov:================================>  93%]
[Progress:==>                           7%] [Cov:================================>  93%]
[Progress:==>                           7%] [Cov:================================>  93%]
[Progress:==>                           7%] [Cov:================================>  93%]
[Progress:==>                           7%] [Cov:================================>  92%]
[Progress:==>                           7%] [Cov:================================>  93%]
[Progress:==>                           7%] [Cov:================================>  92%]
[Progress:==>                           7%] [Cov:================================>  93%]
[Progress:==>                           7%] [Cov:================================>  92%]
[Progress:==>                           7%] [Cov:================================>  93%]
[Progress:==>                           8%] [Cov:================================>  93%]
[Progress:==>                           8%] [Cov:================================>  92%]
[Progress:==>                           8%] [Cov:================================>  93%]
[Progress:==>                           8%] [Cov:================================>  92%]
[Progress:==>                           8%] [Cov:================================>  93%]
[Progress:==>                           8%] [Cov:================================>  92%]
[Progress:==>                           8%] [Cov:================================>  93%]
[Progress:==>                           8%] [Cov:================================>  92%]
[Progress:==>                           8%] [Cov:================================>  93%]
[Progress:==>                           8%] [Cov:================================>  92%]
[Progress:==>                           8%] [Cov:================================>  93%]
[Progress:==>                           8%] [Cov:================================>  92%]
[Progress:==>                           8%] [Cov:================================>  93%]
[Progress:==>                           8%] [Cov:================================>  92%]
[Progress:==>                           8%] [Cov:================================>  93%]
[Progress:==>                           8%] [Cov:================================>  92%]
[Progress:==>                           8%] [Cov:================================>  93%]
[Progress:==>                           8%] [Cov:================================>  92%]
[Progress:==>                           8%] [Cov:================================>  93%]
[Progress:==>                           9%] [Cov:===============================>   89%]
[Progress:==>                           9%] [Cov:================================>  93%]
[Progress:==>                           9%] [Cov:================================>  92%]
[Progress:==>                           9%] [Cov:================================>  93%]
[Progress:==>                           9%] [Cov:================================>  92%]
[Progress:==>                           9%] [Cov:================================>  93%]
[Progress:==>                           9%] [Cov:================================>  92%]
[Progress:==>                           9%] [Cov:================================>  93%]
[Progress:==>                           9%] [Cov:================================>  92%]
[Progress:==>                           9%] [Cov:================================>  93%]
[Progress:==>                           9%] [Cov:================================>  92%]
[Progress:==>                           9%] [Cov:================================>  93%]
[Progress:===>                          10%] [Cov:================================>  93%]
[Progress:===>                          10%] [Cov:================================>  92%]
[Progress:===>                          10%] [Cov:================================>  93%]
[Progress:===>                          10%] [Cov:================================>  92%]
[Progress:===>                          10%] [Cov:================================>  93%]
[Progress:===>                          10%] [Cov:================================>  92%]
[Progress:===>                          10%] [Cov:================================>  93%]
[Progress:===>                          10%] [Cov:================================>  92%]
[Progress:===>                          10%] [Cov:================================>  93%]
[Progress:===>                          10%] [Cov:================================>  92%]
[Progress:===>                          10%] [Cov:================================>  93%]
[Progress:===>                          10%] [Cov:================================>  92%]
[Progress:===>                          10%] [Cov:================================>  93%]
[Progress:===>                          10%] [Cov:================================>  92%]
[Progress:===>                          10%] [Cov:================================>  93%]
[Progress:===>                          10%] [Cov:================================>  92%]
[Progress:===>                          10%] [Cov:================================>  93%]
[Progress:===>                          10%] [Cov:================================>  92%]
[Progress:===>                          10%] [Cov:================================>  93%]
[Progress:===>                          10%] [Cov:================================>  92%]
[Progress:===>                          10%] [Cov:================================>  93%]
[Progress:===>                          11%] [Cov:================================>  93%]
[Progress:===>                          11%] [Cov:================================>  92%]
[Progress:===>                          11%] [Cov:================================>  93%]
[Progress:===>                          11%] [Cov:================================>  92%]
[Progress:===>                          11%] [Cov:================================>  93%]
[Progress:===>                          11%] [Cov:================================>  92%]
[Progress:===>                          11%] [Cov:================================>  93%]
[Progress:===>                          11%] [Cov:================================>  92%]
[Progress:===>                          11%] [Cov:================================>  93%]
[Progress:===>                          11%] [Cov:================================>  92%]
[Progress:===>                          11%] [Cov:================================>  93%]
[Progress:===>                          11%] [Cov:================================>  92%]
[Progress:===>                          11%] [Cov:================================>  93%]
[Progress:===>                          12%] [Cov:================================>  93%]
[Progress:===>                          12%] [Cov:================================>  92%]
[Progress:===>                          12%] [Cov:================================>  93%]
[Progress:===>                          12%] [Cov:================================>  92%]
[Progress:===>                          12%] [Cov:================================>  93%]
[Progress:===>                          12%] [Cov:================================>  92%]
[Progress:===>                          12%] [Cov:================================>  93%]
[Progress:===>                          12%] [Cov:================================>  92%]
[Progress:===>                          12%] [Cov:================================>  93%]
[Progress:===>                          12%] [Cov:================================>  92%]
[Progress:===>                          12%] [Cov:================================>  93%]
[Progress:===>                          12%] [Cov:================================>  92%]
[Progress:===>                          12%] [Cov:================================>  93%]
[Progress:===>                          12%] [Cov:================================>  92%]
[Progress:===>                          12%] [Cov:================================>  93%]
[Progress:===>                          12%] [Cov:================================>  92%]
[Progress:===>                          12%] [Cov:================================>  93%]
[Progress:===>                          12%] [Cov:================================>  92%]
[Progress:===>                          12%] [Cov:================================>  93%]
[Progress:===>                          12%] [Cov:================================>  92%]
[Progress:===>                          12%] [Cov:================================>  93%]
[Progress:===>                          12%] [Cov:================================>  92%]
[Progress:===>                          12%] [Cov:================================>  93%]
[Progress:===>                          13%] [Cov:================================>  93%]
[Progress:===>                          13%] [Cov:================================>  92%]
[Progress:===>                          13%] [Cov:================================>  93%]
[Progress:===>                          13%] [Cov:================================>  92%]
[Progress:===>                          13%] [Cov:================================>  93%]
[Progress:===>                          13%] [Cov:================================>  92%]
[Progress:===>                          13%] [Cov:================================>  93%]
[Progress:===>                          13%] [Cov:================================>  92%]
[Progress:===>                          13%] [Cov:================================>  93%]
[Progress:===>                          13%] [Cov:================================>  94%]
[Progress:===>                          13%] [Cov:================================>  94%]
[Progress:====>                         14%] [Cov:================================>  93%]
[Progress:====>                         14%] [Cov:================================>  94%]
[Progress:====>                         14%] [Cov:================================>  94%]
[Progress:====>                         14%] [Cov:================================>  94%]
[Progress:====>                         14%] [Cov:================================>  94%]
[Progress:====>                         14%] [Cov:================================>  94%]
[Progress:====>                         14%] [Cov:================================>  94%]
[Progress:====>                         14%] [Cov:================================>  94%]
[Progress:====>                         14%] [Cov:================================>  94%]
[Progress:====>                         14%] [Cov:================================>  94%]
[Progress:====>                         14%] [Cov:================================>  94%]
[Progress:====>                         14%] [Cov:================================>  94%]
[Progress:====>                         15%] [Cov:================================>  94%]
[Progress:====>                         15%] [Cov:================================>  94%]
[Progress:====>                         15%] [Cov:================================>  94%]
[Progress:====>                         15%] [Cov:================================>  94%]
[Progress:====>                         15%] [Cov:================================>  94%]
[Progress:====>                         15%] [Cov:================================>  94%]
[Progress:====>                         15%] [Cov:================================>  94%]
[Progress:====>                         16%] [Cov:================================>  94%]
[Progress:====>                         16%] [Cov:================================>  94%]
[Progress:====>                         16%] [Cov:================================>  94%]
[Progress:====>                         16%] [Cov:================================>  94%]
[Progress:====>                         16%] [Cov:================================>  94%]
[Progress:====>                         16%] [Cov:================================>  94%]
[Progress:====>                         16%] [Cov:================================>  94%]
[Progress:====>                         16%] [Cov:================================>  94%]
[Progress:====>                         16%] [Cov:================================>  94%]
[Progress:====>                         16%] [Cov:================================>  94%]
[Progress:====>                         16%] [Cov:================================>  94%]
[Progress:====>                         16%] [Cov:================================>  94%]
[Progress:====>                         16%] [Cov:================================>  94%]
[Progress:=====>                        17%] [Cov:================================>  94%]
[Progress:=====>                        17%] [Cov:================================>  94%]
[Progress:=====>                        17%] [Cov:================================>  94%]
[Progress:=====>                        17%] [Cov:================================>  94%]
[Progress:=====>                        17%] [Cov:================================>  94%]
[Progress:=====>                        17%] [Cov:================================>  94%]
[Progress:=====>                        17%] [Cov:================================>  94%]
[Progress:=====>                        17%] [Cov:================================>  94%]
[Progress:=====>                        18%] [Cov:===============================>   91%]
[Progress:=====>                        18%] [Cov:================================>  94%]
[Progress:=====>                        18%] [Cov:================================>  94%]
[Progress:=====>                        18%] [Cov:================================>  94%]
[Progress:=====>                        18%] [Cov:================================>  94%]
[Progress:=====>                        18%] [Cov:================================>  94%]
[Progress:=====>                        18%] [Cov:================================>  94%]
[Progress:=====>                        18%] [Cov:================================>  94%]
[Progress:=====>                        18%] [Cov:================================>  94%]
[Progress:=====>                        18%] [Cov:================================>  94%]
[Progress:=====>                        18%] [Cov:================================>  94%]
[Progress:=====>                        18%] [Cov:================================>  94%]
[Progress:=====>                        18%] [Cov:================================>  94%]
[Progress:=====>                        18%] [Cov:================================>  94%]
[Progress:=====>                        18%] [Cov:================================>  94%]
[Progress:=====>                        18%] [Cov:================================>  94%]
[Progress:=====>                        19%] [Cov:================================>  94%]
[Progress:=====>                        19%] [Cov:================================>  94%]
[Progress:=====>                        19%] [Cov:================================>  94%]
[Progress:=====>                        19%] [Cov:================================>  94%]
[Progress:=====>                        19%] [Cov:================================>  94%]
[Progress:=====>                        19%] [Cov:================================>  94%]
[Progress:=====>                        19%] [Cov:================================>  94%]
[Progress:=====>                        19%] [Cov:================================>  94%]
[Progress:======>                       20%] [Cov:================================>  94%]
[Progress:======>                       20%] [Cov:================================>  94%]
[Progress:======>                       20%] [Cov:================================>  94%]
[Progress:======>                       20%] [Cov:================================>  94%]
[Progress:======>                       20%] [Cov:================================>  94%]
[Progress:======>                       20%] [Cov:================================>  94%]
[Progress:======>                       20%] [Cov:================================>  94%]
[Progress:======>                       20%] [Cov:================================>  94%]
[Progress:======>                       20%] [Cov:===============================>   91%]
[Progress:======>                       20%] [Cov:================================>  94%]
[Progress:======>                       20%] [Cov:===============================>   91%]
[Progress:======>                       20%] [Cov:================================>  94%]
[Progress:======>                       20%] [Cov:===============================>   91%]
[Progress:======>                       20%] [Cov:================================>  94%]
[Progress:======>                       20%] [Cov:===============================>   91%]
[Progress:======>                       20%] [Cov:================================>  94%]
[Progress:======>                       20%] [Cov:===============================>   91%]
[Progress:======>                       20%] [Cov:================================>  94%]
[Progress:======>                       20%] [Cov:================================>  94%]
[Progress:======>                       20%] [Cov:================================>  94%]
[Progress:======>                       20%] [Cov:================================>  94%]
[Progress:======>                       20%] [Cov:================================>  94%]
[Progress:======>                       20%] [Cov:================================>  94%]
[Progress:======>                       21%] [Cov:================================>  94%]
[Progress:======>                       21%] [Cov:================================>  94%]
[Progress:======>                       21%] [Cov:================================>  94%]
[Progress:======>                       21%] [Cov:================================>  94%]
[Progress:======>                       21%] [Cov:================================>  94%]
[Progress:======>                       21%] [Cov:================================>  94%]
[Progress:======>                       21%] [Cov:================================>  94%]
[Progress:======>                       21%] [Cov:================================>  94%]
[Progress:======>                       21%] [Cov:================================>  94%]
[Progress:======>                       22%] [Cov:================================>  94%]
[Progress:======>                       22%] [Cov:===============================>   91%]
[Progress:======>                       22%] [Cov:================================>  94%]
[Progress:======>                       22%] [Cov:===============================>   91%]
[Progress:======>                       22%] [Cov:================================>  94%]
[Progress:======>                       22%] [Cov:===============================>   91%]
[Progress:======>                       22%] [Cov:================================>  94%]
[Progress:======>                       22%] [Cov:===============================>   91%]
[Progress:======>                       22%] [Cov:================================>  93%]
[Progress:======>                       22%] [Cov:================================>  94%]
[Progress:======>                       22%] [Cov:===============================>   91%]
[Progress:======>                       22%] [Cov:================================>  94%]
[Progress:======>                       22%] [Cov:===============================>   91%]
[Progress:======>                       22%] [Cov:================================>  94%]
[Progress:======>                       22%] [Cov:===============================>   91%]
[Progress:======>                       22%] [Cov:================================>  94%]
[Progress:======>                       22%] [Cov:===============================>   91%]
[Progress:======>                       22%] [Cov:================================>  94%]
[Progress:======>                       22%] [Cov:===============================>   91%]
[Progress:======>                       22%] [Cov:================================>  93%]
[Progress:======>                       22%] [Cov:================================>  94%]
[Progress:======>                       22%] [Cov:===============================>   91%]
[Progress:======>                       22%] [Cov:================================>  94%]
[Progress:======>                       22%] [Cov:===============================>   91%]
[Progress:======>                       22%] [Cov:================================>  94%]
[Progress:======>                       22%] [Cov:===============================>   91%]
[Progress:======>                       22%] [Cov:================================>  94%]
[Progress:======>                       22%] [Cov:===============================>   91%]
[Progress:======>                       22%] [Cov:================================>  94%]
[Progress:======>                       22%] [Cov:===============================>   91%]
[Progress:======>                       22%] [Cov:================================>  93%]
[Progress:======>                       22%] [Cov:================================>  94%]
[Progress:======>                       22%] [Cov:===============================>   91%]
[Progress:======>                       22%] [Cov:================================>  94%]
[Progress:======>                       22%] [Cov:===============================>   91%]
[Progress:======>                       22%] [Cov:================================>  92%]
[Progress:======>                       22%] [Cov:================================>  93%]
[Progress:======>                       22%] [Cov:================================>  94%]
[Progress:======>                       22%] [Cov:===============================>   91%]
[Progress:======>                       22%] [Cov:================================>  94%]
[Progress:======>                       23%] [Cov:================================>  94%]
[Progress:======>                       23%] [Cov:===============================>   91%]
[Progress:======>                       23%] [Cov:================================>  94%]
[Progress:======>                       23%] [Cov:===============================>   91%]
[Progress:======>                       23%] [Cov:================================>  94%]
[Progress:======>                       23%] [Cov:===============================>   91%]
[Progress:======>                       23%] [Cov:================================>  94%]
[Progress:======>                       23%] [Cov:===============================>   91%]
[Progress:======>                       23%] [Cov:================================>  94%]
[Progress:======>                       23%] [Cov:===============================>   91%]
[Progress:======>                       23%] [Cov:================================>  94%]
[Progress:======>                       23%] [Cov:===============================>   91%]
[Progress:======>                       23%] [Cov:================================>  94%]
[Progress:======>                       23%] [Cov:===============================>   91%]
[Progress:======>                       23%] [Cov:================================>  94%]
[Progress:======>                       23%] [Cov:===============================>   91%]
[Progress:======>                       23%] [Cov:================================>  94%]
[Progress:======>                       23%] [Cov:===============================>   91%]
[Progress:======>                       23%] [Cov:================================>  94%]
[Progress:=======>                      24%] [Cov:================================>  94%]
[Progress:=======>                      24%] [Cov:===============================>   91%]
[Progress:=======>                      24%] [Cov:================================>  94%]
[Progress:=======>                      24%] [Cov:===============================>   91%]
[Progress:=======>                      24%] [Cov:================================>  94%]
[Progress:=======>                      24%] [Cov:===============================>   91%]
[Progress:=======>                      24%] [Cov:================================>  94%]
[Progress:=======>                      24%] [Cov:===============================>   91%]
[Progress:=======>                      24%] [Cov:================================>  92%]
[Progress:=======>                      24%] [Cov:================================>  94%]
[Progress:=======>                      24%] [Cov:===============================>   91%]
[Progress:=======>                      24%] [Cov:================================>  94%]
[Progress:=======>                      24%] [Cov:===============================>   91%]
[Progress:=======>                      24%] [Cov:================================>  94%]
[Progress:=======>                      24%] [Cov:===============================>   91%]
[Progress:=======>                      24%] [Cov:================================>  94%]
[Progress:=======>                      24%] [Cov:===============================>   91%]
[Progress:=======>                      24%] [Cov:================================>  94%]
[Progress:=======>                      24%] [Cov:===============================>   91%]
[Progress:=======>                      24%] [Cov:================================>  94%]
[Progress:=======>                      24%] [Cov:===============================>   91%]
[Progress:=======>                      24%] [Cov:================================>  94%]
[Progress:=======>                      24%] [Cov:===============================>   91%]
[Progress:=======>                      24%] [Cov:================================>  94%]
[Progress:=======>                      24%] [Cov:===============================>   91%]
[Progress:=======>                      24%] [Cov:================================>  94%]
[Progress:=======>                      24%] [Cov:===============================>   91%]
[Progress:=======>                      24%] [Cov:================================>  92%]
[Progress:=======>                      24%] [Cov:================================>  94%]
[Progress:=======>                      24%] [Cov:===============================>   91%]
[Progress:=======>                      24%] [Cov:================================>  94%]
[Progress:=======>                      24%] [Cov:===============================>   91%]
[Progress:=======>                      24%] [Cov:================================>  94%]
[Progress:=======>                      24%] [Cov:===============================>   91%]
[Progress:=======>                      24%] [Cov:================================>  94%]
[Progress:=======>                      24%] [Cov:===============================>   91%]
[Progress:=======>                      24%] [Cov:================================>  94%]
[Progress:=======>                      24%] [Cov:===============================>   91%]
[Progress:=======>                      24%] [Cov:================================>  94%]
[Progress:=======>                      25%] [Cov:===============================>   91%]
[Progress:=======>                      25%] [Cov:================================>  94%]
[Progress:=======>                      25%] [Cov:===============================>   91%]
[Progress:=======>                      25%] [Cov:================================>  94%]
[Progress:=======>                      25%] [Cov:===============================>   91%]
[Progress:=======>                      25%] [Cov:================================>  94%]
[Progress:=======>                      25%] [Cov:===============================>   91%]
[Progress:=======>                      25%] [Cov:================================>  94%]
[Progress:=======>                      25%] [Cov:===============================>   91%]
[Progress:=======>                      25%] [Cov:================================>  94%]
[Progress:=======>                      25%] [Cov:===============================>   91%]
[Progress:=======>                      25%] [Cov:================================>  94%]
[Progress:=======>                      25%] [Cov:===============================>   91%]
[Progress:=======>                      25%] [Cov:================================>  94%]
[Progress:=======>                      25%] [Cov:===============================>   91%]
[Progress:=======>                      25%] [Cov:================================>  94%]
[Progress:=======>                      25%] [Cov:===============================>   91%]
[Progress:=======>                      25%] [Cov:================================>  94%]
[Progress:=======>                      25%] [Cov:===============================>   91%]
[Progress:=======>                      25%] [Cov:================================>  94%]
[Progress:=======>                      26%] [Cov:================================>  94%]
[Progress:=======>                      26%] [Cov:===============================>   91%]
[Progress:=======>                      26%] [Cov:================================>  94%]
[Progress:=======>                      26%] [Cov:===============================>   91%]
[Progress:=======>                      26%] [Cov:================================>  92%]
[Progress:=======>                      26%] [Cov:================================>  94%]
[Progress:=======>                      26%] [Cov:===============================>   91%]
[Progress:=======>                      26%] [Cov:================================>  94%]
[Progress:=======>                      26%] [Cov:===============================>   91%]
[Progress:=======>                      26%] [Cov:================================>  94%]
[Progress:=======>                      26%] [Cov:===============================>   91%]
[Progress:=======>                      26%] [Cov:================================>  94%]
[Progress:=======>                      26%] [Cov:===============================>   91%]
[Progress:=======>                      26%] [Cov:================================>  94%]
[Progress:=======>                      26%] [Cov:===============================>   91%]
[Progress:=======>                      26%] [Cov:================================>  94%]
[Progress:=======>                      26%] [Cov:===============================>   91%]
[Progress:=======>                      26%] [Cov:================================>  92%]
[Progress:=======>                      26%] [Cov:================================>  94%]
[Progress:=======>                      26%] [Cov:===============================>   91%]
[Progress:=======>                      26%] [Cov:================================>  94%]
[Progress:=======>                      26%] [Cov:===============================>   91%]
[Progress:=======>                      26%] [Cov:================================>  94%]
[Progress:=======>                      26%] [Cov:===============================>   91%]
[Progress:=======>                      26%] [Cov:================================>  94%]
[Progress:=======>                      26%] [Cov:===============================>   91%]
[Progress:=======>                      26%] [Cov:================================>  94%]
[Progress:=======>                      26%] [Cov:===============================>   91%]
[Progress:=======>                      26%] [Cov:================================>  94%]
[Progress:=======>                      26%] [Cov:===============================>   91%]
[Progress:=======>                      26%] [Cov:================================>  94%]
[Progress:=======>                      26%] [Cov:===============================>   91%]
[Progress:=======>                      26%] [Cov:================================>  94%]
[Progress:=======>                      26%] [Cov:===============================>   91%]
[Progress:=======>                      26%] [Cov:================================>  94%]
[Progress:=======>                      26%] [Cov:===============================>   91%]
[Progress:=======>                      26%] [Cov:================================>  94%]
[Progress:=======>                      26%] [Cov:================================>  94%]
[Progress:=======>                      26%] [Cov:================================>  94%]
[Progress:========>                     27%] [Cov:================================>  94%]
[Progress:========>                     27%] [Cov:================================>  94%]
[Progress:========>                     27%] [Cov:================================>  94%]
[Progress:========>                     27%] [Cov:================================>  94%]
[Progress:========>                     27%] [Cov:================================>  94%]
[Progress:========>                     27%] [Cov:================================>  94%]
[Progress:========>                     27%] [Cov:================================>  94%]
[Progress:========>                     27%] [Cov:================================>  94%]
[Progress:========>                     27%] [Cov:================================>  94%]
[Progress:========>                     27%] [Cov:================================>  94%]
[Progress:========>                     28%] [Cov:================================>  94%]
[Progress:========>                     28%] [Cov:================================>  94%]
[Progress:========>                     28%] [Cov:================================>  94%]
[Progress:========>                     28%] [Cov:================================>  94%]
[Progress:========>                     28%] [Cov:================================>  94%]
[Progress:========>                     28%] [Cov:================================>  94%]
[Progress:========>                     28%] [Cov:================================>  94%]
[Progress:========>                     28%] [Cov:================================>  94%]
[Progress:========>                     28%] [Cov:================================>  94%]
[Progress:========>                     28%] [Cov:================================>  94%]
[Progress:========>                     28%] [Cov:================================>  94%]
[Progress:========>                     28%] [Cov:================================>  94%]
[Progress:========>                     28%] [Cov:================================>  94%]
[Progress:========>                     28%] [Cov:================================>  94%]
[Progress:========>                     28%] [Cov:================================>  94%]
[Progress:========>                     28%] [Cov:================================>  94%]
[Progress:========>                     28%] [Cov:================================>  94%]
[Progress:========>                     28%] [Cov:================================>  94%]
[Progress:========>                     28%] [Cov:================================>  94%]
[Progress:========>                     28%] [Cov:================================>  94%]
[Progress:========>                     29%] [Cov:================================>  94%]
[Progress:========>                     29%] [Cov:================================>  94%]
[Progress:========>                     29%] [Cov:================================>  94%]
[Progress:========>                     29%] [Cov:================================>  94%]
[Progress:========>                     29%] [Cov:================================>  94%]
[Progress:========>                     29%] [Cov:================================>  94%]
[Progress:========>                     29%] [Cov:================================>  94%]
[Progress:========>                     29%] [Cov:================================>  94%]
[Progress:========>                     29%] [Cov:================================>  94%]
[Progress:========>                     29%] [Cov:================================>  94%]
[Progress:========>                     29%] [Cov:================================>  94%]
[Progress:=========>                    30%] [Cov:================================>  94%]
[Progress:=========>                    30%] [Cov:================================>  94%]
[Progress:=========>                    30%] [Cov:================================>  94%]
[Progress:=========>                    30%] [Cov:================================>  94%]
[Progress:=========>                    30%] [Cov:================================>  94%]
[Progress:=========>                    30%] [Cov:================================>  94%]
[Progress:=========>                    30%] [Cov:================================>  94%]
[Progress:=========>                    30%] [Cov:================================>  94%]
[Progress:=========>                    30%] [Cov:================================>  94%]
[Progress:=========>                    30%] [Cov:================================>  94%]
[Progress:=========>                    30%] [Cov:================================>  94%]
[Progress:=========>                    30%] [Cov:================================>  94%]
[Progress:=========>                    30%] [Cov:================================>  94%]
[Progress:=========>                    30%] [Cov:================================>  94%]
[Progress:=========>                    30%] [Cov:================================>  94%]
[Progress:=========>                    30%] [Cov:================================>  94%]
[Progress:=========>                    30%] [Cov:================================>  94%]
[Progress:=========>                    30%] [Cov:================================>  94%]
[Progress:=========>                    30%] [Cov:================================>  94%]
[Progress:=========>                    30%] [Cov:================================>  94%]
[Progress:=========>                    31%] [Cov:================================>  94%]
[Progress:=========>                    31%] [Cov:================================>  94%]
[Progress:=========>                    31%] [Cov:================================>  94%]
[Progress:=========>                    31%] [Cov:================================>  94%]
[Progress:=========>                    31%] [Cov:================================>  92%]
[Progress:=========>                    31%] [Cov:================================>  94%]
[Progress:=========>                    31%] [Cov:================================>  92%]
[Progress:=========>                    31%] [Cov:================================>  94%]
[Progress:=========>                    31%] [Cov:================================>  92%]
[Progress:=========>                    31%] [Cov:================================>  94%]
[Progress:=========>                    31%] [Cov:================================>  92%]
[Progress:=========>                    31%] [Cov:================================>  94%]
[Progress:=========>                    31%] [Cov:================================>  92%]
[Progress:=========>                    31%] [Cov:================================>  94%]
[Progress:=========>                    31%] [Cov:================================>  92%]
[Progress:=========>                    31%] [Cov:================================>  94%]
[Progress:=========>                    31%] [Cov:================================>  92%]
[Progress:=========>                    31%] [Cov:================================>  94%]
[Progress:=========>                    32%] [Cov:================================>  94%]
[Progress:=========>                    32%] [Cov:================================>  92%]
[Progress:=========>                    32%] [Cov:================================>  94%]
[Progress:=========>                    32%] [Cov:================================>  92%]
[Progress:=========>                    32%] [Cov:================================>  94%]
[Progress:=========>                    32%] [Cov:================================>  92%]
[Progress:=========>                    32%] [Cov:================================>  94%]
[Progress:=========>                    32%] [Cov:================================>  92%]
[Progress:=========>                    32%] [Cov:================================>  94%]
[Progress:=========>                    32%] [Cov:================================>  92%]
[Progress:=========>                    32%] [Cov:================================>  94%]
[Progress:=========>                    32%] [Cov:================================>  92%]
[Progress:=========>                    32%] [Cov:================================>  94%]
[Progress:=========>                    32%] [Cov:================================>  92%]
[Progress:=========>                    32%] [Cov:================================>  94%]
[Progress:=========>                    32%] [Cov:================================>  92%]
[Progress:=========>                    32%] [Cov:================================>  94%]
[Progress:=========>                    32%] [Cov:================================>  92%]
[Progress:=========>                    32%] [Cov:================================>  94%]
[Progress:=========>                    32%] [Cov:================================>  92%]
[Progress:=========>                    32%] [Cov:================================>  94%]
[Progress:=========>                    32%] [Cov:================================>  92%]
[Progress:=========>                    32%] [Cov:================================>  94%]
[Progress:=========>                    32%] [Cov:================================>  92%]
[Progress:=========>                    32%] [Cov:================================>  94%]
[Progress:=========>                    32%] [Cov:================================>  92%]
[Progress:=========>                    32%] [Cov:================================>  94%]
[Progress:=========>                    32%] [Cov:================================>  92%]
[Progress:=========>                    32%] [Cov:================================>  94%]
[Progress:=========>                    32%] [Cov:================================>  92%]
[Progress:=========>                    32%] [Cov:================================>  94%]
[Progress:=========>                    32%] [Cov:================================>  92%]
[Progress:=========>                    32%] [Cov:================================>  94%]
[Progress:=========>                    32%] [Cov:================================>  92%]
[Progress:=========>                    32%] [Cov:================================>  94%]
[Progress:=========>                    32%] [Cov:================================>  92%]
[Progress:=========>                    32%] [Cov:================================>  94%]
[Progress:=========>                    32%] [Cov:================================>  92%]
[Progress:=========>                    32%] [Cov:================================>  94%]
[Progress:=========>                    33%] [Cov:================================>  94%]
[Progress:=========>                    33%] [Cov:================================>  92%]
[Progress:=========>                    33%] [Cov:================================>  94%]
[Progress:=========>                    33%] [Cov:================================>  92%]
[Progress:=========>                    33%] [Cov:================================>  94%]
[Progress:=========>                    33%] [Cov:================================>  92%]
[Progress:=========>                    33%] [Cov:================================>  94%]
[Progress:=========>                    33%] [Cov:================================>  92%]
[Progress:=========>                    33%] [Cov:================================>  94%]
[Progress:=========>                    33%] [Cov:================================>  92%]
[Progress:=========>                    33%] [Cov:================================>  94%]
[Progress:=========>                    33%] [Cov:================================>  92%]
[Progress:=========>                    33%] [Cov:================================>  94%]
[Progress:=========>                    33%] [Cov:================================>  92%]
[Progress:=========>                    33%] [Cov:================================>  94%]
[Progress:=========>                    33%] [Cov:================================>  92%]
[Progress:=========>                    33%] [Cov:================================>  94%]
[Progress:=========>                    33%] [Cov:================================>  92%]
[Progress:=========>                    33%] [Cov:================================>  94%]
[Progress:=========>                    33%] [Cov:================================>  92%]
[Progress:=========>                    33%] [Cov:================================>  94%]
[Progress:==========>                   34%] [Cov:================================>  94%]
[Progress:==========>                   34%] [Cov:================================>  92%]
[Progress:==========>                   34%] [Cov:================================>  94%]
[Progress:==========>                   34%] [Cov:================================>  92%]
[Progress:==========>                   34%] [Cov:================================>  94%]
[Progress:==========>                   34%] [Cov:================================>  92%]
[Progress:==========>                   34%] [Cov:================================>  94%]
[Progress:==========>                   34%] [Cov:================================>  92%]
[Progress:==========>                   34%] [Cov:================================>  94%]
[Progress:==========>                   34%] [Cov:================================>  92%]
[Progress:==========>                   34%] [Cov:================================>  94%]
[Progress:==========>                   34%] [Cov:================================>  92%]
[Progress:==========>                   34%] [Cov:================================>  94%]
[Progress:==========>                   34%] [Cov:================================>  92%]
[Progress:==========>                   34%] [Cov:================================>  94%]
[Progress:==========>                   34%] [Cov:================================>  92%]
[Progress:==========>                   34%] [Cov:================================>  94%]
[Progress:==========>                   34%] [Cov:================================>  92%]
[Progress:==========>                   34%] [Cov:================================>  94%]
[Progress:==========>                   34%] [Cov:================================>  92%]
[Progress:==========>                   34%] [Cov:================================>  94%]
[Progress:==========>                   34%] [Cov:================================>  92%]
[Progress:==========>                   34%] [Cov:================================>  94%]
[Progress:==========>                   34%] [Cov:================================>  92%]
[Progress:==========>                   34%] [Cov:================================>  94%]
[Progress:==========>                   34%] [Cov:================================>  92%]
[Progress:==========>                   34%] [Cov:================================>  94%]
[Progress:==========>                   34%] [Cov:================================>  92%]
[Progress:==========>                   34%] [Cov:================================>  94%]
[Progress:==========>                   34%] [Cov:================================>  92%]
[Progress:==========>                   34%] [Cov:================================>  94%]
[Progress:==========>                   34%] [Cov:================================>  92%]
[Progress:==========>                   34%] [Cov:================================>  94%]
[Progress:==========>                   34%] [Cov:================================>  92%]
[Progress:==========>                   34%] [Cov:================================>  94%]
[Progress:==========>                   34%] [Cov:================================>  92%]
[Progress:==========>                   34%] [Cov:================================>  94%]
[Progress:==========>                   34%] [Cov:================================>  92%]
[Progress:==========>                   34%] [Cov:================================>  94%]
[Progress:==========>                   35%] [Cov:================================>  94%]
[Progress:==========>                   35%] [Cov:================================>  92%]
[Progress:==========>                   35%] [Cov:================================>  94%]
[Progress:==========>                   35%] [Cov:================================>  92%]
[Progress:==========>                   35%] [Cov:================================>  94%]
[Progress:==========>                   35%] [Cov:================================>  92%]
[Progress:==========>                   35%] [Cov:================================>  94%]
[Progress:==========>                   35%] [Cov:================================>  92%]
[Progress:==========>                   35%] [Cov:================================>  94%]
[Progress:==========>                   35%] [Cov:================================>  92%]
[Progress:==========>                   35%] [Cov:================================>  94%]
[Progress:==========>                   35%] [Cov:================================>  92%]
[Progress:==========>                   35%] [Cov:================================>  94%]
[Progress:==========>                   35%] [Cov:================================>  94%]
[Progress:==========>                   35%] [Cov:================================>  94%]
[Progress:==========>                   35%] [Cov:================================>  94%]
[Progress:==========>                   35%] [Cov:================================>  94%]
[Progress:==========>                   36%] [Cov:================================>  94%]
[Progress:==========>                   36%] [Cov:================================>  94%]
[Progress:==========>                   36%] [Cov:================================>  94%]
[Progress:==========>                   36%] [Cov:================================>  94%]
[Progress:==========>                   36%] [Cov:================================>  94%]
[Progress:==========>                   36%] [Cov:================================>  94%]
[Progress:==========>                   36%] [Cov:================================>  94%]
[Progress:==========>                   36%] [Cov:================================>  94%]
[Progress:==========>                   36%] [Cov:================================>  94%]
[Progress:==========>                   36%] [Cov:================================>  94%]
[Progress:==========>                   36%] [Cov:================================>  94%][MASTER] 02:36:56.587 [logback-1] WARN  TestCluster - Failed to check cache for java.util.Comparator<T> : Type points to itself

[Progress:==========>                   36%] [Cov:================================>  94%]
[Progress:==========>                   36%] [Cov:================================>  94%]
[Progress:==========>                   36%] [Cov:================================>  94%]
[Progress:==========>                   36%] [Cov:================================>  94%]
[Progress:==========>                   36%] [Cov:================================>  94%]
[Progress:==========>                   36%] [Cov:================================>  94%]
[Progress:==========>                   36%] [Cov:================================>  94%]
[Progress:==========>                   36%] [Cov:================================>  94%]
[Progress:==========>                   36%] [Cov:================================>  94%]
[Progress:===========>                  37%] [Cov:===============================>   90%]
[Progress:===========>                  37%] [Cov:================================>  92%]
[Progress:===========>                  37%] [Cov:================================>  94%]
[Progress:===========>                  37%] [Cov:================================>  94%]
[Progress:===========>                  37%] [Cov:================================>  94%]
[Progress:===========>                  37%] [Cov:================================>  94%]
[Progress:===========>                  37%] [Cov:================================>  94%]
[Progress:===========>                  37%] [Cov:================================>  94%]
[Progress:===========>                  37%] [Cov:================================>  94%]
[Progress:===========>                  37%] [Cov:================================>  94%]
[Progress:===========>                  37%] [Cov:================================>  94%]
[Progress:===========>                  37%] [Cov:================================>  94%]
[Progress:===========>                  37%] [Cov:================================>  94%]
[Progress:===========>                  38%] [Cov:===============================>   91%]
[Progress:===========>                  38%] [Cov:================================>  94%]
[Progress:===========>                  38%] [Cov:================================>  94%]
[Progress:===========>                  38%] [Cov:================================>  94%]
[Progress:===========>                  38%] [Cov:================================>  94%]
[Progress:===========>                  38%] [Cov:================================>  94%]
[Progress:===========>                  38%] [Cov:================================>  94%]
[Progress:===========>                  38%] [Cov:================================>  94%]
[Progress:===========>                  38%] [Cov:================================>  94%]
[Progress:===========>                  38%] [Cov:================================>  94%]
[Progress:===========>                  38%] [Cov:================================>  92%]
[Progress:===========>                  38%] [Cov:================================>  94%]
[Progress:===========>                  38%] [Cov:================================>  92%]
[Progress:===========>                  38%] [Cov:================================>  94%]
[Progress:===========>                  38%] [Cov:================================>  92%]
[Progress:===========>                  38%] [Cov:================================>  94%]
[Progress:===========>                  38%] [Cov:================================>  92%]
[Progress:===========>                  38%] [Cov:================================>  94%]
[Progress:===========>                  38%] [Cov:================================>  92%]
[Progress:===========>                  38%] [Cov:================================>  94%]
[Progress:===========>                  38%] [Cov:================================>  92%]
[Progress:===========>                  38%] [Cov:================================>  94%]
[Progress:===========>                  38%] [Cov:================================>  92%]
[Progress:===========>                  38%] [Cov:================================>  94%]
[Progress:===========>                  38%] [Cov:================================>  92%]
[Progress:===========>                  38%] [Cov:================================>  94%]
[Progress:===========>                  38%] [Cov:================================>  92%]
[Progress:===========>                  38%] [Cov:================================>  94%]
[Progress:===========>                  38%] [Cov:================================>  92%]
[Progress:===========>                  38%] [Cov:================================>  94%]
[Progress:===========>                  38%] [Cov:================================>  92%]
[Progress:===========>                  38%] [Cov:================================>  94%]
[Progress:===========>                  38%] [Cov:================================>  92%]
[Progress:===========>                  38%] [Cov:================================>  94%]
[Progress:===========>                  38%] [Cov:================================>  92%]
[Progress:===========>                  38%] [Cov:================================>  94%]
[Progress:===========>                  38%] [Cov:================================>  92%]
[Progress:===========>                  38%] [Cov:================================>  93%]
[Progress:===========>                  38%] [Cov:================================>  94%]
[Progress:===========>                  38%] [Cov:================================>  92%]
[Progress:===========>                  38%] [Cov:================================>  94%]
[Progress:===========>                  39%] [Cov:================================>  92%]
[Progress:===========>                  39%] [Cov:================================>  94%]
[Progress:===========>                  39%] [Cov:================================>  92%]
[Progress:===========>                  39%] [Cov:================================>  94%]
[Progress:===========>                  39%] [Cov:================================>  92%]
[Progress:===========>                  39%] [Cov:================================>  94%]
[Progress:===========>                  39%] [Cov:================================>  92%]
[Progress:===========>                  39%] [Cov:================================>  94%]
[Progress:===========>                  39%] [Cov:================================>  92%]
[Progress:===========>                  39%] [Cov:================================>  94%]
[Progress:===========>                  39%] [Cov:================================>  92%]
[Progress:===========>                  39%] [Cov:================================>  94%]
[Progress:===========>                  39%] [Cov:================================>  92%]
[Progress:===========>                  39%] [Cov:================================>  94%]
[Progress:===========>                  39%] [Cov:================================>  92%]
[Progress:===========>                  39%] [Cov:================================>  94%]
[Progress:===========>                  39%] [Cov:================================>  92%]
[Progress:===========>                  39%] [Cov:================================>  94%]
[Progress:===========>                  39%] [Cov:================================>  92%]
[Progress:===========>                  39%] [Cov:================================>  94%]
[Progress:===========>                  39%] [Cov:================================>  92%]
[Progress:===========>                  39%] [Cov:================================>  94%]
[Progress:===========>                  39%] [Cov:================================>  92%]
[Progress:===========>                  39%] [Cov:================================>  94%]
[Progress:============>                 40%] [Cov:================================>  94%]
[Progress:============>                 40%] [Cov:================================>  92%]
[Progress:============>                 40%] [Cov:================================>  94%]
[Progress:============>                 40%] [Cov:================================>  92%]
[Progress:============>                 40%] [Cov:================================>  94%]
[Progress:============>                 40%] [Cov:================================>  92%]
[Progress:============>                 40%] [Cov:================================>  94%]
[Progress:============>                 40%] [Cov:================================>  92%]
[Progress:============>                 40%] [Cov:================================>  94%]
[Progress:============>                 40%] [Cov:================================>  92%]
[Progress:============>                 40%] [Cov:================================>  94%]
[Progress:============>                 40%] [Cov:================================>  92%]
[Progress:============>                 40%] [Cov:================================>  94%]
[Progress:============>                 40%] [Cov:================================>  92%]
[Progress:============>                 40%] [Cov:================================>  94%]
[Progress:============>                 40%] [Cov:================================>  92%]
[Progress:============>                 40%] [Cov:================================>  94%]
[Progress:============>                 40%] [Cov:================================>  92%]
[Progress:============>                 40%] [Cov:================================>  94%]
[Progress:============>                 40%] [Cov:================================>  92%]
[Progress:============>                 40%] [Cov:================================>  94%]
[Progress:============>                 40%] [Cov:================================>  92%]
[Progress:============>                 40%] [Cov:================================>  94%]
[Progress:============>                 40%] [Cov:================================>  92%]
[Progress:============>                 40%] [Cov:================================>  94%]
[Progress:============>                 40%] [Cov:================================>  94%]
[Progress:============>                 40%] [Cov:================================>  94%]
[Progress:============>                 40%] [Cov:================================>  94%]
[Progress:============>                 40%] [Cov:================================>  94%]
[Progress:============>                 40%] [Cov:================================>  94%]
[Progress:============>                 40%] [Cov:================================>  94%]
[Progress:============>                 40%] [Cov:================================>  94%]
[Progress:============>                 40%] [Cov:================================>  94%]
[Progress:============>                 40%] [Cov:================================>  94%]
[Progress:============>                 41%] [Cov:================================>  94%]
[Progress:============>                 41%] [Cov:================================>  94%]
[Progress:============>                 41%] [Cov:================================>  94%]
[Progress:============>                 41%] [Cov:================================>  94%]
[Progress:============>                 41%] [Cov:================================>  94%]
[Progress:============>                 41%] [Cov:================================>  94%]
[Progress:============>                 41%] [Cov:================================>  94%]
[Progress:============>                 41%] [Cov:================================>  94%]
[Progress:============>                 41%] [Cov:================================>  94%]
[Progress:============>                 41%] [Cov:================================>  94%]
[Progress:============>                 41%] [Cov:================================>  94%]
[Progress:============>                 41%] [Cov:================================>  94%]
[Progress:============>                 42%] [Cov:================================>  94%]
[Progress:============>                 42%] [Cov:================================>  94%]
[Progress:============>                 42%] [Cov:================================>  94%]
[Progress:============>                 42%] [Cov:================================>  94%]
[Progress:============>                 42%] [Cov:================================>  94%]
[Progress:============>                 42%] [Cov:================================>  94%]
[Progress:============>                 42%] [Cov:================================>  94%]
[Progress:============>                 42%] [Cov:================================>  92%]
[Progress:============>                 42%] [Cov:================================>  94%]
[Progress:============>                 42%] [Cov:================================>  92%]
[Progress:============>                 42%] [Cov:================================>  94%]
[Progress:============>                 42%] [Cov:================================>  92%]
[Progress:============>                 42%] [Cov:================================>  94%]
[Progress:============>                 42%] [Cov:================================>  92%]
[Progress:============>                 42%] [Cov:================================>  94%]
[Progress:============>                 42%] [Cov:================================>  92%]
[Progress:============>                 42%] [Cov:================================>  94%]
[Progress:============>                 42%] [Cov:================================>  92%]
[Progress:============>                 42%] [Cov:================================>  94%]
[Progress:============>                 42%] [Cov:================================>  92%]
[Progress:============>                 42%] [Cov:================================>  94%]
[Progress:============>                 42%] [Cov:================================>  92%]
[Progress:============>                 42%] [Cov:================================>  94%]
[Progress:============>                 42%] [Cov:================================>  92%]
[Progress:============>                 42%] [Cov:================================>  94%]
[Progress:============>                 42%] [Cov:================================>  92%]
[Progress:============>                 42%] [Cov:================================>  94%]
[Progress:============>                 42%] [Cov:================================>  92%]
[Progress:============>                 42%] [Cov:================================>  94%]
[Progress:============>                 42%] [Cov:================================>  92%]
[Progress:============>                 42%] [Cov:================================>  94%]
[Progress:============>                 42%] [Cov:================================>  92%]
[Progress:============>                 42%] [Cov:================================>  94%]
[Progress:============>                 42%] [Cov:================================>  92%]
[Progress:============>                 42%] [Cov:================================>  94%]
[Progress:============>                 42%] [Cov:================================>  92%]
[Progress:============>                 42%] [Cov:================================>  94%]
[Progress:============>                 42%] [Cov:================================>  92%]
[Progress:============>                 42%] [Cov:================================>  93%]
[Progress:============>                 42%] [Cov:================================>  94%]
[Progress:============>                 42%] [Cov:================================>  92%]
[Progress:============>                 42%] [Cov:================================>  94%]
[Progress:============>                 43%] [Cov:=============================>     84%]
[Progress:============>                 43%] [Cov:================================>  94%]
[Progress:============>                 43%] [Cov:================================>  92%]
[Progress:============>                 43%] [Cov:================================>  94%]
[Progress:============>                 43%] [Cov:================================>  92%]
[Progress:============>                 43%] [Cov:================================>  94%]
[Progress:============>                 43%] [Cov:================================>  92%]
[Progress:============>                 43%] [Cov:================================>  94%]
[Progress:============>                 43%] [Cov:================================>  92%]
[Progress:============>                 43%] [Cov:================================>  94%]
[Progress:============>                 43%] [Cov:================================>  92%]
[Progress:============>                 43%] [Cov:================================>  94%]
[Progress:============>                 43%] [Cov:================================>  92%]
[Progress:============>                 43%] [Cov:================================>  94%]
[Progress:============>                 43%] [Cov:================================>  92%]
[Progress:============>                 43%] [Cov:================================>  94%]
[Progress:============>                 43%] [Cov:================================>  92%]
[Progress:============>                 43%] [Cov:================================>  94%]
[Progress:============>                 43%] [Cov:================================>  92%]
[Progress:============>                 43%] [Cov:================================>  94%]
[Progress:============>                 43%] [Cov:================================>  92%]
[Progress:============>                 43%] [Cov:================================>  94%]
[Progress:============>                 43%] [Cov:================================>  92%]
[Progress:============>                 43%] [Cov:================================>  94%]
[Progress:=============>                44%] [Cov:================================>  92%]
[Progress:=============>                44%] [Cov:================================>  94%]
[Progress:=============>                44%] [Cov:================================>  92%]
[Progress:=============>                44%] [Cov:================================>  94%]
[Progress:=============>                44%] [Cov:================================>  92%]
[Progress:=============>                44%] [Cov:================================>  94%]
[Progress:=============>                44%] [Cov:================================>  92%]
[Progress:=============>                44%] [Cov:================================>  94%]
[Progress:=============>                44%] [Cov:================================>  92%]
[Progress:=============>                44%] [Cov:================================>  94%]
[Progress:=============>                44%] [Cov:================================>  92%]
[Progress:=============>                44%] [Cov:================================>  94%]
[Progress:=============>                44%] [Cov:================================>  92%]
[Progress:=============>                44%] [Cov:================================>  94%]
[Progress:=============>                44%] [Cov:================================>  92%]
[Progress:=============>                44%] [Cov:================================>  94%]
[Progress:=============>                44%] [Cov:================================>  92%]
[Progress:=============>                44%] [Cov:================================>  94%]
[Progress:=============>                44%] [Cov:================================>  92%]
[Progress:=============>                44%] [Cov:================================>  94%]
[Progress:=============>                44%] [Cov:================================>  92%]
[Progress:=============>                44%] [Cov:================================>  94%]
[Progress:=============>                44%] [Cov:================================>  92%]
[Progress:=============>                44%] [Cov:================================>  94%]
[Progress:=============>                44%] [Cov:================================>  92%]
[Progress:=============>                44%] [Cov:================================>  94%]
[Progress:=============>                44%] [Cov:================================>  92%]
[Progress:=============>                44%] [Cov:================================>  94%]
[Progress:=============>                44%] [Cov:================================>  92%]
[Progress:=============>                44%] [Cov:================================>  94%]
[Progress:=============>                44%] [Cov:================================>  92%]
[Progress:=============>                44%] [Cov:================================>  94%]
[Progress:=============>                44%] [Cov:================================>  92%]
[Progress:=============>                44%] [Cov:================================>  94%]
[Progress:=============>                44%] [Cov:================================>  92%]
[Progress:=============>                44%] [Cov:================================>  94%]
[Progress:=============>                44%] [Cov:================================>  92%]
[Progress:=============>                44%] [Cov:================================>  94%]
[Progress:=============>                44%] [Cov:================================>  92%]
[Progress:=============>                44%] [Cov:================================>  94%]
[Progress:=============>                44%] [Cov:================================>  92%]
[Progress:=============>                44%] [Cov:================================>  94%]
[Progress:=============>                44%] [Cov:================================>  92%]
[Progress:=============>                44%] [Cov:================================>  94%]
[Progress:=============>                44%] [Cov:================================>  92%]
[Progress:=============>                44%] [Cov:================================>  94%]
[Progress:=============>                45%] [Cov:================================>  94%]
[Progress:=============>                45%] [Cov:================================>  92%]
[Progress:=============>                45%] [Cov:================================>  94%]
[Progress:=============>                45%] [Cov:===============================>   91%]
[Progress:=============>                45%] [Cov:================================>  94%]
[Progress:=============>                45%] [Cov:===============================>   91%]
[Progress:=============>                45%] [Cov:================================>  94%]
[Progress:=============>                45%] [Cov:===============================>   91%]
[Progress:=============>                45%] [Cov:================================>  94%]
[Progress:=============>                45%] [Cov:===============================>   91%]
[Progress:=============>                45%] [Cov:================================>  94%]
[Progress:=============>                45%] [Cov:===============================>   91%]
[Progress:=============>                45%] [Cov:================================>  94%]
[Progress:=============>                45%] [Cov:===============================>   91%]
[Progress:=============>                45%] [Cov:================================>  94%]
[Progress:=============>                45%] [Cov:===============================>   91%]
[Progress:=============>                45%] [Cov:================================>  94%]
[Progress:=============>                45%] [Cov:===============================>   91%]
[Progress:=============>                45%] [Cov:================================>  94%]
[Progress:=============>                45%] [Cov:===============================>   91%]
[Progress:=============>                45%] [Cov:================================>  94%]
[Progress:=============>                45%] [Cov:===============================>   91%]
[Progress:=============>                45%] [Cov:================================>  94%]
[Progress:=============>                45%] [Cov:===============================>   91%]
[Progress:=============>                45%] [Cov:================================>  93%]
[Progress:=============>                45%] [Cov:================================>  94%]
[Progress:=============>                46%] [Cov:================================>  94%]
[Progress:=============>                46%] [Cov:===============================>   91%]
[Progress:=============>                46%] [Cov:================================>  94%]
[Progress:=============>                46%] [Cov:===============================>   91%]
[Progress:=============>                46%] [Cov:================================>  94%]
[Progress:=============>                46%] [Cov:===============================>   91%]
[Progress:=============>                46%] [Cov:================================>  94%]
[Progress:=============>                46%] [Cov:===============================>   91%]
[Progress:=============>                46%] [Cov:================================>  94%]
[Progress:=============>                46%] [Cov:===============================>   91%]
[Progress:=============>                46%] [Cov:================================>  94%]
[Progress:=============>                46%] [Cov:===============================>   91%]
[Progress:=============>                46%] [Cov:================================>  94%]
[Progress:=============>                46%] [Cov:===============================>   91%]
[Progress:=============>                46%] [Cov:================================>  94%]
[Progress:=============>                46%] [Cov:===============================>   91%]
[Progress:=============>                46%] [Cov:================================>  94%]
[Progress:=============>                46%] [Cov:===============================>   91%]
[Progress:=============>                46%] [Cov:================================>  94%]
[Progress:=============>                46%] [Cov:===============================>   91%]
[Progress:=============>                46%] [Cov:================================>  94%]
[Progress:=============>                46%] [Cov:===============================>   91%]
[Progress:=============>                46%] [Cov:================================>  94%]
[Progress:=============>                46%] [Cov:===============================>   91%]
[Progress:=============>                46%] [Cov:================================>  94%]
[Progress:=============>                46%] [Cov:===============================>   91%]
[Progress:=============>                46%] [Cov:================================>  94%]
[Progress:=============>                46%] [Cov:===============================>   91%]
[Progress:=============>                46%] [Cov:================================>  94%]
[Progress:=============>                46%] [Cov:===============================>   91%]
[Progress:=============>                46%] [Cov:================================>  92%]
[Progress:=============>                46%] [Cov:================================>  94%]
[Progress:=============>                46%] [Cov:===============================>   91%]
[Progress:=============>                46%] [Cov:================================>  94%]
[Progress:=============>                46%] [Cov:===============================>   91%]
[Progress:=============>                46%] [Cov:================================>  94%]
[Progress:=============>                46%] [Cov:===============================>   91%]
[Progress:=============>                46%] [Cov:================================>  94%]
[Progress:=============>                46%] [Cov:===============================>   91%]
[Progress:=============>                46%] [Cov:================================>  92%]
[Progress:=============>                46%] [Cov:================================>  94%]
[Progress:=============>                46%] [Cov:===============================>   91%]
[Progress:=============>                46%] [Cov:================================>  94%]
[Progress:=============>                46%] [Cov:===============================>   91%]
[Progress:=============>                46%] [Cov:================================>  94%]
[Progress:==============>               47%] [Cov:=============================>     83%]
[Progress:==============>               47%] [Cov:================================>  94%]
[Progress:==============>               47%] [Cov:===============================>   91%]
[Progress:==============>               47%] [Cov:================================>  94%]
[Progress:==============>               47%] [Cov:===============================>   91%]
[Progress:==============>               47%] [Cov:================================>  94%]
[Progress:==============>               47%] [Cov:===============================>   91%]
[Progress:==============>               47%] [Cov:================================>  94%]
[Progress:==============>               47%] [Cov:===============================>   91%]
[Progress:==============>               47%] [Cov:================================>  94%]
[Progress:==============>               47%] [Cov:===============================>   91%]
[Progress:==============>               47%] [Cov:================================>  94%]
[Progress:==============>               47%] [Cov:===============================>   91%]
[Progress:==============>               47%] [Cov:================================>  94%]
[Progress:==============>               47%] [Cov:===============================>   91%]
[Progress:==============>               47%] [Cov:================================>  94%]
[Progress:==============>               47%] [Cov:===============================>   91%]
[Progress:==============>               47%] [Cov:================================>  94%]
[Progress:==============>               47%] [Cov:===============================>   91%]
[Progress:==============>               47%] [Cov:================================>  94%]
[Progress:==============>               47%] [Cov:===============================>   91%]
[Progress:==============>               47%] [Cov:================================>  94%]
[Progress:==============>               47%] [Cov:===============================>   91%]
[Progress:==============>               47%] [Cov:================================>  94%]
[Progress:==============>               47%] [Cov:===============================>   91%]
[Progress:==============>               47%] [Cov:================================>  94%]
[Progress:==============>               48%] [Cov:================================>  94%]
[Progress:==============>               48%] [Cov:===============================>   91%]
[Progress:==============>               48%] [Cov:================================>  94%]
[Progress:==============>               48%] [Cov:===============================>   91%]
[Progress:==============>               48%] [Cov:================================>  94%]
[Progress:==============>               48%] [Cov:===============================>   91%]
[Progress:==============>               48%] [Cov:================================>  94%]
[Progress:==============>               48%] [Cov:===============================>   91%]
[Progress:==============>               48%] [Cov:================================>  94%]
[Progress:==============>               48%] [Cov:===============================>   91%]
[Progress:==============>               48%] [Cov:================================>  94%]
[Progress:==============>               48%] [Cov:===============================>   91%]
[Progress:==============>               48%] [Cov:================================>  93%]
[Progress:==============>               48%] [Cov:================================>  94%]
[Progress:==============>               48%] [Cov:===============================>   91%]
[Progress:==============>               48%] [Cov:================================>  94%]
[Progress:==============>               48%] [Cov:===============================>   91%]
[Progress:==============>               48%] [Cov:================================>  94%]
[Progress:==============>               48%] [Cov:===============================>   91%]
[Progress:==============>               48%] [Cov:================================>  94%]
[Progress:==============>               48%] [Cov:===============================>   91%]
[Progress:==============>               48%] [Cov:================================>  94%]
[Progress:==============>               48%] [Cov:===============================>   91%]
[Progress:==============>               48%] [Cov:================================>  94%]
[Progress:==============>               48%] [Cov:===============================>   91%]
[Progress:==============>               48%] [Cov:================================>  94%]
[Progress:==============>               48%] [Cov:===============================>   91%]
[Progress:==============>               48%] [Cov:================================>  94%]
[Progress:==============>               48%] [Cov:===============================>   91%]
[Progress:==============>               48%] [Cov:================================>  92%]
[Progress:==============>               48%] [Cov:================================>  94%]
[Progress:==============>               48%] [Cov:===============================>   91%]
[Progress:==============>               48%] [Cov:================================>  94%]
[Progress:==============>               48%] [Cov:===============================>   91%]
[Progress:==============>               48%] [Cov:================================>  92%]
[Progress:==============>               48%] [Cov:================================>  94%]
[Progress:==============>               48%] [Cov:===============================>   91%]
[Progress:==============>               48%] [Cov:================================>  94%]
[Progress:==============>               48%] [Cov:===============================>   91%]
[Progress:==============>               48%] [Cov:================================>  94%]
[Progress:==============>               48%] [Cov:===============================>   91%]
[Progress:==============>               48%] [Cov:================================>  94%]
[Progress:==============>               48%] [Cov:===============================>   91%]
[Progress:==============>               48%] [Cov:================================>  94%]
[Progress:==============>               48%] [Cov:===============================>   91%]
[Progress:==============>               48%] [Cov:================================>  94%]
[Progress:==============>               48%] [Cov:===============================>   91%]
[Progress:==============>               48%] [Cov:================================>  94%]
[Progress:==============>               49%] [Cov:================================>  94%]
[Progress:==============>               49%] [Cov:===============================>   91%]
[Progress:==============>               49%] [Cov:================================>  94%]
[Progress:==============>               49%] [Cov:===============================>   91%]
[Progress:==============>               49%] [Cov:================================>  94%]
[Progress:==============>               49%] [Cov:===============================>   91%]
[Progress:==============>               49%] [Cov:================================>  94%]
[Progress:==============>               49%] [Cov:===============================>   91%]
[Progress:==============>               49%] [Cov:================================>  94%]
[Progress:==============>               49%] [Cov:===============================>   91%]
[Progress:==============>               49%] [Cov:================================>  94%]
[Progress:==============>               49%] [Cov:===============================>   91%]
[Progress:==============>               49%] [Cov:================================>  94%]
[Progress:==============>               49%] [Cov:===============================>   91%]
[Progress:==============>               49%] [Cov:================================>  94%]
[Progress:==============>               49%] [Cov:===============================>   91%]
[Progress:==============>               49%] [Cov:================================>  94%]
[Progress:==============>               49%] [Cov:===============================>   91%]
[Progress:==============>               49%] [Cov:================================>  94%]
[Progress:===============>              50%] [Cov:================================>  94%]
[Progress:===============>              50%] [Cov:===============================>   91%]
[Progress:===============>              50%] [Cov:================================>  94%]
[Progress:===============>              50%] [Cov:===============================>   91%]
[Progress:===============>              50%] [Cov:================================>  94%]
[Progress:===============>              50%] [Cov:===============================>   91%]
[Progress:===============>              50%] [Cov:================================>  94%]
[Progress:===============>              50%] [Cov:===============================>   91%]
[Progress:===============>              50%] [Cov:================================>  94%]
[Progress:===============>              50%] [Cov:===============================>   91%]
[Progress:===============>              50%] [Cov:================================>  94%]
[Progress:===============>              50%] [Cov:===============================>   91%]
[Progress:===============>              50%] [Cov:================================>  94%]
[Progress:===============>              50%] [Cov:===============================>   91%]
[Progress:===============>              50%] [Cov:================================>  94%]
[Progress:===============>              50%] [Cov:===============================>   91%]
[Progress:===============>              50%] [Cov:================================>  94%]
[Progress:===============>              50%] [Cov:===============================>   91%]
[Progress:===============>              50%] [Cov:================================>  94%]
[Progress:===============>              50%] [Cov:===============================>   91%]
[Progress:===============>              50%] [Cov:================================>  94%]
[Progress:===============>              50%] [Cov:===============================>   91%]
[Progress:===============>              50%] [Cov:================================>  94%]
[Progress:===============>              50%] [Cov:===============================>   91%]
[Progress:===============>              50%] [Cov:================================>  94%]
[Progress:===============>              50%] [Cov:===============================>   91%]
[Progress:===============>              50%] [Cov:================================>  94%]
[Progress:===============>              50%] [Cov:===============================>   91%]
[Progress:===============>              50%] [Cov:================================>  94%]
[Progress:===============>              50%] [Cov:===============================>   91%]
[Progress:===============>              50%] [Cov:================================>  94%]
[Progress:===============>              50%] [Cov:===============================>   91%]
[Progress:===============>              50%] [Cov:================================>  93%]
[Progress:===============>              50%] [Cov:================================>  94%]
[Progress:===============>              51%] [Cov:===========================>       79%]
[Progress:===============>              51%] [Cov:================================>  94%]
[Progress:===============>              51%] [Cov:===============================>   91%]
[Progress:===============>              51%] [Cov:================================>  94%]
[Progress:===============>              51%] [Cov:===============================>   91%]
[Progress:===============>              51%] [Cov:================================>  94%]
[Progress:===============>              51%] [Cov:===============================>   91%]
[Progress:===============>              51%] [Cov:================================>  94%]
[Progress:===============>              51%] [Cov:===============================>   91%]
[Progress:===============>              51%] [Cov:================================>  94%]
[Progress:===============>              51%] [Cov:===============================>   91%]
[Progress:===============>              51%] [Cov:================================>  94%]
[Progress:===============>              51%] [Cov:===============================>   91%]
[Progress:===============>              51%] [Cov:================================>  94%]
[Progress:===============>              51%] [Cov:===============================>   91%]
[Progress:===============>              51%] [Cov:================================>  94%]
[Progress:===============>              51%] [Cov:===============================>   91%]
[Progress:===============>              51%] [Cov:================================>  94%]
[Progress:===============>              51%] [Cov:===============================>   91%]
[Progress:===============>              51%] [Cov:================================>  94%]
[Progress:===============>              51%] [Cov:===============================>   91%]
[Progress:===============>              51%] [Cov:================================>  94%]
[Progress:===============>              51%] [Cov:===============================>   91%]
[Progress:===============>              51%] [Cov:================================>  94%]
[Progress:===============>              51%] [Cov:===============================>   91%]
[Progress:===============>              52%] [Cov:================================>  94%]
[Progress:===============>              52%] [Cov:===============================>   91%]
[Progress:===============>              52%] [Cov:================================>  94%]
[Progress:===============>              52%] [Cov:===============================>   91%]
[Progress:===============>              52%] [Cov:================================>  94%]
[Progress:===============>              52%] [Cov:===============================>   91%]
[Progress:===============>              52%] [Cov:================================>  94%]
[Progress:===============>              52%] [Cov:===============================>   91%]
[Progress:===============>              52%] [Cov:================================>  94%]
[Progress:===============>              52%] [Cov:===============================>   91%]
[Progress:===============>              52%] [Cov:================================>  94%]
[Progress:===============>              52%] [Cov:===============================>   91%]
[Progress:===============>              52%] [Cov:================================>  92%]
[Progress:===============>              52%] [Cov:================================>  94%]
[Progress:===============>              52%] [Cov:===============================>   91%]
[Progress:===============>              52%] [Cov:================================>  94%]
[Progress:===============>              52%] [Cov:===============================>   91%]
[Progress:===============>              52%] [Cov:================================>  94%]
[Progress:===============>              52%] [Cov:===============================>   91%]
[Progress:===============>              52%] [Cov:================================>  94%]
[Progress:===============>              52%] [Cov:===============================>   91%]
[Progress:===============>              52%] [Cov:================================>  94%]
[Progress:===============>              52%] [Cov:===============================>   91%]
[Progress:===============>              52%] [Cov:================================>  94%]
[Progress:===============>              52%] [Cov:===============================>   91%]
[Progress:===============>              52%] [Cov:================================>  92%]
[Progress:===============>              52%] [Cov:================================>  94%]
[Progress:===============>              52%] [Cov:===============================>   91%]
[Progress:===============>              52%] [Cov:================================>  94%]
[Progress:===============>              52%] [Cov:===============================>   91%]
[Progress:===============>              52%] [Cov:================================>  94%]
[Progress:===============>              52%] [Cov:===============================>   91%]
[Progress:===============>              52%] [Cov:================================>  94%]
[Progress:===============>              52%] [Cov:===============================>   91%]
[Progress:===============>              52%] [Cov:================================>  94%]
[Progress:===============>              52%] [Cov:===============================>   91%]
[Progress:===============>              52%] [Cov:================================>  94%]
[Progress:===============>              52%] [Cov:===============================>   91%]
[Progress:===============>              52%] [Cov:================================>  94%]
[Progress:===============>              53%] [Cov:================================>  94%]
[Progress:===============>              53%] [Cov:===============================>   91%]
[Progress:===============>              53%] [Cov:================================>  94%]
[Progress:===============>              53%] [Cov:===============================>   91%]
[Progress:===============>              53%] [Cov:================================>  94%]
[Progress:===============>              53%] [Cov:===============================>   91%]
[Progress:===============>              53%] [Cov:================================>  94%]
[Progress:===============>              53%] [Cov:===============================>   91%]
[Progress:===============>              53%] [Cov:================================>  94%]
[Progress:===============>              53%] [Cov:===============================>   91%]
[Progress:===============>              53%] [Cov:================================>  94%]
[Progress:===============>              53%] [Cov:===============================>   91%]
[Progress:===============>              53%] [Cov:================================>  94%]
[Progress:===============>              53%] [Cov:===============================>   91%]
[Progress:===============>              53%] [Cov:================================>  94%]
[Progress:===============>              53%] [Cov:===============================>   91%]
[Progress:===============>              53%] [Cov:================================>  94%]
[Progress:===============>              53%] [Cov:===============================>   91%]
[Progress:===============>              53%] [Cov:================================>  94%]
[Progress:===============>              53%] [Cov:===============================>   91%]
[Progress:===============>              53%] [Cov:================================>  94%]
[Progress:===============>              53%] [Cov:===============================>   91%]
[Progress:===============>              53%] [Cov:================================>  94%]
[Progress:===============>              53%] [Cov:===============================>   91%]
[Progress:================>             54%] [Cov:===============================>   91%]
[Progress:================>             54%] [Cov:================================>  94%]
[Progress:================>             54%] [Cov:===============================>   91%]
[Progress:================>             54%] [Cov:================================>  94%]
[Progress:================>             54%] [Cov:===============================>   91%]
[Progress:================>             54%] [Cov:================================>  94%]
[Progress:================>             54%] [Cov:===============================>   91%]
[Progress:================>             54%] [Cov:================================>  94%]
[Progress:================>             54%] [Cov:===============================>   91%]
[Progress:================>             54%] [Cov:================================>  94%]
[Progress:================>             54%] [Cov:===============================>   91%]
[Progress:================>             54%] [Cov:================================>  94%]
[Progress:================>             54%] [Cov:===============================>   91%]
[Progress:================>             54%] [Cov:================================>  94%]
[Progress:================>             54%] [Cov:===============================>   91%]
[Progress:================>             54%] [Cov:================================>  94%]
[Progress:================>             54%] [Cov:===============================>   91%]
[Progress:================>             54%] [Cov:================================>  94%]
[Progress:================>             54%] [Cov:===============================>   91%]
[Progress:================>             54%] [Cov:================================>  94%]
[Progress:================>             54%] [Cov:===============================>   91%]
[Progress:================>             54%] [Cov:================================>  94%]
[Progress:================>             54%] [Cov:===============================>   91%]
[Progress:================>             54%] [Cov:================================>  94%]
[Progress:================>             54%] [Cov:===============================>   91%]
[Progress:================>             54%] [Cov:================================>  94%]
[Progress:================>             54%] [Cov:===============================>   91%]
[Progress:================>             54%] [Cov:================================>  94%]
[Progress:================>             54%] [Cov:===============================>   91%]
[Progress:================>             54%] [Cov:================================>  94%]
[Progress:================>             54%] [Cov:===============================>   91%]
[Progress:================>             54%] [Cov:================================>  94%]
[Progress:================>             54%] [Cov:===============================>   91%]
[Progress:================>             54%] [Cov:================================>  94%]
[Progress:================>             54%] [Cov:===============================>   91%]
[Progress:================>             54%] [Cov:================================>  94%]
[Progress:================>             55%] [Cov:================================>  94%]
[Progress:================>             55%] [Cov:===============================>   91%]
[Progress:================>             55%] [Cov:================================>  94%]
[Progress:================>             55%] [Cov:===============================>   91%]
[Progress:================>             55%] [Cov:================================>  94%]
[Progress:================>             55%] [Cov:===============================>   91%]
[Progress:================>             55%] [Cov:================================>  94%]
[Progress:================>             55%] [Cov:===============================>   91%]
[Progress:================>             55%] [Cov:================================>  94%]
[Progress:================>             55%] [Cov:===============================>   91%]
[Progress:================>             55%] [Cov:================================>  94%]
[Progress:================>             55%] [Cov:===============================>   91%]
[Progress:================>             55%] [Cov:================================>  94%]
[Progress:================>             55%] [Cov:===============================>   91%]
[Progress:================>             55%] [Cov:================================>  94%]
[Progress:================>             55%] [Cov:===============================>   91%]
[Progress:================>             55%] [Cov:================================>  94%]
[Progress:================>             56%] [Cov:===============================>   91%]
[Progress:================>             56%] [Cov:================================>  92%]
[Progress:================>             56%] [Cov:================================>  94%]
[Progress:================>             56%] [Cov:===============================>   91%]
[Progress:================>             56%] [Cov:================================>  94%]
[Progress:================>             56%] [Cov:===============================>   91%]
[Progress:================>             56%] [Cov:================================>  94%]
[Progress:================>             56%] [Cov:===============================>   91%]
[Progress:================>             56%] [Cov:================================>  94%]
[Progress:================>             56%] [Cov:===============================>   91%]
[Progress:================>             56%] [Cov:================================>  94%]
[Progress:================>             56%] [Cov:===============================>   91%]
[Progress:================>             56%] [Cov:================================>  94%]
[Progress:================>             56%] [Cov:===============================>   91%]
[Progress:================>             56%] [Cov:================================>  94%]
[Progress:================>             56%] [Cov:===============================>   91%]
[Progress:================>             56%] [Cov:================================>  94%]
[Progress:================>             56%] [Cov:===============================>   91%]
[Progress:================>             56%] [Cov:================================>  94%]
[Progress:================>             56%] [Cov:===============================>   91%]
[Progress:================>             56%] [Cov:================================>  94%]
[Progress:================>             56%] [Cov:===============================>   91%]
[Progress:================>             56%] [Cov:================================>  94%]
[Progress:================>             56%] [Cov:===============================>   91%]
[Progress:================>             56%] [Cov:================================>  94%]
[Progress:================>             56%] [Cov:===============================>   91%]
[Progress:================>             56%] [Cov:================================>  94%]
[Progress:================>             56%] [Cov:===============================>   91%]
[Progress:================>             56%] [Cov:================================>  94%]
[Progress:================>             56%] [Cov:===============================>   91%]
[Progress:================>             56%] [Cov:================================>  94%]
[Progress:================>             56%] [Cov:===============================>   91%]
[Progress:================>             56%] [Cov:================================>  94%]
[Progress:================>             56%] [Cov:===============================>   91%]
[Progress:================>             56%] [Cov:================================>  94%]
[Progress:================>             56%] [Cov:===============================>   91%]
[Progress:================>             56%] [Cov:================================>  94%]
[Progress:================>             56%] [Cov:===============================>   91%]
[Progress:================>             56%] [Cov:================================>  94%]
[Progress:================>             56%] [Cov:===============================>   91%]
[Progress:================>             56%] [Cov:================================>  94%]
[Progress:================>             56%] [Cov:===============================>   91%]
[Progress:================>             56%] [Cov:================================>  94%]
[Progress:================>             56%] [Cov:===============================>   91%]
[Progress:================>             56%] [Cov:================================>  94%]
[Progress:================>             56%] [Cov:===============================>   91%]
[Progress:================>             56%] [Cov:================================>  94%]
[Progress:================>             56%] [Cov:===============================>   91%]
[Progress:================>             56%] [Cov:================================>  94%]
[Progress:================>             56%] [Cov:===============================>   91%]
[Progress:================>             56%] [Cov:================================>  94%]
[Progress:================>             56%] [Cov:===============================>   91%]
[Progress:================>             56%] [Cov:================================>  94%]
[Progress:=================>            57%] [Cov:================================>  94%]
[Progress:=================>            57%] [Cov:===============================>   91%]
[Progress:=================>            57%] [Cov:================================>  94%]
[Progress:=================>            57%] [Cov:===============================>   91%]
[Progress:=================>            57%] [Cov:================================>  94%]
[Progress:=================>            57%] [Cov:===============================>   91%]
[Progress:=================>            57%] [Cov:================================>  94%]
[Progress:=================>            57%] [Cov:===============================>   91%]
[Progress:=================>            57%] [Cov:================================>  94%]
[Progress:=================>            57%] [Cov:===============================>   91%]
[Progress:=================>            57%] [Cov:================================>  94%]
[Progress:=================>            57%] [Cov:===============================>   91%]
[Progress:=================>            57%] [Cov:================================>  94%]
[Progress:=================>            57%] [Cov:===============================>   91%]
[Progress:=================>            57%] [Cov:================================>  94%]
[Progress:=================>            57%] [Cov:===============================>   91%]
[Progress:=================>            57%] [Cov:================================>  94%]
[Progress:=================>            57%] [Cov:===============================>   91%]
[Progress:=================>            57%] [Cov:================================>  92%]
[Progress:=================>            57%] [Cov:================================>  94%]
[Progress:=================>            57%] [Cov:===============================>   91%]
[Progress:=================>            57%] [Cov:================================>  94%]
[Progress:=================>            58%] [Cov:================================>  94%]
[Progress:=================>            58%] [Cov:===============================>   91%]
[Progress:=================>            58%] [Cov:================================>  94%]
[Progress:=================>            58%] [Cov:===============================>   91%]
[Progress:=================>            58%] [Cov:================================>  94%]
[Progress:=================>            58%] [Cov:===============================>   91%]
[Progress:=================>            58%] [Cov:================================>  94%]
[Progress:=================>            58%] [Cov:===============================>   91%]
[Progress:=================>            58%] [Cov:================================>  94%]
[Progress:=================>            58%] [Cov:===============================>   91%]
[Progress:=================>            58%] [Cov:================================>  94%]
[Progress:=================>            58%] [Cov:===============================>   91%]
[Progress:=================>            58%] [Cov:================================>  93%]
[Progress:=================>            58%] [Cov:================================>  94%]
[Progress:=================>            58%] [Cov:===============================>   91%]
[Progress:=================>            58%] [Cov:================================>  94%]
[Progress:=================>            58%] [Cov:===============================>   91%]
[Progress:=================>            58%] [Cov:================================>  94%]
[Progress:=================>            58%] [Cov:===============================>   91%]
[Progress:=================>            58%] [Cov:================================>  94%]
[Progress:=================>            58%] [Cov:===============================>   91%]
[Progress:=================>            58%] [Cov:================================>  94%]
[Progress:=================>            58%] [Cov:===============================>   91%]
[Progress:=================>            58%] [Cov:================================>  94%]
[Progress:=================>            58%] [Cov:===============================>   91%]
[Progress:=================>            58%] [Cov:================================>  93%]
[Progress:=================>            58%] [Cov:================================>  94%]
[Progress:=================>            58%] [Cov:===============================>   91%]
[Progress:=================>            58%] [Cov:================================>  94%]
[Progress:=================>            58%] [Cov:===============================>   91%]
[Progress:=================>            58%] [Cov:================================>  92%]
[Progress:=================>            58%] [Cov:================================>  94%]
[Progress:=================>            58%] [Cov:===============================>   91%]
[Progress:=================>            58%] [Cov:================================>  94%]
[Progress:=================>            58%] [Cov:===============================>   91%]
[Progress:=================>            58%] [Cov:================================>  94%]
[Progress:=================>            58%] [Cov:===============================>   91%]
[Progress:=================>            58%] [Cov:================================>  94%]
[Progress:=================>            58%] [Cov:================================>  94%]
[Progress:=================>            58%] [Cov:================================>  94%]
[Progress:=================>            58%] [Cov:================================>  94%]
[Progress:=================>            58%] [Cov:================================>  94%]
[Progress:=================>            58%] [Cov:================================>  94%]
[Progress:=================>            59%] [Cov:================================>  94%]
[Progress:=================>            59%] [Cov:================================>  94%]
[Progress:=================>            59%] [Cov:================================>  94%]
[Progress:=================>            59%] [Cov:================================>  94%]
[Progress:=================>            59%] [Cov:================================>  94%]
[Progress:=================>            59%] [Cov:================================>  94%]
[Progress:=================>            59%] [Cov:================================>  94%]
[Progress:=================>            59%] [Cov:================================>  94%]
[Progress:=================>            59%] [Cov:================================>  94%]
[Progress:=================>            59%] [Cov:================================>  94%]
[Progress:=================>            59%] [Cov:================================>  94%]
[Progress:==================>           60%] [Cov:================================>  94%]
[Progress:==================>           60%] [Cov:================================>  94%]
[Progress:==================>           60%] [Cov:================================>  94%]
[Progress:==================>           60%] [Cov:================================>  94%]
[Progress:==================>           60%] [Cov:================================>  94%]
[Progress:==================>           60%] [Cov:================================>  94%]
[Progress:==================>           60%] [Cov:================================>  94%]
[Progress:==================>           60%] [Cov:================================>  94%]
[Progress:==================>           60%] [Cov:===============================>   91%]
[Progress:==================>           60%] [Cov:================================>  94%]
[Progress:==================>           60%] [Cov:===============================>   91%]
[Progress:==================>           60%] [Cov:================================>  94%]
[Progress:==================>           60%] [Cov:===============================>   91%]
[Progress:==================>           60%] [Cov:================================>  94%]
[Progress:==================>           60%] [Cov:===============================>   91%]
[Progress:==================>           60%] [Cov:================================>  94%]
[Progress:==================>           60%] [Cov:===============================>   91%]
[Progress:==================>           60%] [Cov:================================>  94%]
[Progress:==================>           60%] [Cov:================================>  93%]
[Progress:==================>           60%] [Cov:================================>  94%]
[Progress:==================>           60%] [Cov:================================>  93%]
[Progress:==================>           60%] [Cov:================================>  94%]
[Progress:==================>           60%] [Cov:================================>  93%]
[Progress:==================>           60%] [Cov:================================>  94%]
[Progress:==================>           60%] [Cov:================================>  93%]
[Progress:==================>           60%] [Cov:================================>  94%]
[Progress:==================>           61%] [Cov:===========================>       79%]
[Progress:==================>           61%] [Cov:================================>  94%]
[Progress:==================>           61%] [Cov:===============================>   91%]
[Progress:==================>           61%] [Cov:================================>  94%]
[Progress:==================>           61%] [Cov:===============================>   91%]
[Progress:==================>           61%] [Cov:================================>  94%]
[Progress:==================>           61%] [Cov:===============================>   91%]
[Progress:==================>           61%] [Cov:================================>  94%]
[Progress:==================>           61%] [Cov:================================>  94%]
[Progress:==================>           61%] [Cov:================================>  94%]
[Progress:==================>           61%] [Cov:================================>  94%]
[Progress:==================>           61%] [Cov:===============================>   91%]
[Progress:==================>           61%] [Cov:================================>  94%]
[Progress:==================>           61%] [Cov:===============================>   91%]
[Progress:==================>           61%] [Cov:================================>  94%]
[Progress:==================>           62%] [Cov:===========================>       79%]
[Progress:==================>           62%] [Cov:============================>      80%]
[Progress:==================>           62%] [Cov:================================>  93%]
[Progress:==================>           62%] [Cov:================================>  94%]
[Progress:==================>           62%] [Cov:===============================>   91%]
[Progress:==================>           62%] [Cov:================================>  94%]
[Progress:==================>           62%] [Cov:===============================>   91%]
[Progress:==================>           62%] [Cov:================================>  94%]
[Progress:==================>           62%] [Cov:===============================>   91%]
[Progress:==================>           62%] [Cov:================================>  94%]
[Progress:==================>           62%] [Cov:===============================>   91%]
[Progress:==================>           62%] [Cov:================================>  94%]
[Progress:==================>           62%] [Cov:===============================>   91%]
[Progress:==================>           62%] [Cov:================================>  94%]
[Progress:==================>           62%] [Cov:===============================>   91%]
[Progress:==================>           62%] [Cov:================================>  94%]
[Progress:==================>           62%] [Cov:================================>  92%]
[Progress:==================>           62%] [Cov:================================>  94%]
[Progress:==================>           62%] [Cov:================================>  92%]
[Progress:==================>           62%] [Cov:================================>  94%]
[Progress:==================>           62%] [Cov:================================>  92%]
[Progress:==================>           62%] [Cov:================================>  94%]
[Progress:==================>           62%] [Cov:================================>  92%]
[Progress:==================>           62%] [Cov:================================>  94%]
[Progress:==================>           62%] [Cov:================================>  92%]
[Progress:==================>           62%] [Cov:================================>  94%]
[Progress:==================>           62%] [Cov:================================>  92%]
[Progress:==================>           62%] [Cov:================================>  94%]
[Progress:==================>           62%] [Cov:================================>  92%]
[Progress:==================>           62%] [Cov:================================>  94%]
[Progress:==================>           62%] [Cov:================================>  92%]
[Progress:==================>           62%] [Cov:================================>  94%]
[Progress:==================>           62%] [Cov:================================>  92%]
[Progress:==================>           62%] [Cov:================================>  94%]
[Progress:==================>           62%] [Cov:================================>  92%]
[Progress:==================>           62%] [Cov:================================>  94%]
[Progress:==================>           62%] [Cov:================================>  92%]
[Progress:==================>           62%] [Cov:================================>  94%]
[Progress:==================>           62%] [Cov:================================>  92%]
[Progress:==================>           62%] [Cov:================================>  94%]
[Progress:==================>           62%] [Cov:================================>  92%]
[Progress:==================>           62%] [Cov:================================>  94%]
[Progress:==================>           62%] [Cov:================================>  92%]
[Progress:==================>           62%] [Cov:================================>  94%]
[Progress:==================>           62%] [Cov:================================>  92%]
[Progress:==================>           62%] [Cov:================================>  94%]
[Progress:==================>           62%] [Cov:================================>  92%]
[Progress:==================>           62%] [Cov:================================>  94%]
[Progress:==================>           63%] [Cov:===========================>       79%]
[Progress:==================>           63%] [Cov:================================>  94%]
[Progress:==================>           63%] [Cov:================================>  92%]
[Progress:==================>           63%] [Cov:================================>  94%]
[Progress:==================>           63%] [Cov:================================>  92%]
[Progress:==================>           63%] [Cov:================================>  94%]
[Progress:==================>           63%] [Cov:================================>  92%]
[Progress:==================>           63%] [Cov:================================>  94%]
[Progress:==================>           63%] [Cov:================================>  92%]
[Progress:==================>           63%] [Cov:================================>  94%]
[Progress:==================>           63%] [Cov:================================>  92%]
[Progress:==================>           63%] [Cov:================================>  94%]
[Progress:==================>           63%] [Cov:================================>  92%]
[Progress:==================>           63%] [Cov:================================>  94%]
[Progress:==================>           63%] [Cov:================================>  92%]
[Progress:==================>           63%] [Cov:================================>  94%]
[Progress:==================>           63%] [Cov:================================>  92%]
[Progress:==================>           63%] [Cov:================================>  94%]
[Progress:==================>           63%] [Cov:================================>  92%]
[Progress:==================>           63%] [Cov:================================>  94%]
[Progress:==================>           63%] [Cov:================================>  92%]
[Progress:==================>           63%] [Cov:================================>  94%]
[Progress:==================>           63%] [Cov:================================>  92%]
[Progress:==================>           63%] [Cov:================================>  94%]
[Progress:==================>           63%] [Cov:================================>  92%]
[Progress:==================>           63%] [Cov:================================>  94%]
[Progress:==================>           63%] [Cov:================================>  92%]
[Progress:==================>           63%] [Cov:================================>  94%]
[Progress:===================>          64%] [Cov:================================>  94%]
[Progress:===================>          64%] [Cov:================================>  92%]
[Progress:===================>          64%] [Cov:================================>  94%]
[Progress:===================>          64%] [Cov:================================>  92%]
[Progress:===================>          64%] [Cov:================================>  94%]
[Progress:===================>          64%] [Cov:================================>  92%]
[Progress:===================>          64%] [Cov:================================>  94%]
[Progress:===================>          64%] [Cov:================================>  92%]
[Progress:===================>          64%] [Cov:================================>  94%]
[Progress:===================>          64%] [Cov:================================>  92%]
[Progress:===================>          64%] [Cov:================================>  94%]
[Progress:===================>          64%] [Cov:================================>  92%]
[Progress:===================>          64%] [Cov:================================>  94%]
[Progress:===================>          64%] [Cov:================================>  92%]
[Progress:===================>          64%] [Cov:================================>  94%]
[Progress:===================>          64%] [Cov:================================>  92%]
[Progress:===================>          64%] [Cov:================================>  94%]
[Progress:===================>          64%] [Cov:================================>  92%]
[Progress:===================>          64%] [Cov:================================>  94%]
[Progress:===================>          64%] [Cov:================================>  92%]
[Progress:===================>          64%] [Cov:================================>  94%]
[Progress:===================>          64%] [Cov:================================>  92%]
[Progress:===================>          64%] [Cov:================================>  94%]
[Progress:===================>          64%] [Cov:================================>  92%]
[Progress:===================>          64%] [Cov:================================>  94%]
[Progress:===================>          64%] [Cov:================================>  92%]
[Progress:===================>          64%] [Cov:================================>  94%]
[Progress:===================>          64%] [Cov:================================>  92%]
[Progress:===================>          64%] [Cov:================================>  94%]
[Progress:===================>          64%] [Cov:================================>  92%]
[Progress:===================>          64%] [Cov:================================>  94%]
[Progress:===================>          64%] [Cov:================================>  92%]
[Progress:===================>          64%] [Cov:================================>  94%]
[Progress:===================>          64%] [Cov:================================>  92%]
[Progress:===================>          64%] [Cov:================================>  94%]
[Progress:===================>          64%] [Cov:================================>  92%]
[Progress:===================>          64%] [Cov:================================>  94%]
[Progress:===================>          64%] [Cov:================================>  92%]
[Progress:===================>          64%] [Cov:================================>  94%]
[Progress:===================>          64%] [Cov:================================>  92%]
[Progress:===================>          64%] [Cov:================================>  94%]
[Progress:===================>          64%] [Cov:================================>  92%]
[Progress:===================>          64%] [Cov:================================>  94%]
[Progress:===================>          64%] [Cov:================================>  92%]
[Progress:===================>          64%] [Cov:================================>  94%]
[Progress:===================>          64%] [Cov:================================>  92%]
[Progress:===================>          64%] [Cov:================================>  94%]
[Progress:===================>          64%] [Cov:================================>  92%]
[Progress:===================>          64%] [Cov:================================>  94%]
[Progress:===================>          64%] [Cov:================================>  92%]
[Progress:===================>          64%] [Cov:================================>  94%]
[Progress:===================>          65%] [Cov:================================>  94%]
[Progress:===================>          65%] [Cov:================================>  92%]
[Progress:===================>          65%] [Cov:================================>  94%]
[Progress:===================>          65%] [Cov:================================>  92%]
[Progress:===================>          65%] [Cov:================================>  94%]
[Progress:===================>          65%] [Cov:================================>  92%]
[Progress:===================>          65%] [Cov:================================>  94%]
[Progress:===================>          65%] [Cov:================================>  92%]
[Progress:===================>          65%] [Cov:================================>  94%]
[Progress:===================>          65%] [Cov:================================>  92%]
[Progress:===================>          65%] [Cov:================================>  93%]
[Progress:===================>          65%] [Cov:================================>  94%]
[Progress:===================>          65%] [Cov:================================>  92%]
[Progress:===================>          65%] [Cov:================================>  94%]
[Progress:===================>          65%] [Cov:================================>  92%]
[Progress:===================>          65%] [Cov:================================>  94%]
[Progress:===================>          65%] [Cov:================================>  92%]
[Progress:===================>          65%] [Cov:================================>  94%]
[Progress:===================>          65%] [Cov:================================>  92%]
[Progress:===================>          65%] [Cov:================================>  94%]
[Progress:===================>          65%] [Cov:================================>  92%]
[Progress:===================>          65%] [Cov:================================>  94%]
[Progress:===================>          65%] [Cov:================================>  92%]
[Progress:===================>          65%] [Cov:================================>  94%]
[Progress:===================>          65%] [Cov:================================>  92%]
[Progress:===================>          65%] [Cov:================================>  94%]
[Progress:===================>          65%] [Cov:================================>  92%]
[Progress:===================>          65%] [Cov:================================>  94%]
[Progress:===================>          66%] [Cov:================================>  94%]
[Progress:===================>          66%] [Cov:================================>  92%]
[Progress:===================>          66%] [Cov:================================>  94%]
[Progress:===================>          66%] [Cov:================================>  92%]
[Progress:===================>          66%] [Cov:================================>  94%]
[Progress:===================>          66%] [Cov:================================>  92%]
[Progress:===================>          66%] [Cov:================================>  94%]
[Progress:===================>          66%] [Cov:================================>  92%]
[Progress:===================>          66%] [Cov:================================>  94%]
[Progress:===================>          66%] [Cov:================================>  92%]
[Progress:===================>          66%] [Cov:================================>  94%]
[Progress:===================>          66%] [Cov:================================>  92%]
[Progress:===================>          66%] [Cov:================================>  94%]
[Progress:===================>          66%] [Cov:================================>  92%]
[Progress:===================>          66%] [Cov:================================>  94%]
[Progress:===================>          66%] [Cov:================================>  92%]
[Progress:===================>          66%] [Cov:================================>  94%]
[Progress:===================>          66%] [Cov:================================>  92%]
[Progress:===================>          66%] [Cov:================================>  94%]
[Progress:===================>          66%] [Cov:================================>  92%]
[Progress:===================>          66%] [Cov:================================>  94%]
[Progress:===================>          66%] [Cov:================================>  92%]
[Progress:===================>          66%] [Cov:================================>  94%]
[Progress:===================>          66%] [Cov:================================>  92%]
[Progress:===================>          66%] [Cov:================================>  94%]
[Progress:===================>          66%] [Cov:================================>  92%]
[Progress:===================>          66%] [Cov:================================>  94%]
[Progress:===================>          66%] [Cov:================================>  92%]
[Progress:===================>          66%] [Cov:================================>  94%]
[Progress:===================>          66%] [Cov:================================>  92%]
[Progress:===================>          66%] [Cov:================================>  94%]
[Progress:===================>          66%] [Cov:================================>  92%]
[Progress:===================>          66%] [Cov:================================>  94%]
[Progress:===================>          66%] [Cov:================================>  92%]
[Progress:===================>          66%] [Cov:================================>  94%]
[Progress:===================>          66%] [Cov:================================>  92%]
[Progress:===================>          66%] [Cov:================================>  94%]
[Progress:===================>          66%] [Cov:================================>  92%]
[Progress:===================>          66%] [Cov:================================>  94%]
[Progress:===================>          66%] [Cov:================================>  92%]
[Progress:===================>          66%] [Cov:================================>  94%]
[Progress:====================>         67%] [Cov:================================>  94%]
[Progress:====================>         67%] [Cov:================================>  92%]
[Progress:====================>         67%] [Cov:================================>  94%]
[Progress:====================>         67%] [Cov:================================>  92%]
[Progress:====================>         67%] [Cov:================================>  94%]
[Progress:====================>         67%] [Cov:================================>  92%]
[Progress:====================>         67%] [Cov:================================>  94%]
[Progress:====================>         67%] [Cov:================================>  92%]
[Progress:====================>         67%] [Cov:================================>  94%]
[Progress:====================>         67%] [Cov:================================>  92%]
[Progress:====================>         67%] [Cov:================================>  94%]
[Progress:====================>         67%] [Cov:================================>  92%]
[Progress:====================>         67%] [Cov:================================>  94%]
[Progress:====================>         67%] [Cov:================================>  92%]
[Progress:====================>         67%] [Cov:================================>  94%]
[Progress:====================>         68%] [Cov:================================>  94%]
[Progress:====================>         68%] [Cov:================================>  92%]
[Progress:====================>         68%] [Cov:================================>  94%]
[Progress:====================>         68%] [Cov:================================>  92%]
[Progress:====================>         68%] [Cov:================================>  94%]
[Progress:====================>         68%] [Cov:===============================>   91%]
[Progress:====================>         68%] [Cov:================================>  94%]
[Progress:====================>         68%] [Cov:===============================>   91%]
[Progress:====================>         68%] [Cov:================================>  94%]
[Progress:====================>         68%] [Cov:===============================>   91%]
[Progress:====================>         68%] [Cov:================================>  94%]
[Progress:====================>         68%] [Cov:===============================>   91%]
[Progress:====================>         68%] [Cov:================================>  94%]
[Progress:====================>         68%] [Cov:===============================>   91%]
[Progress:====================>         68%] [Cov:================================>  94%]
[Progress:====================>         68%] [Cov:===============================>   91%]
[Progress:====================>         68%] [Cov:================================>  94%]
[Progress:====================>         68%] [Cov:===============================>   91%]
[Progress:====================>         68%] [Cov:================================>  94%]
[Progress:====================>         68%] [Cov:===============================>   91%]
[Progress:====================>         68%] [Cov:================================>  94%]
[Progress:====================>         68%] [Cov:===============================>   91%]
[Progress:====================>         68%] [Cov:================================>  94%]
[Progress:====================>         68%] [Cov:===============================>   91%]
[Progress:====================>         68%] [Cov:================================>  94%]
[Progress:====================>         68%] [Cov:===============================>   91%]
[Progress:====================>         68%] [Cov:================================>  94%]
[Progress:====================>         68%] [Cov:===============================>   91%]
[Progress:====================>         68%] [Cov:================================>  94%]
[Progress:====================>         68%] [Cov:===============================>   91%]
[Progress:====================>         68%] [Cov:================================>  94%]
[Progress:====================>         68%] [Cov:===============================>   91%]
[Progress:====================>         68%] [Cov:================================>  94%]
[Progress:====================>         68%] [Cov:===============================>   91%]
[Progress:====================>         68%] [Cov:================================>  94%]
[Progress:====================>         68%] [Cov:===============================>   91%]
[Progress:====================>         68%] [Cov:================================>  94%]
[Progress:====================>         69%] [Cov:================================>  94%]
[Progress:====================>         69%] [Cov:===============================>   91%]
[Progress:====================>         69%] [Cov:================================>  94%]
[Progress:====================>         69%] [Cov:===============================>   91%]
[Progress:====================>         69%] [Cov:================================>  94%]
[Progress:====================>         69%] [Cov:===============================>   91%]
[Progress:====================>         69%] [Cov:================================>  94%]
[Progress:====================>         69%] [Cov:===============================>   91%]
[Progress:====================>         69%] [Cov:================================>  94%]
[Progress:====================>         69%] [Cov:===============================>   91%]
[Progress:====================>         69%] [Cov:================================>  94%]
[Progress:====================>         69%] [Cov:===============================>   91%]
[Progress:====================>         69%] [Cov:================================>  94%]
[Progress:====================>         69%] [Cov:===============================>   91%]
[Progress:====================>         69%] [Cov:================================>  94%]
[Progress:====================>         69%] [Cov:===============================>   91%]
[Progress:====================>         69%] [Cov:================================>  94%]
[Progress:====================>         69%] [Cov:===============================>   91%]
[Progress:====================>         69%] [Cov:================================>  94%]
[Progress:====================>         69%] [Cov:===============================>   91%]
[Progress:====================>         69%] [Cov:================================>  94%]
[Progress:=====================>        70%] [Cov:================================>  94%]
[Progress:=====================>        70%] [Cov:===============================>   91%]
[Progress:=====================>        70%] [Cov:================================>  94%]
[Progress:=====================>        70%] [Cov:===============================>   91%]
[Progress:=====================>        70%] [Cov:================================>  94%]
[Progress:=====================>        70%] [Cov:===============================>   91%]
[Progress:=====================>        70%] [Cov:================================>  94%]
[Progress:=====================>        70%] [Cov:===============================>   91%]
[Progress:=====================>        70%] [Cov:================================>  94%]
[Progress:=====================>        70%] [Cov:===============================>   91%]
[Progress:=====================>        70%] [Cov:================================>  94%]
[Progress:=====================>        70%] [Cov:===============================>   91%]
[Progress:=====================>        70%] [Cov:================================>  94%]
[Progress:=====================>        70%] [Cov:===============================>   91%]
[Progress:=====================>        70%] [Cov:================================>  94%]
[Progress:=====================>        70%] [Cov:===============================>   91%]
[Progress:=====================>        70%] [Cov:================================>  94%]
[Progress:=====================>        70%] [Cov:===============================>   91%]
[Progress:=====================>        70%] [Cov:================================>  94%]
[Progress:=====================>        70%] [Cov:===============================>   91%]
[Progress:=====================>        70%] [Cov:================================>  94%]
[Progress:=====================>        70%] [Cov:===============================>   91%]
[Progress:=====================>        70%] [Cov:================================>  94%]
[Progress:=====================>        70%] [Cov:===============================>   91%]
[Progress:=====================>        70%] [Cov:================================>  94%]
[Progress:=====================>        70%] [Cov:===============================>   91%]
[Progress:=====================>        70%] [Cov:================================>  94%]
[Progress:=====================>        70%] [Cov:===============================>   91%]
[Progress:=====================>        70%] [Cov:================================>  94%]
[Progress:=====================>        70%] [Cov:===============================>   91%]
[Progress:=====================>        70%] [Cov:================================>  94%]
[Progress:=====================>        70%] [Cov:===============================>   91%]
[Progress:=====================>        70%] [Cov:================================>  94%]
[Progress:=====================>        71%] [Cov:================================>  94%]
[Progress:=====================>        71%] [Cov:===============================>   91%]
[Progress:=====================>        71%] [Cov:================================>  94%]
[Progress:=====================>        71%] [Cov:===============================>   91%]
[Progress:=====================>        71%] [Cov:================================>  94%]
[Progress:=====================>        71%] [Cov:===============================>   91%]
[Progress:=====================>        71%] [Cov:================================>  94%]
[Progress:=====================>        71%] [Cov:===============================>   91%]
[Progress:=====================>        71%] [Cov:================================>  94%]
[Progress:=====================>        71%] [Cov:===============================>   91%]
[Progress:=====================>        71%] [Cov:================================>  94%]
[Progress:=====================>        71%] [Cov:===============================>   91%]
[Progress:=====================>        71%] [Cov:================================>  94%]
[Progress:=====================>        71%] [Cov:===============================>   91%]
[Progress:=====================>        71%] [Cov:================================>  94%]
[Progress:=====================>        71%] [Cov:===============================>   91%]
[Progress:=====================>        71%] [Cov:================================>  94%]
[Progress:=====================>        71%] [Cov:===============================>   91%]
[Progress:=====================>        71%] [Cov:================================>  94%]
[Progress:=====================>        71%] [Cov:===============================>   91%]
[Progress:=====================>        71%] [Cov:================================>  94%]
[Progress:=====================>        72%] [Cov:================================>  94%]
[Progress:=====================>        72%] [Cov:===============================>   91%]
[Progress:=====================>        72%] [Cov:================================>  94%]
[Progress:=====================>        72%] [Cov:===============================>   91%]
[Progress:=====================>        72%] [Cov:================================>  94%]
[Progress:=====================>        72%] [Cov:===============================>   91%]
[Progress:=====================>        72%] [Cov:================================>  94%]
[Progress:=====================>        72%] [Cov:===============================>   91%]
[Progress:=====================>        72%] [Cov:================================>  94%]
[Progress:=====================>        72%] [Cov:===============================>   91%]
[Progress:=====================>        72%] [Cov:================================>  94%]
[Progress:=====================>        72%] [Cov:===============================>   91%]
[Progress:=====================>        72%] [Cov:================================>  94%]
[Progress:=====================>        72%] [Cov:===============================>   91%]
[Progress:=====================>        72%] [Cov:================================>  94%]
[Progress:=====================>        72%] [Cov:===============================>   91%]
[Progress:=====================>        72%] [Cov:================================>  94%]
[Progress:=====================>        72%] [Cov:===============================>   91%]
[Progress:=====================>        72%] [Cov:================================>  94%]
[Progress:=====================>        72%] [Cov:===============================>   91%]
[Progress:=====================>        72%] [Cov:================================>  94%]
[Progress:=====================>        72%] [Cov:===============================>   91%]
[Progress:=====================>        72%] [Cov:================================>  94%]
[Progress:=====================>        72%] [Cov:===============================>   91%]
[Progress:=====================>        72%] [Cov:================================>  94%]
[Progress:=====================>        72%] [Cov:===============================>   91%]
[Progress:=====================>        72%] [Cov:================================>  94%]
[Progress:=====================>        72%] [Cov:===============================>   91%]
[Progress:=====================>        72%] [Cov:================================>  94%]
[Progress:=====================>        72%] [Cov:===============================>   91%]
[Progress:=====================>        72%] [Cov:================================>  94%]
[Progress:=====================>        72%] [Cov:===============================>   91%]
[Progress:=====================>        72%] [Cov:================================>  94%]
[Progress:=====================>        72%] [Cov:===============================>   91%]
[Progress:=====================>        72%] [Cov:================================>  94%]
[Progress:=====================>        72%] [Cov:===============================>   91%]
[Progress:=====================>        72%] [Cov:================================>  94%]
[Progress:=====================>        73%] [Cov:================================>  94%]
[Progress:=====================>        73%] [Cov:===============================>   91%]
[Progress:=====================>        73%] [Cov:================================>  94%]
[Progress:=====================>        73%] [Cov:================================>  92%]
[Progress:=====================>        73%] [Cov:================================>  94%]
[Progress:=====================>        73%] [Cov:================================>  92%]
[Progress:=====================>        73%] [Cov:================================>  94%]
[Progress:=====================>        73%] [Cov:================================>  92%]
[Progress:=====================>        73%] [Cov:================================>  94%]
[Progress:=====================>        73%] [Cov:================================>  92%]
[Progress:=====================>        73%] [Cov:================================>  94%]
[Progress:=====================>        73%] [Cov:================================>  92%]
[Progress:=====================>        73%] [Cov:================================>  94%]
[Progress:=====================>        73%] [Cov:================================>  92%]
[Progress:=====================>        73%] [Cov:================================>  94%]
[Progress:=====================>        73%] [Cov:================================>  92%]
[Progress:=====================>        73%] [Cov:================================>  94%]
[Progress:=====================>        73%] [Cov:================================>  92%]
[Progress:=====================>        73%] [Cov:================================>  94%]
[Progress:=====================>        73%] [Cov:================================>  92%]
[Progress:=====================>        73%] [Cov:================================>  94%]
[Progress:=====================>        73%] [Cov:================================>  92%]
[Progress:=====================>        73%] [Cov:================================>  94%]
[Progress:======================>       74%] [Cov:================================>  94%]
[Progress:======================>       74%] [Cov:================================>  92%]
[Progress:======================>       74%] [Cov:================================>  94%]
[Progress:======================>       74%] [Cov:================================>  92%]
[Progress:======================>       74%] [Cov:================================>  94%]
[Progress:======================>       74%] [Cov:================================>  92%]
[Progress:======================>       74%] [Cov:================================>  94%]
[Progress:======================>       74%] [Cov:================================>  92%]
[Progress:======================>       74%] [Cov:================================>  94%]
[Progress:======================>       74%] [Cov:================================>  92%]
[Progress:======================>       74%] [Cov:================================>  94%]
[Progress:======================>       74%] [Cov:================================>  92%]
[Progress:======================>       74%] [Cov:================================>  94%]
[Progress:======================>       74%] [Cov:================================>  92%]
[Progress:======================>       74%] [Cov:================================>  94%]
[Progress:======================>       74%] [Cov:================================>  92%]
[Progress:======================>       74%] [Cov:================================>  94%]
[Progress:======================>       74%] [Cov:================================>  92%]
[Progress:======================>       74%] [Cov:================================>  94%]
[Progress:======================>       74%] [Cov:================================>  92%]
[Progress:======================>       74%] [Cov:================================>  94%]
[Progress:======================>       74%] [Cov:================================>  92%]
[Progress:======================>       74%] [Cov:================================>  94%]
[Progress:======================>       74%] [Cov:================================>  92%]
[Progress:======================>       74%] [Cov:================================>  94%]
[Progress:======================>       74%] [Cov:================================>  92%]
[Progress:======================>       74%] [Cov:================================>  94%]
[Progress:======================>       74%] [Cov:================================>  92%]
[Progress:======================>       74%] [Cov:================================>  94%]
[Progress:======================>       74%] [Cov:================================>  92%]
[Progress:======================>       74%] [Cov:================================>  94%]
[Progress:======================>       74%] [Cov:================================>  92%]
[Progress:======================>       74%] [Cov:================================>  94%]
[Progress:======================>       74%] [Cov:================================>  92%]
[Progress:======================>       74%] [Cov:================================>  94%]
[Progress:======================>       75%] [Cov:================================>  94%]
[Progress:======================>       75%] [Cov:================================>  92%]
[Progress:======================>       75%] [Cov:================================>  94%]
[Progress:======================>       75%] [Cov:================================>  92%]
[Progress:======================>       75%] [Cov:================================>  94%]
[Progress:======================>       75%] [Cov:================================>  92%]
[Progress:======================>       75%] [Cov:================================>  94%]
[Progress:======================>       75%] [Cov:================================>  92%]
[Progress:======================>       75%] [Cov:================================>  94%]
[Progress:======================>       75%] [Cov:================================>  92%]
[Progress:======================>       75%] [Cov:================================>  94%]
[Progress:======================>       75%] [Cov:================================>  92%]
[Progress:======================>       75%] [Cov:================================>  94%]
[Progress:======================>       75%] [Cov:================================>  92%]
[Progress:======================>       75%] [Cov:================================>  94%]
[Progress:======================>       75%] [Cov:================================>  92%]
[Progress:======================>       75%] [Cov:================================>  94%]
[Progress:======================>       76%] [Cov:================================>  94%]
[Progress:======================>       76%] [Cov:================================>  92%]
[Progress:======================>       76%] [Cov:================================>  94%]
[Progress:======================>       76%] [Cov:================================>  92%]
[Progress:======================>       76%] [Cov:================================>  94%]
[Progress:======================>       76%] [Cov:================================>  92%]
[Progress:======================>       76%] [Cov:================================>  94%]
[Progress:======================>       76%] [Cov:================================>  92%]
[Progress:======================>       76%] [Cov:================================>  94%]
[Progress:======================>       76%] [Cov:================================>  92%]
[Progress:======================>       76%] [Cov:================================>  94%]
[Progress:======================>       76%] [Cov:================================>  92%]
[Progress:======================>       76%] [Cov:================================>  94%]
[Progress:======================>       76%] [Cov:================================>  92%]
[Progress:======================>       76%] [Cov:================================>  94%]
[Progress:======================>       76%] [Cov:================================>  92%]
[Progress:======================>       76%] [Cov:================================>  94%]
[Progress:======================>       76%] [Cov:================================>  92%]
[Progress:======================>       76%] [Cov:================================>  94%]
[Progress:======================>       76%] [Cov:================================>  92%]
[Progress:======================>       76%] [Cov:================================>  94%]
[Progress:======================>       76%] [Cov:================================>  92%]
[Progress:======================>       76%] [Cov:================================>  94%]
[Progress:======================>       76%] [Cov:================================>  92%]
[Progress:======================>       76%] [Cov:================================>  94%]
[Progress:======================>       76%] [Cov:================================>  92%]
[Progress:======================>       76%] [Cov:================================>  94%]
[Progress:======================>       76%] [Cov:================================>  92%]
[Progress:======================>       76%] [Cov:================================>  94%]
[Progress:======================>       76%] [Cov:================================>  92%]
[Progress:======================>       76%] [Cov:================================>  94%]
[Progress:======================>       76%] [Cov:================================>  92%]
[Progress:======================>       76%] [Cov:================================>  94%]
[Progress:======================>       76%] [Cov:================================>  92%]
[Progress:======================>       76%] [Cov:================================>  94%]
[Progress:======================>       76%] [Cov:================================>  92%]
[Progress:======================>       76%] [Cov:================================>  94%]
[Progress:======================>       76%] [Cov:================================>  92%]
[Progress:======================>       76%] [Cov:================================>  94%]
[Progress:======================>       76%] [Cov:================================>  92%]
[Progress:======================>       76%] [Cov:================================>  94%]
[Progress:======================>       76%] [Cov:================================>  92%]
[Progress:======================>       76%] [Cov:================================>  94%]
[Progress:======================>       76%] [Cov:================================>  92%]
[Progress:======================>       76%] [Cov:================================>  94%]
[Progress:=======================>      77%] [Cov:================================>  94%]
[Progress:=======================>      77%] [Cov:================================>  92%]
[Progress:=======================>      77%] [Cov:================================>  94%]
[Progress:=======================>      77%] [Cov:================================>  92%]
[Progress:=======================>      77%] [Cov:================================>  94%]
[Progress:=======================>      77%] [Cov:================================>  92%]
[Progress:=======================>      77%] [Cov:================================>  94%]
[Progress:=======================>      77%] [Cov:================================>  92%]
[Progress:=======================>      77%] [Cov:================================>  94%]
[Progress:=======================>      77%] [Cov:================================>  92%]
[Progress:=======================>      77%] [Cov:================================>  94%]
[Progress:=======================>      77%] [Cov:================================>  92%]
[Progress:=======================>      77%] [Cov:================================>  94%]
[Progress:=======================>      77%] [Cov:================================>  92%]
[Progress:=======================>      77%] [Cov:================================>  94%]
[Progress:=======================>      78%] [Cov:================================>  94%]
[Progress:=======================>      78%] [Cov:================================>  92%]
[Progress:=======================>      78%] [Cov:================================>  94%]
[Progress:=======================>      78%] [Cov:================================>  92%]
[Progress:=======================>      78%] [Cov:================================>  94%]
[Progress:=======================>      78%] [Cov:================================>  92%]
[Progress:=======================>      78%] [Cov:================================>  94%]
[Progress:=======================>      78%] [Cov:================================>  92%]
[Progress:=======================>      78%] [Cov:================================>  94%]
[Progress:=======================>      78%] [Cov:================================>  92%]
[Progress:=======================>      78%] [Cov:================================>  94%]
[Progress:=======================>      78%] [Cov:================================>  92%]
[Progress:=======================>      78%] [Cov:================================>  94%]
[Progress:=======================>      78%] [Cov:================================>  92%]
[Progress:=======================>      78%] [Cov:================================>  94%]
[Progress:=======================>      78%] [Cov:================================>  92%]
[Progress:=======================>      78%] [Cov:================================>  94%]
[Progress:=======================>      78%] [Cov:================================>  92%]
[Progress:=======================>      78%] [Cov:================================>  94%]
[Progress:=======================>      78%] [Cov:================================>  92%]
[Progress:=======================>      78%] [Cov:================================>  94%]
[Progress:=======================>      78%] [Cov:================================>  92%]
[Progress:=======================>      78%] [Cov:================================>  94%]
[Progress:=======================>      78%] [Cov:================================>  92%]
[Progress:=======================>      78%] [Cov:================================>  94%]
[Progress:=======================>      78%] [Cov:================================>  92%]
[Progress:=======================>      78%] [Cov:================================>  94%]
[Progress:=======================>      78%] [Cov:================================>  92%]
[Progress:=======================>      78%] [Cov:================================>  94%]
[Progress:=======================>      78%] [Cov:================================>  92%]
[Progress:=======================>      78%] [Cov:================================>  94%]
[Progress:=======================>      78%] [Cov:================================>  92%]
[Progress:=======================>      78%] [Cov:================================>  94%]
[Progress:=======================>      78%] [Cov:================================>  92%]
[Progress:=======================>      78%] [Cov:================================>  94%]
[Progress:=======================>      78%] [Cov:================================>  92%]
[Progress:=======================>      78%] [Cov:================================>  94%]
[Progress:=======================>      79%] [Cov:================================>  94%]
[Progress:=======================>      79%] [Cov:================================>  92%]
[Progress:=======================>      79%] [Cov:================================>  94%]
[Progress:=======================>      79%] [Cov:================================>  92%]
[Progress:=======================>      79%] [Cov:================================>  94%]
[Progress:=======================>      79%] [Cov:================================>  92%]
[Progress:=======================>      79%] [Cov:================================>  94%]
[Progress:=======================>      79%] [Cov:================================>  92%]
[Progress:=======================>      79%] [Cov:================================>  94%]
[Progress:=======================>      79%] [Cov:================================>  92%]
[Progress:=======================>      79%] [Cov:================================>  94%]
[Progress:=======================>      79%] [Cov:================================>  92%]
[Progress:=======================>      79%] [Cov:================================>  94%]
[Progress:=======================>      79%] [Cov:================================>  92%]
[Progress:=======================>      79%] [Cov:================================>  94%]
[Progress:=======================>      79%] [Cov:================================>  92%]
[Progress:=======================>      79%] [Cov:================================>  94%]
[Progress:========================>     80%] [Cov:================================>  94%]
[Progress:========================>     80%] [Cov:================================>  92%]
[Progress:========================>     80%] [Cov:================================>  94%]
[Progress:========================>     80%] [Cov:================================>  92%]
[Progress:========================>     80%] [Cov:================================>  94%]
[Progress:========================>     80%] [Cov:================================>  92%]
[Progress:========================>     80%] [Cov:================================>  94%]
[Progress:========================>     80%] [Cov:================================>  92%]
[Progress:========================>     80%] [Cov:================================>  94%]
[Progress:========================>     80%] [Cov:================================>  92%]
[Progress:========================>     80%] [Cov:================================>  94%]
[Progress:========================>     80%] [Cov:================================>  92%]
[Progress:========================>     80%] [Cov:================================>  94%]
[Progress:========================>     80%] [Cov:================================>  92%]
[Progress:========================>     80%] [Cov:================================>  94%]
[Progress:========================>     80%] [Cov:================================>  92%]
[Progress:========================>     80%] [Cov:================================>  93%]
[Progress:========================>     80%] [Cov:================================>  94%]
[Progress:========================>     80%] [Cov:================================>  92%]
[Progress:========================>     80%] [Cov:================================>  94%]
[Progress:========================>     80%] [Cov:================================>  92%]
[Progress:========================>     80%] [Cov:================================>  94%]
[Progress:========================>     80%] [Cov:================================>  92%]
[Progress:========================>     80%] [Cov:================================>  94%]
[Progress:========================>     80%] [Cov:================================>  92%]
[Progress:========================>     80%] [Cov:================================>  94%]
[Progress:========================>     80%] [Cov:================================>  92%]
[Progress:========================>     80%] [Cov:================================>  94%]
[Progress:========================>     80%] [Cov:================================>  92%]
[Progress:========================>     80%] [Cov:================================>  94%]
[Progress:========================>     80%] [Cov:================================>  92%]
[Progress:========================>     80%] [Cov:================================>  94%]
[Progress:========================>     80%] [Cov:================================>  92%]
[Progress:========================>     80%] [Cov:================================>  94%]
[Progress:========================>     80%] [Cov:================================>  92%]
[Progress:========================>     80%] [Cov:================================>  94%]
[Progress:========================>     80%] [Cov:================================>  92%]
[Progress:========================>     80%] [Cov:================================>  94%]
[Progress:========================>     81%] [Cov:================================>  94%]
[Progress:========================>     81%] [Cov:================================>  92%]
[Progress:========================>     81%] [Cov:================================>  94%]
[Progress:========================>     81%] [Cov:================================>  92%]
[Progress:========================>     81%] [Cov:================================>  94%]
[Progress:========================>     81%] [Cov:================================>  92%]
[Progress:========================>     81%] [Cov:================================>  94%]
[Progress:========================>     81%] [Cov:================================>  92%]
[Progress:========================>     81%] [Cov:================================>  94%]
[Progress:========================>     81%] [Cov:================================>  92%]
[Progress:========================>     81%] [Cov:================================>  93%]
[Progress:========================>     81%] [Cov:================================>  94%]
[Progress:========================>     81%] [Cov:================================>  92%]
[Progress:========================>     81%] [Cov:================================>  94%]
[Progress:========================>     81%] [Cov:================================>  92%]
[Progress:========================>     81%] [Cov:================================>  94%]
[Progress:========================>     81%] [Cov:================================>  92%]
[Progress:========================>     81%] [Cov:================================>  94%]
[Progress:========================>     81%] [Cov:================================>  92%]
[Progress:========================>     81%] [Cov:================================>  94%]
[Progress:========================>     82%] [Cov:================================>  94%]
[Progress:========================>     82%] [Cov:================================>  92%]
[Progress:========================>     82%] [Cov:================================>  94%]
[Progress:========================>     82%] [Cov:================================>  92%]
[Progress:========================>     82%] [Cov:================================>  94%]
[Progress:========================>     82%] [Cov:================================>  92%]
[Progress:========================>     82%] [Cov:================================>  94%]
[Progress:========================>     82%] [Cov:================================>  92%]
[Progress:========================>     82%] [Cov:================================>  94%]
[Progress:========================>     82%] [Cov:================================>  92%]
[Progress:========================>     82%] [Cov:================================>  94%]
[Progress:========================>     82%] [Cov:================================>  92%]
[Progress:========================>     82%] [Cov:================================>  94%]
[Progress:========================>     82%] [Cov:================================>  92%]
[Progress:========================>     82%] [Cov:================================>  94%]
[Progress:========================>     82%] [Cov:================================>  92%]
[Progress:========================>     82%] [Cov:================================>  94%]
[Progress:========================>     82%] [Cov:================================>  92%]
[Progress:========================>     82%] [Cov:================================>  94%]
[Progress:========================>     82%] [Cov:================================>  92%]
[Progress:========================>     82%] [Cov:================================>  94%]
[Progress:========================>     82%] [Cov:================================>  92%]
[Progress:========================>     82%] [Cov:================================>  94%]
[Progress:========================>     82%] [Cov:================================>  92%]
[Progress:========================>     82%] [Cov:================================>  94%]
[Progress:========================>     82%] [Cov:================================>  92%]
[Progress:========================>     82%] [Cov:================================>  94%]
[Progress:========================>     82%] [Cov:================================>  92%]
[Progress:========================>     82%] [Cov:================================>  94%]
[Progress:========================>     82%] [Cov:================================>  92%]
[Progress:========================>     82%] [Cov:================================>  94%]
[Progress:========================>     82%] [Cov:================================>  92%]
[Progress:========================>     82%] [Cov:================================>  94%]
[Progress:========================>     82%] [Cov:================================>  92%]
[Progress:========================>     82%] [Cov:================================>  94%]
[Progress:========================>     82%] [Cov:================================>  92%]
[Progress:========================>     82%] [Cov:================================>  94%]
[Progress:========================>     82%] [Cov:================================>  92%]
[Progress:========================>     82%] [Cov:================================>  94%]
[Progress:========================>     82%] [Cov:================================>  92%]
[Progress:========================>     82%] [Cov:================================>  94%]
[Progress:========================>     82%] [Cov:================================>  92%]
[Progress:========================>     82%] [Cov:================================>  94%]
[Progress:========================>     83%] [Cov:================================>  94%]
[Progress:========================>     83%] [Cov:================================>  92%]
[Progress:========================>     83%] [Cov:================================>  94%]
[Progress:========================>     83%] [Cov:================================>  92%]
[Progress:========================>     83%] [Cov:================================>  94%]
[Progress:========================>     83%] [Cov:================================>  92%]
[Progress:========================>     83%] [Cov:================================>  94%]
[Progress:========================>     83%] [Cov:================================>  92%]
[Progress:========================>     83%] [Cov:================================>  94%]
[Progress:========================>     83%] [Cov:================================>  92%]
[Progress:========================>     83%] [Cov:================================>  93%]
[Progress:========================>     83%] [Cov:================================>  94%]
[Progress:========================>     83%] [Cov:================================>  92%]
[Progress:========================>     83%] [Cov:================================>  94%]
[Progress:========================>     83%] [Cov:================================>  92%]
[Progress:========================>     83%] [Cov:================================>  94%]
[Progress:========================>     83%] [Cov:================================>  92%]
[Progress:========================>     83%] [Cov:================================>  94%]
[Progress:========================>     83%] [Cov:================================>  92%]
[Progress:========================>     83%] [Cov:================================>  94%]
[Progress:========================>     83%] [Cov:================================>  92%]
[Progress:========================>     83%] [Cov:================================>  94%]
[Progress:========================>     83%] [Cov:================================>  92%]
[Progress:========================>     83%] [Cov:================================>  94%]
[Progress:=========================>    84%] [Cov:================================>  94%]
[Progress:=========================>    84%] [Cov:================================>  92%]
[Progress:=========================>    84%] [Cov:================================>  94%]
[Progress:=========================>    84%] [Cov:================================>  92%]
[Progress:=========================>    84%] [Cov:================================>  94%]
[Progress:=========================>    84%] [Cov:================================>  92%]
[Progress:=========================>    84%] [Cov:================================>  94%]
[Progress:=========================>    84%] [Cov:================================>  92%]
[Progress:=========================>    84%] [Cov:================================>  94%]
[Progress:=========================>    84%] [Cov:================================>  92%]
[Progress:=========================>    84%] [Cov:================================>  94%]
[Progress:=========================>    84%] [Cov:================================>  92%]
[Progress:=========================>    84%] [Cov:================================>  94%]
[Progress:=========================>    84%] [Cov:================================>  92%]
[Progress:=========================>    84%] [Cov:================================>  94%]
[Progress:=========================>    84%] [Cov:================================>  92%]
[Progress:=========================>    84%] [Cov:================================>  94%]
[Progress:=========================>    84%] [Cov:================================>  92%]
[Progress:=========================>    84%] [Cov:================================>  94%]
[Progress:=========================>    84%] [Cov:================================>  92%]
[Progress:=========================>    84%] [Cov:================================>  94%]
[Progress:=========================>    84%] [Cov:================================>  92%]
[Progress:=========================>    84%] [Cov:================================>  94%]
[Progress:=========================>    84%] [Cov:================================>  92%]
[Progress:=========================>    84%] [Cov:================================>  94%]
[Progress:=========================>    84%] [Cov:================================>  92%]
[Progress:=========================>    84%] [Cov:================================>  94%]
[Progress:=========================>    84%] [Cov:================================>  92%]
[Progress:=========================>    84%] [Cov:================================>  94%]
[Progress:=========================>    84%] [Cov:================================>  92%]
[Progress:=========================>    84%] [Cov:================================>  94%]
[Progress:=========================>    84%] [Cov:================================>  92%]
[Progress:=========================>    84%] [Cov:================================>  94%]
[Progress:=========================>    84%] [Cov:================================>  92%]
[Progress:=========================>    84%] [Cov:================================>  94%]
[Progress:=========================>    84%] [Cov:================================>  92%]
[Progress:=========================>    84%] [Cov:================================>  94%]
[Progress:=========================>    84%] [Cov:================================>  92%]
[Progress:=========================>    84%] [Cov:================================>  94%]
[Progress:=========================>    85%] [Cov:================================>  94%]
[Progress:=========================>    85%] [Cov:================================>  92%]
[Progress:=========================>    85%] [Cov:================================>  94%]
[Progress:=========================>    85%] [Cov:================================>  92%]
[Progress:=========================>    85%] [Cov:================================>  94%]
[Progress:=========================>    85%] [Cov:================================>  92%]
[Progress:=========================>    85%] [Cov:================================>  94%]
[Progress:=========================>    85%] [Cov:================================>  92%]
[Progress:=========================>    85%] [Cov:================================>  94%]
[Progress:=========================>    85%] [Cov:================================>  92%]
[Progress:=========================>    85%] [Cov:================================>  94%]
[Progress:=========================>    85%] [Cov:================================>  92%]
[Progress:=========================>    85%] [Cov:================================>  94%]
[Progress:=========================>    85%] [Cov:================================>  92%]
[Progress:=========================>    85%] [Cov:================================>  93%]
[Progress:=========================>    85%] [Cov:================================>  94%]
[Progress:=========================>    85%] [Cov:================================>  92%]
[Progress:=========================>    85%] [Cov:================================>  94%]
[Progress:=========================>    85%] [Cov:================================>  92%]
[Progress:=========================>    85%] [Cov:================================>  94%]
[Progress:=========================>    85%] [Cov:================================>  92%]
[Progress:=========================>    85%] [Cov:================================>  94%]
[Progress:=========================>    85%] [Cov:================================>  92%]
[Progress:=========================>    85%] [Cov:================================>  94%]
[Progress:=========================>    86%] [Cov:================================>  94%]
[Progress:=========================>    86%] [Cov:================================>  92%]
[Progress:=========================>    86%] [Cov:================================>  94%]
[Progress:=========================>    86%] [Cov:================================>  92%]
[Progress:=========================>    86%] [Cov:================================>  94%]
[Progress:=========================>    86%] [Cov:================================>  92%]
[Progress:=========================>    86%] [Cov:================================>  94%]
[Progress:=========================>    86%] [Cov:================================>  92%]
[Progress:=========================>    86%] [Cov:================================>  94%]
[Progress:=========================>    86%] [Cov:================================>  92%]
[Progress:=========================>    86%] [Cov:================================>  93%]
[Progress:=========================>    86%] [Cov:================================>  94%]
[Progress:=========================>    86%] [Cov:================================>  92%]
[Progress:=========================>    86%] [Cov:================================>  94%]
[Progress:=========================>    86%] [Cov:================================>  92%]
[Progress:=========================>    86%] [Cov:================================>  94%]
[Progress:=========================>    86%] [Cov:================================>  92%]
[Progress:=========================>    86%] [Cov:================================>  94%]
[Progress:=========================>    86%] [Cov:================================>  92%]
[Progress:=========================>    86%] [Cov:================================>  94%]
[Progress:=========================>    86%] [Cov:================================>  92%]
[Progress:=========================>    86%] [Cov:================================>  94%]
[Progress:=========================>    86%] [Cov:================================>  92%]
[Progress:=========================>    86%] [Cov:================================>  94%]
[Progress:=========================>    86%] [Cov:================================>  92%]
[Progress:=========================>    86%] [Cov:================================>  94%]
[Progress:=========================>    86%] [Cov:================================>  92%]
[Progress:=========================>    86%] [Cov:================================>  94%]
[Progress:=========================>    86%] [Cov:================================>  92%]
[Progress:=========================>    86%] [Cov:================================>  94%]
[Progress:=========================>    86%] [Cov:================================>  92%]
[Progress:=========================>    86%] [Cov:================================>  94%]
[Progress:=========================>    86%] [Cov:================================>  92%]
[Progress:=========================>    86%] [Cov:================================>  94%]
[Progress:=========================>    86%] [Cov:================================>  92%]
[Progress:=========================>    86%] [Cov:================================>  94%]
[Progress:=========================>    86%] [Cov:================================>  92%]
[Progress:=========================>    86%] [Cov:================================>  94%]
[Progress:=========================>    86%] [Cov:================================>  92%]
[Progress:=========================>    86%] [Cov:================================>  94%]
[Progress:=========================>    86%] [Cov:================================>  92%]
[Progress:=========================>    86%] [Cov:================================>  94%]
[Progress:=========================>    86%] [Cov:================================>  92%]
[Progress:=========================>    86%] [Cov:================================>  94%]
[Progress:==========================>   87%] [Cov:================================>  94%]
[Progress:==========================>   87%] [Cov:================================>  92%]
[Progress:==========================>   87%] [Cov:================================>  94%]
[Progress:==========================>   87%] [Cov:================================>  92%]
[Progress:==========================>   87%] [Cov:================================>  94%]
[Progress:==========================>   87%] [Cov:================================>  92%]
[Progress:==========================>   87%] [Cov:================================>  94%]
[Progress:==========================>   87%] [Cov:================================>  92%]
[Progress:==========================>   87%] [Cov:================================>  94%]
[Progress:==========================>   87%] [Cov:================================>  92%]
[Progress:==========================>   87%] [Cov:================================>  94%]
[Progress:==========================>   87%] [Cov:================================>  92%]
[Progress:==========================>   87%] [Cov:================================>  94%]
[Progress:==========================>   87%] [Cov:================================>  92%]
[Progress:==========================>   87%] [Cov:================================>  94%]
[Progress:==========================>   87%] [Cov:================================>  92%]
[Progress:==========================>   87%] [Cov:================================>  94%]
[Progress:==========================>   88%] [Cov:================================>  94%]
[Progress:==========================>   88%] [Cov:================================>  92%]
[Progress:==========================>   88%] [Cov:================================>  94%]
[Progress:==========================>   88%] [Cov:================================>  92%]
[Progress:==========================>   88%] [Cov:================================>  94%]
[Progress:==========================>   88%] [Cov:================================>  92%]
[Progress:==========================>   88%] [Cov:================================>  94%]
[Progress:==========================>   88%] [Cov:================================>  92%]
[Progress:==========================>   88%] [Cov:================================>  94%]
[Progress:==========================>   88%] [Cov:================================>  92%]
[Progress:==========================>   88%] [Cov:================================>  94%]
[Progress:==========================>   88%] [Cov:================================>  92%]
[Progress:==========================>   88%] [Cov:================================>  94%]
[Progress:==========================>   88%] [Cov:================================>  92%]
[Progress:==========================>   88%] [Cov:================================>  94%]
[Progress:==========================>   88%] [Cov:================================>  92%]
[Progress:==========================>   88%] [Cov:================================>  94%]
[Progress:==========================>   88%] [Cov:================================>  92%]
[Progress:==========================>   88%] [Cov:================================>  94%]
[Progress:==========================>   88%] [Cov:================================>  92%]
[Progress:==========================>   88%] [Cov:================================>  94%]
[Progress:==========================>   88%] [Cov:================================>  92%]
[Progress:==========================>   88%] [Cov:================================>  94%]
[Progress:==========================>   88%] [Cov:================================>  92%]
[Progress:==========================>   88%] [Cov:================================>  94%]
[Progress:==========================>   88%] [Cov:================================>  92%]
[Progress:==========================>   88%] [Cov:================================>  94%]
[Progress:==========================>   88%] [Cov:================================>  92%]
[Progress:==========================>   88%] [Cov:================================>  94%]
[Progress:==========================>   88%] [Cov:================================>  92%]
[Progress:==========================>   88%] [Cov:================================>  94%]
[Progress:==========================>   88%] [Cov:================================>  92%]
[Progress:==========================>   88%] [Cov:================================>  94%]
[Progress:==========================>   88%] [Cov:================================>  92%]
[Progress:==========================>   88%] [Cov:================================>  94%]
[Progress:==========================>   88%] [Cov:================================>  92%]
[Progress:==========================>   88%] [Cov:================================>  94%]
[Progress:==========================>   88%] [Cov:================================>  92%]
[Progress:==========================>   88%] [Cov:================================>  94%]
[Progress:==========================>   88%] [Cov:================================>  92%]
[Progress:==========================>   88%] [Cov:================================>  94%]
[Progress:==========================>   88%] [Cov:================================>  92%]
[Progress:==========================>   88%] [Cov:================================>  94%]
[Progress:==========================>   88%] [Cov:================================>  92%]
[Progress:==========================>   88%] [Cov:================================>  94%]
[Progress:==========================>   88%] [Cov:================================>  92%]
[Progress:==========================>   88%] [Cov:================================>  93%]
[Progress:==========================>   88%] [Cov:================================>  94%]
[Progress:==========================>   88%] [Cov:================================>  92%]
[Progress:==========================>   88%] [Cov:================================>  94%]
[Progress:==========================>   89%] [Cov:================================>  94%]
[Progress:==========================>   89%] [Cov:================================>  92%]
[Progress:==========================>   89%] [Cov:================================>  94%]
[Progress:==========================>   89%] [Cov:================================>  92%]
[Progress:==========================>   89%] [Cov:================================>  94%]
[Progress:==========================>   89%] [Cov:================================>  92%]
[Progress:==========================>   89%] [Cov:================================>  94%]
[Progress:==========================>   89%] [Cov:================================>  92%]
[Progress:==========================>   89%] [Cov:================================>  94%]
[Progress:==========================>   89%] [Cov:================================>  92%]
[Progress:==========================>   89%] [Cov:================================>  94%]
[Progress:==========================>   89%] [Cov:================================>  92%]
[Progress:==========================>   89%] [Cov:================================>  94%]
[Progress:==========================>   89%] [Cov:================================>  92%]
[Progress:==========================>   89%] [Cov:================================>  94%]
[Progress:==========================>   89%] [Cov:================================>  92%]
[Progress:==========================>   89%] [Cov:================================>  94%]
[Progress:==========================>   89%] [Cov:================================>  92%]
[Progress:==========================>   89%] [Cov:================================>  94%]
[Progress:==========================>   89%] [Cov:================================>  92%]
[Progress:==========================>   89%] [Cov:================================>  94%]
[Progress:==========================>   89%] [Cov:================================>  92%]
[Progress:===========================>  90%] [Cov:================================>  94%]
[Progress:===========================>  90%] [Cov:================================>  92%]
[Progress:===========================>  90%] [Cov:================================>  94%]
[Progress:===========================>  90%] [Cov:================================>  92%]
[Progress:===========================>  90%] [Cov:================================>  94%]
[Progress:===========================>  90%] [Cov:================================>  92%]
[Progress:===========================>  90%] [Cov:================================>  94%]
[Progress:===========================>  90%] [Cov:================================>  92%]
[Progress:===========================>  90%] [Cov:================================>  94%]
[Progress:===========================>  90%] [Cov:================================>  92%]
[Progress:===========================>  90%] [Cov:================================>  94%]
[Progress:===========================>  90%] [Cov:================================>  92%]
[Progress:===========================>  90%] [Cov:================================>  94%]
[Progress:===========================>  90%] [Cov:================================>  92%]
[Progress:===========================>  90%] [Cov:================================>  94%]
[Progress:===========================>  90%] [Cov:================================>  92%]
[Progress:===========================>  90%] [Cov:================================>  94%]
[Progress:===========================>  90%] [Cov:================================>  92%]
[Progress:===========================>  90%] [Cov:================================>  94%]
[Progress:===========================>  90%] [Cov:================================>  92%]
[Progress:===========================>  90%] [Cov:================================>  94%]
[Progress:===========================>  90%] [Cov:================================>  92%]
[Progress:===========================>  90%] [Cov:================================>  94%]
[Progress:===========================>  90%] [Cov:================================>  92%]
[Progress:===========================>  90%] [Cov:================================>  94%]
[Progress:===========================>  90%] [Cov:================================>  92%]
[Progress:===========================>  90%] [Cov:================================>  94%]
[Progress:===========================>  90%] [Cov:================================>  92%]
[Progress:===========================>  90%] [Cov:================================>  94%]
[Progress:===========================>  90%] [Cov:================================>  92%]
[Progress:===========================>  90%] [Cov:================================>  94%]
[Progress:===========================>  90%] [Cov:================================>  92%]
[Progress:===========================>  90%] [Cov:================================>  94%]
[Progress:===========================>  90%] [Cov:================================>  92%]
[Progress:===========================>  90%] [Cov:================================>  94%]
[Progress:===========================>  90%] [Cov:================================>  92%]
[Progress:===========================>  90%] [Cov:================================>  94%]
[Progress:===========================>  91%] [Cov:================================>  94%]
[Progress:===========================>  91%] [Cov:================================>  92%]
[Progress:===========================>  91%] [Cov:================================>  93%]
[Progress:===========================>  91%] [Cov:================================>  94%]
[Progress:===========================>  91%] [Cov:================================>  92%]
[Progress:===========================>  91%] [Cov:================================>  94%]
[Progress:===========================>  91%] [Cov:================================>  92%]
[Progress:===========================>  91%] [Cov:================================>  94%]
[Progress:===========================>  91%] [Cov:================================>  92%]
[Progress:===========================>  91%] [Cov:================================>  94%]
[Progress:===========================>  91%] [Cov:================================>  92%]
[Progress:===========================>  91%] [Cov:================================>  94%]
[Progress:===========================>  91%] [Cov:================================>  92%]
[Progress:===========================>  91%] [Cov:================================>  94%]
[Progress:===========================>  91%] [Cov:================================>  92%]
[Progress:===========================>  91%] [Cov:================================>  94%]
[Progress:===========================>  91%] [Cov:================================>  92%]
[Progress:===========================>  91%] [Cov:================================>  94%]
[Progress:===========================>  91%] [Cov:================================>  92%]
[Progress:===========================>  91%] [Cov:================================>  94%]
[Progress:===========================>  91%] [Cov:================================>  92%]
[Progress:===========================>  91%] [Cov:================================>  94%]
[Progress:===========================>  91%] [Cov:================================>  92%]
[Progress:===========================>  91%] [Cov:================================>  94%]
[Progress:===========================>  92%] [Cov:================================>  94%]
[Progress:===========================>  92%] [Cov:================================>  92%]
[Progress:===========================>  92%] [Cov:================================>  94%]
[Progress:===========================>  92%] [Cov:================================>  92%]
[Progress:===========================>  92%] [Cov:================================>  94%]
[Progress:===========================>  92%] [Cov:================================>  92%]
[Progress:===========================>  92%] [Cov:================================>  94%]
[Progress:===========================>  92%] [Cov:================================>  92%]
[Progress:===========================>  92%] [Cov:================================>  94%]
[Progress:===========================>  92%] [Cov:================================>  92%]
[Progress:===========================>  92%] [Cov:================================>  94%]
[Progress:===========================>  92%] [Cov:================================>  92%]
[Progress:===========================>  92%] [Cov:================================>  94%]
[Progress:===========================>  92%] [Cov:================================>  92%]
[Progress:===========================>  92%] [Cov:================================>  94%]
[Progress:===========================>  92%] [Cov:================================>  92%]
[Progress:===========================>  92%] [Cov:================================>  94%]
[Progress:===========================>  92%] [Cov:================================>  92%]
[Progress:===========================>  92%] [Cov:================================>  94%]
[Progress:===========================>  92%] [Cov:================================>  92%]
[Progress:===========================>  92%] [Cov:================================>  94%]
[Progress:===========================>  92%] [Cov:================================>  92%]
[Progress:===========================>  92%] [Cov:================================>  94%]
[Progress:===========================>  92%] [Cov:================================>  92%]
[Progress:===========================>  92%] [Cov:================================>  94%]
[Progress:===========================>  92%] [Cov:================================>  92%]
[Progress:===========================>  92%] [Cov:================================>  94%]
[Progress:===========================>  92%] [Cov:================================>  92%]
[Progress:===========================>  92%] [Cov:================================>  94%]
[Progress:===========================>  92%] [Cov:================================>  92%]
[Progress:===========================>  92%] [Cov:================================>  94%]
[Progress:===========================>  92%] [Cov:================================>  92%]
[Progress:===========================>  92%] [Cov:================================>  94%]
[Progress:===========================>  92%] [Cov:================================>  92%]
[Progress:===========================>  92%] [Cov:================================>  94%]
[Progress:===========================>  92%] [Cov:================================>  92%]
[Progress:===========================>  92%] [Cov:================================>  94%]
[Progress:===========================>  92%] [Cov:================================>  92%]
[Progress:===========================>  92%] [Cov:================================>  94%]
[Progress:===========================>  92%] [Cov:================================>  92%]
[Progress:===========================>  92%] [Cov:================================>  94%]
[Progress:===========================>  92%] [Cov:================================>  92%]
[Progress:===========================>  92%] [Cov:================================>  94%]
[Progress:===========================>  92%] [Cov:================================>  92%]
[Progress:===========================>  92%] [Cov:================================>  94%]
[Progress:===========================>  93%] [Cov:================================>  94%]
[Progress:===========================>  93%] [Cov:================================>  92%]
[Progress:===========================>  93%] [Cov:================================>  94%]
[Progress:===========================>  93%] [Cov:================================>  92%]
[Progress:===========================>  93%] [Cov:================================>  94%]
[Progress:===========================>  93%] [Cov:================================>  92%]
[Progress:===========================>  93%] [Cov:================================>  94%]
[Progress:===========================>  93%] [Cov:================================>  92%]
[Progress:===========================>  93%] [Cov:================================>  94%]
[Progress:===========================>  93%] [Cov:================================>  92%]
[Progress:===========================>  93%] [Cov:================================>  94%]
[Progress:===========================>  93%] [Cov:================================>  92%]
[Progress:===========================>  93%] [Cov:================================>  94%]
[Progress:===========================>  93%] [Cov:================================>  92%]
[Progress:===========================>  93%] [Cov:================================>  94%]
[Progress:===========================>  93%] [Cov:================================>  92%]
[Progress:===========================>  93%] [Cov:================================>  94%]
[Progress:===========================>  93%] [Cov:================================>  92%]
[Progress:===========================>  93%] [Cov:================================>  94%]
[Progress:===========================>  93%] [Cov:================================>  92%]
[Progress:===========================>  93%] [Cov:================================>  94%]
[Progress:===========================>  93%] [Cov:================================>  92%]
[Progress:===========================>  93%] [Cov:================================>  94%]
[Progress:===========================>  93%] [Cov:================================>  92%]
[Progress:===========================>  93%] [Cov:================================>  94%]
[Progress:============================> 94%] [Cov:================================>  94%]
[Progress:============================> 94%] [Cov:================================>  92%]
[Progress:============================> 94%] [Cov:================================>  94%]
[Progress:============================> 94%] [Cov:================================>  92%]
[Progress:============================> 94%] [Cov:================================>  94%]
[Progress:============================> 94%] [Cov:================================>  92%]
[Progress:============================> 94%] [Cov:================================>  94%]
[Progress:============================> 94%] [Cov:================================>  92%]
[Progress:============================> 94%] [Cov:================================>  94%]
[Progress:============================> 94%] [Cov:================================>  92%]
[Progress:============================> 94%] [Cov:================================>  94%]
[Progress:============================> 94%] [Cov:================================>  92%]
[Progress:============================> 94%] [Cov:================================>  94%]
[Progress:============================> 94%] [Cov:================================>  92%]
[Progress:============================> 94%] [Cov:================================>  94%]
[Progress:============================> 94%] [Cov:================================>  92%]
[Progress:============================> 94%] [Cov:================================>  94%]
[Progress:============================> 94%] [Cov:================================>  92%]
[Progress:============================> 94%] [Cov:================================>  94%]
[Progress:============================> 94%] [Cov:================================>  92%]
[Progress:============================> 94%] [Cov:================================>  93%]
[Progress:============================> 94%] [Cov:================================>  94%]
[Progress:============================> 94%] [Cov:================================>  92%]
[Progress:============================> 94%] [Cov:================================>  94%]
[Progress:============================> 94%] [Cov:================================>  92%]
[Progress:============================> 94%] [Cov:================================>  94%]
[Progress:============================> 94%] [Cov:================================>  92%]
[Progress:============================> 94%] [Cov:================================>  94%]
[Progress:============================> 94%] [Cov:================================>  92%]
[Progress:============================> 94%] [Cov:================================>  93%]
[Progress:============================> 94%] [Cov:================================>  94%]
[Progress:============================> 94%] [Cov:================================>  92%]
[Progress:============================> 94%] [Cov:================================>  94%]
[Progress:============================> 94%] [Cov:================================>  92%]
[Progress:============================> 94%] [Cov:================================>  94%]
[Progress:============================> 94%] [Cov:================================>  92%]
[Progress:============================> 94%] [Cov:================================>  94%]
[Progress:============================> 94%] [Cov:================================>  92%]
[Progress:============================> 94%] [Cov:================================>  94%]
[Progress:============================> 94%] [Cov:================================>  92%]
[Progress:============================> 94%] [Cov:================================>  94%]
[Progress:============================> 94%] [Cov:================================>  92%]
[Progress:============================> 94%] [Cov:================================>  94%]
[Progress:============================> 95%] [Cov:================================>  93%]
[Progress:============================> 95%] [Cov:================================>  94%]
[Progress:============================> 95%] [Cov:================================>  92%]
[Progress:============================> 95%] [Cov:================================>  94%]
[Progress:============================> 95%] [Cov:================================>  92%]
[Progress:============================> 95%] [Cov:================================>  94%]
[Progress:============================> 95%] [Cov:================================>  92%]
[Progress:============================> 95%] [Cov:================================>  94%]
[Progress:============================> 95%] [Cov:================================>  92%]
[Progress:============================> 95%] [Cov:================================>  93%]
[Progress:============================> 95%] [Cov:================================>  94%]
[Progress:============================> 95%] [Cov:================================>  92%]
[Progress:============================> 95%] [Cov:================================>  94%]
[Progress:============================> 95%] [Cov:================================>  92%]
[Progress:============================> 95%] [Cov:================================>  94%]
[Progress:============================> 95%] [Cov:================================>  92%]
[Progress:============================> 95%] [Cov:================================>  94%]
[Progress:============================> 95%] [Cov:================================>  92%]
[Progress:============================> 95%] [Cov:================================>  94%]
[Progress:============================> 95%] [Cov:================================>  92%]
[Progress:============================> 95%] [Cov:================================>  94%]
[Progress:============================> 95%] [Cov:================================>  92%]
[Progress:============================> 95%] [Cov:================================>  94%]
[Progress:============================> 95%] [Cov:================================>  92%]
[Progress:============================> 95%] [Cov:================================>  94%]
[Progress:============================> 96%] [Cov:==============================>    88%]
[Progress:============================> 96%] [Cov:================================>  94%]
[Progress:============================> 96%] [Cov:================================>  92%]
[Progress:============================> 96%] [Cov:================================>  94%]
[Progress:============================> 96%] [Cov:================================>  92%]
[Progress:============================> 96%] [Cov:================================>  94%]
[Progress:============================> 96%] [Cov:================================>  92%]
[Progress:============================> 96%] [Cov:================================>  94%]
[Progress:============================> 96%] [Cov:================================>  92%]
[Progress:============================> 96%] [Cov:================================>  94%]
[Progress:============================> 96%] [Cov:================================>  92%]
[Progress:============================> 96%] [Cov:================================>  94%]
[Progress:============================> 96%] [Cov:================================>  92%]
[Progress:============================> 96%] [Cov:================================>  93%]
[Progress:============================> 96%] [Cov:================================>  94%]
[Progress:============================> 96%] [Cov:================================>  92%]
[Progress:============================> 96%] [Cov:================================>  94%]
[Progress:============================> 96%] [Cov:================================>  92%]
[Progress:============================> 96%] [Cov:================================>  94%]
[Progress:============================> 96%] [Cov:================================>  92%]
[Progress:============================> 96%] [Cov:================================>  94%]
[Progress:============================> 96%] [Cov:================================>  92%]
[Progress:============================> 96%] [Cov:================================>  94%]
[Progress:============================> 96%] [Cov:================================>  92%]
[Progress:============================> 96%] [Cov:================================>  94%]
[Progress:============================> 96%] [Cov:================================>  92%]
[Progress:============================> 96%] [Cov:================================>  94%]
[Progress:============================> 96%] [Cov:================================>  92%]
[Progress:============================> 96%] [Cov:================================>  94%]
[Progress:============================> 96%] [Cov:================================>  92%]
[Progress:============================> 96%] [Cov:================================>  94%]
[Progress:============================> 96%] [Cov:================================>  92%]
[Progress:============================> 96%] [Cov:================================>  94%]
[Progress:============================> 96%] [Cov:================================>  92%]
[Progress:============================> 96%] [Cov:================================>  94%]
[Progress:============================> 96%] [Cov:================================>  92%]
[Progress:============================> 96%] [Cov:================================>  94%]
[Progress:============================> 96%] [Cov:================================>  92%]
[Progress:============================> 96%] [Cov:================================>  94%]
[Progress:============================> 96%] [Cov:================================>  92%]
[Progress:============================> 96%] [Cov:================================>  94%]
[Progress:============================> 96%] [Cov:================================>  92%]
[Progress:============================> 96%] [Cov:================================>  94%]
[Progress:============================> 96%] [Cov:================================>  92%]
[Progress:============================> 96%] [Cov:================================>  94%]
[Progress:=============================>97%] [Cov:================================>  94%]
[Progress:=============================>97%] [Cov:================================>  92%]
[Progress:=============================>97%] [Cov:================================>  94%]
[Progress:=============================>97%] [Cov:================================>  92%]
[Progress:=============================>97%] [Cov:================================>  94%]
[Progress:=============================>97%] [Cov:================================>  92%]
[Progress:=============================>97%] [Cov:================================>  94%]
[Progress:=============================>97%] [Cov:================================>  92%]
[Progress:=============================>97%] [Cov:================================>  94%]
[Progress:=============================>97%] [Cov:================================>  92%]
[Progress:=============================>97%] [Cov:================================>  94%]
[Progress:=============================>97%] [Cov:================================>  92%]
[Progress:=============================>97%] [Cov:================================>  94%]
[Progress:=============================>97%] [Cov:================================>  92%]
[Progress:=============================>97%] [Cov:================================>  94%]
[Progress:=============================>97%] [Cov:================================>  92%]
[Progress:=============================>97%] [Cov:================================>  94%]
[Progress:=============================>97%] [Cov:================================>  92%]
[Progress:=============================>97%] [Cov:================================>  94%]
[Progress:=============================>98%] [Cov:================================>  94%]
[Progress:=============================>98%] [Cov:================================>  92%]
[Progress:=============================>98%] [Cov:================================>  94%]
[Progress:=============================>98%] [Cov:================================>  92%]
[Progress:=============================>98%] [Cov:================================>  94%]
[Progress:=============================>98%] [Cov:================================>  92%]
[Progress:=============================>98%] [Cov:================================>  94%]
[Progress:=============================>98%] [Cov:================================>  92%]
[Progress:=============================>98%] [Cov:================================>  94%]
[Progress:=============================>98%] [Cov:================================>  92%]
[Progress:=============================>98%] [Cov:================================>  94%]
[Progress:=============================>98%] [Cov:================================>  92%]
[Progress:=============================>98%] [Cov:================================>  94%]
[Progress:=============================>98%] [Cov:================================>  92%]
[Progress:=============================>98%] [Cov:================================>  94%]
[Progress:=============================>98%] [Cov:================================>  92%]
[Progress:=============================>98%] [Cov:================================>  94%]
[Progress:=============================>98%] [Cov:================================>  92%]
[Progress:=============================>98%] [Cov:================================>  94%]
[Progress:=============================>98%] [Cov:================================>  92%]
[Progress:=============================>98%] [Cov:================================>  94%]
[Progress:=============================>98%] [Cov:================================>  92%]
[Progress:=============================>98%] [Cov:================================>  94%]
[Progress:=============================>98%] [Cov:================================>  92%]
[Progress:=============================>98%] [Cov:================================>  93%]
[Progress:=============================>98%] [Cov:================================>  94%]
[Progress:=============================>98%] [Cov:================================>  92%]
[Progress:=============================>98%] [Cov:================================>  94%]
[Progress:=============================>98%] [Cov:================================>  92%]
[Progress:=============================>98%] [Cov:================================>  94%]
[Progress:=============================>98%] [Cov:================================>  92%]
[Progress:=============================>98%] [Cov:================================>  94%]
[Progress:=============================>98%] [Cov:================================>  92%]
[Progress:=============================>98%] [Cov:================================>  94%]
[Progress:=============================>98%] [Cov:================================>  92%]
[Progress:=============================>98%] [Cov:================================>  94%]
[Progress:=============================>98%] [Cov:================================>  92%]
[Progress:=============================>98%] [Cov:================================>  94%]
[Progress:=============================>98%] [Cov:================================>  92%]
[Progress:=============================>98%] [Cov:================================>  94%]
[Progress:=============================>99%] [Cov:================================>  93%]
[Progress:=============================>99%] [Cov:================================>  94%]
[Progress:=============================>99%] [Cov:================================>  92%]
[Progress:=============================>99%] [Cov:================================>  94%]
[Progress:=============================>99%] [Cov:================================>  92%]
[Progress:=============================>99%] [Cov:================================>  94%]
[Progress:=============================>99%] [Cov:================================>  92%]
[Progress:=============================>99%] [Cov:================================>  94%]
[Progress:=============================>99%] [Cov:================================>  92%]
[Progress:=============================>99%] [Cov:================================>  94%]
[Progress:=============================>99%] [Cov:================================>  92%]
[Progress:=============================>99%] [Cov:================================>  94%]
[Progress:=============================>99%] [Cov:================================>  92%]
[Progress:=============================>99%] [Cov:================================>  94%]
[Progress:=============================>99%] [Cov:================================>  92%]
[Progress:=============================>99%] [Cov:================================>  94%]
[Progress:=============================>99%] [Cov:================================>  92%]
[Progress:=============================>99%] [Cov:================================>  93%]
[Progress:=============================>99%] [Cov:================================>  94%]
[Progress:=============================>99%] [Cov:================================>  92%]
[Progress:=============================>99%] [Cov:================================>  94%]
[Progress:=============================>99%] [Cov:================================>  92%]
[Progress:=============================>99%] [Cov:================================>  94%]
[Progress:=============================>99%] [Cov:================================>  92%]
[Progress:=============================>99%] [Cov:================================>  93%]
[Progress:=============================>99%] [Cov:================================>  94%]
[Progress:=============================>99%] [Cov:================================>  92%]
[Progress:=============================>99%] [Cov:================================>  94%]
[Progress:==============================100%] [Cov:================================>  94%]
[Progress:==============================100%] [Cov:================================>  92%]
[Progress:==============================100%] [Cov:================================>  94%]
[Progress:==============================100%] [Cov:================================>  92%]
[Progress:==============================100%] [Cov:================================>  94%]
[Progress:==============================100%] [Cov:================================>  92%]
[Progress:==============================100%] [Cov:================================>  94%]
[Progress:==============================100%] [Cov:================================>  92%]
[Progress:==============================100%] [Cov:================================>  94%]
[Progress:==============================100%] [Cov:================================>  92%]
[Progress:==============================100%] [Cov:================================>  94%]
[Progress:==============================100%] [Cov:================================>  92%]
[Progress:==============================100%] [Cov:================================>  94%]
[Progress:==============================100%] [Cov:================================>  92%]
[Progress:==============================100%] [Cov:================================>  94%]
[Progress:==============================100%] [Cov:================================>  92%]
[Progress:==============================100%] [Cov:================================>  94%]
[Progress:==============================100%] [Cov:================================>  92%]
[Progress:==============================100%] [Cov:================================>  94%]
[Progress:==============================100%] [Cov:================================>  92%]
[Progress:==============================100%] [Cov:================================>  94%]
[Progress:==============================100%] [Cov:================================>  92%]
[Progress:==============================100%] [Cov:================================>  94%]
[Progress:==============================100%] [Cov:================================>  92%]
[Progress:==============================100%] [Cov:================================>  94%]
[Progress:==============================100%] [Cov:================================>  92%]
* Search finished after 151s and 1352 generations, 411979 statements, best individual has fitness: 30.5
* Minimizing test suite
* Going to analyze the coverage criteria
* Coverage analysis for criterion LINE
* Coverage of criterion LINE: 100%
* Total number of goals: 28
* Number of covered goals: 28
* Coverage analysis for criterion BRANCH
* Coverage of criterion BRANCH: 100%
* Total number of goals: 16
* Number of covered goals: 16
* Coverage analysis for criterion EXCEPTION
* Coverage of criterion EXCEPTION: 0%
* Total number of goals: 6
* Number of covered goals: 0
* Coverage analysis for criterion WEAKMUTATION
* Coverage of criterion WEAKMUTATION: 84%
* Total number of goals: 31
* Number of covered goals: 26
* Coverage analysis for criterion OUTPUT
* Coverage of criterion OUTPUT: 46%
* Total number of goals: 52
* Number of covered goals: 24
* Coverage analysis for criterion METHOD
* Coverage of criterion METHOD: 100%
* Total number of goals: 13
* Number of covered goals: 13
* Coverage analysis for criterion METHODNOEXCEPTION
* Coverage of criterion METHODNOEXCEPTION: 100%
* Total number of goals: 13
* Number of covered goals: 13
* Coverage analysis for criterion CBRANCH
* Coverage of criterion CBRANCH: 100%
* Total number of goals: 16
* Number of covered goals: 16
* Generated 12 tests with total length 31
* Resulting test suite's coverage: 92% (average coverage for all fitness functions)
* Generating assertions
* Resulting test suite's mutation score: 45%
* Compiling and checking tests
* Writing tests to file
* Writing JUnit test case 'Parser_ESTest' to evosuite-tests
* Done!

* Computation finished

