CMD: /usr/lib/jvm/java-8-openjdk-amd64/bin/java -Dtools_jar_location=/usr/lib/jvm/java-8-openjdk-amd64/lib/tools.jar -jar /home/pizza/evosuite/evosuite-1.2.0.jar -generateSuite -class com.google.javascript.jscomp.SourceMap -projectCP /home/pizza/evosuite/Test/Closure-47b/build/classes:/home/pizza/evosuite/Test/Closure-47b/lib/args4j.jar:/home/pizza/evosuite/Test/Closure-47b/lib/guava.jar:/home/pizza/evosuite/Test/Closure-47b/lib/json.jar:/home/pizza/evosuite/Test/Closure-47b/lib/jsr305.jar:/home/pizza/evosuite/Test/Closure-47b/lib/protobuf-java.jar:/home/pizza/evosuite/Test/Closure-47b/build/lib/rhino.jar:/home/pizza/evosuite/Test/Closure-47b/lib/ant.jar -base_dir /home/pizza/evosuite/results/project-Closure/Closure-47/round02/evosuite-work -seed 11 -Dalgorithm=NSGAII -Dsearch_budget=150 -Dtest_format=JUNIT4 -Dassertions=true

* EvoSuite 1.2.0
* Going to generate test cases for class: com.google.javascript.jscomp.SourceMap
* Starting Client-0
* Connecting to master process on port 8220
* Analyzing classpath: 
  - /home/pizza/evosuite/Test/Closure-47b/build/classes
  - /home/pizza/evosuite/Test/Closure-47b/lib/args4j.jar
  - /home/pizza/evosuite/Test/Closure-47b/lib/guava.jar
  - /home/pizza/evosuite/Test/Closure-47b/lib/json.jar
  - /home/pizza/evosuite/Test/Closure-47b/lib/jsr305.jar
  - /home/pizza/evosuite/Test/Closure-47b/lib/protobuf-java.jar
  - /home/pizza/evosuite/Test/Closure-47b/build/lib/rhino.jar
  - /home/pizza/evosuite/Test/Closure-47b/lib/ant.jar
* Finished analyzing classpath
* Generating tests for class com.google.javascript.jscomp.SourceMap
* Test criteria:
  - Line Coverage
  - Branch Coverage
  - Exception
  - Mutation testing (weak)
  - Method-Output Coverage
  - Top-Level Method Coverage
  - No-Exception Top-Level Method Coverage
  - Context Branch Coverage
* Setting up search algorithm for whole suite generation
* Total number of test goals: 
  - Line 62
  - Branch 50
  - Exception 0
  - MutationFactory 61
  - Output 0
  - Method 8

[Progress:>                             0%] [Cov:>                                  0%]  - MethodNoException 8
  - CBranchFitnessFactory 50
* Using seed 11
* Starting evolution

[Progress:>                             0%] [Cov:>                                  0%]
[Progress:>                             1%] [Cov:>                                  0%]
[Progress:>                             1%] [Cov:>                                  1%]
[Progress:>                             1%] [Cov:====>                              13%]
[Progress:>                             1%] [Cov:========>                          24%]
[Progress:>                             1%] [Cov:========>                          25%]
[Progress:>                             1%] [Cov:=========>                         26%]
[Progress:>                             1%] [Cov:=========>                         27%]
[Progress:>                             2%] [Cov:>                                  0%]
[Progress:>                             2%] [Cov:>                                  1%]
[Progress:>                             2%] [Cov:====>                              13%]
[Progress:>                             2%] [Cov:========>                          24%]
[Progress:>                             2%] [Cov:========>                          25%]
[Progress:>                             2%] [Cov:=========>                         26%]
[Progress:>                             2%] [Cov:=========>                         27%]
[Progress:>                             2%] [Cov:=========>                         27%]
[Progress:>                             2%] [Cov:=========>                         27%]
[Progress:>                             2%] [Cov:=========>                         26%]
[Progress:>                             2%] [Cov:=========>                         27%]
[Progress:>                             3%] [Cov:=========>                         27%]
[Progress:>                             3%] [Cov:=========>                         27%]
[Progress:>                             3%] [Cov:=========>                         27%]
[Progress:>                             3%] [Cov:=========>                         27%]
[Progress:=>                            4%] [Cov:=========>                         27%]
[Progress:=>                            4%] [Cov:=========>                         27%]
[Progress:=>                            4%] [Cov:=========>                         27%]
[Progress:=>                            4%] [Cov:=========>                         27%]
[Progress:=>                            4%] [Cov:=========>                         27%]
[Progress:=>                            4%] [Cov:=========>                         27%]
[Progress:=>                            4%] [Cov:=========>                         27%]
[Progress:=>                            4%] [Cov:=========>                         27%]
[Progress:=>                            5%] [Cov:=========>                         27%]
[Progress:=>                            5%] [Cov:=========>                         27%]
[Progress:=>                            5%] [Cov:=========>                         27%]
[Progress:=>                            5%] [Cov:=========>                         27%]
[Progress:=>                            5%] [Cov:=========>                         27%]
[Progress:=>                            5%] [Cov:=========>                         27%]
[Progress:=>                            5%] [Cov:=========>                         27%]
[Progress:=>                            5%] [Cov:=========>                         27%]
[Progress:=>                            6%] [Cov:=========>                         27%]
[Progress:=>                            6%] [Cov:=========>                         27%]
[Progress:=>                            6%] [Cov:=========>                         27%]
[Progress:=>                            6%] [Cov:=========>                         27%]
[Progress:=>                            6%] [Cov:=========>                         27%]
[Progress:=>                            6%] [Cov:=========>                         27%]
[Progress:=>                            6%] [Cov:=========>                         27%]
[Progress:=>                            6%] [Cov:=========>                         27%]
[Progress:=>                            6%] [Cov:=========>                         27%]
[Progress:=>                            6%] [Cov:=========>                         27%]
[Progress:=>                            6%] [Cov:=========>                         27%]
[Progress:=>                            6%] [Cov:=========>                         27%]
[Progress:=>                            6%] [Cov:=========>                         27%]
[Progress:==>                           7%] [Cov:=========>                         27%]
[Progress:==>                           7%] [Cov:=========>                         27%]
[Progress:==>                           7%] [Cov:=========>                         27%]
[Progress:==>                           7%] [Cov:=========>                         27%]
[Progress:==>                           7%] [Cov:=========>                         27%]
[Progress:==>                           7%] [Cov:=========>                         27%]
[Progress:==>                           7%] [Cov:=========>                         27%]
[Progress:==>                           7%] [Cov:=========>                         27%]
[Progress:==>                           7%] [Cov:=========>                         27%]
[Progress:==>                           7%] [Cov:=========>                         27%]
[Progress:==>                           7%] [Cov:=========>                         27%]
[Progress:==>                           7%] [Cov:=========>                         27%]
[Progress:==>                           7%] [Cov:=========>                         27%]
[Progress:==>                           7%] [Cov:=========>                         27%]
[Progress:==>                           7%] [Cov:=========>                         27%]
[Progress:==>                           7%] [Cov:=========>                         27%]
[Progress:==>                           7%] [Cov:=========>                         27%]
[Progress:==>                           7%] [Cov:=========>                         27%]
[Progress:==>                           7%] [Cov:=========>                         27%]
[Progress:==>                           7%] [Cov:=========>                         27%]
[Progress:==>                           8%] [Cov:=========>                         26%]
[Progress:==>                           8%] [Cov:=========>                         27%]
[Progress:==>                           8%] [Cov:=========>                         27%]
[Progress:==>                           8%] [Cov:=========>                         27%]
[Progress:==>                           8%] [Cov:=========>                         27%]
[Progress:==>                           8%] [Cov:=========>                         27%]
[Progress:==>                           8%] [Cov:=========>                         27%]
[Progress:==>                           8%] [Cov:=========>                         27%]
[Progress:==>                           8%] [Cov:=========>                         27%]
[Progress:==>                           8%] [Cov:=========>                         27%]
[Progress:==>                           8%] [Cov:=========>                         27%]
[Progress:==>                           8%] [Cov:=========>                         27%]
[Progress:==>                           8%] [Cov:=========>                         27%]
[Progress:==>                           8%] [Cov:=========>                         27%]
[Progress:==>                           8%] [Cov:=========>                         27%]
[Progress:==>                           8%] [Cov:=========>                         27%]
[Progress:==>                           8%] [Cov:=========>                         27%]
[Progress:==>                           8%] [Cov:=========>                         27%]
[Progress:==>                           8%] [Cov:=========>                         27%]
[Progress:==>                           8%] [Cov:=========>                         27%]
[Progress:==>                           8%] [Cov:=========>                         27%]
[Progress:==>                           8%] [Cov:=========>                         27%]
[Progress:==>                           8%] [Cov:=========>                         27%]
[Progress:==>                           8%] [Cov:=========>                         27%]
[Progress:==>                           8%] [Cov:=========>                         27%]
[Progress:==>                           8%] [Cov:=========>                         27%]
[Progress:==>                           8%] [Cov:=========>                         27%]
[Progress:==>                           8%] [Cov:=========>                         27%]
[Progress:==>                           8%] [Cov:=========>                         27%]
[Progress:==>                           8%] [Cov:=========>                         27%]
[Progress:==>                           8%] [Cov:=========>                         27%]
[Progress:==>                           8%] [Cov:=========>                         27%]
[Progress:==>                           8%] [Cov:=========>                         27%]
[Progress:==>                           8%] [Cov:=========>                         27%]
[Progress:==>                           8%] [Cov:=========>                         27%]
[Progress:==>                           8%] [Cov:=========>                         27%]
[Progress:==>                           9%] [Cov:=========>                         27%]
[Progress:==>                           9%] [Cov:=========>                         27%]
[Progress:==>                           9%] [Cov:=========>                         27%]
[Progress:==>                           9%] [Cov:=========>                         27%]
[Progress:==>                           9%] [Cov:=========>                         27%]
[Progress:==>                           9%] [Cov:=========>                         27%]
[Progress:==>                           9%] [Cov:=========>                         27%]
[Progress:==>                           9%] [Cov:=========>                         27%]
[Progress:==>                           9%] [Cov:=========>                         27%]
[Progress:==>                           9%] [Cov:=========>                         27%]
[Progress:==>                           9%] [Cov:=========>                         27%]
[Progress:==>                           9%] [Cov:=========>                         27%]
[Progress:==>                           9%] [Cov:=========>                         27%]
[Progress:==>                           9%] [Cov:=========>                         27%]
[Progress:==>                           9%] [Cov:=========>                         27%]
[Progress:==>                           9%] [Cov:=========>                         27%]
[Progress:==>                           9%] [Cov:=========>                         27%]
[Progress:==>                           9%] [Cov:=========>                         27%]
[Progress:==>                           9%] [Cov:=========>                         27%]
[Progress:==>                           9%] [Cov:=========>                         27%]
[Progress:===>                          10%] [Cov:=========>                         27%]
[Progress:===>                          10%] [Cov:=========>                         27%]
[Progress:===>                          10%] [Cov:=========>                         27%]
[Progress:===>                          10%] [Cov:=========>                         27%]
[Progress:===>                          10%] [Cov:=========>                         27%]
[Progress:===>                          10%] [Cov:=========>                         27%]
[Progress:===>                          10%] [Cov:=========>                         27%]
[Progress:===>                          10%] [Cov:=========>                         27%]
[Progress:===>                          10%] [Cov:=========>                         27%]
[Progress:===>                          10%] [Cov:=========>                         27%]
[Progress:===>                          10%] [Cov:=========>                         27%]
[Progress:===>                          10%] [Cov:=========>                         27%]
[Progress:===>                          10%] [Cov:=========>                         27%]
[Progress:===>                          10%] [Cov:=========>                         27%]
[Progress:===>                          10%] [Cov:=========>                         27%]
[Progress:===>                          10%] [Cov:=========>                         27%]
[Progress:===>                          10%] [Cov:=========>                         27%]
[Progress:===>                          10%] [Cov:=========>                         27%]
[Progress:===>                          10%] [Cov:=========>                         27%]
[Progress:===>                          10%] [Cov:=========>                         27%]
[Progress:===>                          10%] [Cov:=========>                         27%]
[Progress:===>                          10%] [Cov:=========>                         27%]
[Progress:===>                          10%] [Cov:=========>                         27%]
[Progress:===>                          10%] [Cov:=========>                         27%]
[Progress:===>                          10%] [Cov:=========>                         27%]
[Progress:===>                          10%] [Cov:=========>                         27%]
[Progress:===>                          10%] [Cov:=========>                         27%]
[Progress:===>                          10%] [Cov:=========>                         27%]
[Progress:===>                          10%] [Cov:=========>                         27%]
[Progress:===>                          10%] [Cov:=========>                         27%]
[Progress:===>                          10%] [Cov:=========>                         27%]
[Progress:===>                          10%] [Cov:=========>                         27%]
[Progress:===>                          10%] [Cov:=========>                         27%]
[Progress:===>                          10%] [Cov:=========>                         27%]
[Progress:===>                          10%] [Cov:=========>                         27%]
[Progress:===>                          10%] [Cov:=========>                         27%]
[Progress:===>                          10%] [Cov:=========>                         27%]
[Progress:===>                          10%] [Cov:=========>                         27%]
[Progress:===>                          10%] [Cov:=========>                         27%]
[Progress:===>                          10%] [Cov:=========>                         27%]
[Progress:===>                          10%] [Cov:=========>                         27%]
[Progress:===>                          10%] [Cov:=========>                         27%]
[Progress:===>                          10%] [Cov:=========>                         27%]
[Progress:===>                          10%] [Cov:=========>                         27%]
[Progress:===>                          10%] [Cov:=========>                         27%]
[Progress:===>                          10%] [Cov:=========>                         27%]
[Progress:===>                          10%] [Cov:=========>                         27%]
[Progress:===>                          10%] [Cov:=========>                         27%]
[Progress:===>                          11%] [Cov:=========>                         27%]
[Progress:===>                          11%] [Cov:=========>                         27%]
[Progress:===>                          11%] [Cov:=========>                         27%]
[Progress:===>                          11%] [Cov:=========>                         27%]
[Progress:===>                          11%] [Cov:=========>                         27%]
[Progress:===>                          11%] [Cov:=========>                         27%]
[Progress:===>                          11%] [Cov:=========>                         27%]
[Progress:===>                          11%] [Cov:=========>                         27%]
[Progress:===>                          11%] [Cov:=========>                         27%]
[Progress:===>                          11%] [Cov:=========>                         27%]
[Progress:===>                          11%] [Cov:=========>                         27%]
[Progress:===>                          11%] [Cov:=========>                         27%]
[Progress:===>                          11%] [Cov:=========>                         27%]
[Progress:===>                          11%] [Cov:=========>                         27%]
[Progress:===>                          11%] [Cov:=========>                         27%]
[Progress:===>                          11%] [Cov:=========>                         27%]
[Progress:===>                          11%] [Cov:=========>                         27%]
[Progress:===>                          11%] [Cov:=========>                         27%]
[Progress:===>                          11%] [Cov:=========>                         27%]
[Progress:===>                          11%] [Cov:=========>                         27%]
[Progress:===>                          11%] [Cov:=========>                         27%]
[Progress:===>                          11%] [Cov:=========>                         27%]
[Progress:===>                          11%] [Cov:=========>                         27%]
[Progress:===>                          11%] [Cov:=========>                         27%]
[Progress:===>                          11%] [Cov:=========>                         27%]
[Progress:===>                          11%] [Cov:=========>                         27%]
[Progress:===>                          11%] [Cov:=========>                         27%]
[Progress:===>                          11%] [Cov:=========>                         27%]
[Progress:===>                          12%] [Cov:=========>                         27%]
[Progress:===>                          12%] [Cov:=========>                         27%]
[Progress:===>                          12%] [Cov:=========>                         27%]
[Progress:===>                          12%] [Cov:=========>                         27%]
[Progress:===>                          12%] [Cov:=========>                         27%]
[Progress:===>                          12%] [Cov:=========>                         27%]
[Progress:===>                          12%] [Cov:=========>                         27%]
[Progress:===>                          12%] [Cov:=========>                         27%]
[Progress:===>                          12%] [Cov:=========>                         27%]
[Progress:===>                          12%] [Cov:=========>                         27%]
[Progress:===>                          12%] [Cov:=========>                         27%]
[Progress:===>                          12%] [Cov:=========>                         27%]
[Progress:===>                          12%] [Cov:=========>                         27%]
[Progress:===>                          12%] [Cov:=========>                         27%]
[Progress:===>                          12%] [Cov:=========>                         27%]
[Progress:===>                          12%] [Cov:=========>                         27%]
[Progress:===>                          12%] [Cov:=========>                         27%]
[Progress:===>                          12%] [Cov:=========>                         27%]
[Progress:===>                          12%] [Cov:=========>                         27%]
[Progress:===>                          12%] [Cov:=========>                         27%]
[Progress:===>                          12%] [Cov:=========>                         27%]
[Progress:===>                          12%] [Cov:=========>                         27%]
[Progress:===>                          12%] [Cov:=========>                         27%]
[Progress:===>                          12%] [Cov:=========>                         27%]
[Progress:===>                          12%] [Cov:=========>                         27%]
[Progress:===>                          12%] [Cov:=========>                         27%]
[Progress:===>                          12%] [Cov:=========>                         27%]
[Progress:===>                          12%] [Cov:=========>                         27%]
[Progress:===>                          12%] [Cov:=========>                         27%]
[Progress:===>                          12%] [Cov:=========>                         27%]
[Progress:===>                          12%] [Cov:=========>                         27%]
[Progress:===>                          12%] [Cov:=========>                         27%]
[Progress:===>                          12%] [Cov:=========>                         27%]
[Progress:===>                          12%] [Cov:=========>                         27%]
[Progress:===>                          12%] [Cov:=========>                         27%]
[Progress:===>                          12%] [Cov:=========>                         27%]
[Progress:===>                          12%] [Cov:=========>                         27%]
[Progress:===>                          12%] [Cov:=========>                         27%]
[Progress:===>                          12%] [Cov:=========>                         27%]
[Progress:===>                          12%] [Cov:=========>                         27%]
[Progress:===>                          12%] [Cov:=========>                         27%]
[Progress:===>                          12%] [Cov:=========>                         27%]
[Progress:===>                          12%] [Cov:=========>                         27%]
[Progress:===>                          12%] [Cov:=========>                         27%]
[Progress:===>                          12%] [Cov:=========>                         27%]
[Progress:===>                          12%] [Cov:=========>                         27%]
[Progress:===>                          12%] [Cov:=========>                         27%]
[Progress:===>                          12%] [Cov:=========>                         27%]
[Progress:===>                          12%] [Cov:=========>                         27%]
[Progress:===>                          12%] [Cov:=========>                         27%]
[Progress:===>                          12%] [Cov:=========>                         27%]
[Progress:===>                          12%] [Cov:=========>                         27%]
[Progress:===>                          12%] [Cov:=========>                         27%]
[Progress:===>                          12%] [Cov:=========>                         27%]
[Progress:===>                          12%] [Cov:=========>                         27%]
[Progress:===>                          12%] [Cov:=========>                         27%]
[Progress:===>                          12%] [Cov:=========>                         27%]
[Progress:===>                          13%] [Cov:=========>                         27%]
[Progress:===>                          13%] [Cov:=========>                         27%]
[Progress:===>                          13%] [Cov:=========>                         27%]
[Progress:===>                          13%] [Cov:=========>                         27%]
[Progress:===>                          13%] [Cov:=========>                         27%]
[Progress:===>                          13%] [Cov:=========>                         27%]
[Progress:===>                          13%] [Cov:=========>                         27%]
[Progress:===>                          13%] [Cov:=========>                         27%]
[Progress:===>                          13%] [Cov:=========>                         27%]
[Progress:===>                          13%] [Cov:=========>                         27%]
[Progress:===>                          13%] [Cov:=========>                         27%]
[Progress:===>                          13%] [Cov:=========>                         27%]
[Progress:===>                          13%] [Cov:=========>                         27%]
[Progress:===>                          13%] [Cov:=========>                         27%]
[Progress:===>                          13%] [Cov:=========>                         27%]
[Progress:===>                          13%] [Cov:=========>                         27%]
[Progress:===>                          13%] [Cov:=========>                         27%]
[Progress:===>                          13%] [Cov:=========>                         27%]
[Progress:===>                          13%] [Cov:=========>                         27%]
[Progress:===>                          13%] [Cov:=========>                         27%]
[Progress:===>                          13%] [Cov:=========>                         27%]
[Progress:===>                          13%] [Cov:=========>                         27%]
[Progress:===>                          13%] [Cov:=========>                         27%]
[Progress:===>                          13%] [Cov:=========>                         27%]
[Progress:===>                          13%] [Cov:=========>                         27%]
[Progress:===>                          13%] [Cov:=========>                         27%]
[Progress:===>                          13%] [Cov:=========>                         27%]
[Progress:===>                          13%] [Cov:=========>                         27%]
[Progress:===>                          13%] [Cov:=========>                         27%]
[Progress:===>                          13%] [Cov:=========>                         27%]
[Progress:====>                         14%] [Cov:=========>                         27%]
[Progress:====>                         14%] [Cov:=========>                         27%]
[Progress:====>                         14%] [Cov:=========>                         27%]
[Progress:====>                         14%] [Cov:=========>                         27%]
[Progress:====>                         14%] [Cov:=========>                         27%]
[Progress:====>                         14%] [Cov:=========>                         27%]
[Progress:====>                         14%] [Cov:=========>                         27%]
[Progress:====>                         14%] [Cov:=========>                         27%]
[Progress:====>                         14%] [Cov:=========>                         27%]
[Progress:====>                         14%] [Cov:=========>                         27%]
[Progress:====>                         14%] [Cov:=========>                         27%]
[Progress:====>                         14%] [Cov:=========>                         27%]
[Progress:====>                         14%] [Cov:=========>                         27%]
[Progress:====>                         14%] [Cov:=========>                         27%]
[Progress:====>                         14%] [Cov:=========>                         27%]
[Progress:====>                         14%] [Cov:=========>                         27%]
[Progress:====>                         14%] [Cov:=========>                         27%]
[Progress:====>                         14%] [Cov:=========>                         27%]
[Progress:====>                         14%] [Cov:=========>                         27%]
[Progress:====>                         14%] [Cov:=========>                         27%]
[Progress:====>                         14%] [Cov:=========>                         27%]
[Progress:====>                         14%] [Cov:=========>                         27%]
[Progress:====>                         14%] [Cov:=========>                         27%]
[Progress:====>                         14%] [Cov:=========>                         27%]
[Progress:====>                         14%] [Cov:=========>                         27%]
[Progress:====>                         14%] [Cov:=========>                         27%]
[Progress:====>                         14%] [Cov:=========>                         27%]
[Progress:====>                         14%] [Cov:=========>                         27%]
[Progress:====>                         14%] [Cov:=========>                         27%]
[Progress:====>                         14%] [Cov:=========>                         27%]
[Progress:====>                         14%] [Cov:=========>                         27%]
[Progress:====>                         14%] [Cov:=========>                         27%]
[Progress:====>                         14%] [Cov:=========>                         27%]
[Progress:====>                         14%] [Cov:=========>                         27%]
[Progress:====>                         14%] [Cov:=========>                         27%]
[Progress:====>                         14%] [Cov:=========>                         27%]
[Progress:====>                         14%] [Cov:=========>                         27%]
[Progress:====>                         14%] [Cov:=========>                         27%]
[Progress:====>                         14%] [Cov:=========>                         27%]
[Progress:====>                         14%] [Cov:=========>                         27%]
[Progress:====>                         14%] [Cov:=========>                         27%]
[Progress:====>                         14%] [Cov:=========>                         27%]
[Progress:====>                         14%] [Cov:=========>                         27%]
[Progress:====>                         14%] [Cov:=========>                         27%]
[Progress:====>                         14%] [Cov:=========>                         27%]
[Progress:====>                         14%] [Cov:=========>                         27%]
[Progress:====>                         14%] [Cov:=========>                         27%]
[Progress:====>                         15%] [Cov:=========>                         27%]
[Progress:====>                         15%] [Cov:=========>                         27%]
[Progress:====>                         15%] [Cov:=========>                         27%]
[Progress:====>                         15%] [Cov:=========>                         27%]
[Progress:====>                         15%] [Cov:=========>                         27%]
[Progress:====>                         15%] [Cov:=========>                         27%]
[Progress:====>                         15%] [Cov:=========>                         27%]
[Progress:====>                         15%] [Cov:=========>                         27%]
[Progress:====>                         15%] [Cov:=========>                         27%]
[Progress:====>                         15%] [Cov:=========>                         27%]
[Progress:====>                         15%] [Cov:=========>                         27%]
[Progress:====>                         15%] [Cov:=========>                         27%]
[Progress:====>                         15%] [Cov:=========>                         27%]
[Progress:====>                         15%] [Cov:=========>                         27%]
[Progress:====>                         15%] [Cov:=========>                         27%]
[Progress:====>                         15%] [Cov:=========>                         27%]
[Progress:====>                         15%] [Cov:=========>                         27%]
[Progress:====>                         15%] [Cov:=========>                         27%]
[Progress:====>                         15%] [Cov:=========>                         27%]
[Progress:====>                         15%] [Cov:=========>                         27%]
[Progress:====>                         16%] [Cov:=========>                         27%]
[Progress:====>                         16%] [Cov:=========>                         27%]
[Progress:====>                         16%] [Cov:=========>                         27%]
[Progress:====>                         16%] [Cov:=========>                         27%]
[Progress:====>                         16%] [Cov:=========>                         27%]
[Progress:====>                         16%] [Cov:=========>                         27%]
[Progress:====>                         16%] [Cov:=========>                         27%]
[Progress:====>                         16%] [Cov:=========>                         27%]
[Progress:====>                         16%] [Cov:=========>                         27%]
[Progress:====>                         16%] [Cov:=========>                         27%]
[Progress:====>                         16%] [Cov:=========>                         27%]
[Progress:====>                         16%] [Cov:=========>                         27%]
[Progress:====>                         16%] [Cov:=========>                         27%]
[Progress:====>                         16%] [Cov:=========>                         27%]
[Progress:====>                         16%] [Cov:=========>                         27%]
[Progress:====>                         16%] [Cov:=========>                         27%]
[Progress:====>                         16%] [Cov:=========>                         27%]
[Progress:====>                         16%] [Cov:=========>                         27%]
[Progress:====>                         16%] [Cov:=========>                         27%]
[Progress:====>                         16%] [Cov:=========>                         27%]
[Progress:====>                         16%] [Cov:=========>                         27%]
[Progress:====>                         16%] [Cov:=========>                         27%]
[Progress:====>                         16%] [Cov:=========>                         27%]
[Progress:====>                         16%] [Cov:=========>                         27%]
[Progress:====>                         16%] [Cov:=========>                         27%]
[Progress:====>                         16%] [Cov:=========>                         27%]
[Progress:====>                         16%] [Cov:=========>                         27%]
[Progress:====>                         16%] [Cov:=========>                         27%]
[Progress:====>                         16%] [Cov:=========>                         27%]
[Progress:====>                         16%] [Cov:=========>                         27%]
[Progress:====>                         16%] [Cov:=========>                         27%]
[Progress:====>                         16%] [Cov:=========>                         27%]
[Progress:====>                         16%] [Cov:=========>                         27%]
[Progress:====>                         16%] [Cov:=========>                         27%]
[Progress:====>                         16%] [Cov:=========>                         27%]
[Progress:====>                         16%] [Cov:=========>                         27%]
[Progress:====>                         16%] [Cov:=========>                         27%]
[Progress:====>                         16%] [Cov:=========>                         27%]
[Progress:====>                         16%] [Cov:=========>                         27%]
[Progress:====>                         16%] [Cov:=========>                         27%]
[Progress:====>                         16%] [Cov:=========>                         27%]
[Progress:====>                         16%] [Cov:=========>                         27%]
[Progress:====>                         16%] [Cov:=========>                         27%]
[Progress:====>                         16%] [Cov:=========>                         27%]
[Progress:====>                         16%] [Cov:=========>                         27%]
[Progress:====>                         16%] [Cov:=========>                         27%]
[Progress:====>                         16%] [Cov:=========>                         27%]
[Progress:====>                         16%] [Cov:=========>                         27%]
[Progress:====>                         16%] [Cov:=========>                         27%]
[Progress:====>                         16%] [Cov:=========>                         27%]
[Progress:====>                         16%] [Cov:=========>                         27%]
[Progress:====>                         16%] [Cov:=========>                         27%]
[Progress:=====>                        17%] [Cov:=========>                         27%]
[Progress:=====>                        17%] [Cov:=========>                         27%]
[Progress:=====>                        17%] [Cov:=========>                         27%]
[Progress:=====>                        17%] [Cov:=========>                         27%]
[Progress:=====>                        17%] [Cov:=========>                         27%]
[Progress:=====>                        17%] [Cov:=========>                         27%]
[Progress:=====>                        17%] [Cov:=========>                         27%]
[Progress:=====>                        17%] [Cov:=========>                         27%]
[Progress:=====>                        17%] [Cov:=========>                         27%]
[Progress:=====>                        17%] [Cov:=========>                         27%]
[Progress:=====>                        17%] [Cov:=========>                         27%]
[Progress:=====>                        17%] [Cov:=========>                         27%]
[Progress:=====>                        17%] [Cov:=========>                         27%]
[Progress:=====>                        17%] [Cov:=========>                         27%]
[Progress:=====>                        17%] [Cov:=========>                         27%]
[Progress:=====>                        17%] [Cov:=========>                         27%]
[Progress:=====>                        17%] [Cov:=========>                         27%]
[Progress:=====>                        17%] [Cov:=========>                         27%]
[Progress:=====>                        17%] [Cov:=========>                         27%]
[Progress:=====>                        17%] [Cov:=========>                         27%]
[Progress:=====>                        17%] [Cov:=========>                         27%]
[Progress:=====>                        17%] [Cov:=========>                         27%]
[Progress:=====>                        17%] [Cov:=========>                         27%]
[Progress:=====>                        17%] [Cov:=========>                         27%]
[Progress:=====>                        17%] [Cov:=========>                         27%]
[Progress:=====>                        17%] [Cov:=========>                         27%]
[Progress:=====>                        18%] [Cov:=========>                         27%]
[Progress:=====>                        18%] [Cov:=========>                         27%]
[Progress:=====>                        18%] [Cov:=========>                         27%]
[Progress:=====>                        18%] [Cov:=========>                         27%]
[Progress:=====>                        18%] [Cov:=========>                         27%]
[Progress:=====>                        18%] [Cov:=========>                         27%]
[Progress:=====>                        18%] [Cov:=========>                         27%]
[Progress:=====>                        18%] [Cov:=========>                         27%]
[Progress:=====>                        18%] [Cov:=========>                         27%]
[Progress:=====>                        18%] [Cov:=========>                         27%]
[Progress:=====>                        18%] [Cov:=========>                         27%]
[Progress:=====>                        18%] [Cov:=========>                         27%]
[Progress:=====>                        18%] [Cov:=========>                         27%]
[Progress:=====>                        18%] [Cov:=========>                         27%]
[Progress:=====>                        18%] [Cov:=========>                         27%]
[Progress:=====>                        18%] [Cov:=========>                         27%]
[Progress:=====>                        18%] [Cov:=========>                         27%]
[Progress:=====>                        18%] [Cov:=========>                         27%]
[Progress:=====>                        18%] [Cov:=========>                         27%]
[Progress:=====>                        18%] [Cov:=========>                         27%]
[Progress:=====>                        18%] [Cov:=========>                         27%]
[Progress:=====>                        18%] [Cov:=========>                         27%]
[Progress:=====>                        18%] [Cov:=========>                         27%]
[Progress:=====>                        18%] [Cov:=========>                         27%]
[Progress:=====>                        18%] [Cov:=========>                         27%]
[Progress:=====>                        18%] [Cov:=========>                         27%]
[Progress:=====>                        18%] [Cov:=========>                         27%]
[Progress:=====>                        18%] [Cov:=========>                         27%]
[Progress:=====>                        18%] [Cov:=========>                         27%]
[Progress:=====>                        18%] [Cov:=========>                         27%]
[Progress:=====>                        18%] [Cov:=========>                         27%]
[Progress:=====>                        18%] [Cov:=========>                         27%]
[Progress:=====>                        18%] [Cov:=========>                         27%]
[Progress:=====>                        18%] [Cov:=========>                         27%]
[Progress:=====>                        18%] [Cov:=========>                         27%]
[Progress:=====>                        18%] [Cov:=========>                         27%]
[Progress:=====>                        18%] [Cov:=========>                         27%]
[Progress:=====>                        18%] [Cov:=========>                         27%]
[Progress:=====>                        18%] [Cov:=========>                         27%]
[Progress:=====>                        18%] [Cov:=========>                         27%]
[Progress:=====>                        18%] [Cov:=========>                         27%]
[Progress:=====>                        18%] [Cov:=========>                         27%]
[Progress:=====>                        18%] [Cov:=========>                         27%]
[Progress:=====>                        18%] [Cov:=========>                         27%]
[Progress:=====>                        18%] [Cov:=========>                         27%]
[Progress:=====>                        18%] [Cov:=========>                         27%]
[Progress:=====>                        19%] [Cov:=========>                         26%]
[Progress:=====>                        19%] [Cov:=========>                         27%]
[Progress:=====>                        19%] [Cov:=========>                         27%]
[Progress:=====>                        19%] [Cov:=========>                         27%]
[Progress:=====>                        19%] [Cov:=========>                         27%]
[Progress:=====>                        19%] [Cov:=========>                         27%]
[Progress:=====>                        19%] [Cov:=========>                         27%]
[Progress:=====>                        19%] [Cov:=========>                         27%]
[Progress:=====>                        19%] [Cov:=========>                         27%]
[Progress:=====>                        19%] [Cov:=========>                         27%]
[Progress:=====>                        19%] [Cov:=========>                         27%]
[Progress:=====>                        19%] [Cov:=========>                         27%]
[Progress:=====>                        19%] [Cov:=========>                         27%]
[Progress:=====>                        19%] [Cov:=========>                         27%]
[Progress:=====>                        19%] [Cov:=========>                         27%]
[Progress:=====>                        19%] [Cov:=========>                         27%]
[Progress:=====>                        19%] [Cov:=========>                         27%]
[Progress:=====>                        19%] [Cov:=========>                         27%]
[Progress:=====>                        19%] [Cov:=========>                         27%]
[Progress:=====>                        19%] [Cov:=========>                         27%]
[Progress:=====>                        19%] [Cov:=========>                         27%]
[Progress:=====>                        19%] [Cov:=========>                         27%]
[Progress:======>                       20%] [Cov:=========>                         27%]
[Progress:======>                       20%] [Cov:=========>                         27%]
[Progress:======>                       20%] [Cov:=========>                         27%]
[Progress:======>                       20%] [Cov:=========>                         27%]
[Progress:======>                       20%] [Cov:=========>                         27%]
[Progress:======>                       20%] [Cov:=========>                         27%]
[Progress:======>                       20%] [Cov:=========>                         27%]
[Progress:======>                       20%] [Cov:=========>                         27%]
[Progress:======>                       20%] [Cov:=========>                         27%]
[Progress:======>                       20%] [Cov:=========>                         27%]
[Progress:======>                       20%] [Cov:=========>                         27%]
[Progress:======>                       20%] [Cov:=========>                         27%]
[Progress:======>                       20%] [Cov:=========>                         27%]
[Progress:======>                       20%] [Cov:=========>                         27%]
[Progress:======>                       20%] [Cov:=========>                         27%]
[Progress:======>                       20%] [Cov:=========>                         27%]
[Progress:======>                       20%] [Cov:=========>                         27%]
[Progress:======>                       20%] [Cov:=========>                         27%]
[Progress:======>                       20%] [Cov:=========>                         27%]
[Progress:======>                       20%] [Cov:=========>                         27%]
[Progress:======>                       20%] [Cov:=========>                         27%]
[Progress:======>                       20%] [Cov:=========>                         27%]
[Progress:======>                       20%] [Cov:=========>                         27%]
[Progress:======>                       20%] [Cov:=========>                         27%]
[Progress:======>                       20%] [Cov:=========>                         27%]
[Progress:======>                       20%] [Cov:=========>                         27%]
[Progress:======>                       20%] [Cov:=========>                         27%]
[Progress:======>                       20%] [Cov:=========>                         27%]
[Progress:======>                       20%] [Cov:=========>                         27%]
[Progress:======>                       20%] [Cov:=========>                         27%]
[Progress:======>                       20%] [Cov:=========>                         27%]
[Progress:======>                       20%] [Cov:=========>                         27%]
[Progress:======>                       20%] [Cov:=========>                         27%]
[Progress:======>                       20%] [Cov:=========>                         27%]
[Progress:======>                       20%] [Cov:=========>                         27%]
[Progress:======>                       20%] [Cov:=========>                         27%]
[Progress:======>                       20%] [Cov:=========>                         27%]
[Progress:======>                       20%] [Cov:=========>                         27%]
[Progress:======>                       20%] [Cov:=========>                         27%]
[Progress:======>                       20%] [Cov:=========>                         27%]
[Progress:======>                       20%] [Cov:=========>                         27%]
[Progress:======>                       20%] [Cov:=========>                         27%]
[Progress:======>                       20%] [Cov:=========>                         27%]
[Progress:======>                       20%] [Cov:=========>                         27%]
[Progress:======>                       21%] [Cov:=========>                         27%]
[Progress:======>                       21%] [Cov:=========>                         27%]
[Progress:======>                       21%] [Cov:=========>                         27%]
[Progress:======>                       21%] [Cov:=========>                         27%]
[Progress:======>                       21%] [Cov:=========>                         27%]
[Progress:======>                       21%] [Cov:=========>                         27%]
[Progress:======>                       21%] [Cov:=========>                         27%]
[Progress:======>                       21%] [Cov:=========>                         27%]
[Progress:======>                       21%] [Cov:=========>                         27%]
[Progress:======>                       21%] [Cov:=========>                         27%]
[Progress:======>                       21%] [Cov:=========>                         27%]
[Progress:======>                       21%] [Cov:=========>                         27%]
[Progress:======>                       21%] [Cov:=========>                         27%]
[Progress:======>                       21%] [Cov:=========>                         27%]
[Progress:======>                       21%] [Cov:=========>                         27%]
[Progress:======>                       21%] [Cov:=========>                         27%]
[Progress:======>                       21%] [Cov:=========>                         27%]
[Progress:======>                       21%] [Cov:=========>                         27%]
[Progress:======>                       21%] [Cov:=========>                         27%]
[Progress:======>                       21%] [Cov:=========>                         27%]
[Progress:======>                       22%] [Cov:=========>                         26%]
[Progress:======>                       22%] [Cov:=========>                         27%]
[Progress:======>                       22%] [Cov:=========>                         27%]
[Progress:======>                       22%] [Cov:=========>                         27%]
[Progress:======>                       22%] [Cov:=========>                         27%]
[Progress:======>                       22%] [Cov:=========>                         27%]
[Progress:======>                       22%] [Cov:=========>                         27%]
[Progress:======>                       22%] [Cov:=========>                         27%]
[Progress:======>                       22%] [Cov:=========>                         27%]
[Progress:======>                       22%] [Cov:=========>                         27%]
[Progress:======>                       22%] [Cov:=========>                         27%]
[Progress:======>                       22%] [Cov:=========>                         27%]
[Progress:======>                       22%] [Cov:=========>                         27%]
[Progress:======>                       22%] [Cov:=========>                         27%]
[Progress:======>                       22%] [Cov:=========>                         27%]
[Progress:======>                       22%] [Cov:=========>                         27%]
[Progress:======>                       22%] [Cov:=========>                         27%]
[Progress:======>                       22%] [Cov:=========>                         27%]
[Progress:======>                       22%] [Cov:=========>                         27%]
[Progress:======>                       22%] [Cov:=========>                         27%]
[Progress:======>                       22%] [Cov:=========>                         27%]
[Progress:======>                       22%] [Cov:=========>                         27%]
[Progress:======>                       22%] [Cov:=========>                         27%]
[Progress:======>                       22%] [Cov:=========>                         27%]
[Progress:======>                       22%] [Cov:=========>                         27%]
[Progress:======>                       22%] [Cov:=========>                         27%]
[Progress:======>                       22%] [Cov:=========>                         27%]
[Progress:======>                       22%] [Cov:=========>                         27%]
[Progress:======>                       22%] [Cov:=========>                         27%]
[Progress:======>                       22%] [Cov:=========>                         27%]
[Progress:======>                       22%] [Cov:=========>                         27%]
[Progress:======>                       22%] [Cov:=========>                         27%]
[Progress:======>                       22%] [Cov:=========>                         27%]
[Progress:======>                       22%] [Cov:=========>                         27%]
[Progress:======>                       22%] [Cov:=========>                         27%]
[Progress:======>                       22%] [Cov:=========>                         27%]
[Progress:======>                       22%] [Cov:=========>                         27%]
[Progress:======>                       22%] [Cov:=========>                         27%]
[Progress:======>                       22%] [Cov:=========>                         27%]
[Progress:======>                       22%] [Cov:=========>                         27%]
[Progress:======>                       22%] [Cov:=========>                         27%]
[Progress:======>                       22%] [Cov:=========>                         27%]
[Progress:======>                       22%] [Cov:=========>                         27%]
[Progress:======>                       23%] [Cov:=========>                         27%]
[Progress:======>                       23%] [Cov:=========>                         27%]
[Progress:======>                       23%] [Cov:=========>                         27%]
[Progress:======>                       23%] [Cov:=========>                         27%]
[Progress:======>                       23%] [Cov:=========>                         27%]
[Progress:======>                       23%] [Cov:=========>                         27%]
[Progress:======>                       23%] [Cov:=========>                         27%]
[Progress:======>                       23%] [Cov:=========>                         27%]
[Progress:======>                       23%] [Cov:=========>                         27%]
[Progress:======>                       23%] [Cov:=========>                         27%]
[Progress:======>                       23%] [Cov:=========>                         27%]
[Progress:======>                       23%] [Cov:=========>                         27%]
[Progress:======>                       23%] [Cov:=========>                         27%]
[Progress:======>                       23%] [Cov:=========>                         27%]
[Progress:======>                       23%] [Cov:=========>                         27%]
[Progress:======>                       23%] [Cov:=========>                         27%]
[Progress:======>                       23%] [Cov:=========>                         27%]
[Progress:======>                       23%] [Cov:=========>                         27%]
[Progress:======>                       23%] [Cov:=========>                         27%]
[Progress:======>                       23%] [Cov:=========>                         27%]
[Progress:======>                       23%] [Cov:=========>                         27%]
[Progress:======>                       23%] [Cov:=========>                         27%]
[Progress:======>                       23%] [Cov:=========>                         27%]
[Progress:=======>                      24%] [Cov:=========>                         26%]
[Progress:=======>                      24%] [Cov:=========>                         27%]
[Progress:=======>                      24%] [Cov:=========>                         27%]
[Progress:=======>                      24%] [Cov:=========>                         27%]
[Progress:=======>                      24%] [Cov:=========>                         27%]
[Progress:=======>                      24%] [Cov:=========>                         27%]
[Progress:=======>                      24%] [Cov:=========>                         27%]
[Progress:=======>                      24%] [Cov:=========>                         27%]
[Progress:=======>                      24%] [Cov:=========>                         27%]
[Progress:=======>                      24%] [Cov:=========>                         27%]
[Progress:=======>                      24%] [Cov:=========>                         27%]
[Progress:=======>                      24%] [Cov:=========>                         27%]
[Progress:=======>                      24%] [Cov:=========>                         27%]
[Progress:=======>                      24%] [Cov:=========>                         27%]
[Progress:=======>                      24%] [Cov:=========>                         27%]
[Progress:=======>                      24%] [Cov:=========>                         27%]
[Progress:=======>                      24%] [Cov:=========>                         27%]
[Progress:=======>                      24%] [Cov:=========>                         27%]
[Progress:=======>                      24%] [Cov:=========>                         27%]
[Progress:=======>                      24%] [Cov:=========>                         27%]
[Progress:=======>                      24%] [Cov:=========>                         27%]
[Progress:=======>                      24%] [Cov:=========>                         27%]
[Progress:=======>                      24%] [Cov:=========>                         27%]
[Progress:=======>                      24%] [Cov:=========>                         27%]
[Progress:=======>                      24%] [Cov:=========>                         27%]
[Progress:=======>                      24%] [Cov:=========>                         27%]
[Progress:=======>                      24%] [Cov:=========>                         27%]
[Progress:=======>                      24%] [Cov:=========>                         27%]
[Progress:=======>                      24%] [Cov:=========>                         27%]
[Progress:=======>                      24%] [Cov:=========>                         27%]
[Progress:=======>                      24%] [Cov:=========>                         27%]
[Progress:=======>                      24%] [Cov:=========>                         27%]
[Progress:=======>                      24%] [Cov:=========>                         27%]
[Progress:=======>                      24%] [Cov:=========>                         27%]
[Progress:=======>                      24%] [Cov:=========>                         27%]
[Progress:=======>                      24%] [Cov:=========>                         27%]
[Progress:=======>                      24%] [Cov:=========>                         27%]
[Progress:=======>                      24%] [Cov:=========>                         27%]
[Progress:=======>                      24%] [Cov:=========>                         27%]
[Progress:=======>                      24%] [Cov:=========>                         27%]
[Progress:=======>                      24%] [Cov:=========>                         27%]
[Progress:=======>                      24%] [Cov:=========>                         27%]
[Progress:=======>                      24%] [Cov:=========>                         27%]
[Progress:=======>                      24%] [Cov:=========>                         27%]
[Progress:=======>                      25%] [Cov:=========>                         27%]
[Progress:=======>                      25%] [Cov:=========>                         27%]
[Progress:=======>                      25%] [Cov:=========>                         27%]
[Progress:=======>                      25%] [Cov:=========>                         27%]
[Progress:=======>                      25%] [Cov:=========>                         27%]
[Progress:=======>                      25%] [Cov:=========>                         27%]
[Progress:=======>                      25%] [Cov:=========>                         27%]
[Progress:=======>                      25%] [Cov:=========>                         27%]
[Progress:=======>                      25%] [Cov:=========>                         27%]
[Progress:=======>                      25%] [Cov:=========>                         27%]
[Progress:=======>                      25%] [Cov:=========>                         27%]
[Progress:=======>                      25%] [Cov:=========>                         27%]
[Progress:=======>                      25%] [Cov:=========>                         27%]
[Progress:=======>                      25%] [Cov:=========>                         27%]
[Progress:=======>                      25%] [Cov:=========>                         27%]
[Progress:=======>                      25%] [Cov:=========>                         27%]
[Progress:=======>                      25%] [Cov:=========>                         27%]
[Progress:=======>                      25%] [Cov:=========>                         27%]
[Progress:=======>                      25%] [Cov:=========>                         27%]
[Progress:=======>                      25%] [Cov:=========>                         27%]
[Progress:=======>                      26%] [Cov:=========>                         27%]
[Progress:=======>                      26%] [Cov:=========>                         27%]
[Progress:=======>                      26%] [Cov:=========>                         27%]
[Progress:=======>                      26%] [Cov:=========>                         27%]
[Progress:=======>                      26%] [Cov:=========>                         27%]
[Progress:=======>                      26%] [Cov:=========>                         27%]
[Progress:=======>                      26%] [Cov:=========>                         27%]
[Progress:=======>                      26%] [Cov:=========>                         27%]
[Progress:=======>                      26%] [Cov:=========>                         27%]
[Progress:=======>                      26%] [Cov:=========>                         27%]
[Progress:=======>                      26%] [Cov:=========>                         27%]
[Progress:=======>                      26%] [Cov:=========>                         27%]
[Progress:=======>                      26%] [Cov:=========>                         27%]
[Progress:=======>                      26%] [Cov:=========>                         27%]
[Progress:=======>                      26%] [Cov:=========>                         27%]
[Progress:=======>                      26%] [Cov:=========>                         27%]
[Progress:=======>                      26%] [Cov:=========>                         27%]
[Progress:=======>                      26%] [Cov:=========>                         27%]
[Progress:=======>                      26%] [Cov:=========>                         27%]
[Progress:=======>                      26%] [Cov:=========>                         27%]
[Progress:=======>                      26%] [Cov:=========>                         27%]
[Progress:=======>                      26%] [Cov:=========>                         27%]
[Progress:=======>                      26%] [Cov:=========>                         27%]
[Progress:=======>                      26%] [Cov:=========>                         27%]
[Progress:=======>                      26%] [Cov:=========>                         27%]
[Progress:=======>                      26%] [Cov:=========>                         27%]
[Progress:=======>                      26%] [Cov:=========>                         27%]
[Progress:=======>                      26%] [Cov:=========>                         27%]
[Progress:=======>                      26%] [Cov:=========>                         27%]
[Progress:=======>                      26%] [Cov:=========>                         27%]
[Progress:=======>                      26%] [Cov:=========>                         27%]
[Progress:=======>                      26%] [Cov:=========>                         27%]
[Progress:=======>                      26%] [Cov:=========>                         27%]
[Progress:=======>                      26%] [Cov:=========>                         27%]
[Progress:=======>                      26%] [Cov:=========>                         27%]
[Progress:=======>                      26%] [Cov:=========>                         27%]
[Progress:=======>                      26%] [Cov:=========>                         27%]
[Progress:=======>                      26%] [Cov:=========>                         27%]
[Progress:=======>                      26%] [Cov:=========>                         27%]
[Progress:=======>                      26%] [Cov:=========>                         27%]
[Progress:=======>                      26%] [Cov:=========>                         27%]
[Progress:=======>                      26%] [Cov:=========>                         27%]
[Progress:=======>                      26%] [Cov:=========>                         27%]
[Progress:=======>                      26%] [Cov:=========>                         27%]
[Progress:=======>                      26%] [Cov:=========>                         27%]
[Progress:========>                     27%] [Cov:=========>                         26%]
[Progress:========>                     27%] [Cov:=========>                         27%]
[Progress:========>                     27%] [Cov:=========>                         27%]
[Progress:========>                     27%] [Cov:=========>                         27%]
[Progress:========>                     27%] [Cov:=========>                         27%]
[Progress:========>                     27%] [Cov:=========>                         27%]
[Progress:========>                     27%] [Cov:=========>                         27%]
[Progress:========>                     27%] [Cov:=========>                         27%]
[Progress:========>                     27%] [Cov:=========>                         27%]
[Progress:========>                     27%] [Cov:=========>                         27%]
[Progress:========>                     27%] [Cov:=========>                         27%]
[Progress:========>                     27%] [Cov:=========>                         27%]
[Progress:========>                     27%] [Cov:=========>                         27%]
[Progress:========>                     27%] [Cov:=========>                         27%]
[Progress:========>                     27%] [Cov:=========>                         27%]
[Progress:========>                     27%] [Cov:=========>                         27%]
[Progress:========>                     27%] [Cov:=========>                         27%]
[Progress:========>                     27%] [Cov:=========>                         27%]
[Progress:========>                     27%] [Cov:=========>                         27%]
[Progress:========>                     27%] [Cov:=========>                         27%]
[Progress:========>                     27%] [Cov:=========>                         27%]
[Progress:========>                     27%] [Cov:=========>                         27%]
[Progress:========>                     27%] [Cov:=========>                         27%]
[Progress:========>                     27%] [Cov:=========>                         27%]
[Progress:========>                     27%] [Cov:=========>                         27%]
[Progress:========>                     27%] [Cov:=========>                         27%]
[Progress:========>                     27%] [Cov:=========>                         27%]
[Progress:========>                     28%] [Cov:=========>                         27%]
[Progress:========>                     28%] [Cov:=========>                         27%]
[Progress:========>                     28%] [Cov:=========>                         27%]
[Progress:========>                     28%] [Cov:=========>                         27%]
[Progress:========>                     28%] [Cov:=========>                         27%]
[Progress:========>                     28%] [Cov:=========>                         27%]
[Progress:========>                     28%] [Cov:=========>                         27%]
[Progress:========>                     28%] [Cov:=========>                         27%]
[Progress:========>                     28%] [Cov:=========>                         27%]
[Progress:========>                     28%] [Cov:=========>                         27%]
[Progress:========>                     28%] [Cov:=========>                         27%]
[Progress:========>                     28%] [Cov:=========>                         27%]
[Progress:========>                     28%] [Cov:=========>                         27%]
[Progress:========>                     28%] [Cov:=========>                         27%]
[Progress:========>                     28%] [Cov:=========>                         27%]
[Progress:========>                     28%] [Cov:=========>                         27%]
[Progress:========>                     28%] [Cov:=========>                         27%]
[Progress:========>                     28%] [Cov:=========>                         27%]
[Progress:========>                     28%] [Cov:=========>                         27%]
[Progress:========>                     28%] [Cov:=========>                         27%]
[Progress:========>                     28%] [Cov:=========>                         27%]
[Progress:========>                     28%] [Cov:=========>                         27%]
[Progress:========>                     28%] [Cov:=========>                         27%]
[Progress:========>                     28%] [Cov:=========>                         27%]
[Progress:========>                     28%] [Cov:=========>                         27%]
[Progress:========>                     28%] [Cov:=========>                         27%]
[Progress:========>                     28%] [Cov:=========>                         27%]
[Progress:========>                     28%] [Cov:=========>                         27%]
[Progress:========>                     28%] [Cov:=========>                         27%]
[Progress:========>                     28%] [Cov:=========>                         27%]
[Progress:========>                     28%] [Cov:=========>                         27%]
[Progress:========>                     28%] [Cov:=========>                         27%]
[Progress:========>                     28%] [Cov:=========>                         27%]
[Progress:========>                     28%] [Cov:=========>                         27%]
[Progress:========>                     28%] [Cov:=========>                         27%]
[Progress:========>                     28%] [Cov:=========>                         27%]
[Progress:========>                     28%] [Cov:=========>                         27%]
[Progress:========>                     28%] [Cov:=========>                         27%]
[Progress:========>                     28%] [Cov:=========>                         27%]
[Progress:========>                     28%] [Cov:=========>                         27%]
[Progress:========>                     28%] [Cov:=========>                         27%]
[Progress:========>                     28%] [Cov:=========>                         27%]
[Progress:========>                     29%] [Cov:=========>                         26%]
[Progress:========>                     29%] [Cov:=========>                         27%]
[Progress:========>                     29%] [Cov:=========>                         27%]
[Progress:========>                     29%] [Cov:=========>                         27%]
[Progress:========>                     29%] [Cov:=========>                         27%]
[Progress:========>                     29%] [Cov:=========>                         27%]
[Progress:========>                     29%] [Cov:=========>                         27%]
[Progress:========>                     29%] [Cov:=========>                         27%]
[Progress:========>                     29%] [Cov:=========>                         27%]
[Progress:========>                     29%] [Cov:=========>                         27%]
[Progress:========>                     29%] [Cov:=========>                         27%]
[Progress:========>                     29%] [Cov:=========>                         27%]
[Progress:========>                     29%] [Cov:=========>                         27%]
[Progress:========>                     29%] [Cov:=========>                         27%]
[Progress:========>                     29%] [Cov:=========>                         27%]
[Progress:========>                     29%] [Cov:=========>                         27%]
[Progress:========>                     29%] [Cov:=========>                         27%]
[Progress:========>                     29%] [Cov:=========>                         27%]
[Progress:========>                     29%] [Cov:=========>                         27%]
[Progress:========>                     29%] [Cov:=========>                         27%]
[Progress:========>                     29%] [Cov:=========>                         27%]
[Progress:=========>                    30%] [Cov:=========>                         27%]
[Progress:=========>                    30%] [Cov:=========>                         27%]
[Progress:=========>                    30%] [Cov:=========>                         27%]
[Progress:=========>                    30%] [Cov:=========>                         27%]
[Progress:=========>                    30%] [Cov:=========>                         27%]
[Progress:=========>                    30%] [Cov:=========>                         27%]
[Progress:=========>                    30%] [Cov:=========>                         27%]
[Progress:=========>                    30%] [Cov:=========>                         27%]
[Progress:=========>                    30%] [Cov:=========>                         27%]
[Progress:=========>                    30%] [Cov:=========>                         27%]
[Progress:=========>                    30%] [Cov:=========>                         27%]
[Progress:=========>                    30%] [Cov:=========>                         27%]
[Progress:=========>                    30%] [Cov:=========>                         27%]
[Progress:=========>                    30%] [Cov:=========>                         27%]
[Progress:=========>                    30%] [Cov:=========>                         27%]
[Progress:=========>                    30%] [Cov:=========>                         27%]
[Progress:=========>                    30%] [Cov:=========>                         27%]
[Progress:=========>                    30%] [Cov:=========>                         27%]
[Progress:=========>                    30%] [Cov:=========>                         27%]
[Progress:=========>                    30%] [Cov:=========>                         27%]
[Progress:=========>                    30%] [Cov:=========>                         27%]
[Progress:=========>                    30%] [Cov:=========>                         27%]
[Progress:=========>                    30%] [Cov:=========>                         27%]
[Progress:=========>                    30%] [Cov:=========>                         27%]
[Progress:=========>                    30%] [Cov:=========>                         27%]
[Progress:=========>                    30%] [Cov:=========>                         27%]
[Progress:=========>                    30%] [Cov:=========>                         27%]
[Progress:=========>                    30%] [Cov:=========>                         27%]
[Progress:=========>                    30%] [Cov:=========>                         27%]
[Progress:=========>                    30%] [Cov:=========>                         27%]
[Progress:=========>                    30%] [Cov:=========>                         27%]
[Progress:=========>                    30%] [Cov:=========>                         27%]
[Progress:=========>                    30%] [Cov:=========>                         27%]
[Progress:=========>                    30%] [Cov:=========>                         27%]
[Progress:=========>                    30%] [Cov:=========>                         27%]
[Progress:=========>                    30%] [Cov:=========>                         27%]
[Progress:=========>                    30%] [Cov:=========>                         27%]
[Progress:=========>                    30%] [Cov:=========>                         27%]
[Progress:=========>                    30%] [Cov:=========>                         27%]
[Progress:=========>                    30%] [Cov:=========>                         27%]
[Progress:=========>                    30%] [Cov:=========>                         27%]
[Progress:=========>                    30%] [Cov:=========>                         27%]
[Progress:=========>                    30%] [Cov:=========>                         27%]
[Progress:=========>                    30%] [Cov:=========>                         27%]
[Progress:=========>                    30%] [Cov:=========>                         27%]
[Progress:=========>                    30%] [Cov:=========>                         27%]
[Progress:=========>                    30%] [Cov:=========>                         27%]
[Progress:=========>                    30%] [Cov:=========>                         27%]
[Progress:=========>                    30%] [Cov:=========>                         27%]
[Progress:=========>                    30%] [Cov:=========>                         27%]
[Progress:=========>                    31%] [Cov:=======>                           22%]
[Progress:=========>                    31%] [Cov:=========>                         27%]
[Progress:=========>                    31%] [Cov:=========>                         27%]
[Progress:=========>                    31%] [Cov:=========>                         27%]
[Progress:=========>                    31%] [Cov:=========>                         27%]
[Progress:=========>                    31%] [Cov:=========>                         27%]
[Progress:=========>                    31%] [Cov:=========>                         27%]
[Progress:=========>                    31%] [Cov:=========>                         27%]
[Progress:=========>                    31%] [Cov:=========>                         27%]
[Progress:=========>                    31%] [Cov:=========>                         27%]
[Progress:=========>                    31%] [Cov:=========>                         27%]
[Progress:=========>                    31%] [Cov:=========>                         27%]
[Progress:=========>                    31%] [Cov:=========>                         27%]
[Progress:=========>                    31%] [Cov:=========>                         27%]
[Progress:=========>                    31%] [Cov:=========>                         27%]
[Progress:=========>                    31%] [Cov:=========>                         27%]
[Progress:=========>                    31%] [Cov:=========>                         27%]
[Progress:=========>                    31%] [Cov:=========>                         27%]
[Progress:=========>                    31%] [Cov:=========>                         27%]
[Progress:=========>                    31%] [Cov:=========>                         27%]
[Progress:=========>                    31%] [Cov:=========>                         27%]
[Progress:=========>                    31%] [Cov:=========>                         27%]
[Progress:=========>                    31%] [Cov:=========>                         27%]
[Progress:=========>                    31%] [Cov:=========>                         27%]
[Progress:=========>                    31%] [Cov:=========>                         27%]
[Progress:=========>                    31%] [Cov:=========>                         27%]
[Progress:=========>                    31%] [Cov:=========>                         27%]
[Progress:=========>                    31%] [Cov:=========>                         27%]
[Progress:=========>                    31%] [Cov:=========>                         27%]
[Progress:=========>                    31%] [Cov:=========>                         27%]
[Progress:=========>                    31%] [Cov:=========>                         27%]
[Progress:=========>                    32%] [Cov:=========>                         26%]
[Progress:=========>                    32%] [Cov:=========>                         27%]
[Progress:=========>                    32%] [Cov:=========>                         27%]
[Progress:=========>                    32%] [Cov:=========>                         27%]
[Progress:=========>                    32%] [Cov:=========>                         27%]
[Progress:=========>                    32%] [Cov:=========>                         27%]
[Progress:=========>                    32%] [Cov:=========>                         27%]
[Progress:=========>                    32%] [Cov:=========>                         27%]
[Progress:=========>                    32%] [Cov:=========>                         27%]
[Progress:=========>                    32%] [Cov:=========>                         27%]
[Progress:=========>                    32%] [Cov:=========>                         27%]
[Progress:=========>                    32%] [Cov:=========>                         27%]
[Progress:=========>                    32%] [Cov:=========>                         27%]
[Progress:=========>                    32%] [Cov:=========>                         27%]
[Progress:=========>                    32%] [Cov:=========>                         27%]
[Progress:=========>                    32%] [Cov:=========>                         27%]
[Progress:=========>                    32%] [Cov:=========>                         27%]
[Progress:=========>                    32%] [Cov:=========>                         27%]
[Progress:=========>                    32%] [Cov:=========>                         27%]
[Progress:=========>                    32%] [Cov:=========>                         27%]
[Progress:=========>                    32%] [Cov:=========>                         27%]
[Progress:=========>                    32%] [Cov:=========>                         27%]
[Progress:=========>                    32%] [Cov:=========>                         27%]
[Progress:=========>                    32%] [Cov:=========>                         27%]
[Progress:=========>                    32%] [Cov:=========>                         27%]
[Progress:=========>                    32%] [Cov:=========>                         27%]
[Progress:=========>                    32%] [Cov:=========>                         27%]
[Progress:=========>                    32%] [Cov:=========>                         27%]
[Progress:=========>                    32%] [Cov:=========>                         27%]
[Progress:=========>                    32%] [Cov:=========>                         27%]
[Progress:=========>                    32%] [Cov:=========>                         27%]
[Progress:=========>                    32%] [Cov:=========>                         27%]
[Progress:=========>                    32%] [Cov:=========>                         27%]
[Progress:=========>                    32%] [Cov:=========>                         27%]
[Progress:=========>                    32%] [Cov:=========>                         27%]
[Progress:=========>                    32%] [Cov:=========>                         27%]
[Progress:=========>                    32%] [Cov:=========>                         27%]
[Progress:=========>                    32%] [Cov:=========>                         27%]
[Progress:=========>                    32%] [Cov:=========>                         27%]
[Progress:=========>                    32%] [Cov:=========>                         27%]
[Progress:=========>                    32%] [Cov:=========>                         27%]
[Progress:=========>                    32%] [Cov:=========>                         27%]
[Progress:=========>                    32%] [Cov:=========>                         27%]
[Progress:=========>                    32%] [Cov:=========>                         27%]
[Progress:=========>                    32%] [Cov:=========>                         27%]
[Progress:=========>                    32%] [Cov:=========>                         27%]
[Progress:=========>                    32%] [Cov:=========>                         27%]
[Progress:=========>                    32%] [Cov:=========>                         27%]
[Progress:=========>                    32%] [Cov:=========>                         27%]
[Progress:=========>                    32%] [Cov:=========>                         27%]
[Progress:=========>                    32%] [Cov:=========>                         27%]
[Progress:=========>                    32%] [Cov:=========>                         27%]
[Progress:=========>                    32%] [Cov:=========>                         27%]
[Progress:=========>                    32%] [Cov:=========>                         27%]
[Progress:=========>                    32%] [Cov:=========>                         27%]
[Progress:=========>                    32%] [Cov:=========>                         27%]
[Progress:=========>                    32%] [Cov:=========>                         27%]
[Progress:=========>                    32%] [Cov:=========>                         27%]
[Progress:=========>                    33%] [Cov:=========>                         26%]
[Progress:=========>                    33%] [Cov:=========>                         27%]
[Progress:=========>                    33%] [Cov:=========>                         27%]
[Progress:=========>                    33%] [Cov:=========>                         27%]
[Progress:=========>                    33%] [Cov:=========>                         27%]
[Progress:=========>                    33%] [Cov:=========>                         27%]
[Progress:=========>                    33%] [Cov:=========>                         27%]
[Progress:=========>                    33%] [Cov:=========>                         27%]
[Progress:=========>                    33%] [Cov:=========>                         27%]
[Progress:=========>                    33%] [Cov:=========>                         27%]
[Progress:=========>                    33%] [Cov:=========>                         27%]
[Progress:=========>                    33%] [Cov:=========>                         27%]
[Progress:=========>                    33%] [Cov:=========>                         27%]
[Progress:=========>                    33%] [Cov:=========>                         27%]
[Progress:=========>                    33%] [Cov:=========>                         27%]
[Progress:=========>                    33%] [Cov:=========>                         27%]
[Progress:=========>                    33%] [Cov:=========>                         27%]
[Progress:=========>                    33%] [Cov:=========>                         27%]
[Progress:=========>                    33%] [Cov:=========>                         27%]
[Progress:=========>                    33%] [Cov:=========>                         27%]
[Progress:=========>                    33%] [Cov:=========>                         27%]
[Progress:=========>                    33%] [Cov:=========>                         27%]
[Progress:=========>                    33%] [Cov:=========>                         27%]
[Progress:=========>                    33%] [Cov:=========>                         27%]
[Progress:=========>                    33%] [Cov:=========>                         27%]
[Progress:=========>                    33%] [Cov:=========>                         27%]
[Progress:=========>                    33%] [Cov:=========>                         27%]
[Progress:==========>                   34%] [Cov:=========>                         26%]
[Progress:==========>                   34%] [Cov:=========>                         27%]
[Progress:==========>                   34%] [Cov:=========>                         27%]
[Progress:==========>                   34%] [Cov:=========>                         27%]
[Progress:==========>                   34%] [Cov:=========>                         27%]
[Progress:==========>                   34%] [Cov:=========>                         27%]
[Progress:==========>                   34%] [Cov:=========>                         27%]
[Progress:==========>                   34%] [Cov:=========>                         27%]
[Progress:==========>                   34%] [Cov:=========>                         27%]
[Progress:==========>                   34%] [Cov:=========>                         27%]
[Progress:==========>                   34%] [Cov:=========>                         27%]
[Progress:==========>                   34%] [Cov:=========>                         27%]
[Progress:==========>                   34%] [Cov:=========>                         27%]
[Progress:==========>                   34%] [Cov:=========>                         27%]
[Progress:==========>                   34%] [Cov:=========>                         27%]
[Progress:==========>                   34%] [Cov:=========>                         27%]
[Progress:==========>                   34%] [Cov:=========>                         27%]
[Progress:==========>                   34%] [Cov:=========>                         27%]
[Progress:==========>                   34%] [Cov:=========>                         27%]
[Progress:==========>                   34%] [Cov:=========>                         27%]
[Progress:==========>                   34%] [Cov:=========>                         27%]
[Progress:==========>                   34%] [Cov:=========>                         27%]
[Progress:==========>                   34%] [Cov:=========>                         27%]
[Progress:==========>                   34%] [Cov:=========>                         27%]
[Progress:==========>                   34%] [Cov:=========>                         27%]
[Progress:==========>                   34%] [Cov:=========>                         27%]
[Progress:==========>                   34%] [Cov:=========>                         27%]
[Progress:==========>                   34%] [Cov:=========>                         27%]
[Progress:==========>                   34%] [Cov:=========>                         27%]
[Progress:==========>                   34%] [Cov:=========>                         27%]
[Progress:==========>                   34%] [Cov:=========>                         27%]
[Progress:==========>                   34%] [Cov:=========>                         27%]
[Progress:==========>                   34%] [Cov:=========>                         27%]
[Progress:==========>                   34%] [Cov:=========>                         27%]
[Progress:==========>                   34%] [Cov:=========>                         27%]
[Progress:==========>                   34%] [Cov:=========>                         27%]
[Progress:==========>                   34%] [Cov:=========>                         27%]
[Progress:==========>                   34%] [Cov:=========>                         27%]
[Progress:==========>                   34%] [Cov:=========>                         27%]
[Progress:==========>                   34%] [Cov:=========>                         27%]
[Progress:==========>                   34%] [Cov:=========>                         27%]
[Progress:==========>                   34%] [Cov:=========>                         27%]
[Progress:==========>                   34%] [Cov:=========>                         27%]
[Progress:==========>                   34%] [Cov:=========>                         27%]
[Progress:==========>                   34%] [Cov:=========>                         27%]
[Progress:==========>                   34%] [Cov:=========>                         27%]
[Progress:==========>                   34%] [Cov:=========>                         27%]
[Progress:==========>                   34%] [Cov:=========>                         27%]
[Progress:==========>                   34%] [Cov:=========>                         27%]
[Progress:==========>                   34%] [Cov:=========>                         27%]
[Progress:==========>                   35%] [Cov:=========>                         26%]
[Progress:==========>                   35%] [Cov:=========>                         27%]
[Progress:==========>                   35%] [Cov:=========>                         27%]
[Progress:==========>                   35%] [Cov:=========>                         27%]
[Progress:==========>                   35%] [Cov:=========>                         27%]
[Progress:==========>                   35%] [Cov:=========>                         27%]
[Progress:==========>                   35%] [Cov:=========>                         27%]
[Progress:==========>                   35%] [Cov:=========>                         27%]
[Progress:==========>                   35%] [Cov:=========>                         27%]
[Progress:==========>                   35%] [Cov:=========>                         27%]
[Progress:==========>                   35%] [Cov:=========>                         27%]
[Progress:==========>                   35%] [Cov:=========>                         27%]
[Progress:==========>                   35%] [Cov:=========>                         27%]
[Progress:==========>                   35%] [Cov:=========>                         27%]
[Progress:==========>                   35%] [Cov:=========>                         27%]
[Progress:==========>                   35%] [Cov:=========>                         27%]
[Progress:==========>                   35%] [Cov:=========>                         27%]
[Progress:==========>                   35%] [Cov:=========>                         27%]
[Progress:==========>                   35%] [Cov:=========>                         27%]
[Progress:==========>                   35%] [Cov:=========>                         27%]
[Progress:==========>                   35%] [Cov:=========>                         27%]
[Progress:==========>                   35%] [Cov:=========>                         27%]
[Progress:==========>                   35%] [Cov:=========>                         27%]
[Progress:==========>                   35%] [Cov:=========>                         27%]
[Progress:==========>                   35%] [Cov:=========>                         27%]
[Progress:==========>                   35%] [Cov:=========>                         27%]
[Progress:==========>                   36%] [Cov:=========>                         27%]
[Progress:==========>                   36%] [Cov:=========>                         27%]
[Progress:==========>                   36%] [Cov:=========>                         27%]
[Progress:==========>                   36%] [Cov:=========>                         27%]
[Progress:==========>                   36%] [Cov:=========>                         27%]
[Progress:==========>                   36%] [Cov:=========>                         27%]
[Progress:==========>                   36%] [Cov:=========>                         27%]
[Progress:==========>                   36%] [Cov:=========>                         27%]
[Progress:==========>                   36%] [Cov:=========>                         27%]
[Progress:==========>                   36%] [Cov:=========>                         27%]
[Progress:==========>                   36%] [Cov:=========>                         27%]
[Progress:==========>                   36%] [Cov:=========>                         27%]
[Progress:==========>                   36%] [Cov:=========>                         27%]
[Progress:==========>                   36%] [Cov:=========>                         27%]
[Progress:==========>                   36%] [Cov:=========>                         27%]
[Progress:==========>                   36%] [Cov:=========>                         27%]
[Progress:==========>                   36%] [Cov:=========>                         27%]
[Progress:==========>                   36%] [Cov:=========>                         27%]
[Progress:==========>                   36%] [Cov:=========>                         27%]
[Progress:==========>                   36%] [Cov:=========>                         27%]
[Progress:==========>                   36%] [Cov:=========>                         27%]
[Progress:==========>                   36%] [Cov:=========>                         27%]
[Progress:==========>                   36%] [Cov:=========>                         27%]
[Progress:==========>                   36%] [Cov:=========>                         27%]
[Progress:==========>                   36%] [Cov:=========>                         27%]
[Progress:==========>                   36%] [Cov:=========>                         27%]
[Progress:==========>                   36%] [Cov:=========>                         27%]
[Progress:==========>                   36%] [Cov:=========>                         27%]
[Progress:==========>                   36%] [Cov:=========>                         27%]
[Progress:==========>                   36%] [Cov:=========>                         27%]
[Progress:==========>                   36%] [Cov:=========>                         27%]
[Progress:==========>                   36%] [Cov:=========>                         27%]
[Progress:==========>                   36%] [Cov:=========>                         27%]
[Progress:==========>                   36%] [Cov:=========>                         27%]
[Progress:==========>                   36%] [Cov:=========>                         27%]
[Progress:==========>                   36%] [Cov:=========>                         27%]
[Progress:==========>                   36%] [Cov:=========>                         27%]
[Progress:==========>                   36%] [Cov:=========>                         27%]
[Progress:==========>                   36%] [Cov:=========>                         27%]
[Progress:==========>                   36%] [Cov:=========>                         27%]
[Progress:==========>                   36%] [Cov:=========>                         27%]
[Progress:==========>                   36%] [Cov:=========>                         27%]
[Progress:==========>                   36%] [Cov:=========>                         27%]
[Progress:==========>                   36%] [Cov:=========>                         27%]
[Progress:==========>                   36%] [Cov:=========>                         27%]
[Progress:==========>                   36%] [Cov:=========>                         27%]
[Progress:==========>                   36%] [Cov:=========>                         27%]
[Progress:==========>                   36%] [Cov:=========>                         27%]
[Progress:==========>                   36%] [Cov:=========>                         27%]
[Progress:==========>                   36%] [Cov:=========>                         27%]
[Progress:==========>                   36%] [Cov:=========>                         27%]
[Progress:==========>                   36%] [Cov:=========>                         27%]
[Progress:==========>                   36%] [Cov:=========>                         27%]
[Progress:==========>                   36%] [Cov:=========>                         27%]
[Progress:==========>                   36%] [Cov:=========>                         27%]
[Progress:===========>                  37%] [Cov:=========>                         26%]
[Progress:===========>                  37%] [Cov:=========>                         27%]
[Progress:===========>                  37%] [Cov:=========>                         27%]
[Progress:===========>                  37%] [Cov:=========>                         27%]
[Progress:===========>                  37%] [Cov:=========>                         27%]
[Progress:===========>                  37%] [Cov:=========>                         27%]
[Progress:===========>                  37%] [Cov:=========>                         27%]
[Progress:===========>                  37%] [Cov:=========>                         27%]
[Progress:===========>                  37%] [Cov:=========>                         27%]
[Progress:===========>                  37%] [Cov:=========>                         27%]
[Progress:===========>                  37%] [Cov:=========>                         27%]
[Progress:===========>                  37%] [Cov:=========>                         27%]
[Progress:===========>                  37%] [Cov:=========>                         27%]
[Progress:===========>                  37%] [Cov:=========>                         27%]
[Progress:===========>                  37%] [Cov:=========>                         27%]
[Progress:===========>                  37%] [Cov:=========>                         27%]
[Progress:===========>                  37%] [Cov:=========>                         27%]
[Progress:===========>                  37%] [Cov:=========>                         27%]
[Progress:===========>                  37%] [Cov:=========>                         27%]
[Progress:===========>                  37%] [Cov:=========>                         27%]
[Progress:===========>                  37%] [Cov:=========>                         27%]
[Progress:===========>                  37%] [Cov:=========>                         27%]
[Progress:===========>                  37%] [Cov:=========>                         27%]
[Progress:===========>                  37%] [Cov:=========>                         27%]
[Progress:===========>                  37%] [Cov:=========>                         27%]
[Progress:===========>                  37%] [Cov:=========>                         27%]
[Progress:===========>                  37%] [Cov:=========>                         27%]
[Progress:===========>                  37%] [Cov:=========>                         27%]
[Progress:===========>                  37%] [Cov:=========>                         27%]
[Progress:===========>                  37%] [Cov:=========>                         27%]
[Progress:===========>                  37%] [Cov:=========>                         27%]
[Progress:===========>                  38%] [Cov:=========>                         26%]
[Progress:===========>                  38%] [Cov:=========>                         27%]
[Progress:===========>                  38%] [Cov:=========>                         27%]
[Progress:===========>                  38%] [Cov:=========>                         27%]
[Progress:===========>                  38%] [Cov:=========>                         27%]
[Progress:===========>                  38%] [Cov:=========>                         27%]
[Progress:===========>                  38%] [Cov:=========>                         27%]
[Progress:===========>                  38%] [Cov:=========>                         27%]
[Progress:===========>                  38%] [Cov:=========>                         27%]
[Progress:===========>                  38%] [Cov:=========>                         27%]
[Progress:===========>                  38%] [Cov:=========>                         27%]
[Progress:===========>                  38%] [Cov:=========>                         27%]
[Progress:===========>                  38%] [Cov:=========>                         27%]
[Progress:===========>                  38%] [Cov:=========>                         27%]
[Progress:===========>                  38%] [Cov:=========>                         27%]
[Progress:===========>                  38%] [Cov:=========>                         27%]
[Progress:===========>                  38%] [Cov:=========>                         27%]
[Progress:===========>                  38%] [Cov:=========>                         27%]
[Progress:===========>                  38%] [Cov:=========>                         27%]
[Progress:===========>                  38%] [Cov:=========>                         27%]
[Progress:===========>                  38%] [Cov:=========>                         27%]
[Progress:===========>                  38%] [Cov:=========>                         27%]
[Progress:===========>                  38%] [Cov:=========>                         27%]
[Progress:===========>                  38%] [Cov:=========>                         27%]
[Progress:===========>                  38%] [Cov:=========>                         27%]
[Progress:===========>                  38%] [Cov:=========>                         27%]
[Progress:===========>                  38%] [Cov:=========>                         27%]
[Progress:===========>                  38%] [Cov:=========>                         27%]
[Progress:===========>                  38%] [Cov:=========>                         27%]
[Progress:===========>                  38%] [Cov:=========>                         27%]
[Progress:===========>                  38%] [Cov:=========>                         27%]
[Progress:===========>                  38%] [Cov:=========>                         27%]
[Progress:===========>                  38%] [Cov:=========>                         27%]
[Progress:===========>                  38%] [Cov:=========>                         27%]
[Progress:===========>                  38%] [Cov:=========>                         27%]
[Progress:===========>                  38%] [Cov:=========>                         27%]
[Progress:===========>                  38%] [Cov:=========>                         27%]
[Progress:===========>                  38%] [Cov:=========>                         27%]
[Progress:===========>                  38%] [Cov:=========>                         27%]
[Progress:===========>                  38%] [Cov:=========>                         27%]
[Progress:===========>                  38%] [Cov:=========>                         27%]
[Progress:===========>                  38%] [Cov:=========>                         27%]
[Progress:===========>                  38%] [Cov:=========>                         27%]
[Progress:===========>                  38%] [Cov:=========>                         27%]
[Progress:===========>                  38%] [Cov:=========>                         27%]
[Progress:===========>                  38%] [Cov:=========>                         27%]
[Progress:===========>                  38%] [Cov:=========>                         27%]
[Progress:===========>                  38%] [Cov:=========>                         27%]
[Progress:===========>                  38%] [Cov:=========>                         27%]
[Progress:===========>                  38%] [Cov:=========>                         27%]
[Progress:===========>                  38%] [Cov:=========>                         27%]
[Progress:===========>                  38%] [Cov:=========>                         27%]
[Progress:===========>                  38%] [Cov:=========>                         27%]
[Progress:===========>                  39%] [Cov:=========>                         26%]
[Progress:===========>                  39%] [Cov:=========>                         27%]
[Progress:===========>                  39%] [Cov:=========>                         27%]
[Progress:===========>                  39%] [Cov:=========>                         27%]
[Progress:===========>                  39%] [Cov:=========>                         27%]
[Progress:===========>                  39%] [Cov:=========>                         27%]
[Progress:===========>                  39%] [Cov:=========>                         27%]
[Progress:===========>                  39%] [Cov:=========>                         27%]
[Progress:===========>                  39%] [Cov:=========>                         27%]
[Progress:===========>                  39%] [Cov:=========>                         27%]
[Progress:===========>                  39%] [Cov:=========>                         27%]
[Progress:===========>                  39%] [Cov:=========>                         27%]
[Progress:===========>                  39%] [Cov:=========>                         27%]
[Progress:===========>                  39%] [Cov:=========>                         27%]
[Progress:===========>                  39%] [Cov:=========>                         27%]
[Progress:===========>                  39%] [Cov:=========>                         27%]
[Progress:===========>                  39%] [Cov:=========>                         27%]
[Progress:===========>                  39%] [Cov:=========>                         27%]
[Progress:===========>                  39%] [Cov:=========>                         27%]
[Progress:===========>                  39%] [Cov:=========>                         27%]
[Progress:===========>                  39%] [Cov:=========>                         27%]
[Progress:===========>                  39%] [Cov:=========>                         27%]
[Progress:===========>                  39%] [Cov:=========>                         27%]
[Progress:===========>                  39%] [Cov:=========>                         27%]
[Progress:===========>                  39%] [Cov:=========>                         27%]
[Progress:============>                 40%] [Cov:=========>                         27%]
[Progress:============>                 40%] [Cov:=========>                         27%]
[Progress:============>                 40%] [Cov:=========>                         27%]
[Progress:============>                 40%] [Cov:=========>                         27%]
[Progress:============>                 40%] [Cov:=========>                         27%]
[Progress:============>                 40%] [Cov:=========>                         27%]
[Progress:============>                 40%] [Cov:=========>                         27%]
[Progress:============>                 40%] [Cov:=========>                         27%]
[Progress:============>                 40%] [Cov:=========>                         27%]
[Progress:============>                 40%] [Cov:=========>                         27%]
[Progress:============>                 40%] [Cov:=========>                         27%]
[Progress:============>                 40%] [Cov:=========>                         27%]
[Progress:============>                 40%] [Cov:=========>                         27%]
[Progress:============>                 40%] [Cov:=========>                         27%]
[Progress:============>                 40%] [Cov:=========>                         27%]
[Progress:============>                 40%] [Cov:=========>                         27%]
[Progress:============>                 40%] [Cov:=========>                         27%]
[Progress:============>                 40%] [Cov:=========>                         27%]
[Progress:============>                 40%] [Cov:=========>                         27%]
[Progress:============>                 40%] [Cov:=========>                         27%]
[Progress:============>                 40%] [Cov:=========>                         27%]
[Progress:============>                 40%] [Cov:=========>                         27%]
[Progress:============>                 40%] [Cov:=========>                         27%]
[Progress:============>                 40%] [Cov:=========>                         27%]
[Progress:============>                 40%] [Cov:=========>                         27%]
[Progress:============>                 40%] [Cov:=========>                         27%]
[Progress:============>                 40%] [Cov:=========>                         27%]
[Progress:============>                 40%] [Cov:=========>                         27%]
[Progress:============>                 40%] [Cov:=========>                         27%]
[Progress:============>                 40%] [Cov:=========>                         27%]
[Progress:============>                 40%] [Cov:=========>                         27%]
[Progress:============>                 40%] [Cov:=========>                         27%]
[Progress:============>                 40%] [Cov:=========>                         27%]
[Progress:============>                 40%] [Cov:=========>                         27%]
[Progress:============>                 40%] [Cov:=========>                         27%]
[Progress:============>                 40%] [Cov:=========>                         27%]
[Progress:============>                 40%] [Cov:=========>                         27%]
[Progress:============>                 40%] [Cov:=========>                         27%]
[Progress:============>                 40%] [Cov:=========>                         27%]
[Progress:============>                 40%] [Cov:=========>                         27%]
[Progress:============>                 40%] [Cov:=========>                         27%]
[Progress:============>                 40%] [Cov:=========>                         27%]
[Progress:============>                 40%] [Cov:=========>                         27%]
[Progress:============>                 40%] [Cov:=========>                         27%]
[Progress:============>                 40%] [Cov:=========>                         27%]
[Progress:============>                 41%] [Cov:=========>                         27%]
[Progress:============>                 41%] [Cov:=========>                         27%]
[Progress:============>                 41%] [Cov:=========>                         27%]
[Progress:============>                 41%] [Cov:=========>                         27%]
[Progress:============>                 41%] [Cov:=========>                         27%]
[Progress:============>                 41%] [Cov:=========>                         27%]
[Progress:============>                 41%] [Cov:=========>                         27%]
[Progress:============>                 41%] [Cov:=========>                         27%]
[Progress:============>                 41%] [Cov:=========>                         27%]
[Progress:============>                 41%] [Cov:=========>                         27%]
[Progress:============>                 41%] [Cov:=========>                         27%]
[Progress:============>                 41%] [Cov:=========>                         27%]
[Progress:============>                 41%] [Cov:=========>                         27%]
[Progress:============>                 41%] [Cov:=========>                         27%]
[Progress:============>                 41%] [Cov:=========>                         27%]
[Progress:============>                 41%] [Cov:=========>                         27%]
[Progress:============>                 41%] [Cov:=========>                         27%]
[Progress:============>                 41%] [Cov:=========>                         27%]
[Progress:============>                 41%] [Cov:=========>                         27%]
[Progress:============>                 41%] [Cov:=========>                         27%]
[Progress:============>                 41%] [Cov:=========>                         27%]
[Progress:============>                 41%] [Cov:=========>                         27%]
[Progress:============>                 41%] [Cov:=========>                         27%]
[Progress:============>                 41%] [Cov:=========>                         27%]
[Progress:============>                 42%] [Cov:=========>                         27%]
[Progress:============>                 42%] [Cov:=========>                         27%]
[Progress:============>                 42%] [Cov:=========>                         27%]
[Progress:============>                 42%] [Cov:=========>                         27%]
[Progress:============>                 42%] [Cov:=========>                         27%]
[Progress:============>                 42%] [Cov:=========>                         27%]
[Progress:============>                 42%] [Cov:=========>                         27%]
[Progress:============>                 42%] [Cov:=========>                         27%]
[Progress:============>                 42%] [Cov:=========>                         27%]
[Progress:============>                 42%] [Cov:=========>                         27%]
[Progress:============>                 42%] [Cov:=========>                         27%]
[Progress:============>                 42%] [Cov:=========>                         27%]
[Progress:============>                 42%] [Cov:=========>                         27%]
[Progress:============>                 42%] [Cov:=========>                         27%]
[Progress:============>                 42%] [Cov:=========>                         27%]
[Progress:============>                 42%] [Cov:=========>                         27%]
[Progress:============>                 42%] [Cov:=========>                         27%]
[Progress:============>                 42%] [Cov:=========>                         27%]
[Progress:============>                 42%] [Cov:=========>                         27%]
[Progress:============>                 42%] [Cov:=========>                         27%]
[Progress:============>                 42%] [Cov:=========>                         27%]
[Progress:============>                 42%] [Cov:=========>                         27%]
[Progress:============>                 42%] [Cov:=========>                         27%]
[Progress:============>                 42%] [Cov:=========>                         27%]
[Progress:============>                 42%] [Cov:=========>                         27%]
[Progress:============>                 42%] [Cov:=========>                         27%]
[Progress:============>                 42%] [Cov:=========>                         27%]
[Progress:============>                 42%] [Cov:=========>                         27%]
[Progress:============>                 42%] [Cov:=========>                         27%]
[Progress:============>                 42%] [Cov:=========>                         27%]
[Progress:============>                 42%] [Cov:=========>                         27%]
[Progress:============>                 42%] [Cov:=========>                         27%]
[Progress:============>                 42%] [Cov:=========>                         27%]
[Progress:============>                 42%] [Cov:=========>                         27%]
[Progress:============>                 42%] [Cov:=========>                         27%]
[Progress:============>                 42%] [Cov:=========>                         27%]
[Progress:============>                 42%] [Cov:=========>                         27%]
[Progress:============>                 42%] [Cov:=========>                         27%]
[Progress:============>                 42%] [Cov:=========>                         27%]
[Progress:============>                 42%] [Cov:=========>                         27%]
[Progress:============>                 42%] [Cov:=========>                         27%]
[Progress:============>                 42%] [Cov:=========>                         27%]
[Progress:============>                 42%] [Cov:=========>                         27%]
[Progress:============>                 42%] [Cov:=========>                         27%]
[Progress:============>                 43%] [Cov:=======>                           22%]
[Progress:============>                 43%] [Cov:=========>                         27%]
[Progress:============>                 43%] [Cov:=========>                         27%]
[Progress:============>                 43%] [Cov:=========>                         27%]
[Progress:============>                 43%] [Cov:=========>                         27%]
[Progress:============>                 43%] [Cov:=========>                         27%]
[Progress:============>                 43%] [Cov:=========>                         27%]
[Progress:============>                 43%] [Cov:=========>                         27%]
[Progress:============>                 43%] [Cov:=========>                         27%]
[Progress:============>                 43%] [Cov:=========>                         27%]
[Progress:============>                 43%] [Cov:=========>                         27%]
[Progress:============>                 43%] [Cov:=========>                         27%]
[Progress:============>                 43%] [Cov:=========>                         27%]
[Progress:============>                 43%] [Cov:=========>                         27%]
[Progress:============>                 43%] [Cov:=========>                         27%]
[Progress:============>                 43%] [Cov:=========>                         27%]
[Progress:============>                 43%] [Cov:=========>                         27%]
[Progress:============>                 43%] [Cov:=========>                         27%]
[Progress:============>                 43%] [Cov:=========>                         27%]
[Progress:============>                 43%] [Cov:=========>                         27%]
[Progress:============>                 43%] [Cov:=========>                         27%]
[Progress:============>                 43%] [Cov:=========>                         27%]
[Progress:=============>                44%] [Cov:=========>                         27%]
[Progress:=============>                44%] [Cov:=========>                         27%]
[Progress:=============>                44%] [Cov:=========>                         27%]
[Progress:=============>                44%] [Cov:=========>                         27%]
[Progress:=============>                44%] [Cov:=========>                         27%]
[Progress:=============>                44%] [Cov:=========>                         27%]
[Progress:=============>                44%] [Cov:=========>                         27%]
[Progress:=============>                44%] [Cov:=========>                         27%]
[Progress:=============>                44%] [Cov:=========>                         27%]
[Progress:=============>                44%] [Cov:=========>                         27%]
[Progress:=============>                44%] [Cov:=========>                         27%]
[Progress:=============>                44%] [Cov:=========>                         27%]
[Progress:=============>                44%] [Cov:=========>                         27%]
[Progress:=============>                44%] [Cov:=========>                         27%]
[Progress:=============>                44%] [Cov:=========>                         27%]
[Progress:=============>                44%] [Cov:=========>                         27%]
[Progress:=============>                44%] [Cov:=========>                         27%]
[Progress:=============>                44%] [Cov:=========>                         27%]
[Progress:=============>                44%] [Cov:=========>                         27%]
[Progress:=============>                44%] [Cov:=========>                         27%]
[Progress:=============>                44%] [Cov:=========>                         27%]
[Progress:=============>                44%] [Cov:=========>                         27%]
[Progress:=============>                44%] [Cov:=========>                         27%]
[Progress:=============>                44%] [Cov:=========>                         27%]
[Progress:=============>                44%] [Cov:=========>                         27%]
[Progress:=============>                44%] [Cov:=========>                         27%]
[Progress:=============>                44%] [Cov:=========>                         27%]
[Progress:=============>                44%] [Cov:=========>                         27%]
[Progress:=============>                44%] [Cov:=========>                         27%]
[Progress:=============>                44%] [Cov:=========>                         27%]
[Progress:=============>                44%] [Cov:=========>                         27%]
[Progress:=============>                44%] [Cov:=========>                         27%]
[Progress:=============>                44%] [Cov:=========>                         27%]
[Progress:=============>                44%] [Cov:=========>                         27%]
[Progress:=============>                44%] [Cov:=========>                         27%]
[Progress:=============>                44%] [Cov:=========>                         27%]
[Progress:=============>                44%] [Cov:=========>                         27%]
[Progress:=============>                44%] [Cov:=========>                         27%]
[Progress:=============>                44%] [Cov:=========>                         27%]
[Progress:=============>                44%] [Cov:=========>                         27%]
[Progress:=============>                44%] [Cov:=========>                         27%]
[Progress:=============>                44%] [Cov:=========>                         27%]
[Progress:=============>                44%] [Cov:=========>                         27%]
[Progress:=============>                44%] [Cov:=========>                         27%]
[Progress:=============>                44%] [Cov:=========>                         27%]
[Progress:=============>                44%] [Cov:=========>                         27%]
[Progress:=============>                45%] [Cov:========>                          23%]
[Progress:=============>                45%] [Cov:=========>                         27%]
[Progress:=============>                45%] [Cov:=========>                         27%]
[Progress:=============>                45%] [Cov:=========>                         27%]
[Progress:=============>                45%] [Cov:=========>                         27%]
[Progress:=============>                45%] [Cov:=========>                         27%]
[Progress:=============>                45%] [Cov:=========>                         27%]
[Progress:=============>                45%] [Cov:=========>                         27%]
[Progress:=============>                45%] [Cov:=========>                         27%]
[Progress:=============>                45%] [Cov:=========>                         27%]
[Progress:=============>                45%] [Cov:=========>                         27%]
[Progress:=============>                45%] [Cov:=========>                         27%]
[Progress:=============>                45%] [Cov:=========>                         27%]
[Progress:=============>                45%] [Cov:=========>                         27%]
[Progress:=============>                45%] [Cov:=========>                         27%]
[Progress:=============>                45%] [Cov:=========>                         27%]
[Progress:=============>                45%] [Cov:=========>                         27%]
[Progress:=============>                45%] [Cov:=========>                         27%]
[Progress:=============>                45%] [Cov:=========>                         27%]
[Progress:=============>                45%] [Cov:=========>                         27%]
[Progress:=============>                45%] [Cov:=========>                         27%]
[Progress:=============>                46%] [Cov:=========>                         27%]
[Progress:=============>                46%] [Cov:=========>                         27%]
[Progress:=============>                46%] [Cov:=========>                         27%]
[Progress:=============>                46%] [Cov:=========>                         27%]
[Progress:=============>                46%] [Cov:=========>                         27%]
[Progress:=============>                46%] [Cov:=========>                         27%]
[Progress:=============>                46%] [Cov:=========>                         27%]
[Progress:=============>                46%] [Cov:=========>                         27%]
[Progress:=============>                46%] [Cov:=========>                         27%]
[Progress:=============>                46%] [Cov:=========>                         27%]
[Progress:=============>                46%] [Cov:=========>                         27%]
[Progress:=============>                46%] [Cov:=========>                         27%]
[Progress:=============>                46%] [Cov:=========>                         27%]
[Progress:=============>                46%] [Cov:=========>                         27%]
[Progress:=============>                46%] [Cov:=========>                         27%]
[Progress:=============>                46%] [Cov:=========>                         27%]
[Progress:=============>                46%] [Cov:=========>                         27%]
[Progress:=============>                46%] [Cov:=========>                         27%]
[Progress:=============>                46%] [Cov:=========>                         27%]
[Progress:=============>                46%] [Cov:=========>                         27%]
[Progress:=============>                46%] [Cov:=========>                         27%]
[Progress:=============>                46%] [Cov:=========>                         27%]
[Progress:=============>                46%] [Cov:=========>                         27%]
[Progress:=============>                46%] [Cov:=========>                         27%]
[Progress:=============>                46%] [Cov:=========>                         27%]
[Progress:=============>                46%] [Cov:=========>                         27%]
[Progress:=============>                46%] [Cov:=========>                         27%]
[Progress:=============>                46%] [Cov:=========>                         27%]
[Progress:=============>                46%] [Cov:=========>                         27%]
[Progress:=============>                46%] [Cov:=========>                         27%]
[Progress:=============>                46%] [Cov:=========>                         27%]
[Progress:=============>                46%] [Cov:=========>                         27%]
[Progress:=============>                46%] [Cov:=========>                         27%]
[Progress:=============>                46%] [Cov:=========>                         27%]
[Progress:=============>                46%] [Cov:=========>                         27%]
[Progress:=============>                46%] [Cov:=========>                         27%]
[Progress:==============>               47%] [Cov:=========>                         27%]
[Progress:==============>               47%] [Cov:=========>                         27%]
[Progress:==============>               47%] [Cov:=========>                         27%]
[Progress:==============>               47%] [Cov:=========>                         27%]
[Progress:==============>               47%] [Cov:=========>                         27%]
[Progress:==============>               47%] [Cov:=========>                         27%]
[Progress:==============>               47%] [Cov:=========>                         27%]
[Progress:==============>               47%] [Cov:=========>                         27%]
[Progress:==============>               47%] [Cov:=========>                         27%]
[Progress:==============>               47%] [Cov:=========>                         27%]
[Progress:==============>               47%] [Cov:=========>                         27%]
[Progress:==============>               47%] [Cov:=========>                         27%]
[Progress:==============>               47%] [Cov:=========>                         27%]
[Progress:==============>               47%] [Cov:=========>                         27%]
[Progress:==============>               47%] [Cov:=========>                         27%]
[Progress:==============>               47%] [Cov:=========>                         27%]
[Progress:==============>               47%] [Cov:=========>                         27%]
[Progress:==============>               47%] [Cov:=========>                         27%]
[Progress:==============>               47%] [Cov:=========>                         27%]
[Progress:==============>               48%] [Cov:=========>                         26%]
[Progress:==============>               48%] [Cov:=========>                         27%]
[Progress:==============>               48%] [Cov:=========>                         27%]
[Progress:==============>               48%] [Cov:=========>                         27%]
[Progress:==============>               48%] [Cov:=========>                         27%]
[Progress:==============>               48%] [Cov:=========>                         27%]
[Progress:==============>               48%] [Cov:=========>                         27%]
[Progress:==============>               48%] [Cov:=========>                         27%]
[Progress:==============>               48%] [Cov:=========>                         27%]
[Progress:==============>               48%] [Cov:=========>                         27%]
[Progress:==============>               48%] [Cov:=========>                         27%]
[Progress:==============>               48%] [Cov:=========>                         27%]
[Progress:==============>               48%] [Cov:=========>                         27%]
[Progress:==============>               48%] [Cov:=========>                         27%]
[Progress:==============>               48%] [Cov:=========>                         27%]
[Progress:==============>               48%] [Cov:=========>                         27%]
[Progress:==============>               48%] [Cov:=========>                         27%]
[Progress:==============>               48%] [Cov:=========>                         27%]
[Progress:==============>               48%] [Cov:=========>                         27%]
[Progress:==============>               48%] [Cov:=========>                         27%]
[Progress:==============>               48%] [Cov:=========>                         27%]
[Progress:==============>               48%] [Cov:=========>                         27%]
[Progress:==============>               48%] [Cov:=========>                         27%]
[Progress:==============>               48%] [Cov:=========>                         27%]
[Progress:==============>               48%] [Cov:=========>                         27%]
[Progress:==============>               48%] [Cov:=========>                         27%]
[Progress:==============>               48%] [Cov:=========>                         27%]
[Progress:==============>               48%] [Cov:=========>                         27%]
[Progress:==============>               48%] [Cov:=========>                         27%]
[Progress:==============>               48%] [Cov:=========>                         27%]
[Progress:==============>               48%] [Cov:=========>                         27%]
[Progress:==============>               48%] [Cov:=========>                         27%]
[Progress:==============>               48%] [Cov:=========>                         27%]
[Progress:==============>               48%] [Cov:=========>                         27%]
[Progress:==============>               48%] [Cov:=========>                         27%]
[Progress:==============>               48%] [Cov:=========>                         27%]
[Progress:==============>               48%] [Cov:=========>                         27%]
[Progress:==============>               49%] [Cov:=========>                         27%]
[Progress:==============>               49%] [Cov:=========>                         27%]
[Progress:==============>               49%] [Cov:=========>                         27%]
[Progress:==============>               49%] [Cov:=========>                         27%]
[Progress:==============>               49%] [Cov:=========>                         27%]
[Progress:==============>               49%] [Cov:=========>                         27%]
[Progress:==============>               49%] [Cov:=========>                         27%]
[Progress:==============>               49%] [Cov:=========>                         27%]
[Progress:==============>               49%] [Cov:=========>                         27%]
[Progress:==============>               49%] [Cov:=========>                         27%]
[Progress:==============>               49%] [Cov:=========>                         27%]
[Progress:==============>               49%] [Cov:=========>                         27%]
[Progress:==============>               49%] [Cov:=========>                         27%]
[Progress:==============>               49%] [Cov:=========>                         27%]
[Progress:==============>               49%] [Cov:=========>                         27%]
[Progress:==============>               49%] [Cov:=========>                         27%]
[Progress:==============>               49%] [Cov:=========>                         27%]
[Progress:==============>               49%] [Cov:=========>                         27%]
[Progress:==============>               49%] [Cov:=========>                         27%]
[Progress:==============>               49%] [Cov:=========>                         27%]
[Progress:==============>               49%] [Cov:=========>                         27%]
[Progress:===============>              50%] [Cov:=========>                         27%]
[Progress:===============>              50%] [Cov:=========>                         27%]
[Progress:===============>              50%] [Cov:=========>                         27%]
[Progress:===============>              50%] [Cov:=========>                         27%]
[Progress:===============>              50%] [Cov:=========>                         27%]
[Progress:===============>              50%] [Cov:=========>                         27%]
[Progress:===============>              50%] [Cov:=========>                         27%]
[Progress:===============>              50%] [Cov:=========>                         27%]
[Progress:===============>              50%] [Cov:=========>                         27%]
[Progress:===============>              50%] [Cov:=========>                         27%]
[Progress:===============>              50%] [Cov:=========>                         27%]
[Progress:===============>              50%] [Cov:=========>                         27%]
[Progress:===============>              50%] [Cov:=========>                         27%]
[Progress:===============>              50%] [Cov:=========>                         27%]
[Progress:===============>              50%] [Cov:=========>                         27%]
[Progress:===============>              50%] [Cov:=========>                         27%]
[Progress:===============>              50%] [Cov:=========>                         27%]
[Progress:===============>              50%] [Cov:=========>                         27%]
[Progress:===============>              50%] [Cov:=========>                         27%]
[Progress:===============>              50%] [Cov:=========>                         27%]
[Progress:===============>              50%] [Cov:=========>                         27%]
[Progress:===============>              50%] [Cov:=========>                         27%]
[Progress:===============>              50%] [Cov:=========>                         27%]
[Progress:===============>              50%] [Cov:=========>                         27%]
[Progress:===============>              50%] [Cov:=========>                         27%]
[Progress:===============>              50%] [Cov:=========>                         27%]
[Progress:===============>              50%] [Cov:=========>                         27%]
[Progress:===============>              50%] [Cov:=========>                         27%]
[Progress:===============>              50%] [Cov:=========>                         27%]
[Progress:===============>              50%] [Cov:=========>                         27%]
[Progress:===============>              50%] [Cov:=========>                         27%]
[Progress:===============>              51%] [Cov:=========>                         27%]
[Progress:===============>              51%] [Cov:=========>                         27%]
[Progress:===============>              51%] [Cov:=========>                         27%]
[Progress:===============>              51%] [Cov:=========>                         27%]
[Progress:===============>              51%] [Cov:=========>                         27%]
[Progress:===============>              51%] [Cov:=========>                         27%]
[Progress:===============>              51%] [Cov:=========>                         27%]
[Progress:===============>              51%] [Cov:=========>                         27%]
[Progress:===============>              51%] [Cov:=========>                         27%]
[Progress:===============>              51%] [Cov:=========>                         27%]
[Progress:===============>              51%] [Cov:=========>                         27%]
[Progress:===============>              51%] [Cov:=========>                         27%]
[Progress:===============>              51%] [Cov:=========>                         27%]
[Progress:===============>              51%] [Cov:=========>                         27%]
[Progress:===============>              51%] [Cov:=========>                         27%]
[Progress:===============>              51%] [Cov:=========>                         27%]
[Progress:===============>              51%] [Cov:=========>                         27%]
[Progress:===============>              51%] [Cov:=========>                         27%]
[Progress:===============>              51%] [Cov:=========>                         27%]
[Progress:===============>              51%] [Cov:=========>                         27%]
[Progress:===============>              52%] [Cov:=========>                         26%]
[Progress:===============>              52%] [Cov:=========>                         27%]
[Progress:===============>              52%] [Cov:=========>                         27%]
[Progress:===============>              52%] [Cov:=========>                         27%]
[Progress:===============>              52%] [Cov:=========>                         27%]
[Progress:===============>              52%] [Cov:=========>                         27%]
[Progress:===============>              52%] [Cov:=========>                         27%]
[Progress:===============>              52%] [Cov:=========>                         27%]
[Progress:===============>              52%] [Cov:=========>                         27%]
[Progress:===============>              52%] [Cov:=========>                         27%]
[Progress:===============>              52%] [Cov:=========>                         27%]
[Progress:===============>              52%] [Cov:=========>                         27%]
[Progress:===============>              52%] [Cov:=========>                         27%]
[Progress:===============>              52%] [Cov:=========>                         27%]
[Progress:===============>              52%] [Cov:=========>                         27%]
[Progress:===============>              52%] [Cov:=========>                         27%]
[Progress:===============>              52%] [Cov:=========>                         27%]
[Progress:===============>              52%] [Cov:=========>                         27%]
[Progress:===============>              52%] [Cov:=========>                         27%]
[Progress:===============>              52%] [Cov:=========>                         27%]
[Progress:===============>              52%] [Cov:=========>                         27%]
[Progress:===============>              52%] [Cov:=========>                         27%]
[Progress:===============>              52%] [Cov:=========>                         27%]
[Progress:===============>              52%] [Cov:=========>                         27%]
[Progress:===============>              52%] [Cov:=========>                         27%]
[Progress:===============>              52%] [Cov:=========>                         27%]
[Progress:===============>              52%] [Cov:=========>                         27%]
[Progress:===============>              52%] [Cov:=========>                         27%]
[Progress:===============>              52%] [Cov:=========>                         27%]
[Progress:===============>              52%] [Cov:=========>                         27%]
[Progress:===============>              52%] [Cov:=========>                         27%]
[Progress:===============>              52%] [Cov:=========>                         27%]
[Progress:===============>              52%] [Cov:=========>                         27%]
[Progress:===============>              52%] [Cov:=========>                         27%]
[Progress:===============>              52%] [Cov:=========>                         27%]
[Progress:===============>              53%] [Cov:=========>                         27%]
[Progress:===============>              53%] [Cov:=========>                         27%]
[Progress:===============>              53%] [Cov:=========>                         27%]
[Progress:===============>              53%] [Cov:=========>                         27%]
[Progress:===============>              53%] [Cov:=========>                         27%]
[Progress:===============>              53%] [Cov:=========>                         27%]
[Progress:===============>              53%] [Cov:=========>                         27%]
[Progress:===============>              53%] [Cov:=========>                         27%]
[Progress:===============>              53%] [Cov:=========>                         27%]
[Progress:===============>              53%] [Cov:=========>                         27%]
[Progress:===============>              53%] [Cov:=========>                         27%]
[Progress:===============>              53%] [Cov:=========>                         27%]
[Progress:===============>              53%] [Cov:=========>                         27%]
[Progress:===============>              53%] [Cov:=========>                         27%]
[Progress:===============>              53%] [Cov:=========>                         27%]
[Progress:===============>              53%] [Cov:=========>                         27%]
[Progress:===============>              53%] [Cov:=========>                         27%]
[Progress:===============>              53%] [Cov:=========>                         27%]
[Progress:================>             54%] [Cov:=========>                         27%]
[Progress:================>             54%] [Cov:=========>                         27%]
[Progress:================>             54%] [Cov:=========>                         27%]
[Progress:================>             54%] [Cov:=========>                         27%]
[Progress:================>             54%] [Cov:=========>                         27%]
[Progress:================>             54%] [Cov:=========>                         27%]
[Progress:================>             54%] [Cov:=========>                         27%]
[Progress:================>             54%] [Cov:=========>                         27%]
[Progress:================>             54%] [Cov:=========>                         27%]
[Progress:================>             54%] [Cov:=========>                         27%]
[Progress:================>             54%] [Cov:=========>                         27%]
[Progress:================>             54%] [Cov:=========>                         27%]
[Progress:================>             54%] [Cov:=========>                         27%]
[Progress:================>             54%] [Cov:=========>                         27%]
[Progress:================>             54%] [Cov:=========>                         27%]
[Progress:================>             54%] [Cov:=========>                         27%]
[Progress:================>             54%] [Cov:=========>                         27%]
[Progress:================>             54%] [Cov:=========>                         27%]
[Progress:================>             54%] [Cov:=========>                         27%]
[Progress:================>             54%] [Cov:=========>                         27%]
[Progress:================>             54%] [Cov:=========>                         27%]
[Progress:================>             54%] [Cov:=========>                         27%]
[Progress:================>             54%] [Cov:=========>                         27%]
[Progress:================>             55%] [Cov:=========>                         27%]
[Progress:================>             55%] [Cov:=========>                         27%]
[Progress:================>             55%] [Cov:=========>                         27%]
[Progress:================>             55%] [Cov:=========>                         27%]
[Progress:================>             55%] [Cov:=========>                         27%]
[Progress:================>             55%] [Cov:=========>                         27%]
[Progress:================>             55%] [Cov:=========>                         27%]
[Progress:================>             55%] [Cov:=========>                         27%]
[Progress:================>             55%] [Cov:=========>                         27%]
[Progress:================>             55%] [Cov:=========>                         27%]
[Progress:================>             55%] [Cov:=========>                         27%]
[Progress:================>             55%] [Cov:=========>                         27%]
[Progress:================>             56%] [Cov:=========>                         27%]
[Progress:================>             56%] [Cov:=========>                         27%]
[Progress:================>             56%] [Cov:=========>                         27%]
[Progress:================>             56%] [Cov:=========>                         27%]
[Progress:================>             56%] [Cov:=========>                         27%]
[Progress:================>             56%] [Cov:=========>                         27%]
[Progress:================>             56%] [Cov:=========>                         27%]
[Progress:================>             56%] [Cov:=========>                         27%]
[Progress:================>             56%] [Cov:=========>                         27%]
[Progress:================>             56%] [Cov:=========>                         27%]
[Progress:================>             56%] [Cov:=========>                         27%]
[Progress:================>             56%] [Cov:=========>                         27%]
[Progress:================>             56%] [Cov:=========>                         27%]
[Progress:================>             56%] [Cov:=========>                         27%]
[Progress:================>             56%] [Cov:=========>                         27%]
[Progress:================>             56%] [Cov:=========>                         27%]
[Progress:================>             56%] [Cov:=========>                         27%]
[Progress:================>             56%] [Cov:=========>                         27%]
[Progress:================>             56%] [Cov:=========>                         27%]
[Progress:================>             56%] [Cov:=========>                         27%]
[Progress:================>             56%] [Cov:=========>                         27%]
[Progress:================>             56%] [Cov:=========>                         27%]
[Progress:================>             56%] [Cov:=========>                         27%]
[Progress:================>             56%] [Cov:=========>                         27%]
[Progress:================>             56%] [Cov:=========>                         27%]
[Progress:================>             56%] [Cov:=========>                         27%]
[Progress:================>             56%] [Cov:=========>                         27%]
[Progress:================>             56%] [Cov:=========>                         27%]
[Progress:================>             56%] [Cov:=========>                         27%]
[Progress:================>             56%] [Cov:=========>                         27%]
[Progress:================>             56%] [Cov:=========>                         27%]
[Progress:================>             56%] [Cov:=========>                         27%]
[Progress:================>             56%] [Cov:=========>                         27%]
[Progress:================>             56%] [Cov:=========>                         27%]
[Progress:================>             56%] [Cov:=========>                         27%]
[Progress:=================>            57%] [Cov:=========>                         26%]
[Progress:=================>            57%] [Cov:=========>                         27%]
[Progress:=================>            57%] [Cov:=========>                         27%]
[Progress:=================>            57%] [Cov:=========>                         27%]
[Progress:=================>            57%] [Cov:=========>                         27%]
[Progress:=================>            57%] [Cov:=========>                         27%]
[Progress:=================>            57%] [Cov:=========>                         27%]
[Progress:=================>            57%] [Cov:=========>                         27%]
[Progress:=================>            57%] [Cov:=========>                         27%]
[Progress:=================>            57%] [Cov:=========>                         27%]
[Progress:=================>            57%] [Cov:=========>                         27%]
[Progress:=================>            57%] [Cov:=========>                         27%]
[Progress:=================>            57%] [Cov:=========>                         27%]
[Progress:=================>            57%] [Cov:=========>                         27%]
[Progress:=================>            57%] [Cov:=========>                         27%]
[Progress:=================>            57%] [Cov:=========>                         27%]
[Progress:=================>            58%] [Cov:=========>                         27%]
[Progress:=================>            58%] [Cov:=========>                         27%]
[Progress:=================>            58%] [Cov:=========>                         27%]
[Progress:=================>            58%] [Cov:=========>                         27%]
[Progress:=================>            58%] [Cov:=========>                         27%]
[Progress:=================>            58%] [Cov:=========>                         27%]
[Progress:=================>            58%] [Cov:=========>                         27%]
[Progress:=================>            58%] [Cov:=========>                         27%]
[Progress:=================>            58%] [Cov:=========>                         27%]
[Progress:=================>            58%] [Cov:=========>                         27%]
[Progress:=================>            58%] [Cov:=========>                         27%]
[Progress:=================>            58%] [Cov:=========>                         27%]
[Progress:=================>            58%] [Cov:=========>                         27%]
[Progress:=================>            58%] [Cov:=========>                         27%]
[Progress:=================>            58%] [Cov:=========>                         27%]
[Progress:=================>            58%] [Cov:=========>                         27%]
[Progress:=================>            58%] [Cov:=========>                         27%]
[Progress:=================>            58%] [Cov:=========>                         27%]
[Progress:=================>            58%] [Cov:=========>                         27%]
[Progress:=================>            58%] [Cov:=========>                         27%]
[Progress:=================>            58%] [Cov:=========>                         27%]
[Progress:=================>            58%] [Cov:=========>                         27%]
[Progress:=================>            58%] [Cov:=========>                         27%]
[Progress:=================>            58%] [Cov:=========>                         27%]
[Progress:=================>            59%] [Cov:=========>                         26%]
[Progress:=================>            59%] [Cov:=========>                         27%]
[Progress:=================>            59%] [Cov:=========>                         27%]
[Progress:=================>            59%] [Cov:=========>                         27%]
[Progress:=================>            59%] [Cov:=========>                         27%]
[Progress:=================>            59%] [Cov:=========>                         27%]
[Progress:=================>            59%] [Cov:=========>                         27%]
[Progress:=================>            59%] [Cov:=========>                         27%]
[Progress:=================>            59%] [Cov:=========>                         27%]
[Progress:=================>            59%] [Cov:=========>                         27%]
[Progress:=================>            59%] [Cov:=========>                         27%]
[Progress:=================>            59%] [Cov:=========>                         27%]
[Progress:=================>            59%] [Cov:=========>                         27%]
[Progress:=================>            59%] [Cov:=========>                         27%]
[Progress:=================>            59%] [Cov:=========>                         27%]
[Progress:=================>            59%] [Cov:=========>                         27%]
[Progress:=================>            59%] [Cov:=========>                         27%]
[Progress:=================>            59%] [Cov:=========>                         27%]
[Progress:=================>            59%] [Cov:=========>                         27%]
[Progress:=================>            59%] [Cov:=========>                         27%]
[Progress:=================>            59%] [Cov:=========>                         27%]
[Progress:==================>           60%] [Cov:=========>                         27%]
[Progress:==================>           60%] [Cov:=========>                         27%]
[Progress:==================>           60%] [Cov:=========>                         27%]
[Progress:==================>           60%] [Cov:=========>                         27%]
[Progress:==================>           60%] [Cov:=========>                         27%]
[Progress:==================>           60%] [Cov:=========>                         27%]
[Progress:==================>           60%] [Cov:=========>                         27%]
[Progress:==================>           60%] [Cov:=========>                         27%]
[Progress:==================>           60%] [Cov:=========>                         27%]
[Progress:==================>           60%] [Cov:=========>                         27%]
[Progress:==================>           60%] [Cov:=========>                         27%]
[Progress:==================>           60%] [Cov:=========>                         27%]
[Progress:==================>           60%] [Cov:=========>                         27%]
[Progress:==================>           60%] [Cov:=========>                         27%]
[Progress:==================>           60%] [Cov:=========>                         27%]
[Progress:==================>           60%] [Cov:=========>                         27%]
[Progress:==================>           60%] [Cov:=========>                         27%]
[Progress:==================>           60%] [Cov:=========>                         27%]
[Progress:==================>           60%] [Cov:=========>                         27%]
[Progress:==================>           60%] [Cov:=========>                         27%]
[Progress:==================>           60%] [Cov:=========>                         27%]
[Progress:==================>           60%] [Cov:=========>                         27%]
[Progress:==================>           60%] [Cov:=========>                         27%]
[Progress:==================>           60%] [Cov:=========>                         27%]
[Progress:==================>           60%] [Cov:=========>                         27%]
[Progress:==================>           60%] [Cov:=========>                         27%]
[Progress:==================>           60%] [Cov:=========>                         27%]
[Progress:==================>           60%] [Cov:=========>                         27%]
[Progress:==================>           60%] [Cov:=========>                         27%]
[Progress:==================>           60%] [Cov:=========>                         27%]
[Progress:==================>           60%] [Cov:=========>                         27%]
[Progress:==================>           60%] [Cov:=========>                         27%]
[Progress:==================>           60%] [Cov:=========>                         27%]
[Progress:==================>           60%] [Cov:=========>                         27%]
[Progress:==================>           60%] [Cov:=========>                         27%]
[Progress:==================>           60%] [Cov:=========>                         27%]
[Progress:==================>           60%] [Cov:=========>                         27%]
[Progress:==================>           61%] [Cov:=========>                         27%]
[Progress:==================>           61%] [Cov:=========>                         27%]
[Progress:==================>           61%] [Cov:=========>                         27%]
[Progress:==================>           61%] [Cov:=========>                         27%]
[Progress:==================>           61%] [Cov:=========>                         27%]
[Progress:==================>           61%] [Cov:=========>                         27%]
[Progress:==================>           61%] [Cov:=========>                         27%]
[Progress:==================>           61%] [Cov:=========>                         27%]
[Progress:==================>           61%] [Cov:=========>                         27%]
[Progress:==================>           61%] [Cov:=========>                         27%]
[Progress:==================>           61%] [Cov:=========>                         27%]
[Progress:==================>           61%] [Cov:=========>                         27%]
[Progress:==================>           61%] [Cov:=========>                         27%]
[Progress:==================>           61%] [Cov:=========>                         27%]
[Progress:==================>           61%] [Cov:=========>                         27%]
[Progress:==================>           61%] [Cov:=========>                         27%]
[Progress:==================>           62%] [Cov:=========>                         27%]
[Progress:==================>           62%] [Cov:=========>                         27%]
[Progress:==================>           62%] [Cov:=========>                         27%]
[Progress:==================>           62%] [Cov:=========>                         27%]
[Progress:==================>           62%] [Cov:=========>                         27%]
[Progress:==================>           62%] [Cov:=========>                         27%]
[Progress:==================>           62%] [Cov:=========>                         27%]
[Progress:==================>           62%] [Cov:=========>                         27%]
[Progress:==================>           62%] [Cov:=========>                         27%]
[Progress:==================>           62%] [Cov:=========>                         27%]
[Progress:==================>           62%] [Cov:=========>                         27%]
[Progress:==================>           62%] [Cov:=========>                         27%]
[Progress:==================>           62%] [Cov:=========>                         27%]
[Progress:==================>           62%] [Cov:=========>                         27%]
[Progress:==================>           62%] [Cov:=========>                         27%]
[Progress:==================>           62%] [Cov:=========>                         27%]
[Progress:==================>           62%] [Cov:=========>                         27%]
[Progress:==================>           62%] [Cov:=========>                         27%]
[Progress:==================>           62%] [Cov:=========>                         27%]
[Progress:==================>           62%] [Cov:=========>                         27%]
[Progress:==================>           62%] [Cov:=========>                         27%]
[Progress:==================>           62%] [Cov:=========>                         27%]
[Progress:==================>           62%] [Cov:=========>                         27%]
[Progress:==================>           62%] [Cov:=========>                         27%]
[Progress:==================>           62%] [Cov:=========>                         27%]
[Progress:==================>           62%] [Cov:=========>                         27%]
[Progress:==================>           62%] [Cov:=========>                         27%]
[Progress:==================>           62%] [Cov:=========>                         27%]
[Progress:==================>           62%] [Cov:=========>                         27%]
[Progress:==================>           62%] [Cov:=========>                         27%]
[Progress:==================>           62%] [Cov:=========>                         27%]
[Progress:==================>           62%] [Cov:=========>                         27%]
[Progress:==================>           62%] [Cov:=========>                         27%]
[Progress:==================>           62%] [Cov:=========>                         27%]
[Progress:==================>           62%] [Cov:=========>                         27%]
[Progress:==================>           62%] [Cov:=========>                         27%]
[Progress:==================>           62%] [Cov:=========>                         27%]
[Progress:==================>           62%] [Cov:=========>                         27%]
[Progress:==================>           62%] [Cov:=========>                         27%]
[Progress:==================>           62%] [Cov:=========>                         27%]
[Progress:==================>           62%] [Cov:=========>                         27%]
[Progress:==================>           62%] [Cov:=========>                         27%]
[Progress:==================>           62%] [Cov:=========>                         27%]
[Progress:==================>           62%] [Cov:=========>                         27%]
[Progress:==================>           62%] [Cov:=========>                         27%]
[Progress:==================>           62%] [Cov:=========>                         27%]
[Progress:==================>           62%] [Cov:=========>                         27%]
[Progress:==================>           62%] [Cov:=========>                         27%]
[Progress:==================>           63%] [Cov:=========>                         26%]
[Progress:==================>           63%] [Cov:=========>                         27%]
[Progress:==================>           63%] [Cov:=========>                         27%]
[Progress:==================>           63%] [Cov:=========>                         27%]
[Progress:==================>           63%] [Cov:=========>                         27%]
[Progress:==================>           63%] [Cov:=========>                         27%]
[Progress:==================>           63%] [Cov:=========>                         27%]
[Progress:==================>           63%] [Cov:=========>                         27%]
[Progress:==================>           63%] [Cov:=========>                         27%]
[Progress:==================>           63%] [Cov:=========>                         27%]
[Progress:==================>           63%] [Cov:=========>                         27%]
[Progress:==================>           63%] [Cov:=========>                         27%]
[Progress:==================>           63%] [Cov:=========>                         27%]
[Progress:==================>           63%] [Cov:=========>                         27%]
[Progress:==================>           63%] [Cov:=========>                         27%]
[Progress:==================>           63%] [Cov:=========>                         27%]
[Progress:==================>           63%] [Cov:=========>                         27%]
[Progress:===================>          64%] [Cov:=========>                         26%]
[Progress:===================>          64%] [Cov:=========>                         27%]
[Progress:===================>          64%] [Cov:=========>                         27%]
[Progress:===================>          64%] [Cov:=========>                         27%]
[Progress:===================>          64%] [Cov:=========>                         27%]
[Progress:===================>          64%] [Cov:=========>                         27%]
[Progress:===================>          64%] [Cov:=========>                         27%]
[Progress:===================>          64%] [Cov:=========>                         27%]
[Progress:===================>          64%] [Cov:=========>                         27%]
[Progress:===================>          64%] [Cov:=========>                         27%]
[Progress:===================>          64%] [Cov:=========>                         27%]
[Progress:===================>          64%] [Cov:=========>                         27%]
[Progress:===================>          64%] [Cov:=========>                         27%]
[Progress:===================>          64%] [Cov:=========>                         27%]
[Progress:===================>          64%] [Cov:=========>                         27%]
[Progress:===================>          64%] [Cov:=========>                         27%]
[Progress:===================>          64%] [Cov:=========>                         27%]
[Progress:===================>          64%] [Cov:=========>                         27%]
[Progress:===================>          64%] [Cov:=========>                         27%]
[Progress:===================>          64%] [Cov:=========>                         27%]
[Progress:===================>          64%] [Cov:=========>                         27%]
[Progress:===================>          64%] [Cov:=========>                         27%]
[Progress:===================>          64%] [Cov:=========>                         27%]
[Progress:===================>          64%] [Cov:=========>                         27%]
[Progress:===================>          64%] [Cov:=========>                         27%]
[Progress:===================>          64%] [Cov:=========>                         27%]
[Progress:===================>          65%] [Cov:=========>                         27%]
[Progress:===================>          65%] [Cov:=========>                         27%]
[Progress:===================>          65%] [Cov:=========>                         27%]
[Progress:===================>          65%] [Cov:=========>                         27%]
[Progress:===================>          65%] [Cov:=========>                         27%]
[Progress:===================>          65%] [Cov:=========>                         27%]
[Progress:===================>          65%] [Cov:=========>                         27%]
[Progress:===================>          65%] [Cov:=========>                         27%]
[Progress:===================>          65%] [Cov:=========>                         27%]
[Progress:===================>          65%] [Cov:=========>                         27%]
[Progress:===================>          65%] [Cov:=========>                         27%]
[Progress:===================>          65%] [Cov:=========>                         27%]
[Progress:===================>          66%] [Cov:=========>                         26%]
[Progress:===================>          66%] [Cov:=========>                         27%]
[Progress:===================>          66%] [Cov:=========>                         27%]
[Progress:===================>          66%] [Cov:=========>                         27%]
[Progress:===================>          66%] [Cov:=========>                         27%]
[Progress:===================>          66%] [Cov:=========>                         27%]
[Progress:===================>          66%] [Cov:=========>                         27%]
[Progress:===================>          66%] [Cov:=========>                         27%]
[Progress:===================>          66%] [Cov:=========>                         27%]
[Progress:===================>          66%] [Cov:=========>                         27%]
[Progress:===================>          66%] [Cov:=========>                         27%]
[Progress:===================>          66%] [Cov:=========>                         27%]
[Progress:===================>          66%] [Cov:=========>                         27%]
[Progress:===================>          66%] [Cov:=========>                         27%]
[Progress:===================>          66%] [Cov:=========>                         27%]
[Progress:===================>          66%] [Cov:=========>                         27%]
[Progress:===================>          66%] [Cov:=========>                         27%]
[Progress:===================>          66%] [Cov:=========>                         27%]
[Progress:===================>          66%] [Cov:=========>                         27%]
[Progress:===================>          66%] [Cov:=========>                         27%]
[Progress:===================>          66%] [Cov:=========>                         27%]
[Progress:===================>          66%] [Cov:=========>                         27%]
[Progress:===================>          66%] [Cov:=========>                         27%]
[Progress:===================>          66%] [Cov:=========>                         27%]
[Progress:===================>          66%] [Cov:=========>                         27%]
[Progress:===================>          66%] [Cov:=========>                         27%]
[Progress:===================>          66%] [Cov:=========>                         27%]
[Progress:===================>          66%] [Cov:=========>                         27%]
[Progress:===================>          66%] [Cov:=========>                         27%]
[Progress:===================>          66%] [Cov:=========>                         27%]
[Progress:===================>          66%] [Cov:=========>                         27%]
[Progress:===================>          66%] [Cov:=========>                         27%]
[Progress:===================>          66%] [Cov:=========>                         27%]
[Progress:===================>          66%] [Cov:=========>                         27%]
[Progress:===================>          66%] [Cov:=========>                         27%]
[Progress:====================>         67%] [Cov:=========>                         27%]
[Progress:====================>         67%] [Cov:=========>                         27%]
[Progress:====================>         67%] [Cov:=========>                         27%]
[Progress:====================>         67%] [Cov:=========>                         27%]
[Progress:====================>         67%] [Cov:=========>                         27%]
[Progress:====================>         67%] [Cov:=========>                         27%]
[Progress:====================>         67%] [Cov:=========>                         27%]
[Progress:====================>         67%] [Cov:=========>                         27%]
[Progress:====================>         67%] [Cov:=========>                         27%]
[Progress:====================>         67%] [Cov:=========>                         27%]
[Progress:====================>         67%] [Cov:=========>                         27%]
[Progress:====================>         67%] [Cov:=========>                         27%]
[Progress:====================>         67%] [Cov:=========>                         27%]
[Progress:====================>         67%] [Cov:=========>                         27%]
[Progress:====================>         67%] [Cov:=========>                         27%]
[Progress:====================>         68%] [Cov:=========>                         27%]
[Progress:====================>         68%] [Cov:=========>                         27%]
[Progress:====================>         68%] [Cov:=========>                         27%]
[Progress:====================>         68%] [Cov:=========>                         27%]
[Progress:====================>         68%] [Cov:=========>                         27%]
[Progress:====================>         68%] [Cov:=========>                         27%]
[Progress:====================>         68%] [Cov:=========>                         27%]
[Progress:====================>         68%] [Cov:=========>                         27%]
[Progress:====================>         68%] [Cov:=========>                         27%]
[Progress:====================>         68%] [Cov:=========>                         27%]
[Progress:====================>         68%] [Cov:=========>                         27%]
[Progress:====================>         68%] [Cov:=========>                         27%]
[Progress:====================>         68%] [Cov:=========>                         27%]
[Progress:====================>         68%] [Cov:=========>                         27%]
[Progress:====================>         68%] [Cov:=========>                         27%]
[Progress:====================>         68%] [Cov:=========>                         27%]
[Progress:====================>         68%] [Cov:=========>                         27%]
[Progress:====================>         68%] [Cov:=========>                         27%]
[Progress:====================>         68%] [Cov:=========>                         27%]
[Progress:====================>         68%] [Cov:=========>                         27%]
[Progress:====================>         68%] [Cov:=========>                         27%]
[Progress:====================>         68%] [Cov:=========>                         27%]
[Progress:====================>         68%] [Cov:=========>                         27%]
[Progress:====================>         68%] [Cov:=========>                         27%]
[Progress:====================>         68%] [Cov:=========>                         27%]
[Progress:====================>         69%] [Cov:=========>                         27%]
[Progress:====================>         69%] [Cov:=========>                         27%]
[Progress:====================>         69%] [Cov:=========>                         27%]
[Progress:====================>         69%] [Cov:=========>                         27%]
[Progress:====================>         69%] [Cov:=========>                         27%]
[Progress:====================>         69%] [Cov:=========>                         27%]
[Progress:====================>         69%] [Cov:=========>                         27%]
[Progress:====================>         69%] [Cov:=========>                         27%]
[Progress:====================>         69%] [Cov:=========>                         27%]
[Progress:====================>         69%] [Cov:=========>                         27%]
[Progress:====================>         69%] [Cov:=========>                         27%]
[Progress:====================>         69%] [Cov:=========>                         27%]
[Progress:====================>         69%] [Cov:=========>                         27%]
[Progress:====================>         69%] [Cov:=========>                         27%]
[Progress:====================>         69%] [Cov:=========>                         27%]
[Progress:=====================>        70%] [Cov:=========>                         27%]
[Progress:=====================>        70%] [Cov:=========>                         27%]
[Progress:=====================>        70%] [Cov:=========>                         27%]
[Progress:=====================>        70%] [Cov:=========>                         27%]
[Progress:=====================>        70%] [Cov:=========>                         27%]
[Progress:=====================>        70%] [Cov:=========>                         27%]
[Progress:=====================>        70%] [Cov:=========>                         27%]
[Progress:=====================>        70%] [Cov:=========>                         27%]
[Progress:=====================>        70%] [Cov:=========>                         27%]
[Progress:=====================>        70%] [Cov:=========>                         27%]
[Progress:=====================>        70%] [Cov:=========>                         27%]
[Progress:=====================>        70%] [Cov:=========>                         27%]
[Progress:=====================>        70%] [Cov:=========>                         27%]
[Progress:=====================>        70%] [Cov:=========>                         27%]
[Progress:=====================>        70%] [Cov:=========>                         27%]
[Progress:=====================>        70%] [Cov:=========>                         27%]
[Progress:=====================>        70%] [Cov:=========>                         27%]
[Progress:=====================>        70%] [Cov:=========>                         27%]
[Progress:=====================>        70%] [Cov:=========>                         27%]
[Progress:=====================>        70%] [Cov:=========>                         27%]
[Progress:=====================>        70%] [Cov:=========>                         27%]
[Progress:=====================>        70%] [Cov:=========>                         27%]
[Progress:=====================>        70%] [Cov:=========>                         27%]
[Progress:=====================>        70%] [Cov:=========>                         27%]
[Progress:=====================>        70%] [Cov:=========>                         27%]
[Progress:=====================>        70%] [Cov:=========>                         27%]
[Progress:=====================>        70%] [Cov:=========>                         27%]
[Progress:=====================>        70%] [Cov:=========>                         27%]
[Progress:=====================>        70%] [Cov:=========>                         27%]
[Progress:=====================>        70%] [Cov:=========>                         27%]
[Progress:=====================>        70%] [Cov:=========>                         27%]
[Progress:=====================>        70%] [Cov:=========>                         27%]
[Progress:=====================>        70%] [Cov:=========>                         27%]
[Progress:=====================>        70%] [Cov:=========>                         27%]
[Progress:=====================>        70%] [Cov:=========>                         27%]
[Progress:=====================>        71%] [Cov:=========>                         27%]
[Progress:=====================>        71%] [Cov:=========>                         27%]
[Progress:=====================>        71%] [Cov:=========>                         27%]
[Progress:=====================>        71%] [Cov:=========>                         27%]
[Progress:=====================>        71%] [Cov:=========>                         27%]
[Progress:=====================>        71%] [Cov:=========>                         27%]
[Progress:=====================>        71%] [Cov:=========>                         27%]
[Progress:=====================>        71%] [Cov:=========>                         27%]
[Progress:=====================>        71%] [Cov:=========>                         27%]
[Progress:=====================>        71%] [Cov:=========>                         27%]
[Progress:=====================>        71%] [Cov:=========>                         27%]
[Progress:=====================>        71%] [Cov:=========>                         27%]
[Progress:=====================>        71%] [Cov:=========>                         27%]
[Progress:=====================>        71%] [Cov:=========>                         27%]
[Progress:=====================>        71%] [Cov:=========>                         27%]
[Progress:=====================>        71%] [Cov:=========>                         27%]
[Progress:=====================>        71%] [Cov:=========>                         27%]
[Progress:=====================>        71%] [Cov:=========>                         27%]
[Progress:=====================>        72%] [Cov:=========>                         27%]
[Progress:=====================>        72%] [Cov:=========>                         27%]
[Progress:=====================>        72%] [Cov:=========>                         27%]
[Progress:=====================>        72%] [Cov:=========>                         27%]
[Progress:=====================>        72%] [Cov:=========>                         27%]
[Progress:=====================>        72%] [Cov:=========>                         27%]
[Progress:=====================>        72%] [Cov:=========>                         27%]
[Progress:=====================>        72%] [Cov:=========>                         27%]
[Progress:=====================>        72%] [Cov:=========>                         27%]
[Progress:=====================>        72%] [Cov:=========>                         27%]
[Progress:=====================>        72%] [Cov:=========>                         27%]
[Progress:=====================>        72%] [Cov:=========>                         27%]
[Progress:=====================>        72%] [Cov:=========>                         27%]
[Progress:=====================>        72%] [Cov:=========>                         27%]
[Progress:=====================>        72%] [Cov:=========>                         27%]
[Progress:=====================>        72%] [Cov:=========>                         27%]
[Progress:=====================>        72%] [Cov:=========>                         27%]
[Progress:=====================>        72%] [Cov:=========>                         27%]
[Progress:=====================>        72%] [Cov:=========>                         27%]
[Progress:=====================>        72%] [Cov:=========>                         27%]
[Progress:=====================>        72%] [Cov:=========>                         27%]
[Progress:=====================>        72%] [Cov:=========>                         27%]
[Progress:=====================>        72%] [Cov:=========>                         27%]
[Progress:=====================>        72%] [Cov:=========>                         27%]
[Progress:=====================>        72%] [Cov:=========>                         27%]
[Progress:=====================>        72%] [Cov:=========>                         27%]
[Progress:=====================>        72%] [Cov:=========>                         27%]
[Progress:=====================>        72%] [Cov:=========>                         27%]
[Progress:=====================>        72%] [Cov:=========>                         27%]
[Progress:=====================>        72%] [Cov:=========>                         27%]
[Progress:=====================>        72%] [Cov:=========>                         27%]
[Progress:=====================>        72%] [Cov:=========>                         27%]
[Progress:=====================>        72%] [Cov:=========>                         27%]
[Progress:=====================>        72%] [Cov:=========>                         27%]
[Progress:=====================>        72%] [Cov:=========>                         27%]
[Progress:=====================>        72%] [Cov:=========>                         27%]
[Progress:=====================>        72%] [Cov:=========>                         27%]
[Progress:=====================>        72%] [Cov:=========>                         27%]
[Progress:=====================>        73%] [Cov:=========>                         27%]
[Progress:=====================>        73%] [Cov:=========>                         27%]
[Progress:=====================>        73%] [Cov:=========>                         27%]
[Progress:=====================>        73%] [Cov:=========>                         27%]
[Progress:=====================>        73%] [Cov:=========>                         27%]
[Progress:=====================>        73%] [Cov:=========>                         27%]
[Progress:=====================>        73%] [Cov:=========>                         27%]
[Progress:=====================>        73%] [Cov:=========>                         27%]
[Progress:=====================>        73%] [Cov:=========>                         27%]
[Progress:=====================>        73%] [Cov:=========>                         27%]
[Progress:=====================>        73%] [Cov:=========>                         27%]
[Progress:=====================>        73%] [Cov:=========>                         27%]
[Progress:=====================>        73%] [Cov:=========>                         27%]
[Progress:=====================>        73%] [Cov:=========>                         27%]
[Progress:=====================>        73%] [Cov:=========>                         27%]
[Progress:=====================>        73%] [Cov:=========>                         27%]
[Progress:=====================>        73%] [Cov:=========>                         27%]
[Progress:=====================>        73%] [Cov:=========>                         27%]
[Progress:=====================>        73%] [Cov:=========>                         27%]
[Progress:======================>       74%] [Cov:=========>                         27%]
[Progress:======================>       74%] [Cov:=========>                         27%]
[Progress:======================>       74%] [Cov:=========>                         27%]
[Progress:======================>       74%] [Cov:=========>                         27%]
[Progress:======================>       74%] [Cov:=========>                         27%]
[Progress:======================>       74%] [Cov:=========>                         27%]
[Progress:======================>       74%] [Cov:=========>                         27%]
[Progress:======================>       74%] [Cov:=========>                         27%]
[Progress:======================>       74%] [Cov:=========>                         27%]
[Progress:======================>       74%] [Cov:=========>                         27%]
[Progress:======================>       74%] [Cov:=========>                         27%]
[Progress:======================>       74%] [Cov:=========>                         27%]
[Progress:======================>       74%] [Cov:=========>                         27%]
[Progress:======================>       74%] [Cov:=========>                         27%]
[Progress:======================>       74%] [Cov:=========>                         27%]
[Progress:======================>       74%] [Cov:=========>                         27%]
[Progress:======================>       74%] [Cov:=========>                         27%]
[Progress:======================>       74%] [Cov:=========>                         27%]
[Progress:======================>       74%] [Cov:=========>                         27%]
[Progress:======================>       74%] [Cov:=========>                         27%]
[Progress:======================>       74%] [Cov:=========>                         27%]
[Progress:======================>       74%] [Cov:=========>                         27%]
[Progress:======================>       74%] [Cov:=========>                         27%]
[Progress:======================>       74%] [Cov:=========>                         27%]
[Progress:======================>       74%] [Cov:=========>                         27%]
[Progress:======================>       74%] [Cov:=========>                         27%]
[Progress:======================>       74%] [Cov:=========>                         27%]
[Progress:======================>       74%] [Cov:=========>                         27%]
[Progress:======================>       75%] [Cov:=========>                         27%]
[Progress:======================>       75%] [Cov:=========>                         27%]
[Progress:======================>       75%] [Cov:=========>                         27%]
[Progress:======================>       75%] [Cov:=========>                         27%]
[Progress:======================>       75%] [Cov:=========>                         27%]
[Progress:======================>       75%] [Cov:=========>                         27%]
[Progress:======================>       75%] [Cov:=========>                         27%]
[Progress:======================>       75%] [Cov:=========>                         27%]
[Progress:======================>       75%] [Cov:=========>                         27%]
[Progress:======================>       75%] [Cov:=========>                         27%]
[Progress:======================>       75%] [Cov:=========>                         27%]
[Progress:======================>       75%] [Cov:=========>                         27%]
[Progress:======================>       75%] [Cov:=========>                         27%]
[Progress:======================>       76%] [Cov:=========>                         26%]
[Progress:======================>       76%] [Cov:=========>                         27%]
[Progress:======================>       76%] [Cov:=========>                         27%]
[Progress:======================>       76%] [Cov:=========>                         27%]
[Progress:======================>       76%] [Cov:=========>                         27%]
[Progress:======================>       76%] [Cov:=========>                         27%]
[Progress:======================>       76%] [Cov:=========>                         27%]
[Progress:======================>       76%] [Cov:=========>                         27%]
[Progress:======================>       76%] [Cov:=========>                         27%]
[Progress:======================>       76%] [Cov:=========>                         27%]
[Progress:======================>       76%] [Cov:=========>                         27%]
[Progress:======================>       76%] [Cov:=========>                         27%]
[Progress:======================>       76%] [Cov:=========>                         27%]
[Progress:======================>       76%] [Cov:=========>                         27%]
[Progress:======================>       76%] [Cov:=========>                         27%]
[Progress:======================>       76%] [Cov:=========>                         27%]
[Progress:======================>       76%] [Cov:=========>                         27%]
[Progress:======================>       76%] [Cov:=========>                         27%]
[Progress:======================>       76%] [Cov:=========>                         27%]
[Progress:======================>       76%] [Cov:=========>                         27%]
[Progress:======================>       76%] [Cov:=========>                         27%]
[Progress:======================>       76%] [Cov:=========>                         27%]
[Progress:======================>       76%] [Cov:=========>                         27%]
[Progress:======================>       76%] [Cov:=========>                         27%]
[Progress:======================>       76%] [Cov:=========>                         27%]
[Progress:======================>       76%] [Cov:=========>                         27%]
[Progress:======================>       76%] [Cov:=========>                         27%]
[Progress:======================>       76%] [Cov:=========>                         27%]
[Progress:======================>       76%] [Cov:=========>                         27%]
[Progress:======================>       76%] [Cov:=========>                         27%]
[Progress:======================>       76%] [Cov:=========>                         27%]
[Progress:======================>       76%] [Cov:=========>                         27%]
[Progress:======================>       76%] [Cov:=========>                         27%]
[Progress:======================>       76%] [Cov:=========>                         27%]
[Progress:======================>       76%] [Cov:=========>                         27%]
[Progress:======================>       76%] [Cov:=========>                         27%]
[Progress:======================>       76%] [Cov:=========>                         27%]
[Progress:======================>       76%] [Cov:=========>                         27%]
[Progress:======================>       76%] [Cov:=========>                         27%]
[Progress:======================>       76%] [Cov:=========>                         27%]
[Progress:======================>       76%] [Cov:=========>                         27%]
[Progress:======================>       76%] [Cov:=========>                         27%]
[Progress:======================>       76%] [Cov:=========>                         27%]
[Progress:======================>       76%] [Cov:=========>                         27%]
[Progress:=======================>      77%] [Cov:=========>                         26%]
[Progress:=======================>      77%] [Cov:=========>                         27%]
[Progress:=======================>      77%] [Cov:=========>                         27%]
[Progress:=======================>      77%] [Cov:=========>                         27%]
[Progress:=======================>      77%] [Cov:=========>                         27%]
[Progress:=======================>      77%] [Cov:=========>                         27%]
[Progress:=======================>      77%] [Cov:=========>                         27%]
[Progress:=======================>      77%] [Cov:=========>                         27%]
[Progress:=======================>      77%] [Cov:=========>                         27%]
[Progress:=======================>      77%] [Cov:=========>                         27%]
[Progress:=======================>      77%] [Cov:=========>                         27%]
[Progress:=======================>      77%] [Cov:=========>                         27%]
[Progress:=======================>      77%] [Cov:=========>                         27%]
[Progress:=======================>      77%] [Cov:=========>                         27%]
[Progress:=======================>      77%] [Cov:=========>                         27%]
[Progress:=======================>      77%] [Cov:=========>                         27%]
[Progress:=======================>      77%] [Cov:=========>                         27%]
[Progress:=======================>      77%] [Cov:=========>                         27%]
[Progress:=======================>      77%] [Cov:=========>                         27%]
[Progress:=======================>      77%] [Cov:=========>                         27%]
[Progress:=======================>      77%] [Cov:=========>                         27%]
[Progress:=======================>      78%] [Cov:=========>                         27%]
[Progress:=======================>      78%] [Cov:=========>                         27%]
[Progress:=======================>      78%] [Cov:=========>                         27%]
[Progress:=======================>      78%] [Cov:=========>                         27%]
[Progress:=======================>      78%] [Cov:=========>                         27%]
[Progress:=======================>      78%] [Cov:=========>                         27%]
[Progress:=======================>      78%] [Cov:=========>                         27%]
[Progress:=======================>      78%] [Cov:=========>                         27%]
[Progress:=======================>      78%] [Cov:=========>                         27%]
[Progress:=======================>      78%] [Cov:=========>                         27%]
[Progress:=======================>      78%] [Cov:=========>                         27%]
[Progress:=======================>      78%] [Cov:=========>                         27%]
[Progress:=======================>      78%] [Cov:=========>                         27%]
[Progress:=======================>      78%] [Cov:=========>                         27%]
[Progress:=======================>      78%] [Cov:=========>                         27%]
[Progress:=======================>      78%] [Cov:=========>                         27%]
[Progress:=======================>      78%] [Cov:=========>                         27%]
[Progress:=======================>      78%] [Cov:=========>                         27%]
[Progress:=======================>      78%] [Cov:=========>                         27%]
[Progress:=======================>      78%] [Cov:=========>                         27%]
[Progress:=======================>      78%] [Cov:=========>                         27%]
[Progress:=======================>      78%] [Cov:=========>                         27%]
[Progress:=======================>      78%] [Cov:=========>                         27%]
[Progress:=======================>      78%] [Cov:=========>                         27%]
[Progress:=======================>      78%] [Cov:=========>                         27%]
[Progress:=======================>      78%] [Cov:=========>                         27%]
[Progress:=======================>      78%] [Cov:=========>                         27%]
[Progress:=======================>      78%] [Cov:=========>                         27%]
[Progress:=======================>      78%] [Cov:=========>                         27%]
[Progress:=======================>      78%] [Cov:=========>                         27%]
[Progress:=======================>      78%] [Cov:=========>                         27%]
[Progress:=======================>      78%] [Cov:=========>                         27%]
[Progress:=======================>      79%] [Cov:=========>                         27%]
[Progress:=======================>      79%] [Cov:=========>                         27%]
[Progress:=======================>      79%] [Cov:=========>                         27%]
[Progress:=======================>      79%] [Cov:=========>                         27%]
[Progress:=======================>      79%] [Cov:=========>                         27%]
[Progress:=======================>      79%] [Cov:=========>                         27%]
[Progress:=======================>      79%] [Cov:=========>                         27%]
[Progress:=======================>      79%] [Cov:=========>                         27%]
[Progress:=======================>      79%] [Cov:=========>                         27%]
[Progress:=======================>      79%] [Cov:=========>                         27%]
[Progress:=======================>      79%] [Cov:=========>                         27%]
[Progress:=======================>      79%] [Cov:=========>                         27%]
[Progress:=======================>      79%] [Cov:=========>                         27%]
[Progress:=======================>      79%] [Cov:=========>                         27%]
[Progress:=======================>      79%] [Cov:=========>                         27%]
[Progress:=======================>      79%] [Cov:=========>                         27%]
[Progress:=======================>      79%] [Cov:=========>                         27%]
[Progress:=======================>      79%] [Cov:=========>                         27%]
[Progress:=======================>      79%] [Cov:=========>                         27%]
[Progress:=======================>      79%] [Cov:=========>                         27%]
[Progress:=======================>      79%] [Cov:=========>                         27%]
[Progress:=======================>      79%] [Cov:=========>                         27%]
[Progress:========================>     80%] [Cov:=========>                         26%]
[Progress:========================>     80%] [Cov:=========>                         27%]
[Progress:========================>     80%] [Cov:=========>                         27%]
[Progress:========================>     80%] [Cov:=========>                         27%]
[Progress:========================>     80%] [Cov:=========>                         27%]
[Progress:========================>     80%] [Cov:=========>                         27%]
[Progress:========================>     80%] [Cov:=========>                         27%]
[Progress:========================>     80%] [Cov:=========>                         27%]
[Progress:========================>     80%] [Cov:=========>                         27%]
[Progress:========================>     80%] [Cov:=========>                         27%]
[Progress:========================>     80%] [Cov:=========>                         27%]
[Progress:========================>     80%] [Cov:=========>                         27%]
[Progress:========================>     80%] [Cov:=========>                         27%]
[Progress:========================>     80%] [Cov:=========>                         27%]
[Progress:========================>     80%] [Cov:=========>                         27%]
[Progress:========================>     80%] [Cov:=========>                         27%]
[Progress:========================>     80%] [Cov:=========>                         27%]
[Progress:========================>     80%] [Cov:=========>                         27%]
[Progress:========================>     80%] [Cov:=========>                         27%]
[Progress:========================>     80%] [Cov:=========>                         27%]
[Progress:========================>     80%] [Cov:=========>                         27%]
[Progress:========================>     80%] [Cov:=========>                         27%]
[Progress:========================>     80%] [Cov:=========>                         27%]
[Progress:========================>     80%] [Cov:=========>                         27%]
[Progress:========================>     80%] [Cov:=========>                         27%]
[Progress:========================>     80%] [Cov:=========>                         27%]
[Progress:========================>     80%] [Cov:=========>                         27%]
[Progress:========================>     80%] [Cov:=========>                         27%]
[Progress:========================>     80%] [Cov:=========>                         27%]
[Progress:========================>     80%] [Cov:=========>                         27%]
[Progress:========================>     80%] [Cov:=========>                         27%]
[Progress:========================>     80%] [Cov:=========>                         27%]
[Progress:========================>     80%] [Cov:=========>                         27%]
[Progress:========================>     80%] [Cov:=========>                         27%]
[Progress:========================>     80%] [Cov:=========>                         27%]
[Progress:========================>     80%] [Cov:=========>                         27%]
[Progress:========================>     81%] [Cov:=========>                         27%]
[Progress:========================>     81%] [Cov:=========>                         27%]
[Progress:========================>     81%] [Cov:=========>                         27%]
[Progress:========================>     81%] [Cov:=========>                         27%]
[Progress:========================>     81%] [Cov:=========>                         27%]
[Progress:========================>     81%] [Cov:=========>                         27%]
[Progress:========================>     81%] [Cov:=========>                         27%]
[Progress:========================>     81%] [Cov:=========>                         27%]
[Progress:========================>     81%] [Cov:=========>                         27%]
[Progress:========================>     81%] [Cov:=========>                         27%]
[Progress:========================>     81%] [Cov:=========>                         27%]
[Progress:========================>     81%] [Cov:=========>                         27%]
[Progress:========================>     81%] [Cov:=========>                         27%]
[Progress:========================>     81%] [Cov:=========>                         27%]
[Progress:========================>     81%] [Cov:=========>                         27%]
[Progress:========================>     82%] [Cov:=========>                         26%]
[Progress:========================>     82%] [Cov:=========>                         27%]
[Progress:========================>     82%] [Cov:=========>                         27%]
[Progress:========================>     82%] [Cov:=========>                         27%]
[Progress:========================>     82%] [Cov:=========>                         27%]
[Progress:========================>     82%] [Cov:=========>                         27%]
[Progress:========================>     82%] [Cov:=========>                         27%]
[Progress:========================>     82%] [Cov:=========>                         27%]
[Progress:========================>     82%] [Cov:=========>                         27%]
[Progress:========================>     82%] [Cov:=========>                         27%]
[Progress:========================>     82%] [Cov:=========>                         27%]
[Progress:========================>     82%] [Cov:=========>                         27%]
[Progress:========================>     82%] [Cov:=========>                         27%]
[Progress:========================>     82%] [Cov:=========>                         27%]
[Progress:========================>     82%] [Cov:=========>                         27%]
[Progress:========================>     82%] [Cov:=========>                         27%]
[Progress:========================>     82%] [Cov:=========>                         27%]
[Progress:========================>     82%] [Cov:=========>                         27%]
[Progress:========================>     82%] [Cov:=========>                         27%]
[Progress:========================>     82%] [Cov:=========>                         27%]
[Progress:========================>     82%] [Cov:=========>                         27%]
[Progress:========================>     82%] [Cov:=========>                         27%]
[Progress:========================>     82%] [Cov:=========>                         27%]
[Progress:========================>     82%] [Cov:=========>                         27%]
[Progress:========================>     82%] [Cov:=========>                         27%]
[Progress:========================>     82%] [Cov:=========>                         27%]
[Progress:========================>     82%] [Cov:=========>                         27%]
[Progress:========================>     82%] [Cov:=========>                         27%]
[Progress:========================>     82%] [Cov:=========>                         27%]
[Progress:========================>     82%] [Cov:=========>                         27%]
[Progress:========================>     82%] [Cov:=========>                         27%]
[Progress:========================>     82%] [Cov:=========>                         27%]
[Progress:========================>     82%] [Cov:=========>                         27%]
[Progress:========================>     82%] [Cov:=========>                         27%]
[Progress:========================>     82%] [Cov:=========>                         27%]
[Progress:========================>     82%] [Cov:=========>                         27%]
[Progress:========================>     82%] [Cov:=========>                         27%]
[Progress:========================>     82%] [Cov:=========>                         27%]
[Progress:========================>     82%] [Cov:=========>                         27%]
[Progress:========================>     83%] [Cov:=========>                         27%]
[Progress:========================>     83%] [Cov:=========>                         27%]
[Progress:========================>     83%] [Cov:=========>                         27%]
[Progress:========================>     83%] [Cov:=========>                         27%]
[Progress:========================>     83%] [Cov:=========>                         27%]
[Progress:========================>     83%] [Cov:=========>                         27%]
[Progress:========================>     83%] [Cov:=========>                         27%]
[Progress:========================>     83%] [Cov:=========>                         27%]
[Progress:========================>     83%] [Cov:=========>                         27%]
[Progress:========================>     83%] [Cov:=========>                         27%]
[Progress:========================>     83%] [Cov:=========>                         27%]
[Progress:========================>     83%] [Cov:=========>                         27%]
[Progress:========================>     83%] [Cov:=========>                         27%]
[Progress:========================>     83%] [Cov:=========>                         27%]
[Progress:========================>     83%] [Cov:=========>                         27%]
[Progress:========================>     83%] [Cov:=========>                         27%]
[Progress:========================>     83%] [Cov:=========>                         27%]
[Progress:========================>     83%] [Cov:=========>                         27%]
[Progress:========================>     83%] [Cov:=========>                         27%]
[Progress:========================>     83%] [Cov:=========>                         27%]
[Progress:========================>     83%] [Cov:=========>                         27%]
[Progress:========================>     83%] [Cov:=========>                         27%]
[Progress:========================>     83%] [Cov:=========>                         27%]
[Progress:=========================>    84%] [Cov:=========>                         27%]
[Progress:=========================>    84%] [Cov:=========>                         27%]
[Progress:=========================>    84%] [Cov:=========>                         27%]
[Progress:=========================>    84%] [Cov:=========>                         27%]
[Progress:=========================>    84%] [Cov:=========>                         27%]
[Progress:=========================>    84%] [Cov:=========>                         27%]
[Progress:=========================>    84%] [Cov:=========>                         27%]
[Progress:=========================>    84%] [Cov:=========>                         27%]
[Progress:=========================>    84%] [Cov:=========>                         27%]
[Progress:=========================>    84%] [Cov:=========>                         27%]
[Progress:=========================>    84%] [Cov:=========>                         27%]
[Progress:=========================>    84%] [Cov:=========>                         27%]
[Progress:=========================>    84%] [Cov:=========>                         27%]
[Progress:=========================>    84%] [Cov:=========>                         27%]
[Progress:=========================>    84%] [Cov:=========>                         27%]
[Progress:=========================>    84%] [Cov:=========>                         27%]
[Progress:=========================>    84%] [Cov:=========>                         27%]
[Progress:=========================>    84%] [Cov:=========>                         27%]
[Progress:=========================>    84%] [Cov:=========>                         27%]
[Progress:=========================>    84%] [Cov:=========>                         27%]
[Progress:=========================>    84%] [Cov:=========>                         27%]
[Progress:=========================>    84%] [Cov:=========>                         27%]
[Progress:=========================>    84%] [Cov:=========>                         27%]
[Progress:=========================>    84%] [Cov:=========>                         27%]
[Progress:=========================>    84%] [Cov:=========>                         27%]
[Progress:=========================>    85%] [Cov:=========>                         27%]
[Progress:=========================>    85%] [Cov:=========>                         27%]
[Progress:=========================>    85%] [Cov:=========>                         27%]
[Progress:=========================>    85%] [Cov:=========>                         27%]
[Progress:=========================>    85%] [Cov:=========>                         27%]
[Progress:=========================>    85%] [Cov:=========>                         27%]
[Progress:=========================>    85%] [Cov:=========>                         27%]
[Progress:=========================>    85%] [Cov:=========>                         27%]
[Progress:=========================>    85%] [Cov:=========>                         27%]
[Progress:=========================>    85%] [Cov:=========>                         27%]
[Progress:=========================>    85%] [Cov:=========>                         27%]
[Progress:=========================>    85%] [Cov:=========>                         27%]
[Progress:=========================>    85%] [Cov:=========>                         27%]
[Progress:=========================>    86%] [Cov:=========>                         26%]
[Progress:=========================>    86%] [Cov:=========>                         27%]
[Progress:=========================>    86%] [Cov:=========>                         27%]
[Progress:=========================>    86%] [Cov:=========>                         27%]
[Progress:=========================>    86%] [Cov:=========>                         27%]
[Progress:=========================>    86%] [Cov:=========>                         27%]
[Progress:=========================>    86%] [Cov:=========>                         27%]
[Progress:=========================>    86%] [Cov:=========>                         27%]
[Progress:=========================>    86%] [Cov:=========>                         27%]
[Progress:=========================>    86%] [Cov:=========>                         27%]
[Progress:=========================>    86%] [Cov:=========>                         27%]
[Progress:=========================>    86%] [Cov:=========>                         27%]
[Progress:=========================>    86%] [Cov:=========>                         27%]
[Progress:=========================>    86%] [Cov:=========>                         27%]
[Progress:=========================>    86%] [Cov:=========>                         27%]
[Progress:=========================>    86%] [Cov:=========>                         27%]
[Progress:=========================>    86%] [Cov:=========>                         27%]
[Progress:=========================>    86%] [Cov:=========>                         27%]
[Progress:=========================>    86%] [Cov:=========>                         27%]
[Progress:=========================>    86%] [Cov:=========>                         27%]
[Progress:=========================>    86%] [Cov:=========>                         27%]
[Progress:=========================>    86%] [Cov:=========>                         27%]
[Progress:==========================>   87%] [Cov:=========>                         27%]
[Progress:==========================>   87%] [Cov:=========>                         27%]
[Progress:==========================>   87%] [Cov:=========>                         27%]
[Progress:==========================>   87%] [Cov:=========>                         27%]
[Progress:==========================>   87%] [Cov:=========>                         27%]
[Progress:==========================>   87%] [Cov:=========>                         27%]
[Progress:==========================>   87%] [Cov:=========>                         27%]
[Progress:==========================>   87%] [Cov:=========>                         27%]
[Progress:==========================>   87%] [Cov:=========>                         27%]
[Progress:==========================>   87%] [Cov:=========>                         27%]
[Progress:==========================>   87%] [Cov:=========>                         27%]
[Progress:==========================>   87%] [Cov:=========>                         27%]
[Progress:==========================>   88%] [Cov:=========>                         27%]
[Progress:==========================>   88%] [Cov:=========>                         27%]
[Progress:==========================>   88%] [Cov:=========>                         27%]
[Progress:==========================>   88%] [Cov:=========>                         27%]
[Progress:==========================>   88%] [Cov:=========>                         27%]
[Progress:==========================>   88%] [Cov:=========>                         27%]
[Progress:==========================>   88%] [Cov:=========>                         27%]
[Progress:==========================>   88%] [Cov:=========>                         27%]
[Progress:==========================>   88%] [Cov:=========>                         27%]
[Progress:==========================>   88%] [Cov:=========>                         27%]
[Progress:==========================>   88%] [Cov:=========>                         27%]
[Progress:==========================>   88%] [Cov:=========>                         27%]
[Progress:==========================>   88%] [Cov:=========>                         27%]
[Progress:==========================>   88%] [Cov:=========>                         27%]
[Progress:==========================>   88%] [Cov:=========>                         27%]
[Progress:==========================>   88%] [Cov:=========>                         27%]
[Progress:==========================>   88%] [Cov:=========>                         27%]
[Progress:==========================>   88%] [Cov:=========>                         27%]
[Progress:==========================>   88%] [Cov:=========>                         27%]
[Progress:==========================>   88%] [Cov:=========>                         27%]
[Progress:==========================>   88%] [Cov:=========>                         27%]
[Progress:==========================>   88%] [Cov:=========>                         27%]
[Progress:==========================>   88%] [Cov:=========>                         27%]
[Progress:==========================>   88%] [Cov:=========>                         27%]
[Progress:==========================>   88%] [Cov:=========>                         27%]
[Progress:==========================>   88%] [Cov:=========>                         27%]
[Progress:==========================>   88%] [Cov:=========>                         27%]
[Progress:==========================>   88%] [Cov:=========>                         27%]
[Progress:==========================>   88%] [Cov:=========>                         27%]
[Progress:==========================>   88%] [Cov:=========>                         27%]
[Progress:==========================>   88%] [Cov:=========>                         27%]
[Progress:==========================>   88%] [Cov:=========>                         27%]
[Progress:==========================>   88%] [Cov:=========>                         27%]
[Progress:==========================>   89%] [Cov:=========>                         27%]
[Progress:==========================>   89%] [Cov:=========>                         27%]
[Progress:==========================>   89%] [Cov:=========>                         27%]
[Progress:==========================>   89%] [Cov:=========>                         27%]
[Progress:==========================>   89%] [Cov:=========>                         27%]
[Progress:==========================>   89%] [Cov:=========>                         27%]
[Progress:==========================>   89%] [Cov:=========>                         27%]
[Progress:==========================>   89%] [Cov:=========>                         27%]
[Progress:==========================>   89%] [Cov:=========>                         27%]
[Progress:==========================>   89%] [Cov:=========>                         27%]
[Progress:==========================>   89%] [Cov:=========>                         27%]
[Progress:==========================>   89%] [Cov:=========>                         27%]
[Progress:==========================>   89%] [Cov:=========>                         27%]
[Progress:==========================>   89%] [Cov:=========>                         27%]
[Progress:==========================>   89%] [Cov:=========>                         27%]
[Progress:==========================>   89%] [Cov:=========>                         27%]
[Progress:===========================>  90%] [Cov:=========>                         26%]
[Progress:===========================>  90%] [Cov:=========>                         27%]
[Progress:===========================>  90%] [Cov:=========>                         27%]
[Progress:===========================>  90%] [Cov:=========>                         27%]
[Progress:===========================>  90%] [Cov:=========>                         27%]
[Progress:===========================>  90%] [Cov:=========>                         27%]
[Progress:===========================>  90%] [Cov:=========>                         27%]
[Progress:===========================>  90%] [Cov:=========>                         27%]
[Progress:===========================>  90%] [Cov:=========>                         27%]
[Progress:===========================>  90%] [Cov:=========>                         27%]
[Progress:===========================>  90%] [Cov:=========>                         27%]
[Progress:===========================>  90%] [Cov:=========>                         27%]
[Progress:===========================>  90%] [Cov:=========>                         27%]
[Progress:===========================>  90%] [Cov:=========>                         27%]
[Progress:===========================>  90%] [Cov:=========>                         27%]
[Progress:===========================>  90%] [Cov:=========>                         27%]
[Progress:===========================>  90%] [Cov:=========>                         27%]
[Progress:===========================>  90%] [Cov:=========>                         27%]
[Progress:===========================>  90%] [Cov:=========>                         27%]
[Progress:===========================>  90%] [Cov:=========>                         27%]
[Progress:===========================>  90%] [Cov:=========>                         27%]
[Progress:===========================>  90%] [Cov:=========>                         27%]
[Progress:===========================>  90%] [Cov:=========>                         27%]
[Progress:===========================>  90%] [Cov:=========>                         27%]
[Progress:===========================>  90%] [Cov:=========>                         27%]
[Progress:===========================>  90%] [Cov:=========>                         27%]
[Progress:===========================>  90%] [Cov:=========>                         27%]
[Progress:===========================>  90%] [Cov:=========>                         27%]
[Progress:===========================>  90%] [Cov:=========>                         27%]
[Progress:===========================>  90%] [Cov:=========>                         27%]
[Progress:===========================>  90%] [Cov:=========>                         27%]
[Progress:===========================>  90%] [Cov:=========>                         27%]
[Progress:===========================>  90%] [Cov:=========>                         27%]
[Progress:===========================>  90%] [Cov:=========>                         27%]
[Progress:===========================>  91%] [Cov:=========>                         27%]
[Progress:===========================>  91%] [Cov:=========>                         27%]
[Progress:===========================>  91%] [Cov:=========>                         27%]
[Progress:===========================>  91%] [Cov:=========>                         27%]
[Progress:===========================>  91%] [Cov:=========>                         27%]
[Progress:===========================>  91%] [Cov:=========>                         27%]
[Progress:===========================>  91%] [Cov:=========>                         27%]
[Progress:===========================>  91%] [Cov:=========>                         27%]
[Progress:===========================>  91%] [Cov:=========>                         27%]
[Progress:===========================>  91%] [Cov:=========>                         27%]
[Progress:===========================>  91%] [Cov:=========>                         27%]
[Progress:===========================>  91%] [Cov:=========>                         27%]
[Progress:===========================>  91%] [Cov:=========>                         27%]
[Progress:===========================>  91%] [Cov:=========>                         27%]
[Progress:===========================>  92%] [Cov:=========>                         26%]
[Progress:===========================>  92%] [Cov:=========>                         27%]
[Progress:===========================>  92%] [Cov:=========>                         27%]
[Progress:===========================>  92%] [Cov:=========>                         27%]
[Progress:===========================>  92%] [Cov:=========>                         27%]
[Progress:===========================>  92%] [Cov:=========>                         27%]
[Progress:===========================>  92%] [Cov:=========>                         27%]
[Progress:===========================>  92%] [Cov:=========>                         27%]
[Progress:===========================>  92%] [Cov:=========>                         27%]
[Progress:===========================>  92%] [Cov:=========>                         27%]
[Progress:===========================>  92%] [Cov:=========>                         27%]
[Progress:===========================>  92%] [Cov:=========>                         27%]
[Progress:===========================>  92%] [Cov:=========>                         27%]
[Progress:===========================>  92%] [Cov:=========>                         27%]
[Progress:===========================>  92%] [Cov:=========>                         27%]
[Progress:===========================>  92%] [Cov:=========>                         27%]
[Progress:===========================>  92%] [Cov:=========>                         27%]
[Progress:===========================>  92%] [Cov:=========>                         27%]
[Progress:===========================>  92%] [Cov:=========>                         27%]
[Progress:===========================>  92%] [Cov:=========>                         27%]
[Progress:===========================>  92%] [Cov:=========>                         27%]
[Progress:===========================>  92%] [Cov:=========>                         27%]
[Progress:===========================>  92%] [Cov:=========>                         27%]
[Progress:===========================>  92%] [Cov:=========>                         27%]
[Progress:===========================>  92%] [Cov:=========>                         27%]
[Progress:===========================>  92%] [Cov:=========>                         27%]
[Progress:===========================>  92%] [Cov:=========>                         27%]
[Progress:===========================>  92%] [Cov:=========>                         27%]
[Progress:===========================>  92%] [Cov:=========>                         27%]
[Progress:===========================>  92%] [Cov:=========>                         27%]
[Progress:===========================>  92%] [Cov:=========>                         27%]
[Progress:===========================>  92%] [Cov:=========>                         27%]
[Progress:===========================>  92%] [Cov:=========>                         27%]
[Progress:===========================>  92%] [Cov:=========>                         27%]
[Progress:===========================>  92%] [Cov:=========>                         27%]
[Progress:===========================>  92%] [Cov:=========>                         27%]
[Progress:===========================>  92%] [Cov:=========>                         27%]
[Progress:===========================>  92%] [Cov:=========>                         27%]
[Progress:===========================>  92%] [Cov:=========>                         27%]
[Progress:===========================>  93%] [Cov:=========>                         27%]
[Progress:===========================>  93%] [Cov:=========>                         27%]
[Progress:===========================>  93%] [Cov:=========>                         27%]
[Progress:===========================>  93%] [Cov:=========>                         27%]
[Progress:===========================>  93%] [Cov:=========>                         27%]
[Progress:===========================>  93%] [Cov:=========>                         27%]
[Progress:===========================>  93%] [Cov:=========>                         27%]
[Progress:===========================>  93%] [Cov:=========>                         27%]
[Progress:===========================>  93%] [Cov:=========>                         27%]
[Progress:===========================>  93%] [Cov:=========>                         27%]
[Progress:===========================>  93%] [Cov:=========>                         27%]
[Progress:===========================>  93%] [Cov:=========>                         27%]
[Progress:===========================>  93%] [Cov:=========>                         27%]
[Progress:===========================>  93%] [Cov:=========>                         27%]
[Progress:============================> 94%] [Cov:=========>                         27%]
[Progress:============================> 94%] [Cov:=========>                         27%]
[Progress:============================> 94%] [Cov:=========>                         27%]
[Progress:============================> 94%] [Cov:=========>                         27%]
[Progress:============================> 94%] [Cov:=========>                         27%]
[Progress:============================> 94%] [Cov:=========>                         27%]
[Progress:============================> 94%] [Cov:=========>                         27%]
[Progress:============================> 94%] [Cov:=========>                         27%]
[Progress:============================> 94%] [Cov:=========>                         27%]
[Progress:============================> 94%] [Cov:=========>                         27%]
[Progress:============================> 94%] [Cov:=========>                         27%]
[Progress:============================> 94%] [Cov:=========>                         27%]
[Progress:============================> 94%] [Cov:=========>                         27%]
[Progress:============================> 94%] [Cov:=========>                         27%]
[Progress:============================> 94%] [Cov:=========>                         27%]
[Progress:============================> 94%] [Cov:=========>                         27%]
[Progress:============================> 94%] [Cov:=========>                         27%]
[Progress:============================> 94%] [Cov:=========>                         27%]
[Progress:============================> 94%] [Cov:=========>                         27%]
[Progress:============================> 94%] [Cov:=========>                         27%]
[Progress:============================> 94%] [Cov:=========>                         27%]
[Progress:============================> 94%] [Cov:=========>                         27%]
[Progress:============================> 94%] [Cov:=========>                         27%]
[Progress:============================> 94%] [Cov:=========>                         27%]
[Progress:============================> 94%] [Cov:=========>                         27%]
[Progress:============================> 94%] [Cov:=========>                         27%]
[Progress:============================> 94%] [Cov:=========>                         27%]
[Progress:============================> 94%] [Cov:=========>                         27%]
[Progress:============================> 94%] [Cov:=========>                         27%]
[Progress:============================> 95%] [Cov:=========>                         26%]
[Progress:============================> 95%] [Cov:=========>                         27%]
[Progress:============================> 95%] [Cov:=========>                         27%]
[Progress:============================> 95%] [Cov:=========>                         27%]
[Progress:============================> 95%] [Cov:=========>                         27%]
[Progress:============================> 95%] [Cov:=========>                         27%]
[Progress:============================> 95%] [Cov:=========>                         27%]
[Progress:============================> 95%] [Cov:=========>                         27%]
[Progress:============================> 95%] [Cov:=========>                         27%]
[Progress:============================> 95%] [Cov:=========>                         27%]
[Progress:============================> 95%] [Cov:=========>                         27%]
[Progress:============================> 96%] [Cov:=========>                         26%]
[Progress:============================> 96%] [Cov:=========>                         27%]
[Progress:============================> 96%] [Cov:=========>                         27%]
[Progress:============================> 96%] [Cov:=========>                         27%]
[Progress:============================> 96%] [Cov:=========>                         27%]
[Progress:============================> 96%] [Cov:=========>                         27%]
[Progress:============================> 96%] [Cov:=========>                         27%]
[Progress:============================> 96%] [Cov:=========>                         27%]
[Progress:============================> 96%] [Cov:=========>                         27%]
[Progress:============================> 96%] [Cov:=========>                         27%]
[Progress:============================> 96%] [Cov:=========>                         27%]
[Progress:============================> 96%] [Cov:=========>                         27%]
[Progress:============================> 96%] [Cov:=========>                         27%]
[Progress:============================> 96%] [Cov:=========>                         27%]
[Progress:============================> 96%] [Cov:=========>                         27%]
[Progress:============================> 96%] [Cov:=========>                         27%]
[Progress:============================> 96%] [Cov:=========>                         27%]
[Progress:============================> 96%] [Cov:=========>                         27%]
[Progress:============================> 96%] [Cov:=========>                         27%]
[Progress:============================> 96%] [Cov:=========>                         27%]
[Progress:============================> 96%] [Cov:=========>                         27%]
[Progress:============================> 96%] [Cov:=========>                         27%]
[Progress:============================> 96%] [Cov:=========>                         27%]
[Progress:============================> 96%] [Cov:=========>                         27%]
[Progress:=============================>97%] [Cov:=========>                         27%]
[Progress:=============================>97%] [Cov:=========>                         27%]
[Progress:=============================>97%] [Cov:=========>                         27%]
[Progress:=============================>97%] [Cov:=========>                         27%]
[Progress:=============================>97%] [Cov:=========>                         27%]
[Progress:=============================>97%] [Cov:=========>                         27%]
[Progress:=============================>97%] [Cov:=========>                         27%]
[Progress:=============================>97%] [Cov:=========>                         27%]
[Progress:=============================>97%] [Cov:=========>                         27%]
[Progress:=============================>97%] [Cov:=========>                         27%]
[Progress:=============================>97%] [Cov:=========>                         27%]
[Progress:=============================>98%] [Cov:=========>                         27%]
[Progress:=============================>98%] [Cov:=========>                         27%]
[Progress:=============================>98%] [Cov:=========>                         27%]
[Progress:=============================>98%] [Cov:=========>                         27%]
[Progress:=============================>98%] [Cov:=========>                         27%]
[Progress:=============================>98%] [Cov:=========>                         27%]
[Progress:=============================>98%] [Cov:=========>                         27%]
[Progress:=============================>98%] [Cov:=========>                         27%]
[Progress:=============================>98%] [Cov:=========>                         27%]
[Progress:=============================>98%] [Cov:=========>                         27%]
[Progress:=============================>98%] [Cov:=========>                         27%]
[Progress:=============================>98%] [Cov:=========>                         27%]
[Progress:=============================>98%] [Cov:=========>                         27%]
[Progress:=============================>98%] [Cov:=========>                         27%]
[Progress:=============================>98%] [Cov:=========>                         27%]
[Progress:=============================>98%] [Cov:=========>                         27%]
[Progress:=============================>98%] [Cov:=========>                         27%]
[Progress:=============================>98%] [Cov:=========>                         27%]
[Progress:=============================>98%] [Cov:=========>                         27%]
[Progress:=============================>98%] [Cov:=========>                         27%]
[Progress:=============================>98%] [Cov:=========>                         27%]
[Progress:=============================>98%] [Cov:=========>                         27%]
[Progress:=============================>98%] [Cov:=========>                         27%]
[Progress:=============================>99%] [Cov:=========>                         26%]
[Progress:=============================>99%] [Cov:=========>                         27%]
[Progress:=============================>99%] [Cov:=========>                         27%]
[Progress:=============================>99%] [Cov:=========>                         27%]
[Progress:=============================>99%] [Cov:=========>                         27%]
[Progress:=============================>99%] [Cov:=========>                         27%]
[Progress:=============================>99%] [Cov:=========>                         27%]
[Progress:=============================>99%] [Cov:=========>                         27%]
[Progress:=============================>99%] [Cov:=========>                         27%]
[Progress:=============================>99%] [Cov:=========>                         27%]
[Progress:=============================>99%] [Cov:=========>                         27%]
[Progress:=============================>99%] [Cov:=========>                         27%]
[Progress:=============================>99%] [Cov:=========>                         27%]
[Progress:=============================>99%] [Cov:=========>                         27%]
[Progress:=============================>99%] [Cov:=========>                         27%]
[Progress:=============================>99%] [Cov:=========>                         27%]
[Progress:=============================>99%] [Cov:=========>                         27%]
[Progress:==============================100%] [Cov:=========>                         27%]
[Progress:==============================100%] [Cov:=========>                         27%]
[Progress:==============================100%] [Cov:=========>                         27%]
[Progress:==============================100%] [Cov:=========>                         27%]
[Progress:==============================100%] [Cov:=========>                         27%]
[Progress:==============================100%] [Cov:=========>                         27%]
[Progress:==============================100%] [Cov:=========>                         27%]
[Progress:==============================100%] [Cov:=========>                         27%]
[Progress:==============================100%] [Cov:=========>                         27%]
[Progress:==============================100%] [Cov:=========>                         27%]
[Progress:==============================100%] [Cov:=========>                         27%]
[Progress:==============================100%] [Cov:=========>                         27%]
[Progress:==============================100%] [Cov:=========>                         27%]
[Progress:==============================100%] [Cov:=========>                         27%]
[Progress:==============================100%] [Cov:=========>                         27%]
[Progress:==============================100%] [Cov:=========>                         27%]
* Search finished after 151s and 2628 generations, 132042 statements, best individual has fitness: 306.98305084745766
* Minimizing test suite
* Going to analyze the coverage criteria
* Coverage analysis for criterion LINE
* Coverage of criterion LINE: 6%
* Total number of goals: 62
* Number of covered goals: 4
* Coverage analysis for criterion BRANCH
* Coverage of criterion BRANCH: 2%
* Total number of goals: 50
* Number of covered goals: 1
* Coverage analysis for criterion EXCEPTION
* Coverage of criterion EXCEPTION: 100% (no goals)
* Coverage analysis for criterion WEAKMUTATION
* Coverage of criterion WEAKMUTATION: 7%
* Total number of goals: 61
* Number of covered goals: 4
* Coverage analysis for criterion OUTPUT
* Coverage of criterion OUTPUT: 100% (no goals)
* Coverage analysis for criterion METHOD
* Coverage of criterion METHOD: 12%
* Total number of goals: 8
* Number of covered goals: 1
* Coverage analysis for criterion METHODNOEXCEPTION
* Coverage of criterion METHODNOEXCEPTION: 12%
* Total number of goals: 8
* Number of covered goals: 1
* Coverage analysis for criterion CBRANCH
* Coverage of criterion CBRANCH: 2%
* Total number of goals: 50
* Number of covered goals: 1
* Generated 1 tests with total length 1
* Resulting test suite's coverage: 27% (average coverage for all fitness functions)
* Generating assertions
* Resulting test suite's mutation score: 0%
* Compiling and checking tests
* Writing tests to file
* Writing JUnit test case 'SourceMap_ESTest' to evosuite-tests
* Done!

* Computation finished

