CMD: /usr/lib/jvm/java-8-openjdk-amd64/bin/java -Dtools_jar_location=/usr/lib/jvm/java-8-openjdk-amd64/lib/tools.jar -jar /home/user/TestRound2/evosuite-1.2.0.jar -generateSuite -class org.mockito.internal.stubbing.defaultanswers.ReturnsDeepStubs -projectCP /home/user/TestRound2/Test/Mockito-25b/target/classes:/home/user/defects4j/framework/projects/Mockito/lib/asm-all-5.0.4.jar:/home/user/defects4j/framework/projects/Mockito/lib/assertj-core-2.1.0.jar:/home/user/defects4j/framework/projects/Mockito/lib/cglib-and-asm-1.0.jar:/home/user/defects4j/framework/projects/Mockito/lib/cobertura-2.0.3.jar:/home/user/defects4j/framework/projects/Mockito/lib/fest-assert-1.3.jar:/home/user/defects4j/framework/projects/Mockito/lib/fest-util-1.1.4.jar:/home/user/defects4j/framework/projects/Mockito/lib/hamcrest-all-1.3.jar:/home/user/defects4j/framework/projects/Mockito/lib/hamcrest-core-1.1.jar:/home/user/defects4j/framework/projects/Mockito/lib/objenesis-2.1.jar:/home/user/defects4j/framework/projects/Mockito/lib/objenesis-2.2.jar:/home/user/defects4j/framework/projects/Mockito/lib/powermock-reflect-1.2.5.jar -base_dir /home/user/TestRound2/results/project-Mockito/Mockito-25/round03/evosuite-work -seed 11 -Dalgorithm=NSGAII -Dsearch_budget=60 -Dtest_format=JUNIT4 -Dassertions=true

* EvoSuite 1.2.0
* Going to generate test cases for class: org.mockito.internal.stubbing.defaultanswers.ReturnsDeepStubs
* Starting Client-0
* Connecting to master process on port 8222
* Analyzing classpath: 
  - /home/user/TestRound2/Test/Mockito-25b/target/classes
  - /home/user/defects4j/framework/projects/Mockito/lib/asm-all-5.0.4.jar
  - /home/user/defects4j/framework/projects/Mockito/lib/assertj-core-2.1.0.jar
  - /home/user/defects4j/framework/projects/Mockito/lib/cglib-and-asm-1.0.jar
  - /home/user/defects4j/framework/projects/Mockito/lib/cobertura-2.0.3.jar
  - /home/user/defects4j/framework/projects/Mockito/lib/fest-assert-1.3.jar
  - /home/user/defects4j/framework/projects/Mockito/lib/fest-util-1.1.4.jar
  - /home/user/defects4j/framework/projects/Mockito/lib/hamcrest-all-1.3.jar
  - /home/user/defects4j/framework/projects/Mockito/lib/hamcrest-core-1.1.jar
  - /home/user/defects4j/framework/projects/Mockito/lib/objenesis-2.1.jar
  - /home/user/defects4j/framework/projects/Mockito/lib/objenesis-2.2.jar
  - /home/user/defects4j/framework/projects/Mockito/lib/powermock-reflect-1.2.5.jar
* Finished analyzing classpath
* Generating tests for class org.mockito.internal.stubbing.defaultanswers.ReturnsDeepStubs
* Test criteria:
  - Line Coverage
  - Branch Coverage
  - Exception
  - Mutation testing (weak)
  - Method-Output Coverage
  - Top-Level Method Coverage
  - No-Exception Top-Level Method Coverage
  - Context Branch Coverage
* Setting up search algorithm for whole suite generation
* Total number of test goals: 
  - Line 22
  - Branch 11
  - Exception 0
  - MutationFactory 4
  - Output 4
  - Method 3
  - MethodNoException 3
  - CBranchFitnessFactory 11
* Using seed 11
* Starting evolution

[Progress:>                             0%] [Cov:>                                  0%]
[Progress:>                             1%] [Cov:>                                  0%]
[Progress:>                             3%] [Cov:>                                  2%]
[Progress:>                             3%] [Cov:=>                                 5%]
[Progress:>                             3%] [Cov:=====>                             17%]
[Progress:>                             3%] [Cov:=========>                         28%]
[Progress:>                             3%] [Cov:===========>                       32%]
[Progress:>                             3%] [Cov:===========>                       34%]
[Progress:=>                            5%] [Cov:>                                  1%]
[Progress:=>                            5%] [Cov:>                                  2%]
[Progress:=>                            5%] [Cov:=>                                 3%]
[Progress:=>                            5%] [Cov:====>                              14%]
[Progress:=>                            5%] [Cov:=====>                             16%]
[Progress:=>                            5%] [Cov:=====>                             17%]
[Progress:=>                            5%] [Cov:========>                          24%]
[Progress:=>                            5%] [Cov:=========>                         27%]
[Progress:=>                            5%] [Cov:==========>                        29%]
[Progress:=>                            5%] [Cov:===========>                       32%]
[Progress:=>                            5%] [Cov:===========>                       34%]
[Progress:=>                            6%] [Cov:>                                  2%]
[Progress:=>                            6%] [Cov:=>                                 5%]
[Progress:=>                            6%] [Cov:=====>                             17%]
[Progress:=>                            6%] [Cov:=========>                         28%]
[Progress:=>                            6%] [Cov:===========>                       32%]
[Progress:=>                            6%] [Cov:===========>                       34%]
[Progress:=>                            6%] [Cov:===========>                       34%]
[Progress:=>                            6%] [Cov:===========>                       34%]
[Progress:==>                           8%] [Cov:===========>                       34%]
[Progress:==>                           8%] [Cov:===========>                       34%]
[Progress:==>                           8%] [Cov:===========>                       34%]
[Progress:===>                          10%] [Cov:===========>                       34%][MASTER] 20:11:57.236 [logback-1] WARN  TestChromosome - Functional mock problem: org.evosuite.ga.ConstructionFailedException: Failed to add constructor for org.mockito.internal.invocation.InvocationImpl due to org.evosuite.ga.ConstructionFailedException: Failed to add constructor for org.mockito.internal.invocation.realmethod.FilteredCGLIBProxyRealMethod due to org.evosuite.ga.ConstructionFailedException: Failed to add constructor for org.mockito.internal.creation.SerializableMockitoMethodProxy due to org.evosuite.ga.ConstructionFailedException: Max recursion depth reached

[Progress:===>                          10%] [Cov:===========>                       34%][MASTER] 20:11:57.302 [logback-1] WARN  TestChromosome - Functional mock problem: org.evosuite.ga.ConstructionFailedException: Failed to add constructor for org.mockito.internal.invocation.InvocationImpl due to org.evosuite.ga.ConstructionFailedException: Failed to add constructor for org.mockito.internal.invocation.SerializableMethod due to org.evosuite.ga.ConstructionFailedException: Have no generator for class org.mockito.internal.invocation.InvocationImpl canUseFunctionalMocks=false, canBeMocked: true
[MASTER] 20:11:57.449 [logback-1] WARN  TestChromosome - Functional mock problem: org.evosuite.ga.ConstructionFailedException: Failed to add constructor for org.mockito.internal.stubbing.StubbedInvocationMatcher due to org.evosuite.ga.ConstructionFailedException: Failed to add constructor for org.mockito.internal.invocation.InvocationImpl due to org.evosuite.ga.ConstructionFailedException: Failed to add constructor for org.mockito.internal.invocation.realmethod.FilteredCGLIBProxyRealMethod due to org.evosuite.ga.ConstructionFailedException: Failed to add constructor for org.mockito.internal.creation.SerializableMockitoMethodProxy due to org.evosuite.ga.ConstructionFailedException: Max recursion depth reached

[Progress:===>                          10%] [Cov:===========>                       34%]
[Progress:===>                          10%] [Cov:===========>                       34%]
[Progress:===>                          11%] [Cov:===========>                       34%][MASTER] 20:11:58.193 [logback-1] WARN  TestChromosome - Functional mock problem: org.evosuite.ga.ConstructionFailedException: Failed to add constructor for org.mockito.internal.invocation.InvocationImpl due to org.evosuite.ga.ConstructionFailedException: Failed to add constructor for org.mockito.internal.invocation.SerializableMethod due to org.evosuite.ga.ConstructionFailedException: Failed to add constructor for org.mockito.internal.stubbing.StubbedInvocationMatcher due to org.evosuite.ga.ConstructionFailedException: Failed to add constructor for org.mockito.internal.invocation.InvocationMatcher due to org.evosuite.ga.ConstructionFailedException: Max recursion depth reached

[Progress:===>                          11%] [Cov:===========>                       34%]
[Progress:===>                          11%] [Cov:===========>                       34%]
[Progress:===>                          11%] [Cov:===========>                       34%]
[Progress:===>                          13%] [Cov:===========>                       34%]
[Progress:===>                          13%] [Cov:===========>                       34%]
[Progress:===>                          13%] [Cov:===========>                       34%]
[Progress:===>                          13%] [Cov:===========>                       34%][MASTER] 20:11:59.820 [logback-1] WARN  TestChromosome - Functional mock problem: org.evosuite.ga.ConstructionFailedException: Failed to add constructor for org.mockito.internal.invocation.InvocationImpl due to org.evosuite.ga.ConstructionFailedException: Failed to add constructor for org.mockito.internal.stubbing.StubbedInvocationMatcher due to org.evosuite.ga.ConstructionFailedException: Failed to add constructor for org.mockito.internal.invocation.InvocationMatcher due to org.evosuite.ga.ConstructionFailedException: Max recursion depth reached

[Progress:===>                          13%] [Cov:===========>                       34%]
[Progress:====>                         15%] [Cov:===========>                       34%]
[Progress:====>                         15%] [Cov:===========>                       34%]
[Progress:====>                         15%] [Cov:===========>                       34%]
[Progress:====>                         15%] [Cov:===========>                       34%][MASTER] 20:12:00.647 [logback-1] WARN  TestChromosome - Functional mock problem: org.evosuite.ga.ConstructionFailedException: Failed to add constructor for org.mockito.internal.invocation.InvocationImpl due to org.evosuite.ga.ConstructionFailedException: Failed to add constructor for org.mockito.internal.invocation.realmethod.CGLIBProxyRealMethod due to org.evosuite.ga.ConstructionFailedException: Failed to add constructor for org.mockito.internal.creation.SerializableMockitoMethodProxy due to org.evosuite.ga.ConstructionFailedException: Max recursion depth reached

[Progress:====>                         15%] [Cov:===========>                       34%]
[Progress:====>                         15%] [Cov:===========>                       34%]
[Progress:====>                         16%] [Cov:===========>                       34%][MASTER] 20:12:01.122 [logback-1] WARN  TestChromosome - Functional mock problem: org.evosuite.ga.ConstructionFailedException: Failed to add constructor for org.mockito.internal.stubbing.StubbedInvocationMatcher due to org.evosuite.ga.ConstructionFailedException: Failed to add constructor for org.mockito.internal.invocation.InvocationImpl due to org.evosuite.ga.ConstructionFailedException: Failed to add constructor for org.mockito.internal.invocation.SerializableMethod due to org.evosuite.ga.ConstructionFailedException: Max recursion depth reached

[Progress:====>                         16%] [Cov:===========>                       34%]
[Progress:====>                         16%] [Cov:===========>                       34%]
[Progress:====>                         16%] [Cov:===========>                       34%]
[Progress:====>                         16%] [Cov:===========>                       34%]
[Progress:=====>                        18%] [Cov:===========>                       33%]
[Progress:=====>                        18%] [Cov:===========>                       34%]
[Progress:=====>                        18%] [Cov:===========>                       34%][MASTER] 20:12:02.403 [logback-1] WARN  TestChromosome - Functional mock problem: org.evosuite.ga.ConstructionFailedException: Have no generator for class org.mockito.internal.stubbing.InvocationContainerImpl canUseFunctionalMocks=false, canBeMocked: true

[Progress:=====>                        18%] [Cov:===========>                       34%]
[Progress:=====>                        18%] [Cov:===========>                       34%]
[Progress:=====>                        18%] [Cov:===========>                       34%]
[Progress:=====>                        18%] [Cov:===========>                       34%]
[Progress:======>                       20%] [Cov:===========>                       34%][MASTER] 20:12:03.148 [logback-1] WARN  TestChromosome - Functional mock problem: org.evosuite.ga.ConstructionFailedException: Have no generator for class org.mockito.internal.invocation.InvocationImpl canUseFunctionalMocks=false, canBeMocked: true

[Progress:======>                       20%] [Cov:===========>                       34%]
[Progress:======>                       20%] [Cov:===========>                       34%]
[Progress:======>                       20%] [Cov:===========>                       34%]
[Progress:======>                       20%] [Cov:===========>                       34%]
[Progress:======>                       20%] [Cov:===========>                       34%]
[Progress:======>                       21%] [Cov:===========>                       34%]
[Progress:======>                       21%] [Cov:===========>                       34%]
[Progress:======>                       21%] [Cov:===========>                       34%]
[Progress:======>                       21%] [Cov:===========>                       34%]
[Progress:======>                       21%] [Cov:===========>                       34%]
[Progress:======>                       21%] [Cov:===========>                       34%]
[Progress:======>                       21%] [Cov:===========>                       34%]
[Progress:======>                       21%] [Cov:===========>                       34%]
[Progress:======>                       21%] [Cov:===========>                       34%]
[Progress:======>                       21%] [Cov:===========>                       34%]
[Progress:======>                       21%] [Cov:===========>                       34%]
[Progress:======>                       23%] [Cov:===========>                       34%]
[Progress:======>                       23%] [Cov:===========>                       34%]
[Progress:======>                       23%] [Cov:===========>                       34%]
[Progress:======>                       23%] [Cov:===========>                       34%]
[Progress:======>                       23%] [Cov:===========>                       34%]
[Progress:======>                       23%] [Cov:===========>                       34%]
[Progress:======>                       23%] [Cov:===========>                       34%]
[Progress:======>                       23%] [Cov:===========>                       34%]
[Progress:======>                       23%] [Cov:===========>                       34%]
[Progress:======>                       23%] [Cov:===========>                       34%][MASTER] 20:12:06.035 [logback-1] WARN  TestChromosome - Functional mock problem: org.evosuite.ga.ConstructionFailedException: Failed to add constructor for org.mockito.internal.stubbing.StubbedInvocationMatcher due to org.evosuite.ga.ConstructionFailedException: Failed to add constructor for org.mockito.internal.invocation.InvocationMatcher due to org.evosuite.ga.ConstructionFailedException: Failed to add constructor for org.mockito.internal.invocation.InvocationImpl due to org.evosuite.ga.ConstructionFailedException: Failed to add constructor for org.mockito.internal.stubbing.StubbedInvocationMatcher due to org.evosuite.ga.ConstructionFailedException: Failed to add constructor for org.mockito.internal.invocation.InvocationMatcher due to org.evosuite.ga.ConstructionFailedException: Max recursion depth reached

[Progress:======>                       23%] [Cov:===========>                       34%]
[Progress:=======>                      25%] [Cov:===========>                       33%]
[Progress:=======>                      25%] [Cov:===========>                       34%]
[Progress:=======>                      25%] [Cov:===========>                       34%]
[Progress:=======>                      25%] [Cov:===========>                       34%]
[Progress:=======>                      25%] [Cov:===========>                       34%]
[Progress:=======>                      25%] [Cov:===========>                       34%]
[Progress:=======>                      25%] [Cov:===========>                       34%]
[Progress:=======>                      25%] [Cov:===========>                       34%]
[Progress:=======>                      25%] [Cov:===========>                       34%]
[Progress:=======>                      25%] [Cov:===========>                       34%]
[Progress:=======>                      25%] [Cov:===========>                       34%]
[Progress:=======>                      25%] [Cov:===========>                       34%]
[Progress:=======>                      26%] [Cov:===========>                       32%]
[Progress:=======>                      26%] [Cov:===========>                       34%]
[Progress:=======>                      26%] [Cov:===========>                       34%]
[Progress:=======>                      26%] [Cov:===========>                       34%]
[Progress:=======>                      26%] [Cov:===========>                       34%]
[Progress:=======>                      26%] [Cov:===========>                       34%]
[Progress:=======>                      26%] [Cov:===========>                       34%]
[Progress:=======>                      26%] [Cov:===========>                       34%]
[Progress:=======>                      26%] [Cov:===========>                       34%]
[Progress:=======>                      26%] [Cov:===========>                       34%]
[Progress:=======>                      26%] [Cov:===========>                       34%]
[Progress:=======>                      26%] [Cov:===========>                       34%]
[Progress:=======>                      26%] [Cov:===========>                       34%]
[Progress:=======>                      26%] [Cov:===========>                       34%]
[Progress:=======>                      26%] [Cov:===========>                       34%]
[Progress:=======>                      26%] [Cov:===========>                       34%]
[Progress:=======>                      26%] [Cov:===========>                       34%]
[Progress:=======>                      26%] [Cov:===========>                       34%]
[Progress:=======>                      26%] [Cov:===========>                       34%]
[Progress:=======>                      26%] [Cov:===========>                       34%]
[Progress:=======>                      26%] [Cov:===========>                       34%]
[Progress:=======>                      26%] [Cov:===========>                       34%][MASTER] 20:12:08.053 [logback-1] WARN  TestChromosome - Functional mock problem: org.evosuite.ga.ConstructionFailedException: Failed to add constructor for org.mockito.internal.stubbing.StubbedInvocationMatcher due to org.evosuite.ga.ConstructionFailedException: Failed to add constructor for org.mockito.internal.invocation.InvocationMatcher due to org.evosuite.ga.ConstructionFailedException: Failed to add constructor for org.mockito.internal.invocation.InvocationImpl due to org.evosuite.ga.ConstructionFailedException: Failed to add constructor for org.mockito.internal.stubbing.InvocationContainerImpl due to org.evosuite.ga.ConstructionFailedException: Max recursion depth reached

[Progress:=======>                      26%] [Cov:===========>                       34%]
[Progress:========>                     28%] [Cov:===========>                       34%]
[Progress:========>                     28%] [Cov:===========>                       34%]
[Progress:========>                     28%] [Cov:===========>                       34%]
[Progress:========>                     28%] [Cov:===========>                       34%]
[Progress:========>                     28%] [Cov:===========>                       34%]
[Progress:========>                     28%] [Cov:===========>                       34%]
[Progress:========>                     28%] [Cov:===========>                       34%]
[Progress:========>                     28%] [Cov:===========>                       34%]
[Progress:========>                     28%] [Cov:===========>                       34%]
[Progress:========>                     28%] [Cov:===========>                       34%]
[Progress:========>                     28%] [Cov:===========>                       34%]
[Progress:========>                     28%] [Cov:===========>                       34%]
[Progress:========>                     28%] [Cov:===========>                       34%]
[Progress:========>                     28%] [Cov:===========>                       34%]
[Progress:========>                     28%] [Cov:===========>                       34%]
[Progress:========>                     28%] [Cov:===========>                       34%]
[Progress:========>                     28%] [Cov:===========>                       34%]
[Progress:========>                     28%] [Cov:===========>                       34%][MASTER] 20:12:08.806 [logback-1] WARN  TestChromosome - Functional mock problem: org.evosuite.ga.ConstructionFailedException: Failed to add constructor for org.mockito.internal.invocation.InvocationImpl due to org.evosuite.ga.ConstructionFailedException: Failed to add constructor for org.mockito.internal.invocation.realmethod.FilteredCGLIBProxyRealMethod due to org.evosuite.ga.ConstructionFailedException: Failed to add constructor for org.mockito.internal.invocation.realmethod.CGLIBProxyRealMethod due to org.evosuite.ga.ConstructionFailedException: Failed to add constructor for org.mockito.internal.creation.DelegatingMockitoMethodProxy due to org.evosuite.ga.ConstructionFailedException: Max recursion depth reached

[Progress:========>                     28%] [Cov:===========>                       34%]
[Progress:========>                     28%] [Cov:===========>                       34%]
[Progress:========>                     28%] [Cov:===========>                       34%]
[Progress:========>                     28%] [Cov:===========>                       34%]
[Progress:========>                     28%] [Cov:===========>                       34%]
[Progress:========>                     28%] [Cov:===========>                       34%]
[Progress:========>                     28%] [Cov:===========>                       34%]
[Progress:========>                     28%] [Cov:===========>                       34%]
[Progress:========>                     28%] [Cov:===========>                       34%]
[Progress:========>                     28%] [Cov:===========>                       34%]
[Progress:=========>                    30%] [Cov:===========>                       34%]
[Progress:=========>                    30%] [Cov:===========>                       34%]
[Progress:=========>                    30%] [Cov:===========>                       34%]
[Progress:=========>                    30%] [Cov:===========>                       34%]
[Progress:=========>                    30%] [Cov:===========>                       34%]
[Progress:=========>                    30%] [Cov:===========>                       34%]
[Progress:=========>                    30%] [Cov:===========>                       34%]
[Progress:=========>                    30%] [Cov:===========>                       34%]
[Progress:=========>                    30%] [Cov:===========>                       34%]
[Progress:=========>                    30%] [Cov:===========>                       34%]
[Progress:=========>                    30%] [Cov:===========>                       34%]
[Progress:=========>                    30%] [Cov:===========>                       34%]
[Progress:=========>                    30%] [Cov:===========>                       34%]
[Progress:=========>                    30%] [Cov:===========>                       34%]
[Progress:=========>                    30%] [Cov:===========>                       34%]
[Progress:=========>                    30%] [Cov:===========>                       34%]
[Progress:=========>                    30%] [Cov:===========>                       34%]
[Progress:=========>                    30%] [Cov:===========>                       34%]
[Progress:=========>                    31%] [Cov:===========>                       34%]
[Progress:=========>                    31%] [Cov:===========>                       34%]
[Progress:=========>                    31%] [Cov:===========>                       34%]
[Progress:=========>                    31%] [Cov:===========>                       34%]
[Progress:=========>                    31%] [Cov:===========>                       34%]
[Progress:=========>                    31%] [Cov:===========>                       34%]
[Progress:=========>                    31%] [Cov:===========>                       34%]
[Progress:=========>                    31%] [Cov:===========>                       34%]
[Progress:=========>                    31%] [Cov:===========>                       34%]
[Progress:=========>                    31%] [Cov:===========>                       34%]
[Progress:=========>                    31%] [Cov:===========>                       34%]
[Progress:=========>                    31%] [Cov:===========>                       34%]
[Progress:=========>                    31%] [Cov:===========>                       34%]
[Progress:=========>                    31%] [Cov:===========>                       34%]
[Progress:=========>                    31%] [Cov:===========>                       34%]
[Progress:=========>                    31%] [Cov:===========>                       34%]
[Progress:=========>                    31%] [Cov:===========>                       34%]
[Progress:=========>                    31%] [Cov:===========>                       34%]
[Progress:=========>                    31%] [Cov:===========>                       34%]
[Progress:=========>                    31%] [Cov:===========>                       34%]
[Progress:=========>                    31%] [Cov:===========>                       34%]
[Progress:=========>                    31%] [Cov:===========>                       34%]
[Progress:=========>                    31%] [Cov:===========>                       34%]
[Progress:=========>                    31%] [Cov:===========>                       34%]
[Progress:=========>                    31%] [Cov:===========>                       34%]
[Progress:=========>                    33%] [Cov:===========>                       34%]
[Progress:=========>                    33%] [Cov:===========>                       34%]
[Progress:=========>                    33%] [Cov:===========>                       34%]
[Progress:=========>                    33%] [Cov:===========>                       34%]
[Progress:=========>                    33%] [Cov:===========>                       34%]
[Progress:=========>                    33%] [Cov:===========>                       34%]
[Progress:=========>                    33%] [Cov:===========>                       34%]
[Progress:=========>                    33%] [Cov:===========>                       34%]
[Progress:=========>                    33%] [Cov:===========>                       34%]
[Progress:=========>                    33%] [Cov:===========>                       34%]
[Progress:=========>                    33%] [Cov:===========>                       34%]
[Progress:=========>                    33%] [Cov:===========>                       34%]
[Progress:=========>                    33%] [Cov:===========>                       34%]
[Progress:=========>                    33%] [Cov:===========>                       34%]
[Progress:=========>                    33%] [Cov:===========>                       34%]
[Progress:=========>                    33%] [Cov:===========>                       34%]
[Progress:=========>                    33%] [Cov:===========>                       34%]
[Progress:=========>                    33%] [Cov:===========>                       34%]
[Progress:==========>                   35%] [Cov:===========>                       33%]
[Progress:==========>                   35%] [Cov:===========>                       34%]
[Progress:==========>                   35%] [Cov:===========>                       34%]
[Progress:==========>                   35%] [Cov:===========>                       34%]
[Progress:==========>                   35%] [Cov:===========>                       34%]
[Progress:==========>                   35%] [Cov:===========>                       34%]
[Progress:==========>                   35%] [Cov:===========>                       34%]
[Progress:==========>                   35%] [Cov:===========>                       34%]
[Progress:==========>                   35%] [Cov:===========>                       34%]
[Progress:==========>                   35%] [Cov:===========>                       34%]
[Progress:==========>                   35%] [Cov:===========>                       34%]
[Progress:==========>                   35%] [Cov:===========>                       34%]
[Progress:==========>                   35%] [Cov:===========>                       34%]
[Progress:==========>                   35%] [Cov:===========>                       34%]
[Progress:==========>                   35%] [Cov:===========>                       34%]
[Progress:==========>                   35%] [Cov:===========>                       34%]
[Progress:==========>                   35%] [Cov:===========>                       34%]
[Progress:==========>                   36%] [Cov:===========>                       34%]
[Progress:==========>                   36%] [Cov:===========>                       34%]
[Progress:==========>                   36%] [Cov:===========>                       34%]
[Progress:==========>                   36%] [Cov:===========>                       34%]
[Progress:==========>                   36%] [Cov:===========>                       34%]
[Progress:==========>                   36%] [Cov:===========>                       34%]
[Progress:==========>                   36%] [Cov:===========>                       34%]
[Progress:==========>                   36%] [Cov:===========>                       34%]
[Progress:==========>                   36%] [Cov:===========>                       34%]
[Progress:==========>                   36%] [Cov:===========>                       34%]
[Progress:==========>                   36%] [Cov:===========>                       34%]
[Progress:==========>                   36%] [Cov:===========>                       34%]
[Progress:==========>                   36%] [Cov:===========>                       34%]
[Progress:==========>                   36%] [Cov:===========>                       34%]
[Progress:==========>                   36%] [Cov:===========>                       34%]
[Progress:==========>                   36%] [Cov:===========>                       34%]
[Progress:==========>                   36%] [Cov:===========>                       34%]
[Progress:===========>                  38%] [Cov:===========>                       34%]
[Progress:===========>                  38%] [Cov:===========>                       34%]
[Progress:===========>                  38%] [Cov:===========>                       34%]
[Progress:===========>                  38%] [Cov:===========>                       34%]
[Progress:===========>                  38%] [Cov:===========>                       34%]
[Progress:===========>                  38%] [Cov:===========>                       34%]
[Progress:===========>                  38%] [Cov:===========>                       34%]
[Progress:===========>                  38%] [Cov:===========>                       34%]
[Progress:===========>                  38%] [Cov:===========>                       34%]
[Progress:===========>                  38%] [Cov:===========>                       34%]
[Progress:===========>                  38%] [Cov:===========>                       34%]
[Progress:===========>                  38%] [Cov:===========>                       34%]
[Progress:===========>                  38%] [Cov:===========>                       34%]
[Progress:===========>                  38%] [Cov:===========>                       34%]
[Progress:===========>                  38%] [Cov:===========>                       34%]
[Progress:===========>                  38%] [Cov:===========>                       34%]
[Progress:===========>                  38%] [Cov:===========>                       34%]
[Progress:============>                 40%] [Cov:===========>                       33%]
[Progress:============>                 40%] [Cov:===========>                       34%]
[Progress:============>                 40%] [Cov:===========>                       34%]
[Progress:============>                 40%] [Cov:===========>                       34%]
[Progress:============>                 40%] [Cov:===========>                       34%]
[Progress:============>                 40%] [Cov:===========>                       34%]
[Progress:============>                 40%] [Cov:===========>                       34%]
[Progress:============>                 40%] [Cov:===========>                       34%]
[Progress:============>                 40%] [Cov:===========>                       34%]
[Progress:============>                 40%] [Cov:===========>                       34%]
[Progress:============>                 40%] [Cov:===========>                       34%]
[Progress:============>                 40%] [Cov:===========>                       34%]
[Progress:============>                 40%] [Cov:===========>                       34%]
[Progress:============>                 40%] [Cov:===========>                       34%]
[Progress:============>                 40%] [Cov:===========>                       34%]
[Progress:============>                 41%] [Cov:==========>                        29%]
[Progress:============>                 41%] [Cov:===========>                       34%]
[Progress:============>                 41%] [Cov:===========>                       34%]
[Progress:============>                 41%] [Cov:===========>                       34%]
[Progress:============>                 41%] [Cov:===========>                       34%]
[Progress:============>                 41%] [Cov:===========>                       34%]
[Progress:============>                 41%] [Cov:===========>                       34%]
[Progress:============>                 41%] [Cov:===========>                       34%]
[Progress:============>                 41%] [Cov:===========>                       34%]
[Progress:============>                 41%] [Cov:===========>                       34%]
[Progress:============>                 41%] [Cov:===========>                       34%]
[Progress:============>                 41%] [Cov:===========>                       34%]
[Progress:============>                 41%] [Cov:===========>                       34%]
[Progress:============>                 41%] [Cov:===========>                       34%]
[Progress:============>                 43%] [Cov:===========>                       34%]
[Progress:============>                 43%] [Cov:===========>                       34%]
[Progress:============>                 43%] [Cov:===========>                       34%][MASTER] 20:12:17.269 [logback-1] WARN  TestChromosome - Functional mock problem: org.evosuite.ga.ConstructionFailedException: Failed to add constructor for org.mockito.internal.invocation.InvocationImpl due to org.evosuite.ga.ConstructionFailedException: Failed to add constructor for org.mockito.internal.invocation.realmethod.CGLIBProxyRealMethod due to org.evosuite.ga.ConstructionFailedException: Failed to add constructor for org.mockito.internal.creation.DelegatingMockitoMethodProxy due to org.evosuite.ga.ConstructionFailedException: Max recursion depth reached

[Progress:============>                 43%] [Cov:===========>                       34%]
[Progress:============>                 43%] [Cov:===========>                       34%]
[Progress:============>                 43%] [Cov:===========>                       34%]
[Progress:============>                 43%] [Cov:===========>                       34%]
[Progress:============>                 43%] [Cov:===========>                       34%]
[Progress:============>                 43%] [Cov:===========>                       34%]
[Progress:============>                 43%] [Cov:===========>                       34%]
[Progress:============>                 43%] [Cov:===========>                       34%]
[Progress:============>                 43%] [Cov:===========>                       34%]
[Progress:============>                 43%] [Cov:===========>                       34%]
[Progress:============>                 43%] [Cov:===========>                       34%]
[Progress:============>                 43%] [Cov:===========>                       34%]
[Progress:=============>                45%] [Cov:===========>                       34%]
[Progress:=============>                45%] [Cov:===========>                       34%]
[Progress:=============>                45%] [Cov:===========>                       34%]
[Progress:=============>                45%] [Cov:===========>                       34%]
[Progress:=============>                45%] [Cov:===========>                       34%]
[Progress:=============>                45%] [Cov:===========>                       34%]
[Progress:=============>                45%] [Cov:===========>                       34%]
[Progress:=============>                45%] [Cov:===========>                       34%]
[Progress:=============>                45%] [Cov:===========>                       34%]
[Progress:=============>                45%] [Cov:===========>                       34%]
[Progress:=============>                45%] [Cov:===========>                       34%]
[Progress:=============>                45%] [Cov:===========>                       34%]
[Progress:=============>                45%] [Cov:===========>                       34%]
[Progress:=============>                45%] [Cov:===========>                       34%]
[Progress:=============>                45%] [Cov:===========>                       34%]
[Progress:=============>                45%] [Cov:===========>                       34%]
[Progress:=============>                46%] [Cov:===========>                       34%]
[Progress:=============>                46%] [Cov:===========>                       34%]
[Progress:=============>                46%] [Cov:===========>                       34%]
[Progress:=============>                46%] [Cov:===========>                       34%]
[Progress:=============>                46%] [Cov:===========>                       34%]
[Progress:=============>                46%] [Cov:===========>                       34%]
[Progress:=============>                46%] [Cov:===========>                       34%]
[Progress:=============>                46%] [Cov:===========>                       34%]
[Progress:=============>                46%] [Cov:===========>                       34%]
[Progress:=============>                46%] [Cov:===========>                       34%]
[Progress:=============>                46%] [Cov:===========>                       34%]
[Progress:=============>                46%] [Cov:===========>                       34%]
[Progress:=============>                46%] [Cov:===========>                       34%]
[Progress:=============>                46%] [Cov:===========>                       34%]
[Progress:==============>               48%] [Cov:===========>                       34%]
[Progress:==============>               48%] [Cov:===========>                       34%]
[Progress:==============>               48%] [Cov:===========>                       34%]
[Progress:==============>               48%] [Cov:===========>                       34%]
[Progress:==============>               48%] [Cov:===========>                       34%]
[Progress:==============>               48%] [Cov:===========>                       34%]
[Progress:==============>               48%] [Cov:===========>                       34%]
[Progress:==============>               48%] [Cov:===========>                       34%]
[Progress:==============>               48%] [Cov:===========>                       34%]
[Progress:==============>               48%] [Cov:===========>                       34%]
[Progress:==============>               48%] [Cov:===========>                       34%]
[Progress:==============>               48%] [Cov:===========>                       34%]
[Progress:==============>               48%] [Cov:===========>                       34%]
[Progress:==============>               48%] [Cov:===========>                       34%]
[Progress:==============>               48%] [Cov:===========>                       34%]
[Progress:==============>               48%] [Cov:===========>                       34%]
[Progress:==============>               48%] [Cov:===========>                       34%]
[Progress:==============>               48%] [Cov:===========>                       34%]
[Progress:==============>               48%] [Cov:===========>                       34%]
[Progress:===============>              50%] [Cov:==========>                        30%]
[Progress:===============>              50%] [Cov:===========>                       33%]
[Progress:===============>              50%] [Cov:===========>                       34%]
[Progress:===============>              50%] [Cov:===========>                       34%]
[Progress:===============>              50%] [Cov:===========>                       34%]
[Progress:===============>              50%] [Cov:===========>                       34%]
[Progress:===============>              50%] [Cov:===========>                       34%]
[Progress:===============>              50%] [Cov:===========>                       34%]
[Progress:===============>              50%] [Cov:===========>                       34%]
[Progress:===============>              50%] [Cov:===========>                       34%]
[Progress:===============>              50%] [Cov:===========>                       34%]
[Progress:===============>              50%] [Cov:===========>                       34%]
[Progress:===============>              50%] [Cov:===========>                       34%]
[Progress:===============>              50%] [Cov:===========>                       34%]
[Progress:===============>              50%] [Cov:===========>                       34%]
[Progress:===============>              50%] [Cov:===========>                       34%]
[Progress:===============>              50%] [Cov:===========>                       34%]
[Progress:===============>              50%] [Cov:===========>                       34%]
[Progress:===============>              50%] [Cov:===========>                       34%]
[Progress:===============>              50%] [Cov:===========>                       34%]
[Progress:===============>              50%] [Cov:===========>                       34%]
[Progress:===============>              50%] [Cov:===========>                       34%]
[Progress:===============>              50%] [Cov:===========>                       34%]
[Progress:===============>              50%] [Cov:===========>                       34%]
[Progress:===============>              50%] [Cov:===========>                       34%]
[Progress:===============>              50%] [Cov:===========>                       34%]
[Progress:===============>              50%] [Cov:===========>                       34%]
[Progress:===============>              51%] [Cov:===========>                       34%]
[Progress:===============>              51%] [Cov:===========>                       34%]
[Progress:===============>              51%] [Cov:===========>                       34%]
[Progress:===============>              51%] [Cov:===========>                       34%]
[Progress:===============>              51%] [Cov:===========>                       34%]
[Progress:===============>              51%] [Cov:===========>                       34%]
[Progress:===============>              51%] [Cov:===========>                       34%]
[Progress:===============>              51%] [Cov:===========>                       34%]
[Progress:===============>              51%] [Cov:===========>                       34%]
[Progress:===============>              51%] [Cov:===========>                       34%]
[Progress:===============>              51%] [Cov:===========>                       34%]
[Progress:===============>              51%] [Cov:===========>                       34%]
[Progress:===============>              51%] [Cov:===========>                       34%]
[Progress:===============>              51%] [Cov:===========>                       34%]
[Progress:===============>              51%] [Cov:===========>                       34%]
[Progress:===============>              51%] [Cov:===========>                       34%]
[Progress:===============>              51%] [Cov:===========>                       34%]
[Progress:===============>              51%] [Cov:===========>                       34%]
[Progress:===============>              51%] [Cov:===========>                       34%]
[Progress:===============>              53%] [Cov:===========>                       34%]
[Progress:===============>              53%] [Cov:===========>                       34%][MASTER] 20:12:23.140 [logback-1] WARN  TestChromosome - Functional mock problem: org.evosuite.ga.ConstructionFailedException: Failed to add constructor for org.mockito.internal.invocation.InvocationImpl due to org.evosuite.ga.ConstructionFailedException: Have no generator for class org.mockito.internal.invocation.InvocationImpl canUseFunctionalMocks=false, canBeMocked: true

[Progress:===============>              53%] [Cov:===========>                       34%]
[Progress:===============>              53%] [Cov:===========>                       34%]
[Progress:===============>              53%] [Cov:===========>                       34%]
[Progress:===============>              53%] [Cov:===========>                       34%]
[Progress:===============>              53%] [Cov:===========>                       34%]
[Progress:===============>              53%] [Cov:===========>                       34%]
[Progress:===============>              53%] [Cov:===========>                       34%]
[Progress:===============>              53%] [Cov:===========>                       34%]
[Progress:===============>              53%] [Cov:===========>                       34%]
[Progress:===============>              53%] [Cov:===========>                       34%]
[Progress:===============>              53%] [Cov:===========>                       34%]
[Progress:===============>              53%] [Cov:===========>                       34%]
[Progress:===============>              53%] [Cov:===========>                       34%]
[Progress:===============>              53%] [Cov:===========>                       34%]
[Progress:===============>              53%] [Cov:===========>                       34%]
[Progress:===============>              53%] [Cov:===========>                       34%]
[Progress:===============>              53%] [Cov:===========>                       34%]
[Progress:===============>              53%] [Cov:===========>                       34%]
[Progress:===============>              53%] [Cov:===========>                       34%]
[Progress:===============>              53%] [Cov:===========>                       34%]
[Progress:===============>              53%] [Cov:===========>                       34%]
[Progress:===============>              53%] [Cov:===========>                       34%]
[Progress:===============>              53%] [Cov:===========>                       34%]
[Progress:===============>              53%] [Cov:===========>                       34%]
[Progress:===============>              53%] [Cov:===========>                       34%]
[Progress:===============>              53%] [Cov:===========>                       34%]
[Progress:================>             55%] [Cov:====>                              13%]
[Progress:================>             55%] [Cov:==========>                        29%]
[Progress:================>             55%] [Cov:===========>                       34%]
[Progress:================>             55%] [Cov:===========>                       34%]
[Progress:================>             55%] [Cov:===========>                       34%]
[Progress:================>             55%] [Cov:===========>                       34%]
[Progress:================>             55%] [Cov:===========>                       34%]
[Progress:================>             55%] [Cov:===========>                       34%]
[Progress:================>             55%] [Cov:===========>                       34%]
[Progress:================>             55%] [Cov:===========>                       34%]
[Progress:================>             55%] [Cov:===========>                       34%]
[Progress:================>             55%] [Cov:===========>                       34%]
[Progress:================>             55%] [Cov:===========>                       34%]
[Progress:================>             55%] [Cov:===========>                       34%]
[Progress:================>             55%] [Cov:===========>                       34%][MASTER] 20:12:24.536 [logback-1] WARN  TestCluster - Failed to check cache for org.mockito.stubbing.Answer<T> : Type points to itself

[Progress:================>             55%] [Cov:===========>                       34%]
[Progress:================>             55%] [Cov:===========>                       34%]
[Progress:================>             55%] [Cov:===========>                       34%]
[Progress:================>             55%] [Cov:===========>                       34%]
[Progress:================>             55%] [Cov:===========>                       34%]
[Progress:================>             55%] [Cov:===========>                       34%]
[Progress:================>             55%] [Cov:===========>                       34%]
[Progress:================>             55%] [Cov:===========>                       34%]
[Progress:================>             55%] [Cov:===========>                       34%]
[Progress:================>             55%] [Cov:===========>                       34%]
[Progress:================>             55%] [Cov:===========>                       34%]
[Progress:================>             55%] [Cov:===========>                       34%]
[Progress:================>             55%] [Cov:===========>                       34%]
[Progress:================>             55%] [Cov:===========>                       34%]
[Progress:================>             55%] [Cov:===========>                       34%]
[Progress:================>             55%] [Cov:===========>                       34%]
[Progress:================>             55%] [Cov:===========>                       34%]
[Progress:================>             55%] [Cov:===========>                       34%]
[Progress:================>             56%] [Cov:===========>                       33%]
[Progress:================>             56%] [Cov:===========>                       34%]
[Progress:================>             56%] [Cov:===========>                       34%]
[Progress:================>             56%] [Cov:===========>                       34%]
[Progress:================>             56%] [Cov:===========>                       34%]
[Progress:================>             56%] [Cov:===========>                       34%]
[Progress:================>             56%] [Cov:===========>                       34%]
[Progress:================>             56%] [Cov:===========>                       34%]
[Progress:================>             56%] [Cov:===========>                       34%]
[Progress:================>             56%] [Cov:===========>                       34%]
[Progress:================>             56%] [Cov:===========>                       34%]
[Progress:================>             56%] [Cov:===========>                       34%]
[Progress:================>             56%] [Cov:===========>                       34%]
[Progress:================>             56%] [Cov:===========>                       34%]
[Progress:================>             56%] [Cov:===========>                       34%]
[Progress:================>             56%] [Cov:===========>                       34%]
[Progress:================>             56%] [Cov:===========>                       34%]
[Progress:================>             56%] [Cov:===========>                       34%]
[Progress:================>             56%] [Cov:===========>                       34%]
[Progress:================>             56%] [Cov:===========>                       34%]
[Progress:================>             56%] [Cov:===========>                       34%]
[Progress:================>             56%] [Cov:===========>                       34%]
[Progress:================>             56%] [Cov:===========>                       34%]
[Progress:================>             56%] [Cov:===========>                       34%]
[Progress:================>             56%] [Cov:===========>                       34%]
[Progress:================>             56%] [Cov:===========>                       34%]
[Progress:================>             56%] [Cov:===========>                       34%]
[Progress:================>             56%] [Cov:===========>                       34%]
[Progress:================>             56%] [Cov:===========>                       34%]
[Progress:================>             56%] [Cov:===========>                       34%]
[Progress:================>             56%] [Cov:===========>                       34%]
[Progress:================>             56%] [Cov:===========>                       34%]
[Progress:================>             56%] [Cov:===========>                       34%]
[Progress:================>             56%] [Cov:===========>                       34%]
[Progress:=================>            58%] [Cov:===========>                       34%]
[Progress:=================>            58%] [Cov:===========>                       34%]
[Progress:=================>            58%] [Cov:===========>                       34%][MASTER] 20:12:26.170 [logback-1] WARN  TestChromosome - Functional mock problem: org.evosuite.ga.ConstructionFailedException: Have no generator for org.mockito.internal.creation.MockSettingsImpl<org.mockito.internal.stubbing.StubbedInvocationMatcher> canUseFunctionalMocks=false, canBeMocked: true

[Progress:=================>            58%] [Cov:===========>                       34%]
[Progress:=================>            58%] [Cov:===========>                       34%]
[Progress:=================>            58%] [Cov:===========>                       34%]
[Progress:=================>            58%] [Cov:===========>                       34%]
[Progress:=================>            58%] [Cov:===========>                       34%]
[Progress:=================>            58%] [Cov:===========>                       34%]
[Progress:=================>            58%] [Cov:===========>                       34%]
[Progress:=================>            58%] [Cov:===========>                       34%]
[Progress:=================>            58%] [Cov:===========>                       34%]
[Progress:=================>            58%] [Cov:===========>                       34%]
[Progress:=================>            58%] [Cov:===========>                       34%]
[Progress:=================>            58%] [Cov:===========>                       34%]
[Progress:=================>            58%] [Cov:===========>                       34%]
[Progress:=================>            58%] [Cov:===========>                       34%]
[Progress:=================>            58%] [Cov:===========>                       34%]
[Progress:=================>            58%] [Cov:===========>                       34%]
[Progress:=================>            58%] [Cov:===========>                       34%]
[Progress:=================>            58%] [Cov:===========>                       34%]
[Progress:=================>            58%] [Cov:===========>                       34%]
[Progress:=================>            58%] [Cov:===========>                       34%]
[Progress:=================>            58%] [Cov:===========>                       34%]
[Progress:==================>           60%] [Cov:===========>                       32%]
[Progress:==================>           60%] [Cov:===========>                       34%]
[Progress:==================>           60%] [Cov:===========>                       34%]
[Progress:==================>           60%] [Cov:===========>                       34%]
[Progress:==================>           60%] [Cov:===========>                       34%]
[Progress:==================>           60%] [Cov:===========>                       34%]
[Progress:==================>           60%] [Cov:===========>                       34%]
[Progress:==================>           60%] [Cov:===========>                       34%]
[Progress:==================>           60%] [Cov:===========>                       34%]
[Progress:==================>           60%] [Cov:===========>                       34%]
[Progress:==================>           60%] [Cov:===========>                       34%]
[Progress:==================>           60%] [Cov:===========>                       34%]
[Progress:==================>           60%] [Cov:===========>                       34%]
[Progress:==================>           60%] [Cov:===========>                       34%]
[Progress:==================>           60%] [Cov:===========>                       34%]
[Progress:==================>           60%] [Cov:===========>                       34%]
[Progress:==================>           60%] [Cov:===========>                       34%]
[Progress:==================>           60%] [Cov:===========>                       34%]
[Progress:==================>           60%] [Cov:===========>                       34%]
[Progress:==================>           60%] [Cov:===========>                       34%]
[Progress:==================>           60%] [Cov:===========>                       34%]
[Progress:==================>           60%] [Cov:===========>                       34%]
[Progress:==================>           60%] [Cov:===========>                       34%]
[Progress:==================>           60%] [Cov:===========>                       34%]
[Progress:==================>           60%] [Cov:===========>                       34%]
[Progress:==================>           60%] [Cov:===========>                       34%]
[Progress:==================>           60%] [Cov:===========>                       34%]
[Progress:==================>           60%] [Cov:===========>                       34%]
[Progress:==================>           60%] [Cov:===========>                       34%]
[Progress:==================>           61%] [Cov:===========>                       32%]
[Progress:==================>           61%] [Cov:===========>                       34%]
[Progress:==================>           61%] [Cov:===========>                       34%]
[Progress:==================>           61%] [Cov:===========>                       34%]
[Progress:==================>           61%] [Cov:===========>                       34%]
[Progress:==================>           61%] [Cov:===========>                       34%]
[Progress:==================>           61%] [Cov:===========>                       34%]
[Progress:==================>           61%] [Cov:===========>                       34%]
[Progress:==================>           61%] [Cov:===========>                       34%]
[Progress:==================>           61%] [Cov:===========>                       34%]
[Progress:==================>           61%] [Cov:===========>                       34%]
[Progress:==================>           61%] [Cov:===========>                       34%]
[Progress:==================>           61%] [Cov:===========>                       34%]
[Progress:==================>           61%] [Cov:===========>                       34%]
[Progress:==================>           61%] [Cov:===========>                       34%]
[Progress:==================>           61%] [Cov:===========>                       34%]
[Progress:==================>           61%] [Cov:===========>                       34%]
[Progress:==================>           61%] [Cov:===========>                       34%]
[Progress:==================>           61%] [Cov:===========>                       34%]
[Progress:==================>           61%] [Cov:===========>                       34%]
[Progress:==================>           61%] [Cov:===========>                       34%]
[Progress:==================>           61%] [Cov:===========>                       34%]
[Progress:==================>           61%] [Cov:===========>                       34%]
[Progress:==================>           61%] [Cov:===========>                       34%]
[Progress:==================>           63%] [Cov:===========>                       34%]
[Progress:==================>           63%] [Cov:===========>                       34%]
[Progress:==================>           63%] [Cov:===========>                       34%]
[Progress:==================>           63%] [Cov:===========>                       34%]
[Progress:==================>           63%] [Cov:===========>                       34%]
[Progress:==================>           63%] [Cov:===========>                       34%]
[Progress:==================>           63%] [Cov:===========>                       34%]
[Progress:==================>           63%] [Cov:===========>                       34%]
[Progress:==================>           63%] [Cov:===========>                       34%]
[Progress:==================>           63%] [Cov:===========>                       34%]
[Progress:==================>           63%] [Cov:===========>                       34%]
[Progress:==================>           63%] [Cov:===========>                       34%]
[Progress:==================>           63%] [Cov:===========>                       34%]
[Progress:==================>           63%] [Cov:===========>                       34%]
[Progress:==================>           63%] [Cov:===========>                       34%]
[Progress:==================>           63%] [Cov:===========>                       34%]
[Progress:==================>           63%] [Cov:===========>                       34%]
[Progress:==================>           63%] [Cov:===========>                       34%]
[Progress:==================>           63%] [Cov:===========>                       34%]
[Progress:==================>           63%] [Cov:===========>                       34%]
[Progress:==================>           63%] [Cov:===========>                       34%]
[Progress:==================>           63%] [Cov:===========>                       34%]
[Progress:===================>          65%] [Cov:===========>                       33%]
[Progress:===================>          65%] [Cov:===========>                       34%]
[Progress:===================>          65%] [Cov:===========>                       34%]
[Progress:===================>          65%] [Cov:===========>                       34%]
[Progress:===================>          65%] [Cov:===========>                       34%]
[Progress:===================>          65%] [Cov:===========>                       34%]
[Progress:===================>          65%] [Cov:===========>                       34%]
[Progress:===================>          65%] [Cov:===========>                       34%]
[Progress:===================>          65%] [Cov:===========>                       34%]
[Progress:===================>          65%] [Cov:===========>                       34%]
[Progress:===================>          65%] [Cov:===========>                       34%]
[Progress:===================>          65%] [Cov:===========>                       34%]
[Progress:===================>          65%] [Cov:===========>                       34%]
[Progress:===================>          65%] [Cov:===========>                       34%]
[Progress:===================>          65%] [Cov:===========>                       34%]
[Progress:===================>          65%] [Cov:===========>                       34%]
[Progress:===================>          65%] [Cov:===========>                       34%]
[Progress:===================>          65%] [Cov:===========>                       34%]
[Progress:===================>          65%] [Cov:===========>                       34%]
[Progress:===================>          65%] [Cov:===========>                       34%]
[Progress:===================>          65%] [Cov:===========>                       34%]
[Progress:===================>          65%] [Cov:===========>                       34%]
[Progress:===================>          65%] [Cov:===========>                       34%]
[Progress:===================>          65%] [Cov:===========>                       34%]
[Progress:===================>          65%] [Cov:===========>                       34%]
[Progress:===================>          65%] [Cov:===========>                       34%]
[Progress:===================>          66%] [Cov:===========>                       34%]
[Progress:===================>          66%] [Cov:===========>                       34%]
[Progress:===================>          66%] [Cov:===========>                       34%]
[Progress:===================>          66%] [Cov:===========>                       34%]
[Progress:===================>          66%] [Cov:===========>                       34%]
[Progress:===================>          66%] [Cov:===========>                       34%]
[Progress:===================>          66%] [Cov:===========>                       34%]
[Progress:===================>          66%] [Cov:===========>                       34%]
[Progress:===================>          66%] [Cov:===========>                       34%]
[Progress:===================>          66%] [Cov:===========>                       34%]
[Progress:===================>          66%] [Cov:===========>                       34%]
[Progress:===================>          66%] [Cov:===========>                       34%]
[Progress:===================>          66%] [Cov:===========>                       34%]
[Progress:===================>          66%] [Cov:===========>                       34%]
[Progress:===================>          66%] [Cov:===========>                       34%]
[Progress:===================>          66%] [Cov:===========>                       34%]
[Progress:===================>          66%] [Cov:===========>                       34%]
[Progress:===================>          66%] [Cov:===========>                       34%]
[Progress:===================>          66%] [Cov:===========>                       34%]
[Progress:===================>          66%] [Cov:===========>                       34%]
[Progress:====================>         68%] [Cov:===========>                       34%]
[Progress:====================>         68%] [Cov:===========>                       34%]
[Progress:====================>         68%] [Cov:===========>                       34%]
[Progress:====================>         68%] [Cov:===========>                       34%]
[Progress:====================>         68%] [Cov:===========>                       34%]
[Progress:====================>         68%] [Cov:===========>                       34%]
[Progress:====================>         68%] [Cov:===========>                       34%]
[Progress:====================>         68%] [Cov:===========>                       34%]
[Progress:====================>         68%] [Cov:===========>                       34%]
[Progress:====================>         68%] [Cov:===========>                       34%]
[Progress:====================>         68%] [Cov:===========>                       34%]
[Progress:====================>         68%] [Cov:===========>                       34%]
[Progress:====================>         68%] [Cov:===========>                       34%]
[Progress:====================>         68%] [Cov:===========>                       34%]
[Progress:====================>         68%] [Cov:===========>                       34%]
[Progress:====================>         68%] [Cov:===========>                       34%]
[Progress:====================>         68%] [Cov:===========>                       34%]
[Progress:====================>         68%] [Cov:===========>                       34%]
[Progress:====================>         68%] [Cov:===========>                       34%]
[Progress:====================>         68%] [Cov:===========>                       34%]
[Progress:====================>         68%] [Cov:===========>                       34%]
[Progress:====================>         68%] [Cov:===========>                       34%]
[Progress:====================>         68%] [Cov:===========>                       34%]
[Progress:=====================>        70%] [Cov:===========>                       34%]
[Progress:=====================>        70%] [Cov:===========>                       34%]
[Progress:=====================>        70%] [Cov:===========>                       34%]
[Progress:=====================>        70%] [Cov:===========>                       34%]
[Progress:=====================>        70%] [Cov:===========>                       34%]
[Progress:=====================>        70%] [Cov:===========>                       34%][MASTER] 20:12:33.329 [logback-1] WARN  TestChromosome - Functional mock problem: org.evosuite.ga.ConstructionFailedException: Failed to add constructor for org.mockito.internal.stubbing.StubbedInvocationMatcher due to org.evosuite.ga.ConstructionFailedException: Failed to add constructor for org.mockito.internal.invocation.InvocationMatcher due to org.evosuite.ga.ConstructionFailedException: Failed to add constructor for org.mockito.internal.invocation.InvocationImpl due to org.evosuite.ga.ConstructionFailedException: Failed to add constructor for org.mockito.internal.invocation.realmethod.CGLIBProxyRealMethod due to org.evosuite.ga.ConstructionFailedException: Failed to add constructor for org.mockito.internal.creation.SerializableMockitoMethodProxy due to org.evosuite.ga.ConstructionFailedException: Max recursion depth reached

[Progress:=====================>        70%] [Cov:===========>                       34%]
[Progress:=====================>        70%] [Cov:===========>                       34%]
[Progress:=====================>        70%] [Cov:===========>                       34%]
[Progress:=====================>        70%] [Cov:===========>                       34%]
[Progress:=====================>        70%] [Cov:===========>                       34%]
[Progress:=====================>        70%] [Cov:===========>                       34%]
[Progress:=====================>        70%] [Cov:===========>                       34%]
[Progress:=====================>        70%] [Cov:===========>                       34%]
[Progress:=====================>        70%] [Cov:===========>                       34%]
[Progress:=====================>        70%] [Cov:===========>                       34%]
[Progress:=====================>        70%] [Cov:===========>                       34%]
[Progress:=====================>        70%] [Cov:===========>                       34%]
[Progress:=====================>        70%] [Cov:===========>                       34%]
[Progress:=====================>        70%] [Cov:===========>                       34%]
[Progress:=====================>        70%] [Cov:===========>                       34%]
[Progress:=====================>        70%] [Cov:===========>                       34%]
[Progress:=====================>        70%] [Cov:===========>                       34%]
[Progress:=====================>        70%] [Cov:===========>                       34%][MASTER] 20:12:34.020 [logback-1] WARN  TestChromosome - Functional mock problem: org.evosuite.ga.ConstructionFailedException: Failed to add constructor for org.mockito.internal.stubbing.StubbedInvocationMatcher due to org.evosuite.ga.ConstructionFailedException: Failed to add constructor for org.mockito.internal.invocation.InvocationMatcher due to org.evosuite.ga.ConstructionFailedException: Failed to add constructor for org.mockito.internal.invocation.InvocationImpl due to org.evosuite.ga.ConstructionFailedException: Failed to add constructor for org.mockito.internal.invocation.SerializableMethod due to org.evosuite.ga.ConstructionFailedException: Max recursion depth reached

[Progress:=====================>        70%] [Cov:===========>                       34%]
[Progress:=====================>        70%] [Cov:===========>                       34%]
[Progress:=====================>        70%] [Cov:===========>                       34%]
[Progress:=====================>        71%] [Cov:===========>                       33%]
[Progress:=====================>        71%] [Cov:===========>                       34%]
[Progress:=====================>        71%] [Cov:===========>                       34%]
[Progress:=====================>        71%] [Cov:===========>                       34%]
[Progress:=====================>        71%] [Cov:===========>                       34%]
[Progress:=====================>        71%] [Cov:===========>                       34%]
[Progress:=====================>        71%] [Cov:===========>                       34%]
[Progress:=====================>        71%] [Cov:===========>                       34%]
[Progress:=====================>        71%] [Cov:===========>                       34%]
[Progress:=====================>        71%] [Cov:===========>                       34%]
[Progress:=====================>        71%] [Cov:===========>                       34%]
[Progress:=====================>        71%] [Cov:===========>                       34%]
[Progress:=====================>        71%] [Cov:===========>                       34%]
[Progress:=====================>        71%] [Cov:===========>                       34%]
[Progress:=====================>        71%] [Cov:===========>                       34%]
[Progress:=====================>        71%] [Cov:===========>                       34%]
[Progress:=====================>        71%] [Cov:===========>                       34%]
[Progress:=====================>        71%] [Cov:===========>                       34%]
[Progress:=====================>        71%] [Cov:===========>                       34%]
[Progress:=====================>        71%] [Cov:===========>                       34%]
[Progress:=====================>        71%] [Cov:===========>                       34%]
[Progress:=====================>        71%] [Cov:===========>                       34%]
[Progress:=====================>        71%] [Cov:===========>                       34%]
[Progress:=====================>        71%] [Cov:===========>                       34%]
[Progress:=====================>        71%] [Cov:===========>                       34%]
[Progress:=====================>        71%] [Cov:===========>                       34%]
[Progress:=====================>        73%] [Cov:===========>                       34%]
[Progress:=====================>        73%] [Cov:===========>                       34%]
[Progress:=====================>        73%] [Cov:===========>                       34%]
[Progress:=====================>        73%] [Cov:===========>                       34%]
[Progress:=====================>        73%] [Cov:===========>                       34%]
[Progress:=====================>        73%] [Cov:===========>                       34%]
[Progress:=====================>        73%] [Cov:===========>                       34%]
[Progress:=====================>        73%] [Cov:===========>                       34%]
[Progress:=====================>        73%] [Cov:===========>                       34%]
[Progress:=====================>        73%] [Cov:===========>                       34%]
[Progress:=====================>        73%] [Cov:===========>                       34%]
[Progress:=====================>        73%] [Cov:===========>                       34%]
[Progress:=====================>        73%] [Cov:===========>                       34%]
[Progress:=====================>        73%] [Cov:===========>                       34%]
[Progress:=====================>        73%] [Cov:===========>                       34%]
[Progress:=====================>        73%] [Cov:===========>                       34%]
[Progress:=====================>        73%] [Cov:===========>                       34%]
[Progress:=====================>        73%] [Cov:===========>                       34%]
[Progress:=====================>        73%] [Cov:===========>                       34%]
[Progress:=====================>        73%] [Cov:===========>                       34%]
[Progress:=====================>        73%] [Cov:===========>                       34%]
[Progress:=====================>        73%] [Cov:===========>                       34%]
[Progress:=====================>        73%] [Cov:===========>                       34%]
[Progress:======================>       75%] [Cov:===========>                       32%]
[Progress:======================>       75%] [Cov:===========>                       33%]
[Progress:======================>       75%] [Cov:===========>                       34%]
[Progress:======================>       75%] [Cov:===========>                       34%]
[Progress:======================>       75%] [Cov:===========>                       34%]
[Progress:======================>       75%] [Cov:===========>                       34%]
[Progress:======================>       75%] [Cov:===========>                       34%]
[Progress:======================>       75%] [Cov:===========>                       34%]
[Progress:======================>       75%] [Cov:===========>                       34%]
[Progress:======================>       75%] [Cov:===========>                       34%]
[Progress:======================>       75%] [Cov:===========>                       34%]
[Progress:======================>       75%] [Cov:===========>                       34%]
[Progress:======================>       75%] [Cov:===========>                       34%]
[Progress:======================>       75%] [Cov:===========>                       34%]
[Progress:======================>       75%] [Cov:===========>                       34%]
[Progress:======================>       75%] [Cov:===========>                       34%]
[Progress:======================>       75%] [Cov:===========>                       34%]
[Progress:======================>       75%] [Cov:===========>                       34%]
[Progress:======================>       75%] [Cov:===========>                       34%]
[Progress:======================>       75%] [Cov:===========>                       34%]
[Progress:======================>       75%] [Cov:===========>                       34%]
[Progress:======================>       75%] [Cov:===========>                       34%]
[Progress:======================>       75%] [Cov:===========>                       34%]
[Progress:======================>       75%] [Cov:===========>                       34%]
[Progress:======================>       75%] [Cov:===========>                       34%]
[Progress:======================>       76%] [Cov:===========>                       34%]
[Progress:======================>       76%] [Cov:===========>                       34%]
[Progress:======================>       76%] [Cov:===========>                       34%]
[Progress:======================>       76%] [Cov:===========>                       34%]
[Progress:======================>       76%] [Cov:===========>                       34%]
[Progress:======================>       76%] [Cov:===========>                       34%]
[Progress:======================>       76%] [Cov:===========>                       34%]
[Progress:======================>       76%] [Cov:===========>                       34%]
[Progress:======================>       76%] [Cov:===========>                       34%]
[Progress:======================>       76%] [Cov:===========>                       34%]
[Progress:======================>       76%] [Cov:===========>                       34%]
[Progress:======================>       76%] [Cov:===========>                       34%]
[Progress:======================>       76%] [Cov:===========>                       34%]
[Progress:======================>       76%] [Cov:===========>                       34%]
[Progress:======================>       76%] [Cov:===========>                       34%]
[Progress:======================>       76%] [Cov:===========>                       34%]
[Progress:======================>       76%] [Cov:===========>                       34%]
[Progress:=======================>      78%] [Cov:===========>                       33%]
[Progress:=======================>      78%] [Cov:===========>                       34%]
[Progress:=======================>      78%] [Cov:===========>                       34%]
[Progress:=======================>      78%] [Cov:===========>                       34%]
[Progress:=======================>      78%] [Cov:===========>                       34%]
[Progress:=======================>      78%] [Cov:===========>                       34%]
[Progress:=======================>      78%] [Cov:===========>                       34%]
[Progress:=======================>      78%] [Cov:===========>                       34%]
[Progress:=======================>      78%] [Cov:===========>                       34%]
[Progress:=======================>      78%] [Cov:===========>                       34%]
[Progress:=======================>      78%] [Cov:===========>                       34%]
[Progress:=======================>      78%] [Cov:===========>                       34%]
[Progress:=======================>      78%] [Cov:===========>                       34%]
[Progress:=======================>      78%] [Cov:===========>                       34%]
[Progress:=======================>      78%] [Cov:===========>                       34%]
[Progress:=======================>      78%] [Cov:===========>                       34%]
[Progress:=======================>      78%] [Cov:===========>                       34%]
[Progress:=======================>      78%] [Cov:===========>                       34%]
[Progress:=======================>      78%] [Cov:===========>                       34%]
[Progress:=======================>      78%] [Cov:===========>                       34%]
[Progress:=======================>      78%] [Cov:===========>                       34%]
[Progress:========================>     80%] [Cov:===========>                       33%]
[Progress:========================>     80%] [Cov:===========>                       34%]
[Progress:========================>     80%] [Cov:===========>                       34%]
[Progress:========================>     80%] [Cov:===========>                       34%]
[Progress:========================>     80%] [Cov:===========>                       34%]
[Progress:========================>     80%] [Cov:===========>                       34%]
[Progress:========================>     80%] [Cov:===========>                       34%]
[Progress:========================>     80%] [Cov:===========>                       34%]
[Progress:========================>     80%] [Cov:===========>                       34%]
[Progress:========================>     80%] [Cov:===========>                       34%]
[Progress:========================>     80%] [Cov:===========>                       34%]
[Progress:========================>     80%] [Cov:===========>                       34%]
[Progress:========================>     80%] [Cov:===========>                       34%]
[Progress:========================>     80%] [Cov:===========>                       34%]
[Progress:========================>     80%] [Cov:===========>                       34%]
[Progress:========================>     80%] [Cov:===========>                       34%]
[Progress:========================>     80%] [Cov:===========>                       34%]
[Progress:========================>     81%] [Cov:===========>                       34%]
[Progress:========================>     81%] [Cov:===========>                       34%]
[Progress:========================>     81%] [Cov:===========>                       34%]
[Progress:========================>     81%] [Cov:===========>                       34%]
[Progress:========================>     81%] [Cov:===========>                       34%]
[Progress:========================>     81%] [Cov:===========>                       34%]
[Progress:========================>     81%] [Cov:===========>                       34%]
[Progress:========================>     81%] [Cov:===========>                       34%]
[Progress:========================>     81%] [Cov:===========>                       34%]
[Progress:========================>     81%] [Cov:===========>                       34%]
[Progress:========================>     81%] [Cov:===========>                       34%]
[Progress:========================>     81%] [Cov:===========>                       34%]
[Progress:========================>     81%] [Cov:===========>                       34%]
[Progress:========================>     81%] [Cov:===========>                       34%]
[Progress:========================>     81%] [Cov:===========>                       34%]
[Progress:========================>     81%] [Cov:===========>                       34%]
[Progress:========================>     81%] [Cov:===========>                       34%]
[Progress:========================>     81%] [Cov:===========>                       34%]
[Progress:========================>     81%] [Cov:===========>                       34%]
[Progress:========================>     83%] [Cov:===========>                       34%]
[Progress:========================>     83%] [Cov:===========>                       34%]
[Progress:========================>     83%] [Cov:===========>                       34%]
[Progress:========================>     83%] [Cov:===========>                       34%]
[Progress:========================>     83%] [Cov:===========>                       34%]
[Progress:========================>     83%] [Cov:===========>                       34%]
[Progress:========================>     83%] [Cov:===========>                       34%]
[Progress:========================>     83%] [Cov:===========>                       34%]
[Progress:========================>     83%] [Cov:===========>                       34%]
[Progress:========================>     83%] [Cov:===========>                       34%]
[Progress:========================>     83%] [Cov:===========>                       34%]
[Progress:========================>     83%] [Cov:===========>                       34%]
[Progress:========================>     83%] [Cov:===========>                       34%]
[Progress:========================>     83%] [Cov:===========>                       34%]
[Progress:========================>     83%] [Cov:===========>                       34%]
[Progress:========================>     83%] [Cov:===========>                       34%]
[Progress:========================>     83%] [Cov:===========>                       34%]
[Progress:=========================>    85%] [Cov:===========>                       34%]
[Progress:=========================>    85%] [Cov:===========>                       34%]
[Progress:=========================>    85%] [Cov:===========>                       34%]
[Progress:=========================>    85%] [Cov:===========>                       34%]
[Progress:=========================>    85%] [Cov:===========>                       34%]
[Progress:=========================>    85%] [Cov:===========>                       34%]
[Progress:=========================>    85%] [Cov:===========>                       34%]
[Progress:=========================>    85%] [Cov:===========>                       34%]
[Progress:=========================>    85%] [Cov:===========>                       34%]
[Progress:=========================>    85%] [Cov:===========>                       34%]
[Progress:=========================>    85%] [Cov:===========>                       34%]
[Progress:=========================>    85%] [Cov:===========>                       34%]
[Progress:=========================>    85%] [Cov:===========>                       34%]
[Progress:=========================>    85%] [Cov:===========>                       34%]
[Progress:=========================>    85%] [Cov:===========>                       34%][MASTER] 20:12:42.985 [logback-1] WARN  TestChromosome - Functional mock problem: org.evosuite.ga.ConstructionFailedException: Failed to add constructor for org.mockito.internal.stubbing.StubbedInvocationMatcher due to org.evosuite.ga.ConstructionFailedException: Failed to add constructor for org.mockito.internal.invocation.InvocationMatcher due to org.evosuite.ga.ConstructionFailedException: Failed to add constructor for org.mockito.internal.stubbing.InvocationContainerImpl due to org.evosuite.ga.ConstructionFailedException: Failed to add constructor for org.mockito.internal.creation.settings.CreationSettings due to org.evosuite.ga.ConstructionFailedException: Max recursion depth reached

[Progress:=========================>    85%] [Cov:===========>                       34%]
[Progress:=========================>    85%] [Cov:===========>                       34%]
[Progress:=========================>    85%] [Cov:===========>                       34%]
[Progress:=========================>    86%] [Cov:===========>                       34%]
[Progress:=========================>    86%] [Cov:===========>                       34%]
[Progress:=========================>    86%] [Cov:===========>                       34%]
[Progress:=========================>    86%] [Cov:===========>                       34%]
[Progress:=========================>    86%] [Cov:===========>                       34%]
[Progress:=========================>    86%] [Cov:===========>                       34%]
[Progress:=========================>    86%] [Cov:===========>                       34%]
[Progress:=========================>    86%] [Cov:===========>                       34%]
[Progress:=========================>    86%] [Cov:===========>                       34%]
[Progress:=========================>    86%] [Cov:===========>                       34%]
[Progress:=========================>    86%] [Cov:===========>                       34%]
[Progress:=========================>    86%] [Cov:===========>                       34%]
[Progress:=========================>    86%] [Cov:===========>                       34%]
[Progress:=========================>    86%] [Cov:===========>                       34%]
[Progress:=========================>    86%] [Cov:===========>                       34%]
[Progress:=========================>    86%] [Cov:===========>                       34%][MASTER] 20:12:43.968 [logback-1] WARN  TestChromosome - Functional mock problem: org.evosuite.ga.ConstructionFailedException: Failed to add constructor for org.mockito.internal.invocation.InvocationImpl due to org.evosuite.ga.ConstructionFailedException: Failed to add constructor for org.mockito.internal.invocation.realmethod.FilteredCGLIBProxyRealMethod due to org.evosuite.ga.ConstructionFailedException: Failed to add constructor for org.mockito.internal.invocation.realmethod.CGLIBProxyRealMethod due to org.evosuite.ga.ConstructionFailedException: Failed to add constructor for org.mockito.internal.creation.SerializableMockitoMethodProxy due to org.evosuite.ga.ConstructionFailedException: Max recursion depth reached

[Progress:=========================>    86%] [Cov:===========>                       34%]
[Progress:=========================>    86%] [Cov:===========>                       34%]
[Progress:==========================>   88%] [Cov:==========>                        29%]
[Progress:==========================>   88%] [Cov:===========>                       34%]
[Progress:==========================>   88%] [Cov:===========>                       34%]
[Progress:==========================>   88%] [Cov:===========>                       34%]
[Progress:==========================>   88%] [Cov:===========>                       34%]
[Progress:==========================>   88%] [Cov:===========>                       34%]
[Progress:==========================>   88%] [Cov:===========>                       34%]
[Progress:==========================>   88%] [Cov:===========>                       34%]
[Progress:==========================>   88%] [Cov:===========>                       34%]
[Progress:==========================>   88%] [Cov:===========>                       34%]
[Progress:==========================>   88%] [Cov:===========>                       34%]
[Progress:==========================>   88%] [Cov:===========>                       34%]
[Progress:==========================>   88%] [Cov:===========>                       34%]
[Progress:==========================>   88%] [Cov:===========>                       34%]
[Progress:==========================>   88%] [Cov:===========>                       34%]
[Progress:==========================>   88%] [Cov:===========>                       34%]
[Progress:==========================>   88%] [Cov:===========>                       34%]
[Progress:==========================>   88%] [Cov:===========>                       34%]
[Progress:==========================>   88%] [Cov:===========>                       34%]
[Progress:==========================>   88%] [Cov:===========>                       34%]
[Progress:==========================>   88%] [Cov:===========>                       34%]
[Progress:==========================>   88%] [Cov:===========>                       34%]
[Progress:==========================>   88%] [Cov:===========>                       34%]
[Progress:==========================>   88%] [Cov:===========>                       34%]
[Progress:===========================>  90%] [Cov:===========>                       34%]
[Progress:===========================>  90%] [Cov:===========>                       34%]
[Progress:===========================>  90%] [Cov:===========>                       34%][MASTER] 20:12:45.213 [logback-1] WARN  TestChromosome - Functional mock problem: org.evosuite.ga.ConstructionFailedException: Failed to add constructor for org.mockito.internal.stubbing.StubbedInvocationMatcher due to org.evosuite.ga.ConstructionFailedException: Failed to add constructor for org.mockito.internal.invocation.InvocationMatcher due to org.evosuite.ga.ConstructionFailedException: Failed to add constructor for org.mockito.internal.invocation.InvocationImpl due to org.evosuite.ga.ConstructionFailedException: Have no generator for class org.mockito.internal.invocation.InvocationImpl canUseFunctionalMocks=false, canBeMocked: true

[Progress:===========================>  90%] [Cov:===========>                       34%]
[Progress:===========================>  90%] [Cov:===========>                       34%]
[Progress:===========================>  90%] [Cov:===========>                       34%]
[Progress:===========================>  90%] [Cov:===========>                       34%]
[Progress:===========================>  90%] [Cov:===========>                       34%]
[Progress:===========================>  90%] [Cov:===========>                       34%]
[Progress:===========================>  90%] [Cov:===========>                       34%]
[Progress:===========================>  90%] [Cov:===========>                       34%]
[Progress:===========================>  90%] [Cov:===========>                       34%]
[Progress:===========================>  90%] [Cov:===========>                       34%]
[Progress:===========================>  90%] [Cov:===========>                       34%]
[Progress:===========================>  90%] [Cov:===========>                       34%]
[Progress:===========================>  90%] [Cov:===========>                       34%]
[Progress:===========================>  90%] [Cov:===========>                       34%]
[Progress:===========================>  90%] [Cov:===========>                       34%]
[Progress:===========================>  90%] [Cov:===========>                       34%]
[Progress:===========================>  90%] [Cov:===========>                       34%]
[Progress:===========================>  90%] [Cov:===========>                       34%]
[Progress:===========================>  90%] [Cov:===========>                       34%]
[Progress:===========================>  91%] [Cov:===========>                       34%]
[Progress:===========================>  91%] [Cov:===========>                       34%]
[Progress:===========================>  91%] [Cov:===========>                       34%]
[Progress:===========================>  91%] [Cov:===========>                       34%]
[Progress:===========================>  91%] [Cov:===========>                       34%]
[Progress:===========================>  91%] [Cov:===========>                       34%]
[Progress:===========================>  91%] [Cov:===========>                       34%]
[Progress:===========================>  91%] [Cov:===========>                       34%]
[Progress:===========================>  91%] [Cov:===========>                       34%]
[Progress:===========================>  91%] [Cov:===========>                       34%]
[Progress:===========================>  91%] [Cov:===========>                       34%]
[Progress:===========================>  91%] [Cov:===========>                       34%]
[Progress:===========================>  91%] [Cov:===========>                       34%]
[Progress:===========================>  91%] [Cov:===========>                       34%]
[Progress:===========================>  91%] [Cov:===========>                       34%]
[Progress:===========================>  91%] [Cov:===========>                       34%]
[Progress:===========================>  91%] [Cov:===========>                       34%]
[Progress:===========================>  91%] [Cov:===========>                       34%]
[Progress:===========================>  93%] [Cov:===========>                       34%]
[Progress:===========================>  93%] [Cov:===========>                       34%]
[Progress:===========================>  93%] [Cov:===========>                       34%]
[Progress:===========================>  93%] [Cov:===========>                       34%]
[Progress:===========================>  93%] [Cov:===========>                       34%]
[Progress:===========================>  93%] [Cov:===========>                       34%]
[Progress:===========================>  93%] [Cov:===========>                       34%]
[Progress:===========================>  93%] [Cov:===========>                       34%]
[Progress:===========================>  93%] [Cov:===========>                       34%]
[Progress:===========================>  93%] [Cov:===========>                       34%][MASTER] 20:12:47.646 [logback-1] WARN  TestCluster - Failed to check cache for org.mockito.internal.creation.settings.CreationSettings<T> : Type points to itself

[Progress:===========================>  93%] [Cov:===========>                       34%]
[Progress:===========================>  93%] [Cov:===========>                       34%]
[Progress:===========================>  93%] [Cov:===========>                       34%]
[Progress:===========================>  93%] [Cov:===========>                       34%]
[Progress:===========================>  93%] [Cov:===========>                       34%]
[Progress:===========================>  93%] [Cov:===========>                       34%]
[Progress:===========================>  93%] [Cov:===========>                       34%]
[Progress:===========================>  93%] [Cov:===========>                       34%]
[Progress:===========================>  93%] [Cov:===========>                       34%]
[Progress:============================> 95%] [Cov:===========>                       34%]
[Progress:============================> 95%] [Cov:===========>                       34%]
[Progress:============================> 95%] [Cov:===========>                       34%]
[Progress:============================> 95%] [Cov:===========>                       34%]
[Progress:============================> 95%] [Cov:===========>                       34%]
[Progress:============================> 95%] [Cov:===========>                       34%]
[Progress:============================> 95%] [Cov:===========>                       34%]
[Progress:============================> 95%] [Cov:===========>                       34%]
[Progress:============================> 95%] [Cov:===========>                       34%]
[Progress:============================> 95%] [Cov:===========>                       34%]
[Progress:============================> 95%] [Cov:===========>                       34%]
[Progress:============================> 95%] [Cov:===========>                       34%]
[Progress:============================> 95%] [Cov:===========>                       34%]
[Progress:============================> 95%] [Cov:===========>                       34%]
[Progress:============================> 95%] [Cov:===========>                       34%]
[Progress:============================> 95%] [Cov:===========>                       34%]
[Progress:============================> 95%] [Cov:===========>                       34%]
[Progress:============================> 95%] [Cov:===========>                       34%]
[Progress:============================> 95%] [Cov:===========>                       34%]
[Progress:============================> 95%] [Cov:===========>                       34%]
[Progress:============================> 95%] [Cov:===========>                       34%]
[Progress:============================> 96%] [Cov:===========>                       34%]
[Progress:============================> 96%] [Cov:===========>                       34%]
[Progress:============================> 96%] [Cov:===========>                       34%]
[Progress:============================> 96%] [Cov:===========>                       34%]
[Progress:============================> 96%] [Cov:===========>                       34%]
[Progress:============================> 96%] [Cov:===========>                       34%]
[Progress:============================> 96%] [Cov:===========>                       34%]
[Progress:============================> 96%] [Cov:===========>                       34%]
[Progress:============================> 96%] [Cov:===========>                       34%]
[Progress:============================> 96%] [Cov:===========>                       34%]
[Progress:============================> 96%] [Cov:===========>                       34%]
[Progress:============================> 96%] [Cov:===========>                       34%]
[Progress:============================> 96%] [Cov:===========>                       34%]
[Progress:============================> 96%] [Cov:===========>                       34%]
[Progress:============================> 96%] [Cov:===========>                       34%]
[Progress:============================> 96%] [Cov:===========>                       34%]
[Progress:============================> 96%] [Cov:===========>                       34%]
[Progress:============================> 96%] [Cov:===========>                       34%]
[Progress:=============================>98%] [Cov:===========>                       34%]
[Progress:=============================>98%] [Cov:===========>                       34%]
[Progress:=============================>98%] [Cov:===========>                       34%]
[Progress:=============================>98%] [Cov:===========>                       34%]
[Progress:=============================>98%] [Cov:===========>                       34%]
[Progress:=============================>98%] [Cov:===========>                       34%]
[Progress:=============================>98%] [Cov:===========>                       34%]
[Progress:=============================>98%] [Cov:===========>                       34%]
[Progress:=============================>98%] [Cov:===========>                       34%]
[Progress:=============================>98%] [Cov:===========>                       34%]
[Progress:=============================>98%] [Cov:===========>                       34%]
[Progress:=============================>98%] [Cov:===========>                       34%]
[Progress:=============================>98%] [Cov:===========>                       34%]
[Progress:=============================>98%] [Cov:===========>                       34%]
[Progress:=============================>98%] [Cov:===========>                       34%]
[Progress:=============================>98%] [Cov:===========>                       34%]
[Progress:==============================100%] [Cov:===========>                       34%]
[Progress:==============================100%] [Cov:===========>                       34%]
[Progress:==============================100%] [Cov:===========>                       34%]
[Progress:==============================100%] [Cov:===========>                       34%]
[Progress:==============================100%] [Cov:===========>                       34%]
[Progress:==============================100%] [Cov:===========>                       34%]
[Progress:==============================100%] [Cov:===========>                       34%]
[Progress:==============================100%] [Cov:===========>                       34%]
[Progress:==============================100%] [Cov:===========>                       34%]
[Progress:==============================100%] [Cov:===========>                       34%]
[Progress:==============================100%] [Cov:===========>                       34%]
[Progress:==============================100%] [Cov:===========>                       34%]
[Progress:==============================100%] [Cov:===========>                       34%]
[Progress:==============================100%] [Cov:===========>                       34%]
[Progress:==============================100%] [Cov:===========>                       34%]
[Progress:==============================100%] [Cov:===========>                       34%]
* Search finished after 61s and 946 generations, 66944 statements, best individual has fitness: 55.94444444444444
* Minimizing test suite
* Going to analyze the coverage criteria
* Coverage analysis for criterion LINE
* Coverage of criterion LINE: 23%
* Total number of goals: 22
* Number of covered goals: 5
* Coverage analysis for criterion BRANCH
* Coverage of criterion BRANCH: 18%
* Total number of goals: 11
* Number of covered goals: 2
* Coverage analysis for criterion EXCEPTION
* Coverage of criterion EXCEPTION: 67%
* Total number of goals: 3
* Number of covered goals: 2
* Coverage analysis for criterion WEAKMUTATION
* Coverage of criterion WEAKMUTATION: 0%
* Total number of goals: 4
* Number of covered goals: 0
* Coverage analysis for criterion OUTPUT
* Coverage of criterion OUTPUT: 0%
* Total number of goals: 4
* Number of covered goals: 0
* Coverage analysis for criterion METHOD
* Coverage of criterion METHOD: 100%
* Total number of goals: 3
* Number of covered goals: 3
* Coverage analysis for criterion METHODNOEXCEPTION
* Coverage of criterion METHODNOEXCEPTION: 33%
* Total number of goals: 3
* Number of covered goals: 1
* Coverage analysis for criterion CBRANCH
* Coverage of criterion CBRANCH: 18%
* Total number of goals: 11
* Number of covered goals: 2
* Generated 2 tests with total length 4
* Resulting test suite's coverage: 35% (average coverage for all fitness functions)
* Generating assertions
* Resulting test suite's mutation score: 0%
* Compiling and checking tests
* Permissions denied during test execution: 
  - java.lang.RuntimePermission: 
         writeFileDescriptor: 1
* Writing tests to file
* Writing JUnit test case 'ReturnsDeepStubs_ESTest' to evosuite-tests
* Done!

* Computation finished

