CMD: /usr/lib/jvm/java-8-openjdk-amd64/bin/java -Dtools_jar_location=/usr/lib/jvm/java-8-openjdk-amd64/lib/tools.jar -jar /home/pizza/evosuite/evosuite-1.2.0.jar -generateSuite -class org.mockito.internal.stubbing.defaultanswers.ReturnsDeepStubs -projectCP /home/pizza/evosuite/Test/Mockito-25b/target/classes:/home/pizza/defects4j/framework/projects/Mockito/lib/asm-all-5.0.4.jar:/home/pizza/defects4j/framework/projects/Mockito/lib/assertj-core-2.1.0.jar:/home/pizza/defects4j/framework/projects/Mockito/lib/cglib-and-asm-1.0.jar:/home/pizza/defects4j/framework/projects/Mockito/lib/cobertura-2.0.3.jar:/home/pizza/defects4j/framework/projects/Mockito/lib/fest-assert-1.3.jar:/home/pizza/defects4j/framework/projects/Mockito/lib/fest-util-1.1.4.jar:/home/pizza/defects4j/framework/projects/Mockito/lib/hamcrest-all-1.3.jar:/home/pizza/defects4j/framework/projects/Mockito/lib/hamcrest-core-1.1.jar:/home/pizza/defects4j/framework/projects/Mockito/lib/objenesis-2.1.jar:/home/pizza/defects4j/framework/projects/Mockito/lib/objenesis-2.2.jar:/home/pizza/defects4j/framework/projects/Mockito/lib/powermock-reflect-1.2.5.jar -base_dir /home/pizza/evosuite/results/project-Mockito/Mockito-25/round02/evosuite-work -seed 11 -Dalgorithm=NSGAII -Dsearch_budget=150 -Dtest_format=JUNIT4 -Dassertions=true

* EvoSuite 1.2.0
* Going to generate test cases for class: org.mockito.internal.stubbing.defaultanswers.ReturnsDeepStubs
* Starting Client-0
* Connecting to master process on port 8222
* Analyzing classpath: 
  - /home/pizza/evosuite/Test/Mockito-25b/target/classes
  - /home/pizza/defects4j/framework/projects/Mockito/lib/asm-all-5.0.4.jar
  - /home/pizza/defects4j/framework/projects/Mockito/lib/assertj-core-2.1.0.jar
  - /home/pizza/defects4j/framework/projects/Mockito/lib/cglib-and-asm-1.0.jar
  - /home/pizza/defects4j/framework/projects/Mockito/lib/cobertura-2.0.3.jar
  - /home/pizza/defects4j/framework/projects/Mockito/lib/fest-assert-1.3.jar
  - /home/pizza/defects4j/framework/projects/Mockito/lib/fest-util-1.1.4.jar
  - /home/pizza/defects4j/framework/projects/Mockito/lib/hamcrest-all-1.3.jar
  - /home/pizza/defects4j/framework/projects/Mockito/lib/hamcrest-core-1.1.jar
  - /home/pizza/defects4j/framework/projects/Mockito/lib/objenesis-2.1.jar
  - /home/pizza/defects4j/framework/projects/Mockito/lib/objenesis-2.2.jar
  - /home/pizza/defects4j/framework/projects/Mockito/lib/powermock-reflect-1.2.5.jar
* Finished analyzing classpath
* Generating tests for class org.mockito.internal.stubbing.defaultanswers.ReturnsDeepStubs
* Test criteria:
  - Line Coverage
  - Branch Coverage
  - Exception
  - Mutation testing (weak)
  - Method-Output Coverage
  - Top-Level Method Coverage
  - No-Exception Top-Level Method Coverage
  - Context Branch Coverage
* Setting up search algorithm for whole suite generation
* Total number of test goals: 
  - Line 22
  - Branch 11
  - Exception 0
  - MutationFactory 4
  - Output 4
  - Method 3
  - MethodNoException 3
  - CBranchFitnessFactory 11
* Using seed 11
* Starting evolution

[Progress:>                             0%] [Cov:>                                  0%]
[Progress:>                             0%] [Cov:>                                  0%]
[Progress:>                             1%] [Cov:>                                  2%]
[Progress:>                             1%] [Cov:=>                                 5%]
[Progress:>                             1%] [Cov:=====>                             17%]
[Progress:>                             1%] [Cov:=========>                         28%]
[Progress:>                             1%] [Cov:===========>                       32%]
[Progress:>                             1%] [Cov:===========>                       34%]
[Progress:>                             2%] [Cov:=====>                             17%]
[Progress:>                             2%] [Cov:=========>                         28%]
[Progress:>                             2%] [Cov:===========>                       32%]
[Progress:>                             2%] [Cov:===========>                       34%]
[Progress:>                             2%] [Cov:===========>                       34%]
[Progress:>                             2%] [Cov:===========>                       34%][MASTER] 21:39:36.155 [logback-1] WARN  TestChromosome - Functional mock problem: org.evosuite.ga.ConstructionFailedException: Failed to add constructor for org.mockito.internal.stubbing.StubbedInvocationMatcher due to org.evosuite.ga.ConstructionFailedException: Failed to add constructor for org.mockito.internal.invocation.InvocationMatcher due to org.evosuite.ga.ConstructionFailedException: Failed to add constructor for org.mockito.internal.invocation.InvocationImpl due to org.evosuite.ga.ConstructionFailedException: Failed to add constructor for org.mockito.internal.invocation.realmethod.FilteredCGLIBProxyRealMethod due to org.evosuite.ga.ConstructionFailedException: Failed to add constructor for org.mockito.internal.invocation.realmethod.CGLIBProxyRealMethod due to org.evosuite.ga.ConstructionFailedException: Max recursion depth reached
[MASTER] 21:39:36.190 [logback-1] WARN  TestChromosome - Functional mock problem: org.evosuite.ga.ConstructionFailedException: Failed to add constructor for org.mockito.internal.invocation.InvocationImpl due to org.evosuite.ga.ConstructionFailedException: Failed to add constructor for org.mockito.internal.invocation.SerializableMethod due to org.evosuite.ga.ConstructionFailedException: Have no generator for class org.mockito.internal.invocation.InvocationImpl canUseFunctionalMocks=false, canBeMocked: true

[Progress:>                             2%] [Cov:===========>                       34%]
[Progress:>                             2%] [Cov:===========>                       34%]
[Progress:>                             3%] [Cov:===========>                       34%][MASTER] 21:39:37.066 [logback-1] WARN  TestChromosome - Functional mock problem: org.evosuite.ga.ConstructionFailedException: Have no generator for class org.mockito.internal.stubbing.InvocationContainerImpl canUseFunctionalMocks=false, canBeMocked: true
[MASTER] 21:39:37.079 [logback-1] WARN  TestChromosome - Functional mock problem: org.evosuite.ga.ConstructionFailedException: Failed to add constructor for org.mockito.internal.stubbing.StubbedInvocationMatcher due to org.evosuite.ga.ConstructionFailedException: Failed to add constructor for org.mockito.internal.invocation.InvocationMatcher due to org.evosuite.ga.ConstructionFailedException: Failed to add constructor for org.mockito.internal.invocation.InvocationImpl due to org.evosuite.ga.ConstructionFailedException: Have no generator for class org.mockito.internal.invocation.InvocationImpl canUseFunctionalMocks=false, canBeMocked: true
[MASTER] 21:39:37.108 [logback-1] WARN  TestChromosome - Functional mock problem: org.evosuite.ga.ConstructionFailedException: Failed to add constructor for org.mockito.internal.invocation.InvocationImpl due to org.evosuite.ga.ConstructionFailedException: Have no generator for class org.mockito.internal.invocation.InvocationImpl canUseFunctionalMocks=false, canBeMocked: true

[Progress:>                             3%] [Cov:===========>                       34%]
[Progress:>                             3%] [Cov:===========>                       34%][MASTER] 21:39:37.432 [logback-1] WARN  TestChromosome - Functional mock problem: org.evosuite.ga.ConstructionFailedException: Failed to add constructor for org.mockito.internal.invocation.InvocationImpl due to org.evosuite.ga.ConstructionFailedException: Failed to add constructor for org.mockito.internal.invocation.SerializableMethod due to org.evosuite.ga.ConstructionFailedException: Failed to add constructor for org.mockito.internal.stubbing.StubbedInvocationMatcher due to org.evosuite.ga.ConstructionFailedException: Failed to add constructor for org.mockito.internal.invocation.InvocationMatcher due to org.evosuite.ga.ConstructionFailedException: Max recursion depth reached

[Progress:>                             3%] [Cov:===========>                       34%]
[Progress:>                             3%] [Cov:===========>                       34%]
[Progress:=>                            4%] [Cov:===========>                       34%][MASTER] 21:39:38.038 [logback-1] WARN  TestChromosome - Functional mock problem: org.evosuite.ga.ConstructionFailedException: Failed to add constructor for org.mockito.internal.stubbing.StubbedInvocationMatcher due to org.evosuite.ga.ConstructionFailedException: Failed to add constructor for org.mockito.internal.invocation.InvocationMatcher due to org.evosuite.ga.ConstructionFailedException: Failed to add constructor for org.mockito.internal.invocation.InvocationImpl due to org.evosuite.ga.ConstructionFailedException: Max recursion depth reached
[MASTER] 21:39:38.051 [logback-1] WARN  TestChromosome - Functional mock problem: org.evosuite.ga.ConstructionFailedException: Have no generator for class org.mockito.internal.invocation.InvocationImpl canUseFunctionalMocks=false, canBeMocked: true

[Progress:=>                            4%] [Cov:===========>                       34%][MASTER] 21:39:38.287 [logback-1] WARN  TestChromosome - Functional mock problem: org.evosuite.ga.ConstructionFailedException: Failed to add constructor for org.mockito.internal.stubbing.StubbedInvocationMatcher due to org.evosuite.ga.ConstructionFailedException: Failed to add constructor for org.mockito.internal.invocation.InvocationMatcher due to org.evosuite.ga.ConstructionFailedException: Failed to add constructor for org.mockito.internal.invocation.InvocationImpl due to org.evosuite.ga.ConstructionFailedException: Failed to add constructor for org.mockito.internal.invocation.SerializableMethod due to org.evosuite.ga.ConstructionFailedException: Have no generator for class org.mockito.internal.invocation.InvocationImpl canUseFunctionalMocks=false, canBeMocked: true

[Progress:=>                            4%] [Cov:===========>                       34%]
[Progress:=>                            4%] [Cov:===========>                       34%]
[Progress:=>                            4%] [Cov:===========>                       34%][MASTER] 21:39:38.933 [logback-1] WARN  TestChromosome - Functional mock problem: org.evosuite.ga.ConstructionFailedException: Failed to add constructor for org.mockito.internal.invocation.InvocationImpl due to org.evosuite.ga.ConstructionFailedException: Failed to add constructor for org.mockito.internal.invocation.realmethod.FilteredCGLIBProxyRealMethod due to org.evosuite.ga.ConstructionFailedException: Failed to add constructor for org.mockito.internal.invocation.realmethod.FilteredCGLIBProxyRealMethod due to org.evosuite.ga.ConstructionFailedException: Failed to add constructor for org.mockito.internal.creation.DelegatingMockitoMethodProxy due to org.evosuite.ga.ConstructionFailedException: Max recursion depth reached

[Progress:=>                            4%] [Cov:===========>                       34%][MASTER] 21:39:39.096 [logback-1] WARN  TestChromosome - Functional mock problem: org.evosuite.ga.ConstructionFailedException: Failed to add constructor for org.mockito.internal.stubbing.StubbedInvocationMatcher due to org.evosuite.ga.ConstructionFailedException: Failed to add constructor for org.mockito.internal.invocation.InvocationMatcher due to org.evosuite.ga.ConstructionFailedException: Failed to add constructor for org.mockito.internal.invocation.InvocationImpl due to org.evosuite.ga.ConstructionFailedException: Failed to add constructor for org.mockito.internal.invocation.realmethod.CGLIBProxyRealMethod due to org.evosuite.ga.ConstructionFailedException: Max recursion depth reached

[Progress:=>                            4%] [Cov:===========>                       34%]
[Progress:=>                            4%] [Cov:===========>                       34%][MASTER] 21:39:39.330 [logback-1] WARN  TestChromosome - Functional mock problem: org.evosuite.ga.ConstructionFailedException: Failed to add constructor for org.mockito.internal.stubbing.StubbedInvocationMatcher due to org.evosuite.ga.ConstructionFailedException: Failed to add constructor for org.mockito.internal.invocation.InvocationImpl due to org.evosuite.ga.ConstructionFailedException: Have no generator for class org.mockito.internal.invocation.InvocationImpl canUseFunctionalMocks=false, canBeMocked: true

[Progress:=>                            4%] [Cov:===========>                       34%]
[Progress:=>                            4%] [Cov:===========>                       34%]
[Progress:=>                            4%] [Cov:===========>                       34%]
[Progress:=>                            4%] [Cov:===========>                       34%]
[Progress:=>                            5%] [Cov:===========>                       34%]
[Progress:=>                            5%] [Cov:===========>                       34%][MASTER] 21:39:40.124 [logback-1] WARN  TestChromosome - Functional mock problem: org.evosuite.ga.ConstructionFailedException: Failed to add constructor for org.mockito.internal.invocation.InvocationImpl due to org.evosuite.ga.ConstructionFailedException: Failed to add constructor for org.mockito.internal.invocation.realmethod.FilteredCGLIBProxyRealMethod due to org.evosuite.ga.ConstructionFailedException: Failed to add constructor for org.mockito.internal.creation.SerializableMockitoMethodProxy due to org.evosuite.ga.ConstructionFailedException: Max recursion depth reached

[Progress:=>                            5%] [Cov:===========>                       34%]
[Progress:=>                            5%] [Cov:===========>                       34%]
[Progress:=>                            5%] [Cov:===========>                       34%][MASTER] 21:39:40.694 [logback-1] WARN  TestChromosome - Functional mock problem: org.evosuite.ga.ConstructionFailedException: Failed to add constructor for org.mockito.internal.stubbing.StubbedInvocationMatcher due to org.evosuite.ga.ConstructionFailedException: Failed to add constructor for org.mockito.internal.invocation.InvocationMatcher due to org.evosuite.ga.ConstructionFailedException: Failed to add constructor for org.mockito.internal.invocation.InvocationImpl due to org.evosuite.ga.ConstructionFailedException: Failed to add constructor for org.mockito.internal.stubbing.InvocationContainerImpl due to org.evosuite.ga.ConstructionFailedException: Max recursion depth reached

[Progress:=>                            5%] [Cov:===========>                       34%][MASTER] 21:39:40.778 [logback-1] WARN  TestChromosome - Functional mock problem: org.evosuite.ga.ConstructionFailedException: Have no generator for org.mockito.internal.creation.MockSettingsImpl<org.mockito.internal.stubbing.StubbedInvocationMatcher> canUseFunctionalMocks=false, canBeMocked: true

[Progress:=>                            5%] [Cov:===========>                       34%]
[Progress:=>                            6%] [Cov:===========>                       34%]
[Progress:=>                            6%] [Cov:===========>                       34%]
[Progress:=>                            6%] [Cov:===========>                       34%]
[Progress:=>                            6%] [Cov:===========>                       34%]
[Progress:=>                            6%] [Cov:===========>                       34%]
[Progress:=>                            6%] [Cov:===========>                       34%]
[Progress:=>                            6%] [Cov:===========>                       34%]
[Progress:=>                            6%] [Cov:===========>                       34%][MASTER] 21:39:41.929 [logback-1] WARN  TestChromosome - Functional mock problem: org.evosuite.ga.ConstructionFailedException: Failed to add constructor for org.mockito.internal.stubbing.StubbedInvocationMatcher due to org.evosuite.ga.ConstructionFailedException: Failed to add constructor for org.mockito.internal.invocation.InvocationImpl due to org.evosuite.ga.ConstructionFailedException: Failed to add constructor for org.mockito.internal.invocation.SerializableMethod due to org.evosuite.ga.ConstructionFailedException: Have no generator for class org.mockito.internal.invocation.InvocationImpl canUseFunctionalMocks=false, canBeMocked: true
[MASTER] 21:39:41.941 [logback-1] WARN  TestChromosome - Functional mock problem: org.evosuite.ga.ConstructionFailedException: Failed to add constructor for org.mockito.internal.invocation.InvocationImpl due to org.evosuite.ga.ConstructionFailedException: Failed to add constructor for org.mockito.internal.invocation.SerializableMethod due to org.evosuite.ga.ConstructionFailedException: Failed to add constructor for org.mockito.internal.stubbing.StubbedInvocationMatcher due to org.evosuite.ga.ConstructionFailedException: Max recursion depth reached

[Progress:=>                            6%] [Cov:===========>                       34%]
[Progress:=>                            6%] [Cov:===========>                       34%]
[Progress:=>                            6%] [Cov:===========>                       34%]
[Progress:=>                            6%] [Cov:===========>                       34%][MASTER] 21:39:42.326 [logback-1] WARN  TestChromosome - Functional mock problem: org.evosuite.ga.ConstructionFailedException: Failed to add constructor for org.mockito.internal.stubbing.StubbedInvocationMatcher due to org.evosuite.ga.ConstructionFailedException: Failed to add constructor for org.mockito.internal.invocation.InvocationMatcher due to org.evosuite.ga.ConstructionFailedException: Have no generator for class org.mockito.internal.stubbing.StubbedInvocationMatcher canUseFunctionalMocks=false, canBeMocked: true

[Progress:=>                            6%] [Cov:===========>                       34%]
[Progress:=>                            6%] [Cov:===========>                       34%]
[Progress:=>                            6%] [Cov:===========>                       34%]
[Progress:=>                            6%] [Cov:===========>                       34%][MASTER] 21:39:42.611 [logback-1] WARN  TestChromosome - Functional mock problem: org.evosuite.ga.ConstructionFailedException: Failed to add constructor for org.mockito.internal.stubbing.StubbedInvocationMatcher due to org.evosuite.ga.ConstructionFailedException: Failed to add constructor for org.mockito.internal.invocation.InvocationImpl due to org.evosuite.ga.ConstructionFailedException: Have no generator for class org.mockito.internal.stubbing.StubbedInvocationMatcher canUseFunctionalMocks=false, canBeMocked: true

[Progress:=>                            6%] [Cov:===========>                       34%]
[Progress:=>                            6%] [Cov:===========>                       34%]
[Progress:=>                            6%] [Cov:===========>                       34%]
[Progress:=>                            6%] [Cov:===========>                       34%]
[Progress:=>                            6%] [Cov:===========>                       34%]
[Progress:==>                           7%] [Cov:===========>                       34%]
[Progress:==>                           7%] [Cov:===========>                       34%]
[Progress:==>                           7%] [Cov:===========>                       34%]
[Progress:==>                           7%] [Cov:===========>                       34%]
[Progress:==>                           7%] [Cov:===========>                       34%]
[Progress:==>                           7%] [Cov:===========>                       34%]
[Progress:==>                           7%] [Cov:===========>                       34%]
[Progress:==>                           7%] [Cov:===========>                       34%]
[Progress:==>                           7%] [Cov:===========>                       34%]
[Progress:==>                           7%] [Cov:===========>                       34%]
[Progress:==>                           7%] [Cov:===========>                       34%]
[Progress:==>                           7%] [Cov:===========>                       34%]
[Progress:==>                           7%] [Cov:===========>                       34%]
[Progress:==>                           7%] [Cov:===========>                       34%]
[Progress:==>                           8%] [Cov:==========>                        29%]
[Progress:==>                           8%] [Cov:===========>                       33%]
[Progress:==>                           8%] [Cov:===========>                       34%]
[Progress:==>                           8%] [Cov:===========>                       34%]
[Progress:==>                           8%] [Cov:===========>                       34%]
[Progress:==>                           8%] [Cov:===========>                       34%]
[Progress:==>                           8%] [Cov:===========>                       34%]
[Progress:==>                           8%] [Cov:===========>                       34%]
[Progress:==>                           8%] [Cov:===========>                       34%]
[Progress:==>                           8%] [Cov:===========>                       34%]
[Progress:==>                           8%] [Cov:===========>                       34%]
[Progress:==>                           8%] [Cov:===========>                       34%]
[Progress:==>                           8%] [Cov:===========>                       34%]
[Progress:==>                           8%] [Cov:===========>                       34%]
[Progress:==>                           8%] [Cov:===========>                       34%]
[Progress:==>                           8%] [Cov:===========>                       34%]
[Progress:==>                           8%] [Cov:===========>                       34%]
[Progress:==>                           8%] [Cov:===========>                       34%]
[Progress:==>                           8%] [Cov:===========>                       34%]
[Progress:==>                           8%] [Cov:===========>                       34%]
[Progress:==>                           8%] [Cov:===========>                       34%]
[Progress:==>                           8%] [Cov:===========>                       34%]
[Progress:==>                           8%] [Cov:===========>                       34%]
[Progress:==>                           8%] [Cov:===========>                       34%]
[Progress:==>                           8%] [Cov:===========>                       34%]
[Progress:==>                           8%] [Cov:===========>                       34%]
[Progress:==>                           8%] [Cov:===========>                       34%][MASTER] 21:39:45.558 [logback-1] WARN  TestChromosome - Functional mock problem: org.evosuite.ga.ConstructionFailedException: Failed to add constructor for org.mockito.internal.invocation.InvocationImpl due to org.evosuite.ga.ConstructionFailedException: Failed to add constructor for org.mockito.internal.stubbing.StubbedInvocationMatcher due to org.evosuite.ga.ConstructionFailedException: Failed to add constructor for org.mockito.internal.invocation.InvocationMatcher due to org.evosuite.ga.ConstructionFailedException: Max recursion depth reached

[Progress:==>                           8%] [Cov:===========>                       34%]
[Progress:==>                           8%] [Cov:===========>                       34%]
[Progress:==>                           8%] [Cov:===========>                       34%]
[Progress:==>                           8%] [Cov:===========>                       34%]
[Progress:==>                           8%] [Cov:===========>                       34%]
[Progress:==>                           8%] [Cov:===========>                       34%]
[Progress:==>                           8%] [Cov:===========>                       34%]
[Progress:==>                           8%] [Cov:===========>                       34%]
[Progress:==>                           9%] [Cov:===========>                       32%]
[Progress:==>                           9%] [Cov:===========>                       34%]
[Progress:==>                           9%] [Cov:===========>                       34%]
[Progress:==>                           9%] [Cov:===========>                       34%]
[Progress:==>                           9%] [Cov:===========>                       34%]
[Progress:==>                           9%] [Cov:===========>                       34%]
[Progress:==>                           9%] [Cov:===========>                       34%]
[Progress:==>                           9%] [Cov:===========>                       34%]
[Progress:==>                           9%] [Cov:===========>                       34%]
[Progress:==>                           9%] [Cov:===========>                       34%]
[Progress:==>                           9%] [Cov:===========>                       34%]
[Progress:==>                           9%] [Cov:===========>                       34%]
[Progress:==>                           9%] [Cov:===========>                       34%]
[Progress:==>                           9%] [Cov:===========>                       34%]
[Progress:==>                           9%] [Cov:===========>                       34%]
[Progress:==>                           9%] [Cov:===========>                       34%]
[Progress:==>                           9%] [Cov:===========>                       34%]
[Progress:==>                           9%] [Cov:===========>                       34%]
[Progress:===>                          10%] [Cov:===========>                       34%]
[Progress:===>                          10%] [Cov:===========>                       34%]
[Progress:===>                          10%] [Cov:===========>                       34%]
[Progress:===>                          10%] [Cov:===========>                       34%]
[Progress:===>                          10%] [Cov:===========>                       34%]
[Progress:===>                          10%] [Cov:===========>                       34%]
[Progress:===>                          10%] [Cov:===========>                       34%]
[Progress:===>                          10%] [Cov:===========>                       34%]
[Progress:===>                          10%] [Cov:===========>                       34%]
[Progress:===>                          10%] [Cov:===========>                       34%][MASTER] 21:39:47.407 [logback-1] WARN  TestChromosome - Functional mock problem: org.evosuite.ga.ConstructionFailedException: Failed to add constructor for org.mockito.internal.invocation.InvocationImpl due to org.evosuite.ga.ConstructionFailedException: Failed to add constructor for org.mockito.internal.invocation.realmethod.CGLIBProxyRealMethod due to org.evosuite.ga.ConstructionFailedException: Failed to add constructor for org.mockito.internal.creation.DelegatingMockitoMethodProxy due to org.evosuite.ga.ConstructionFailedException: Max recursion depth reached

[Progress:===>                          10%] [Cov:===========>                       34%]
[Progress:===>                          10%] [Cov:===========>                       34%]
[Progress:===>                          10%] [Cov:===========>                       34%]
[Progress:===>                          10%] [Cov:===========>                       34%]
[Progress:===>                          10%] [Cov:===========>                       34%]
[Progress:===>                          10%] [Cov:===========>                       34%]
[Progress:===>                          10%] [Cov:===========>                       34%]
[Progress:===>                          10%] [Cov:===========>                       34%]
[Progress:===>                          10%] [Cov:===========>                       34%]
[Progress:===>                          10%] [Cov:===========>                       34%]
[Progress:===>                          10%] [Cov:===========>                       34%]
[Progress:===>                          10%] [Cov:===========>                       34%]
[Progress:===>                          10%] [Cov:===========>                       34%]
[Progress:===>                          10%] [Cov:===========>                       34%]
[Progress:===>                          10%] [Cov:===========>                       34%]
[Progress:===>                          10%] [Cov:===========>                       34%]
[Progress:===>                          10%] [Cov:===========>                       34%]
[Progress:===>                          10%] [Cov:===========>                       34%]
[Progress:===>                          10%] [Cov:===========>                       34%]
[Progress:===>                          10%] [Cov:===========>                       34%]
[Progress:===>                          10%] [Cov:===========>                       34%]
[Progress:===>                          10%] [Cov:===========>                       34%]
[Progress:===>                          10%] [Cov:===========>                       34%]
[Progress:===>                          10%] [Cov:===========>                       34%]
[Progress:===>                          11%] [Cov:===========>                       34%]
[Progress:===>                          11%] [Cov:===========>                       34%]
[Progress:===>                          11%] [Cov:===========>                       34%]
[Progress:===>                          11%] [Cov:===========>                       34%]
[Progress:===>                          11%] [Cov:===========>                       34%]
[Progress:===>                          11%] [Cov:===========>                       34%]
[Progress:===>                          11%] [Cov:===========>                       34%]
[Progress:===>                          11%] [Cov:===========>                       34%]
[Progress:===>                          11%] [Cov:===========>                       34%]
[Progress:===>                          11%] [Cov:===========>                       34%]
[Progress:===>                          11%] [Cov:===========>                       34%]
[Progress:===>                          11%] [Cov:===========>                       34%]
[Progress:===>                          11%] [Cov:===========>                       34%]
[Progress:===>                          11%] [Cov:===========>                       34%]
[Progress:===>                          12%] [Cov:==========>                        29%]
[Progress:===>                          12%] [Cov:===========>                       34%]
[Progress:===>                          12%] [Cov:===========>                       34%]
[Progress:===>                          12%] [Cov:===========>                       34%]
[Progress:===>                          12%] [Cov:===========>                       34%]
[Progress:===>                          12%] [Cov:===========>                       34%]
[Progress:===>                          12%] [Cov:===========>                       34%]
[Progress:===>                          12%] [Cov:===========>                       34%]
[Progress:===>                          12%] [Cov:===========>                       34%]
[Progress:===>                          12%] [Cov:===========>                       34%]
[Progress:===>                          12%] [Cov:===========>                       34%]
[Progress:===>                          12%] [Cov:===========>                       34%]
[Progress:===>                          12%] [Cov:===========>                       34%][MASTER] 21:39:50.585 [logback-1] WARN  TestChromosome - Functional mock problem: org.evosuite.ga.ConstructionFailedException: Failed to add constructor for org.mockito.internal.invocation.InvocationImpl due to org.evosuite.ga.ConstructionFailedException: Failed to add constructor for org.mockito.internal.invocation.realmethod.FilteredCGLIBProxyRealMethod due to org.evosuite.ga.ConstructionFailedException: Failed to add constructor for org.mockito.internal.invocation.realmethod.FilteredCGLIBProxyRealMethod due to org.evosuite.ga.ConstructionFailedException: Failed to add constructor for org.mockito.internal.creation.SerializableMockitoMethodProxy due to org.evosuite.ga.ConstructionFailedException: Max recursion depth reached

[Progress:===>                          12%] [Cov:===========>                       34%]
[Progress:===>                          12%] [Cov:===========>                       34%]
[Progress:===>                          12%] [Cov:===========>                       34%]
[Progress:===>                          12%] [Cov:===========>                       34%]
[Progress:===>                          12%] [Cov:===========>                       34%]
[Progress:===>                          12%] [Cov:===========>                       34%]
[Progress:===>                          12%] [Cov:===========>                       34%]
[Progress:===>                          12%] [Cov:===========>                       34%]
[Progress:===>                          12%] [Cov:===========>                       34%]
[Progress:===>                          12%] [Cov:===========>                       34%]
[Progress:===>                          12%] [Cov:===========>                       34%]
[Progress:===>                          12%] [Cov:===========>                       34%]
[Progress:===>                          12%] [Cov:===========>                       34%]
[Progress:===>                          12%] [Cov:===========>                       34%]
[Progress:===>                          12%] [Cov:===========>                       34%]
[Progress:===>                          12%] [Cov:===========>                       34%][MASTER] 21:39:51.551 [logback-1] WARN  TestChromosome - Functional mock problem: org.evosuite.ga.ConstructionFailedException: Failed to add constructor for org.mockito.internal.invocation.InvocationImpl due to org.evosuite.ga.ConstructionFailedException: Failed to add constructor for org.mockito.internal.invocation.realmethod.FilteredCGLIBProxyRealMethod due to org.evosuite.ga.ConstructionFailedException: Failed to add constructor for org.mockito.internal.invocation.realmethod.CGLIBProxyRealMethod due to org.evosuite.ga.ConstructionFailedException: Failed to add constructor for org.mockito.internal.creation.DelegatingMockitoMethodProxy due to org.evosuite.ga.ConstructionFailedException: Max recursion depth reached

[Progress:===>                          12%] [Cov:===========>                       34%]
[Progress:===>                          12%] [Cov:===========>                       34%]
[Progress:===>                          12%] [Cov:===========>                       34%]
[Progress:===>                          12%] [Cov:===========>                       34%]
[Progress:===>                          12%] [Cov:===========>                       34%]
[Progress:===>                          12%] [Cov:===========>                       34%]
[Progress:===>                          12%] [Cov:===========>                       34%]
[Progress:===>                          13%] [Cov:===========>                       34%]
[Progress:===>                          13%] [Cov:===========>                       34%]
[Progress:===>                          13%] [Cov:===========>                       34%]
[Progress:===>                          13%] [Cov:===========>                       34%]
[Progress:===>                          13%] [Cov:===========>                       34%]
[Progress:===>                          13%] [Cov:===========>                       34%]
[Progress:===>                          13%] [Cov:===========>                       34%]
[Progress:===>                          13%] [Cov:===========>                       34%]
[Progress:===>                          13%] [Cov:===========>                       34%]
[Progress:===>                          13%] [Cov:===========>                       34%]
[Progress:===>                          13%] [Cov:===========>                       34%]
[Progress:===>                          13%] [Cov:===========>                       34%]
[Progress:===>                          13%] [Cov:===========>                       34%]
[Progress:===>                          13%] [Cov:===========>                       34%]
[Progress:===>                          13%] [Cov:===========>                       34%]
[Progress:===>                          13%] [Cov:===========>                       34%]
[Progress:===>                          13%] [Cov:===========>                       34%]
[Progress:===>                          13%] [Cov:===========>                       34%]
[Progress:====>                         14%] [Cov:===========>                       34%]
[Progress:====>                         14%] [Cov:===========>                       34%]
[Progress:====>                         14%] [Cov:===========>                       34%]
[Progress:====>                         14%] [Cov:===========>                       34%]
[Progress:====>                         14%] [Cov:===========>                       34%]
[Progress:====>                         14%] [Cov:===========>                       34%]
[Progress:====>                         14%] [Cov:===========>                       34%]
[Progress:====>                         14%] [Cov:===========>                       34%]
[Progress:====>                         14%] [Cov:===========>                       34%]
[Progress:====>                         14%] [Cov:===========>                       34%]
[Progress:====>                         14%] [Cov:===========>                       34%]
[Progress:====>                         14%] [Cov:===========>                       34%]
[Progress:====>                         14%] [Cov:===========>                       34%]
[Progress:====>                         14%] [Cov:===========>                       34%]
[Progress:====>                         14%] [Cov:===========>                       34%]
[Progress:====>                         14%] [Cov:===========>                       34%]
[Progress:====>                         14%] [Cov:===========>                       34%]
[Progress:====>                         14%] [Cov:===========>                       34%]
[Progress:====>                         14%] [Cov:===========>                       34%]
[Progress:====>                         14%] [Cov:===========>                       34%]
[Progress:====>                         14%] [Cov:===========>                       34%]
[Progress:====>                         14%] [Cov:===========>                       34%]
[Progress:====>                         14%] [Cov:===========>                       34%]
[Progress:====>                         14%] [Cov:===========>                       34%]
[Progress:====>                         14%] [Cov:===========>                       34%]
[Progress:====>                         14%] [Cov:===========>                       34%]
[Progress:====>                         14%] [Cov:===========>                       34%]
[Progress:====>                         14%] [Cov:===========>                       34%][MASTER] 21:39:54.489 [logback-1] WARN  TestChromosome - Functional mock problem: org.evosuite.ga.ConstructionFailedException: Failed to add constructor for org.mockito.internal.stubbing.StubbedInvocationMatcher due to org.evosuite.ga.ConstructionFailedException: Failed to add constructor for org.mockito.internal.invocation.InvocationImpl due to org.evosuite.ga.ConstructionFailedException: Failed to add constructor for org.mockito.internal.invocation.SerializableMethod due to org.evosuite.ga.ConstructionFailedException: Max recursion depth reached

[Progress:====>                         14%] [Cov:===========>                       34%]
[Progress:====>                         14%] [Cov:===========>                       34%]
[Progress:====>                         14%] [Cov:===========>                       34%]
[Progress:====>                         14%] [Cov:===========>                       34%]
[Progress:====>                         14%] [Cov:===========>                       34%]
[Progress:====>                         14%] [Cov:===========>                       34%]
[Progress:====>                         14%] [Cov:===========>                       34%]
[Progress:====>                         14%] [Cov:===========>                       34%]
[Progress:====>                         14%] [Cov:===========>                       34%]
[Progress:====>                         15%] [Cov:===========>                       34%]
[Progress:====>                         15%] [Cov:===========>                       34%]
[Progress:====>                         15%] [Cov:===========>                       34%]
[Progress:====>                         15%] [Cov:===========>                       34%]
[Progress:====>                         15%] [Cov:===========>                       34%]
[Progress:====>                         15%] [Cov:===========>                       34%]
[Progress:====>                         15%] [Cov:===========>                       34%]
[Progress:====>                         15%] [Cov:===========>                       34%]
[Progress:====>                         15%] [Cov:===========>                       34%]
[Progress:====>                         15%] [Cov:===========>                       34%]
[Progress:====>                         15%] [Cov:===========>                       34%]
[Progress:====>                         15%] [Cov:===========>                       34%]
[Progress:====>                         15%] [Cov:===========>                       34%]
[Progress:====>                         15%] [Cov:===========>                       34%]
[Progress:====>                         15%] [Cov:===========>                       34%]
[Progress:====>                         15%] [Cov:===========>                       34%]
[Progress:====>                         15%] [Cov:===========>                       34%]
[Progress:====>                         15%] [Cov:===========>                       34%]
[Progress:====>                         16%] [Cov:===========>                       34%]
[Progress:====>                         16%] [Cov:===========>                       34%]
[Progress:====>                         16%] [Cov:===========>                       34%]
[Progress:====>                         16%] [Cov:===========>                       34%]
[Progress:====>                         16%] [Cov:===========>                       34%]
[Progress:====>                         16%] [Cov:===========>                       34%]
[Progress:====>                         16%] [Cov:===========>                       34%]
[Progress:====>                         16%] [Cov:===========>                       34%]
[Progress:====>                         16%] [Cov:===========>                       34%]
[Progress:====>                         16%] [Cov:===========>                       34%]
[Progress:====>                         16%] [Cov:===========>                       34%]
[Progress:====>                         16%] [Cov:===========>                       34%]
[Progress:====>                         16%] [Cov:===========>                       34%]
[Progress:====>                         16%] [Cov:===========>                       34%]
[Progress:====>                         16%] [Cov:===========>                       34%]
[Progress:====>                         16%] [Cov:===========>                       34%]
[Progress:====>                         16%] [Cov:===========>                       34%]
[Progress:====>                         16%] [Cov:===========>                       34%]
[Progress:====>                         16%] [Cov:===========>                       34%]
[Progress:====>                         16%] [Cov:===========>                       34%]
[Progress:====>                         16%] [Cov:===========>                       34%]
[Progress:====>                         16%] [Cov:===========>                       34%]
[Progress:====>                         16%] [Cov:===========>                       34%]
[Progress:====>                         16%] [Cov:===========>                       34%]
[Progress:====>                         16%] [Cov:===========>                       34%]
[Progress:====>                         16%] [Cov:===========>                       34%]
[Progress:====>                         16%] [Cov:===========>                       34%]
[Progress:====>                         16%] [Cov:===========>                       34%]
[Progress:====>                         16%] [Cov:===========>                       34%]
[Progress:====>                         16%] [Cov:===========>                       34%]
[Progress:=====>                        17%] [Cov:===========>                       34%]
[Progress:=====>                        17%] [Cov:===========>                       34%]
[Progress:=====>                        17%] [Cov:===========>                       34%]
[Progress:=====>                        17%] [Cov:===========>                       34%]
[Progress:=====>                        17%] [Cov:===========>                       34%]
[Progress:=====>                        17%] [Cov:===========>                       34%]
[Progress:=====>                        17%] [Cov:===========>                       34%]
[Progress:=====>                        17%] [Cov:===========>                       34%]
[Progress:=====>                        17%] [Cov:===========>                       34%]
[Progress:=====>                        17%] [Cov:===========>                       34%]
[Progress:=====>                        17%] [Cov:===========>                       34%]
[Progress:=====>                        17%] [Cov:===========>                       34%]
[Progress:=====>                        17%] [Cov:===========>                       34%]
[Progress:=====>                        17%] [Cov:===========>                       34%]
[Progress:=====>                        17%] [Cov:===========>                       34%]
[Progress:=====>                        17%] [Cov:===========>                       34%]
[Progress:=====>                        17%] [Cov:===========>                       34%]
[Progress:=====>                        18%] [Cov:===========>                       34%]
[Progress:=====>                        18%] [Cov:===========>                       34%]
[Progress:=====>                        18%] [Cov:===========>                       34%]
[Progress:=====>                        18%] [Cov:===========>                       34%]
[Progress:=====>                        18%] [Cov:===========>                       34%]
[Progress:=====>                        18%] [Cov:===========>                       34%]
[Progress:=====>                        18%] [Cov:===========>                       34%][MASTER] 21:39:59.331 [logback-1] WARN  TestChromosome - Functional mock problem: org.evosuite.ga.ConstructionFailedException: Failed to add constructor for org.mockito.internal.stubbing.StubbedInvocationMatcher due to org.evosuite.ga.ConstructionFailedException: Failed to add constructor for org.mockito.internal.invocation.InvocationMatcher due to org.evosuite.ga.ConstructionFailedException: Failed to add constructor for org.mockito.internal.invocation.InvocationImpl due to org.evosuite.ga.ConstructionFailedException: Failed to add constructor for org.mockito.internal.invocation.SerializableMethod due to org.evosuite.ga.ConstructionFailedException: Max recursion depth reached

[Progress:=====>                        18%] [Cov:===========>                       34%]
[Progress:=====>                        18%] [Cov:===========>                       34%]
[Progress:=====>                        18%] [Cov:===========>                       34%]
[Progress:=====>                        18%] [Cov:===========>                       34%]
[Progress:=====>                        18%] [Cov:===========>                       34%]
[Progress:=====>                        18%] [Cov:===========>                       34%]
[Progress:=====>                        18%] [Cov:===========>                       34%]
[Progress:=====>                        18%] [Cov:===========>                       34%]
[Progress:=====>                        18%] [Cov:===========>                       34%]
[Progress:=====>                        18%] [Cov:===========>                       34%]
[Progress:=====>                        18%] [Cov:===========>                       34%]
[Progress:=====>                        18%] [Cov:===========>                       34%]
[Progress:=====>                        18%] [Cov:===========>                       34%]
[Progress:=====>                        18%] [Cov:===========>                       34%]
[Progress:=====>                        18%] [Cov:===========>                       34%]
[Progress:=====>                        18%] [Cov:===========>                       34%]
[Progress:=====>                        18%] [Cov:===========>                       34%]
[Progress:=====>                        18%] [Cov:===========>                       34%]
[Progress:=====>                        18%] [Cov:===========>                       34%]
[Progress:=====>                        18%] [Cov:===========>                       34%]
[Progress:=====>                        18%] [Cov:===========>                       34%]
[Progress:=====>                        18%] [Cov:===========>                       34%]
[Progress:=====>                        18%] [Cov:===========>                       34%]
[Progress:=====>                        18%] [Cov:===========>                       34%]
[Progress:=====>                        18%] [Cov:===========>                       34%]
[Progress:=====>                        18%] [Cov:===========>                       34%]
[Progress:=====>                        18%] [Cov:===========>                       34%]
[Progress:=====>                        18%] [Cov:===========>                       34%]
[Progress:=====>                        19%] [Cov:===========>                       34%]
[Progress:=====>                        19%] [Cov:===========>                       34%]
[Progress:=====>                        19%] [Cov:===========>                       34%]
[Progress:=====>                        19%] [Cov:===========>                       34%]
[Progress:=====>                        19%] [Cov:===========>                       34%]
[Progress:=====>                        19%] [Cov:===========>                       34%]
[Progress:=====>                        19%] [Cov:===========>                       34%]
[Progress:=====>                        19%] [Cov:===========>                       34%]
[Progress:=====>                        19%] [Cov:===========>                       34%]
[Progress:=====>                        19%] [Cov:===========>                       34%]
[Progress:=====>                        19%] [Cov:===========>                       34%]
[Progress:=====>                        19%] [Cov:===========>                       34%]
[Progress:=====>                        19%] [Cov:===========>                       34%]
[Progress:=====>                        19%] [Cov:===========>                       34%]
[Progress:=====>                        19%] [Cov:===========>                       34%]
[Progress:=====>                        19%] [Cov:===========>                       34%]
[Progress:=====>                        19%] [Cov:===========>                       34%]
[Progress:=====>                        19%] [Cov:===========>                       34%]
[Progress:=====>                        19%] [Cov:===========>                       34%]
[Progress:======>                       20%] [Cov:===========>                       34%]
[Progress:======>                       20%] [Cov:===========>                       34%]
[Progress:======>                       20%] [Cov:===========>                       34%]
[Progress:======>                       20%] [Cov:===========>                       34%]
[Progress:======>                       20%] [Cov:===========>                       34%]
[Progress:======>                       20%] [Cov:===========>                       34%]
[Progress:======>                       20%] [Cov:===========>                       34%]
[Progress:======>                       20%] [Cov:===========>                       34%]
[Progress:======>                       20%] [Cov:===========>                       34%]
[Progress:======>                       20%] [Cov:===========>                       34%]
[Progress:======>                       20%] [Cov:===========>                       34%]
[Progress:======>                       20%] [Cov:===========>                       34%]
[Progress:======>                       20%] [Cov:===========>                       34%]
[Progress:======>                       20%] [Cov:===========>                       34%]
[Progress:======>                       20%] [Cov:===========>                       34%]
[Progress:======>                       20%] [Cov:===========>                       34%][MASTER] 21:40:03.008 [logback-1] WARN  TestChromosome - Functional mock problem: org.evosuite.ga.ConstructionFailedException: Failed to add constructor for org.mockito.internal.stubbing.InvocationContainerImpl due to org.evosuite.ga.ConstructionFailedException: Have no generator for org.mockito.internal.creation.MockSettingsImpl<org.mockito.internal.stubbing.StubbedInvocationMatcher> canUseFunctionalMocks=false, canBeMocked: true

[Progress:======>                       20%] [Cov:===========>                       34%]
[Progress:======>                       20%] [Cov:===========>                       34%]
[Progress:======>                       20%] [Cov:===========>                       34%]
[Progress:======>                       20%] [Cov:===========>                       34%]
[Progress:======>                       20%] [Cov:===========>                       34%]
[Progress:======>                       20%] [Cov:===========>                       34%]
[Progress:======>                       20%] [Cov:===========>                       34%]
[Progress:======>                       20%] [Cov:===========>                       34%]
[Progress:======>                       20%] [Cov:===========>                       34%]
[Progress:======>                       20%] [Cov:===========>                       34%]
[Progress:======>                       20%] [Cov:===========>                       34%]
[Progress:======>                       20%] [Cov:===========>                       34%]
[Progress:======>                       20%] [Cov:===========>                       34%]
[Progress:======>                       20%] [Cov:===========>                       34%]
[Progress:======>                       20%] [Cov:===========>                       34%]
[Progress:======>                       21%] [Cov:===========>                       33%]
[Progress:======>                       21%] [Cov:===========>                       34%]
[Progress:======>                       21%] [Cov:===========>                       34%]
[Progress:======>                       21%] [Cov:===========>                       34%]
[Progress:======>                       21%] [Cov:===========>                       34%]
[Progress:======>                       21%] [Cov:===========>                       34%]
[Progress:======>                       21%] [Cov:===========>                       34%][MASTER] 21:40:04.289 [logback-1] WARN  TestChromosome - Functional mock problem: org.evosuite.ga.ConstructionFailedException: Failed to add constructor for org.mockito.internal.stubbing.StubbedInvocationMatcher due to org.evosuite.ga.ConstructionFailedException: Failed to add constructor for org.mockito.internal.invocation.InvocationImpl due to org.evosuite.ga.ConstructionFailedException: Failed to add constructor for org.mockito.internal.invocation.SerializableMethod due to org.evosuite.ga.ConstructionFailedException: Have no generator for class org.mockito.internal.stubbing.StubbedInvocationMatcher canUseFunctionalMocks=false, canBeMocked: true

[Progress:======>                       21%] [Cov:===========>                       34%]
[Progress:======>                       21%] [Cov:===========>                       34%]
[Progress:======>                       21%] [Cov:===========>                       34%]
[Progress:======>                       21%] [Cov:===========>                       34%]
[Progress:======>                       21%] [Cov:===========>                       34%]
[Progress:======>                       21%] [Cov:===========>                       34%]
[Progress:======>                       21%] [Cov:===========>                       34%]
[Progress:======>                       21%] [Cov:===========>                       34%]
[Progress:======>                       21%] [Cov:===========>                       34%]
[Progress:======>                       21%] [Cov:===========>                       34%]
[Progress:======>                       21%] [Cov:===========>                       34%]
[Progress:======>                       22%] [Cov:===========>                       34%]
[Progress:======>                       22%] [Cov:===========>                       34%]
[Progress:======>                       22%] [Cov:===========>                       34%]
[Progress:======>                       22%] [Cov:===========>                       34%]
[Progress:======>                       22%] [Cov:===========>                       34%]
[Progress:======>                       22%] [Cov:===========>                       34%]
[Progress:======>                       22%] [Cov:===========>                       34%]
[Progress:======>                       22%] [Cov:===========>                       34%]
[Progress:======>                       22%] [Cov:===========>                       34%]
[Progress:======>                       22%] [Cov:===========>                       34%]
[Progress:======>                       22%] [Cov:===========>                       34%]
[Progress:======>                       22%] [Cov:===========>                       34%]
[Progress:======>                       22%] [Cov:===========>                       34%]
[Progress:======>                       22%] [Cov:===========>                       34%]
[Progress:======>                       22%] [Cov:===========>                       34%]
[Progress:======>                       22%] [Cov:===========>                       34%]
[Progress:======>                       22%] [Cov:===========>                       34%]
[Progress:======>                       22%] [Cov:===========>                       34%]
[Progress:======>                       22%] [Cov:===========>                       34%]
[Progress:======>                       22%] [Cov:===========>                       34%]
[Progress:======>                       22%] [Cov:===========>                       34%]
[Progress:======>                       22%] [Cov:===========>                       34%]
[Progress:======>                       22%] [Cov:===========>                       34%]
[Progress:======>                       22%] [Cov:===========>                       34%]
[Progress:======>                       22%] [Cov:===========>                       34%]
[Progress:======>                       22%] [Cov:===========>                       34%]
[Progress:======>                       22%] [Cov:===========>                       34%]
[Progress:======>                       22%] [Cov:===========>                       34%]
[Progress:======>                       22%] [Cov:===========>                       34%]
[Progress:======>                       22%] [Cov:===========>                       34%]
[Progress:======>                       22%] [Cov:===========>                       34%]
[Progress:======>                       22%] [Cov:===========>                       34%]
[Progress:======>                       22%] [Cov:===========>                       34%]
[Progress:======>                       22%] [Cov:===========>                       34%]
[Progress:======>                       22%] [Cov:===========>                       34%]
[Progress:======>                       22%] [Cov:===========>                       34%]
[Progress:======>                       22%] [Cov:===========>                       34%]
[Progress:======>                       22%] [Cov:===========>                       34%]
[Progress:======>                       22%] [Cov:===========>                       34%]
[Progress:======>                       22%] [Cov:===========>                       34%]
[Progress:======>                       23%] [Cov:===========>                       34%]
[Progress:======>                       23%] [Cov:===========>                       34%]
[Progress:======>                       23%] [Cov:===========>                       34%]
[Progress:======>                       23%] [Cov:===========>                       34%]
[Progress:======>                       23%] [Cov:===========>                       34%]
[Progress:======>                       23%] [Cov:===========>                       34%]
[Progress:======>                       23%] [Cov:===========>                       34%]
[Progress:======>                       23%] [Cov:===========>                       34%]
[Progress:======>                       23%] [Cov:===========>                       34%]
[Progress:======>                       23%] [Cov:===========>                       34%]
[Progress:======>                       23%] [Cov:===========>                       34%]
[Progress:======>                       23%] [Cov:===========>                       34%]
[Progress:======>                       23%] [Cov:===========>                       34%]
[Progress:======>                       23%] [Cov:===========>                       34%]
[Progress:======>                       23%] [Cov:===========>                       34%]
[Progress:======>                       23%] [Cov:===========>                       34%]
[Progress:======>                       23%] [Cov:===========>                       34%]
[Progress:======>                       23%] [Cov:===========>                       34%]
[Progress:======>                       23%] [Cov:===========>                       34%]
[Progress:=======>                      24%] [Cov:===========>                       33%]
[Progress:=======>                      24%] [Cov:===========>                       34%]
[Progress:=======>                      24%] [Cov:===========>                       34%]
[Progress:=======>                      24%] [Cov:===========>                       34%]
[Progress:=======>                      24%] [Cov:===========>                       34%]
[Progress:=======>                      24%] [Cov:===========>                       34%]
[Progress:=======>                      24%] [Cov:===========>                       34%]
[Progress:=======>                      24%] [Cov:===========>                       34%][MASTER] 21:40:08.261 [logback-1] WARN  TestChromosome - Functional mock problem: org.evosuite.ga.ConstructionFailedException: Failed to add constructor for org.mockito.internal.invocation.InvocationImpl due to org.evosuite.ga.ConstructionFailedException: Failed to add constructor for org.mockito.internal.invocation.SerializableMethod due to org.evosuite.ga.ConstructionFailedException: Have no generator for class java.lang.reflect.Method canUseFunctionalMocks=true, canBeMocked: false

[Progress:=======>                      24%] [Cov:===========>                       34%]
[Progress:=======>                      24%] [Cov:===========>                       34%]
[Progress:=======>                      24%] [Cov:===========>                       34%]
[Progress:=======>                      24%] [Cov:===========>                       34%]
[Progress:=======>                      24%] [Cov:===========>                       34%]
[Progress:=======>                      24%] [Cov:===========>                       34%]
[Progress:=======>                      24%] [Cov:===========>                       34%]
[Progress:=======>                      24%] [Cov:===========>                       34%]
[Progress:=======>                      24%] [Cov:===========>                       34%]
[Progress:=======>                      24%] [Cov:===========>                       34%]
[Progress:=======>                      24%] [Cov:===========>                       34%]
[Progress:=======>                      24%] [Cov:===========>                       34%]
[Progress:=======>                      24%] [Cov:===========>                       34%]
[Progress:=======>                      24%] [Cov:===========>                       34%]
[Progress:=======>                      24%] [Cov:===========>                       34%]
[Progress:=======>                      24%] [Cov:===========>                       34%]
[Progress:=======>                      24%] [Cov:===========>                       34%]
[Progress:=======>                      24%] [Cov:===========>                       34%]
[Progress:=======>                      24%] [Cov:===========>                       34%]
[Progress:=======>                      24%] [Cov:===========>                       34%]
[Progress:=======>                      24%] [Cov:===========>                       34%]
[Progress:=======>                      24%] [Cov:===========>                       34%]
[Progress:=======>                      24%] [Cov:===========>                       34%]
[Progress:=======>                      24%] [Cov:===========>                       34%]
[Progress:=======>                      24%] [Cov:===========>                       34%]
[Progress:=======>                      24%] [Cov:===========>                       34%]
[Progress:=======>                      24%] [Cov:===========>                       34%]
[Progress:=======>                      24%] [Cov:===========>                       34%]
[Progress:=======>                      24%] [Cov:===========>                       34%]
[Progress:=======>                      24%] [Cov:===========>                       34%]
[Progress:=======>                      25%] [Cov:===========>                       34%]
[Progress:=======>                      25%] [Cov:===========>                       34%]
[Progress:=======>                      25%] [Cov:===========>                       34%]
[Progress:=======>                      25%] [Cov:===========>                       34%]
[Progress:=======>                      25%] [Cov:===========>                       34%]
[Progress:=======>                      25%] [Cov:===========>                       34%]
[Progress:=======>                      25%] [Cov:===========>                       34%]
[Progress:=======>                      25%] [Cov:===========>                       34%]
[Progress:=======>                      25%] [Cov:===========>                       34%]
[Progress:=======>                      25%] [Cov:===========>                       34%]
[Progress:=======>                      25%] [Cov:===========>                       34%]
[Progress:=======>                      25%] [Cov:===========>                       34%]
[Progress:=======>                      25%] [Cov:===========>                       34%]
[Progress:=======>                      25%] [Cov:===========>                       34%]
[Progress:=======>                      25%] [Cov:===========>                       34%]
[Progress:=======>                      25%] [Cov:===========>                       34%]
[Progress:=======>                      25%] [Cov:===========>                       34%]
[Progress:=======>                      25%] [Cov:===========>                       34%]
[Progress:=======>                      25%] [Cov:===========>                       34%]
[Progress:=======>                      25%] [Cov:===========>                       34%]
[Progress:=======>                      26%] [Cov:===========>                       34%]
[Progress:=======>                      26%] [Cov:===========>                       34%]
[Progress:=======>                      26%] [Cov:===========>                       34%]
[Progress:=======>                      26%] [Cov:===========>                       34%]
[Progress:=======>                      26%] [Cov:===========>                       34%]
[Progress:=======>                      26%] [Cov:===========>                       34%]
[Progress:=======>                      26%] [Cov:===========>                       34%]
[Progress:=======>                      26%] [Cov:===========>                       34%]
[Progress:=======>                      26%] [Cov:===========>                       34%]
[Progress:=======>                      26%] [Cov:===========>                       34%]
[Progress:=======>                      26%] [Cov:===========>                       34%]
[Progress:=======>                      26%] [Cov:===========>                       34%]
[Progress:=======>                      26%] [Cov:===========>                       34%]
[Progress:=======>                      26%] [Cov:===========>                       34%]
[Progress:=======>                      26%] [Cov:===========>                       34%]
[Progress:=======>                      26%] [Cov:===========>                       34%]
[Progress:=======>                      26%] [Cov:===========>                       34%]
[Progress:=======>                      26%] [Cov:===========>                       34%]
[Progress:=======>                      26%] [Cov:===========>                       34%]
[Progress:=======>                      26%] [Cov:===========>                       34%]
[Progress:=======>                      26%] [Cov:===========>                       34%]
[Progress:=======>                      26%] [Cov:===========>                       34%]
[Progress:=======>                      26%] [Cov:===========>                       34%]
[Progress:=======>                      26%] [Cov:===========>                       34%]
[Progress:=======>                      26%] [Cov:===========>                       34%]
[Progress:=======>                      26%] [Cov:===========>                       34%]
[Progress:=======>                      26%] [Cov:===========>                       34%]
[Progress:=======>                      26%] [Cov:===========>                       34%]
[Progress:=======>                      26%] [Cov:===========>                       34%]
[Progress:=======>                      26%] [Cov:===========>                       34%]
[Progress:=======>                      26%] [Cov:===========>                       34%]
[Progress:=======>                      26%] [Cov:===========>                       34%]
[Progress:=======>                      26%] [Cov:===========>                       34%]
[Progress:=======>                      26%] [Cov:===========>                       34%]
[Progress:=======>                      26%] [Cov:===========>                       34%]
[Progress:=======>                      26%] [Cov:===========>                       34%]
[Progress:=======>                      26%] [Cov:===========>                       34%]
[Progress:=======>                      26%] [Cov:===========>                       34%]
[Progress:=======>                      26%] [Cov:===========>                       34%]
[Progress:========>                     27%] [Cov:===========>                       34%]
[Progress:========>                     27%] [Cov:===========>                       34%]
[Progress:========>                     27%] [Cov:===========>                       34%]
[Progress:========>                     27%] [Cov:===========>                       34%]
[Progress:========>                     27%] [Cov:===========>                       34%]
[Progress:========>                     27%] [Cov:===========>                       34%]
[Progress:========>                     27%] [Cov:===========>                       34%]
[Progress:========>                     27%] [Cov:===========>                       34%]
[Progress:========>                     27%] [Cov:===========>                       34%]
[Progress:========>                     27%] [Cov:===========>                       34%]
[Progress:========>                     27%] [Cov:===========>                       34%]
[Progress:========>                     27%] [Cov:===========>                       34%]
[Progress:========>                     27%] [Cov:===========>                       34%]
[Progress:========>                     27%] [Cov:===========>                       34%]
[Progress:========>                     27%] [Cov:===========>                       34%]
[Progress:========>                     27%] [Cov:===========>                       34%]
[Progress:========>                     27%] [Cov:===========>                       34%]
[Progress:========>                     27%] [Cov:===========>                       34%]
[Progress:========>                     27%] [Cov:===========>                       34%]
[Progress:========>                     28%] [Cov:===========>                       33%]
[Progress:========>                     28%] [Cov:===========>                       34%]
[Progress:========>                     28%] [Cov:===========>                       34%]
[Progress:========>                     28%] [Cov:===========>                       34%]
[Progress:========>                     28%] [Cov:===========>                       34%]
[Progress:========>                     28%] [Cov:===========>                       34%]
[Progress:========>                     28%] [Cov:===========>                       34%]
[Progress:========>                     28%] [Cov:===========>                       34%]
[Progress:========>                     28%] [Cov:===========>                       34%]
[Progress:========>                     28%] [Cov:===========>                       34%]
[Progress:========>                     28%] [Cov:===========>                       34%]
[Progress:========>                     28%] [Cov:===========>                       34%]
[Progress:========>                     28%] [Cov:===========>                       34%]
[Progress:========>                     28%] [Cov:===========>                       34%][MASTER] 21:40:14.682 [logback-1] WARN  TestCluster - Failed to check cache for org.mockito.stubbing.Answer<T> : Type points to itself

[Progress:========>                     28%] [Cov:===========>                       34%]
[Progress:========>                     28%] [Cov:===========>                       34%]
[Progress:========>                     28%] [Cov:===========>                       34%]
[Progress:========>                     28%] [Cov:===========>                       34%]
[Progress:========>                     28%] [Cov:===========>                       34%]
[Progress:========>                     28%] [Cov:===========>                       34%]
[Progress:========>                     28%] [Cov:===========>                       34%]
[Progress:========>                     28%] [Cov:===========>                       34%]
[Progress:========>                     28%] [Cov:===========>                       34%]
[Progress:========>                     28%] [Cov:===========>                       34%]
[Progress:========>                     28%] [Cov:===========>                       34%]
[Progress:========>                     28%] [Cov:===========>                       34%]
[Progress:========>                     28%] [Cov:===========>                       34%]
[Progress:========>                     28%] [Cov:===========>                       34%]
[Progress:========>                     28%] [Cov:===========>                       34%]
[Progress:========>                     28%] [Cov:===========>                       34%]
[Progress:========>                     28%] [Cov:===========>                       34%]
[Progress:========>                     28%] [Cov:===========>                       34%]
[Progress:========>                     28%] [Cov:===========>                       34%]
[Progress:========>                     28%] [Cov:===========>                       34%]
[Progress:========>                     28%] [Cov:===========>                       34%]
[Progress:========>                     29%] [Cov:===========>                       34%]
[Progress:========>                     29%] [Cov:===========>                       34%]
[Progress:========>                     29%] [Cov:===========>                       34%]
[Progress:========>                     29%] [Cov:===========>                       34%]
[Progress:========>                     29%] [Cov:===========>                       34%]
[Progress:========>                     29%] [Cov:===========>                       34%]
[Progress:========>                     29%] [Cov:===========>                       34%]
[Progress:========>                     29%] [Cov:===========>                       34%]
[Progress:========>                     29%] [Cov:===========>                       34%]
[Progress:========>                     29%] [Cov:===========>                       34%]
[Progress:========>                     29%] [Cov:===========>                       34%]
[Progress:========>                     29%] [Cov:===========>                       34%]
[Progress:========>                     29%] [Cov:===========>                       34%]
[Progress:========>                     29%] [Cov:===========>                       34%][MASTER] 21:40:16.698 [logback-1] WARN  TestChromosome - Functional mock problem: org.evosuite.ga.ConstructionFailedException: Failed to add constructor for org.mockito.internal.stubbing.StubbedInvocationMatcher due to org.evosuite.ga.ConstructionFailedException: Have no generator for class org.mockito.internal.stubbing.InvocationContainerImpl canUseFunctionalMocks=false, canBeMocked: true

[Progress:========>                     29%] [Cov:===========>                       34%]
[Progress:========>                     29%] [Cov:===========>                       34%]
[Progress:========>                     29%] [Cov:===========>                       34%]
[Progress:========>                     29%] [Cov:===========>                       34%]
[Progress:========>                     29%] [Cov:===========>                       34%]
[Progress:========>                     29%] [Cov:===========>                       34%]
[Progress:=========>                    30%] [Cov:====>                              13%]
[Progress:=========>                    30%] [Cov:===========>                       34%]
[Progress:=========>                    30%] [Cov:===========>                       34%]
[Progress:=========>                    30%] [Cov:===========>                       34%]
[Progress:=========>                    30%] [Cov:===========>                       34%]
[Progress:=========>                    30%] [Cov:===========>                       34%]
[Progress:=========>                    30%] [Cov:===========>                       34%]
[Progress:=========>                    30%] [Cov:===========>                       34%]
[Progress:=========>                    30%] [Cov:===========>                       34%]
[Progress:=========>                    30%] [Cov:===========>                       34%]
[Progress:=========>                    30%] [Cov:===========>                       34%]
[Progress:=========>                    30%] [Cov:===========>                       34%]
[Progress:=========>                    30%] [Cov:===========>                       34%][MASTER] 21:40:17.510 [logback-1] WARN  TestChromosome - Functional mock problem: org.evosuite.ga.ConstructionFailedException: Have no generator for org.mockito.internal.creation.settings.CreationSettings<org.mockito.internal.stubbing.StubbedInvocationMatcher> canUseFunctionalMocks=false, canBeMocked: true

[Progress:=========>                    30%] [Cov:===========>                       34%]
[Progress:=========>                    30%] [Cov:===========>                       34%]
[Progress:=========>                    30%] [Cov:===========>                       34%]
[Progress:=========>                    30%] [Cov:===========>                       34%]
[Progress:=========>                    30%] [Cov:===========>                       34%]
[Progress:=========>                    30%] [Cov:===========>                       34%]
[Progress:=========>                    30%] [Cov:===========>                       34%]
[Progress:=========>                    30%] [Cov:===========>                       34%]
[Progress:=========>                    30%] [Cov:===========>                       34%]
[Progress:=========>                    30%] [Cov:===========>                       34%]
[Progress:=========>                    30%] [Cov:===========>                       34%]
[Progress:=========>                    30%] [Cov:===========>                       34%]
[Progress:=========>                    30%] [Cov:===========>                       34%]
[Progress:=========>                    30%] [Cov:===========>                       34%]
[Progress:=========>                    30%] [Cov:===========>                       34%]
[Progress:=========>                    30%] [Cov:===========>                       34%]
[Progress:=========>                    30%] [Cov:===========>                       34%]
[Progress:=========>                    30%] [Cov:===========>                       34%]
[Progress:=========>                    30%] [Cov:===========>                       34%]
[Progress:=========>                    30%] [Cov:===========>                       34%]
[Progress:=========>                    30%] [Cov:===========>                       34%]
[Progress:=========>                    30%] [Cov:===========>                       34%]
[Progress:=========>                    30%] [Cov:===========>                       34%]
[Progress:=========>                    30%] [Cov:===========>                       34%]
[Progress:=========>                    30%] [Cov:===========>                       34%]
[Progress:=========>                    30%] [Cov:===========>                       34%]
[Progress:=========>                    30%] [Cov:===========>                       34%]
[Progress:=========>                    30%] [Cov:===========>                       34%]
[Progress:=========>                    30%] [Cov:===========>                       34%]
[Progress:=========>                    30%] [Cov:===========>                       34%]
[Progress:=========>                    31%] [Cov:===========>                       34%]
[Progress:=========>                    31%] [Cov:===========>                       34%]
[Progress:=========>                    31%] [Cov:===========>                       34%]
[Progress:=========>                    31%] [Cov:===========>                       34%]
[Progress:=========>                    31%] [Cov:===========>                       34%]
[Progress:=========>                    31%] [Cov:===========>                       34%]
[Progress:=========>                    31%] [Cov:===========>                       34%]
[Progress:=========>                    31%] [Cov:===========>                       34%]
[Progress:=========>                    31%] [Cov:===========>                       34%]
[Progress:=========>                    31%] [Cov:===========>                       34%]
[Progress:=========>                    31%] [Cov:===========>                       34%]
[Progress:=========>                    31%] [Cov:===========>                       34%]
[Progress:=========>                    31%] [Cov:===========>                       34%]
[Progress:=========>                    31%] [Cov:===========>                       34%]
[Progress:=========>                    31%] [Cov:===========>                       34%]
[Progress:=========>                    31%] [Cov:===========>                       34%]
[Progress:=========>                    31%] [Cov:===========>                       34%]
[Progress:=========>                    31%] [Cov:===========>                       34%]
[Progress:=========>                    32%] [Cov:===========>                       34%]
[Progress:=========>                    32%] [Cov:===========>                       34%]
[Progress:=========>                    32%] [Cov:===========>                       34%]
[Progress:=========>                    32%] [Cov:===========>                       34%]
[Progress:=========>                    32%] [Cov:===========>                       34%]
[Progress:=========>                    32%] [Cov:===========>                       34%]
[Progress:=========>                    32%] [Cov:===========>                       34%]
[Progress:=========>                    32%] [Cov:===========>                       34%]
[Progress:=========>                    32%] [Cov:===========>                       34%]
[Progress:=========>                    32%] [Cov:===========>                       34%]
[Progress:=========>                    32%] [Cov:===========>                       34%]
[Progress:=========>                    32%] [Cov:===========>                       34%]
[Progress:=========>                    32%] [Cov:===========>                       34%]
[Progress:=========>                    32%] [Cov:===========>                       34%]
[Progress:=========>                    32%] [Cov:===========>                       34%]
[Progress:=========>                    32%] [Cov:===========>                       34%]
[Progress:=========>                    32%] [Cov:===========>                       34%]
[Progress:=========>                    32%] [Cov:===========>                       34%]
[Progress:=========>                    32%] [Cov:===========>                       34%]
[Progress:=========>                    32%] [Cov:===========>                       34%]
[Progress:=========>                    32%] [Cov:===========>                       34%]
[Progress:=========>                    32%] [Cov:===========>                       34%]
[Progress:=========>                    32%] [Cov:===========>                       34%]
[Progress:=========>                    32%] [Cov:===========>                       34%]
[Progress:=========>                    32%] [Cov:===========>                       34%]
[Progress:=========>                    32%] [Cov:===========>                       34%]
[Progress:=========>                    32%] [Cov:===========>                       34%]
[Progress:=========>                    32%] [Cov:===========>                       34%]
[Progress:=========>                    32%] [Cov:===========>                       34%]
[Progress:=========>                    32%] [Cov:===========>                       34%]
[Progress:=========>                    32%] [Cov:===========>                       34%]
[Progress:=========>                    32%] [Cov:===========>                       34%]
[Progress:=========>                    32%] [Cov:===========>                       34%]
[Progress:=========>                    32%] [Cov:===========>                       34%]
[Progress:=========>                    32%] [Cov:===========>                       34%]
[Progress:=========>                    32%] [Cov:===========>                       34%]
[Progress:=========>                    33%] [Cov:===========>                       34%]
[Progress:=========>                    33%] [Cov:===========>                       34%]
[Progress:=========>                    33%] [Cov:===========>                       34%]
[Progress:=========>                    33%] [Cov:===========>                       34%]
[Progress:=========>                    33%] [Cov:===========>                       34%]
[Progress:=========>                    33%] [Cov:===========>                       34%]
[Progress:=========>                    33%] [Cov:===========>                       34%]
[Progress:=========>                    33%] [Cov:===========>                       34%]
[Progress:=========>                    33%] [Cov:===========>                       34%]
[Progress:=========>                    33%] [Cov:===========>                       34%]
[Progress:=========>                    33%] [Cov:===========>                       34%]
[Progress:=========>                    33%] [Cov:===========>                       34%]
[Progress:=========>                    33%] [Cov:===========>                       34%]
[Progress:=========>                    33%] [Cov:===========>                       34%]
[Progress:=========>                    33%] [Cov:===========>                       34%]
[Progress:=========>                    33%] [Cov:===========>                       34%]
[Progress:=========>                    33%] [Cov:===========>                       34%]
[Progress:=========>                    33%] [Cov:===========>                       34%]
[Progress:=========>                    33%] [Cov:===========>                       34%]
[Progress:=========>                    33%] [Cov:===========>                       34%]
[Progress:=========>                    33%] [Cov:===========>                       34%]
[Progress:=========>                    33%] [Cov:===========>                       34%]
[Progress:=========>                    33%] [Cov:===========>                       34%]
[Progress:==========>                   34%] [Cov:========>                          23%]
[Progress:==========>                   34%] [Cov:===========>                       34%]
[Progress:==========>                   34%] [Cov:===========>                       34%]
[Progress:==========>                   34%] [Cov:===========>                       34%]
[Progress:==========>                   34%] [Cov:===========>                       34%]
[Progress:==========>                   34%] [Cov:===========>                       34%]
[Progress:==========>                   34%] [Cov:===========>                       34%]
[Progress:==========>                   34%] [Cov:===========>                       34%]
[Progress:==========>                   34%] [Cov:===========>                       34%]
[Progress:==========>                   34%] [Cov:===========>                       34%]
[Progress:==========>                   34%] [Cov:===========>                       34%]
[Progress:==========>                   34%] [Cov:===========>                       34%]
[Progress:==========>                   34%] [Cov:===========>                       34%]
[Progress:==========>                   34%] [Cov:===========>                       34%]
[Progress:==========>                   34%] [Cov:===========>                       34%]
[Progress:==========>                   34%] [Cov:===========>                       34%]
[Progress:==========>                   34%] [Cov:===========>                       34%]
[Progress:==========>                   34%] [Cov:===========>                       34%]
[Progress:==========>                   34%] [Cov:===========>                       34%]
[Progress:==========>                   34%] [Cov:===========>                       34%]
[Progress:==========>                   34%] [Cov:===========>                       34%]
[Progress:==========>                   34%] [Cov:===========>                       34%]
[Progress:==========>                   34%] [Cov:===========>                       34%]
[Progress:==========>                   34%] [Cov:===========>                       34%]
[Progress:==========>                   34%] [Cov:===========>                       34%]
[Progress:==========>                   34%] [Cov:===========>                       34%]
[Progress:==========>                   34%] [Cov:===========>                       34%]
[Progress:==========>                   34%] [Cov:===========>                       34%]
[Progress:==========>                   34%] [Cov:===========>                       34%]
[Progress:==========>                   34%] [Cov:===========>                       34%]
[Progress:==========>                   34%] [Cov:===========>                       34%]
[Progress:==========>                   34%] [Cov:===========>                       34%]
[Progress:==========>                   34%] [Cov:===========>                       34%]
[Progress:==========>                   34%] [Cov:===========>                       34%]
[Progress:==========>                   34%] [Cov:===========>                       34%]
[Progress:==========>                   34%] [Cov:===========>                       34%]
[Progress:==========>                   34%] [Cov:===========>                       34%]
[Progress:==========>                   34%] [Cov:===========>                       34%]
[Progress:==========>                   34%] [Cov:===========>                       34%]
[Progress:==========>                   34%] [Cov:===========>                       34%]
[Progress:==========>                   35%] [Cov:===========>                       34%]
[Progress:==========>                   35%] [Cov:===========>                       34%]
[Progress:==========>                   35%] [Cov:===========>                       34%]
[Progress:==========>                   35%] [Cov:===========>                       34%]
[Progress:==========>                   35%] [Cov:===========>                       34%]
[Progress:==========>                   35%] [Cov:===========>                       34%]
[Progress:==========>                   35%] [Cov:===========>                       34%]
[Progress:==========>                   35%] [Cov:===========>                       34%]
[Progress:==========>                   35%] [Cov:===========>                       34%]
[Progress:==========>                   35%] [Cov:===========>                       34%]
[Progress:==========>                   35%] [Cov:===========>                       34%]
[Progress:==========>                   35%] [Cov:===========>                       34%]
[Progress:==========>                   35%] [Cov:===========>                       34%]
[Progress:==========>                   35%] [Cov:===========>                       34%]
[Progress:==========>                   35%] [Cov:===========>                       34%]
[Progress:==========>                   35%] [Cov:===========>                       34%]
[Progress:==========>                   35%] [Cov:===========>                       34%]
[Progress:==========>                   35%] [Cov:===========>                       34%]
[Progress:==========>                   36%] [Cov:====>                              12%]
[Progress:==========>                   36%] [Cov:===========>                       32%]
[Progress:==========>                   36%] [Cov:===========>                       34%]
[Progress:==========>                   36%] [Cov:===========>                       34%]
[Progress:==========>                   36%] [Cov:===========>                       34%]
[Progress:==========>                   36%] [Cov:===========>                       34%]
[Progress:==========>                   36%] [Cov:===========>                       34%]
[Progress:==========>                   36%] [Cov:===========>                       34%]
[Progress:==========>                   36%] [Cov:===========>                       34%]
[Progress:==========>                   36%] [Cov:===========>                       34%]
[Progress:==========>                   36%] [Cov:===========>                       34%]
[Progress:==========>                   36%] [Cov:===========>                       34%]
[Progress:==========>                   36%] [Cov:===========>                       34%]
[Progress:==========>                   36%] [Cov:===========>                       34%]
[Progress:==========>                   36%] [Cov:===========>                       34%]
[Progress:==========>                   36%] [Cov:===========>                       34%]
[Progress:==========>                   36%] [Cov:===========>                       34%]
[Progress:==========>                   36%] [Cov:===========>                       34%]
[Progress:==========>                   36%] [Cov:===========>                       34%]
[Progress:==========>                   36%] [Cov:===========>                       34%]
[Progress:==========>                   36%] [Cov:===========>                       34%]
[Progress:==========>                   36%] [Cov:===========>                       34%]
[Progress:==========>                   36%] [Cov:===========>                       34%]
[Progress:==========>                   36%] [Cov:===========>                       34%]
[Progress:==========>                   36%] [Cov:===========>                       34%]
[Progress:==========>                   36%] [Cov:===========>                       34%]
[Progress:==========>                   36%] [Cov:===========>                       34%]
[Progress:==========>                   36%] [Cov:===========>                       34%]
[Progress:==========>                   36%] [Cov:===========>                       34%]
[Progress:==========>                   36%] [Cov:===========>                       34%]
[Progress:==========>                   36%] [Cov:===========>                       34%]
[Progress:==========>                   36%] [Cov:===========>                       34%]
[Progress:==========>                   36%] [Cov:===========>                       34%]
[Progress:==========>                   36%] [Cov:===========>                       34%]
[Progress:==========>                   36%] [Cov:===========>                       34%]
[Progress:==========>                   36%] [Cov:===========>                       34%]
[Progress:==========>                   36%] [Cov:===========>                       34%]
[Progress:==========>                   36%] [Cov:===========>                       34%]
[Progress:==========>                   36%] [Cov:===========>                       34%]
[Progress:==========>                   36%] [Cov:===========>                       34%]
[Progress:===========>                  37%] [Cov:==========>                        29%]
[Progress:===========>                  37%] [Cov:===========>                       34%]
[Progress:===========>                  37%] [Cov:===========>                       34%]
[Progress:===========>                  37%] [Cov:===========>                       34%]
[Progress:===========>                  37%] [Cov:===========>                       34%]
[Progress:===========>                  37%] [Cov:===========>                       34%]
[Progress:===========>                  37%] [Cov:===========>                       34%]
[Progress:===========>                  37%] [Cov:===========>                       34%]
[Progress:===========>                  37%] [Cov:===========>                       34%]
[Progress:===========>                  37%] [Cov:===========>                       34%]
[Progress:===========>                  37%] [Cov:===========>                       34%]
[Progress:===========>                  37%] [Cov:===========>                       34%]
[Progress:===========>                  37%] [Cov:===========>                       34%]
[Progress:===========>                  37%] [Cov:===========>                       34%]
[Progress:===========>                  37%] [Cov:===========>                       34%]
[Progress:===========>                  37%] [Cov:===========>                       34%]
[Progress:===========>                  37%] [Cov:===========>                       34%]
[Progress:===========>                  37%] [Cov:===========>                       34%]
[Progress:===========>                  37%] [Cov:===========>                       34%]
[Progress:===========>                  37%] [Cov:===========>                       34%][MASTER] 21:40:28.819 [logback-1] WARN  TestChromosome - Functional mock problem: org.evosuite.ga.ConstructionFailedException: Failed to add constructor for org.mockito.internal.stubbing.StubbedInvocationMatcher due to org.evosuite.ga.ConstructionFailedException: Failed to add constructor for org.mockito.internal.invocation.InvocationMatcher due to org.evosuite.ga.ConstructionFailedException: Failed to add constructor for org.mockito.internal.invocation.InvocationImpl due to org.evosuite.ga.ConstructionFailedException: Have no generator for class org.mockito.internal.stubbing.InvocationContainerImpl canUseFunctionalMocks=false, canBeMocked: true

[Progress:===========>                  37%] [Cov:===========>                       34%]
[Progress:===========>                  37%] [Cov:===========>                       34%]
[Progress:===========>                  37%] [Cov:===========>                       34%]
[Progress:===========>                  37%] [Cov:===========>                       34%]
[Progress:===========>                  38%] [Cov:===========>                       34%]
[Progress:===========>                  38%] [Cov:===========>                       34%]
[Progress:===========>                  38%] [Cov:===========>                       34%]
[Progress:===========>                  38%] [Cov:===========>                       34%]
[Progress:===========>                  38%] [Cov:===========>                       34%]
[Progress:===========>                  38%] [Cov:===========>                       34%]
[Progress:===========>                  38%] [Cov:===========>                       34%]
[Progress:===========>                  38%] [Cov:===========>                       34%]
[Progress:===========>                  38%] [Cov:===========>                       34%]
[Progress:===========>                  38%] [Cov:===========>                       34%]
[Progress:===========>                  38%] [Cov:===========>                       34%]
[Progress:===========>                  38%] [Cov:===========>                       34%]
[Progress:===========>                  38%] [Cov:===========>                       34%]
[Progress:===========>                  38%] [Cov:===========>                       34%]
[Progress:===========>                  38%] [Cov:===========>                       34%]
[Progress:===========>                  38%] [Cov:===========>                       34%]
[Progress:===========>                  38%] [Cov:===========>                       34%]
[Progress:===========>                  38%] [Cov:===========>                       34%]
[Progress:===========>                  38%] [Cov:===========>                       34%]
[Progress:===========>                  38%] [Cov:===========>                       34%]
[Progress:===========>                  38%] [Cov:===========>                       34%]
[Progress:===========>                  38%] [Cov:===========>                       34%]
[Progress:===========>                  38%] [Cov:===========>                       34%]
[Progress:===========>                  38%] [Cov:===========>                       34%]
[Progress:===========>                  38%] [Cov:===========>                       34%]
[Progress:===========>                  38%] [Cov:===========>                       34%][MASTER] 21:40:30.267 [logback-1] WARN  TestChromosome - Functional mock problem: org.evosuite.ga.ConstructionFailedException: Failed to add constructor for org.mockito.internal.stubbing.StubbedInvocationMatcher due to org.evosuite.ga.ConstructionFailedException: Failed to add constructor for org.mockito.internal.invocation.InvocationMatcher due to org.evosuite.ga.ConstructionFailedException: Failed to add constructor for org.mockito.internal.stubbing.InvocationContainerImpl due to org.evosuite.ga.ConstructionFailedException: Failed to add constructor for org.mockito.internal.creation.settings.CreationSettings due to org.evosuite.ga.ConstructionFailedException: Max recursion depth reached

[Progress:===========>                  38%] [Cov:===========>                       34%]
[Progress:===========>                  38%] [Cov:===========>                       34%]
[Progress:===========>                  38%] [Cov:===========>                       34%]
[Progress:===========>                  38%] [Cov:===========>                       34%]
[Progress:===========>                  38%] [Cov:===========>                       34%]
[Progress:===========>                  38%] [Cov:===========>                       34%]
[Progress:===========>                  38%] [Cov:===========>                       34%]
[Progress:===========>                  38%] [Cov:===========>                       34%]
[Progress:===========>                  38%] [Cov:===========>                       34%]
[Progress:===========>                  38%] [Cov:===========>                       34%][MASTER] 21:40:30.755 [logback-1] WARN  TestChromosome - Functional mock problem: org.evosuite.ga.ConstructionFailedException: Have no generator for org.mockito.internal.creation.settings.CreationSettings<java.lang.annotation.Annotation> canUseFunctionalMocks=false, canBeMocked: true

[Progress:===========>                  38%] [Cov:===========>                       34%]
[Progress:===========>                  38%] [Cov:===========>                       34%]
[Progress:===========>                  38%] [Cov:===========>                       34%]
[Progress:===========>                  38%] [Cov:===========>                       34%]
[Progress:===========>                  38%] [Cov:===========>                       34%]
[Progress:===========>                  39%] [Cov:===========>                       34%]
[Progress:===========>                  39%] [Cov:===========>                       34%]
[Progress:===========>                  39%] [Cov:===========>                       34%]
[Progress:===========>                  39%] [Cov:===========>                       34%]
[Progress:===========>                  39%] [Cov:===========>                       34%]
[Progress:===========>                  39%] [Cov:===========>                       34%]
[Progress:===========>                  39%] [Cov:===========>                       34%]
[Progress:===========>                  39%] [Cov:===========>                       34%]
[Progress:===========>                  39%] [Cov:===========>                       34%]
[Progress:===========>                  39%] [Cov:===========>                       34%]
[Progress:===========>                  39%] [Cov:===========>                       34%]
[Progress:===========>                  39%] [Cov:===========>                       34%]
[Progress:===========>                  39%] [Cov:===========>                       34%]
[Progress:===========>                  39%] [Cov:===========>                       34%]
[Progress:===========>                  39%] [Cov:===========>                       34%]
[Progress:===========>                  39%] [Cov:===========>                       34%]
[Progress:===========>                  39%] [Cov:===========>                       34%]
[Progress:===========>                  39%] [Cov:===========>                       34%]
[Progress:===========>                  39%] [Cov:===========>                       34%]
[Progress:===========>                  39%] [Cov:===========>                       34%]
[Progress:===========>                  39%] [Cov:===========>                       34%]
[Progress:============>                 40%] [Cov:===========>                       34%]
[Progress:============>                 40%] [Cov:===========>                       34%]
[Progress:============>                 40%] [Cov:===========>                       34%]
[Progress:============>                 40%] [Cov:===========>                       34%]
[Progress:============>                 40%] [Cov:===========>                       34%]
[Progress:============>                 40%] [Cov:===========>                       34%]
[Progress:============>                 40%] [Cov:===========>                       34%]
[Progress:============>                 40%] [Cov:===========>                       34%]
[Progress:============>                 40%] [Cov:===========>                       34%]
[Progress:============>                 40%] [Cov:===========>                       34%]
[Progress:============>                 40%] [Cov:===========>                       34%]
[Progress:============>                 40%] [Cov:===========>                       34%]
[Progress:============>                 40%] [Cov:===========>                       34%]
[Progress:============>                 40%] [Cov:===========>                       34%]
[Progress:============>                 40%] [Cov:===========>                       34%]
[Progress:============>                 40%] [Cov:===========>                       34%]
[Progress:============>                 40%] [Cov:===========>                       34%]
[Progress:============>                 40%] [Cov:===========>                       34%]
[Progress:============>                 40%] [Cov:===========>                       34%]
[Progress:============>                 40%] [Cov:===========>                       34%]
[Progress:============>                 40%] [Cov:===========>                       34%]
[Progress:============>                 40%] [Cov:===========>                       34%]
[Progress:============>                 40%] [Cov:===========>                       34%]
[Progress:============>                 40%] [Cov:===========>                       34%]
[Progress:============>                 40%] [Cov:===========>                       34%]
[Progress:============>                 40%] [Cov:===========>                       34%]
[Progress:============>                 40%] [Cov:===========>                       34%]
[Progress:============>                 40%] [Cov:===========>                       34%]
[Progress:============>                 40%] [Cov:===========>                       34%]
[Progress:============>                 40%] [Cov:===========>                       34%]
[Progress:============>                 40%] [Cov:===========>                       34%]
[Progress:============>                 40%] [Cov:===========>                       34%]
[Progress:============>                 40%] [Cov:===========>                       34%]
[Progress:============>                 40%] [Cov:===========>                       34%]
[Progress:============>                 40%] [Cov:===========>                       34%]
[Progress:============>                 40%] [Cov:===========>                       34%]
[Progress:============>                 40%] [Cov:===========>                       34%]
[Progress:============>                 40%] [Cov:===========>                       34%]
[Progress:============>                 40%] [Cov:===========>                       34%]
[Progress:============>                 40%] [Cov:===========>                       34%]
[Progress:============>                 40%] [Cov:===========>                       34%]
[Progress:============>                 40%] [Cov:===========>                       34%]
[Progress:============>                 40%] [Cov:===========>                       34%]
[Progress:============>                 41%] [Cov:===========>                       34%]
[Progress:============>                 41%] [Cov:===========>                       34%]
[Progress:============>                 41%] [Cov:===========>                       34%]
[Progress:============>                 41%] [Cov:===========>                       34%]
[Progress:============>                 41%] [Cov:===========>                       34%]
[Progress:============>                 41%] [Cov:===========>                       34%]
[Progress:============>                 41%] [Cov:===========>                       34%]
[Progress:============>                 41%] [Cov:===========>                       34%]
[Progress:============>                 41%] [Cov:===========>                       34%]
[Progress:============>                 41%] [Cov:===========>                       34%]
[Progress:============>                 41%] [Cov:===========>                       34%]
[Progress:============>                 41%] [Cov:===========>                       34%]
[Progress:============>                 41%] [Cov:===========>                       34%]
[Progress:============>                 41%] [Cov:===========>                       34%]
[Progress:============>                 41%] [Cov:===========>                       34%]
[Progress:============>                 41%] [Cov:===========>                       34%]
[Progress:============>                 41%] [Cov:===========>                       34%]
[Progress:============>                 41%] [Cov:===========>                       34%]
[Progress:============>                 41%] [Cov:===========>                       34%]
[Progress:============>                 41%] [Cov:===========>                       34%]
[Progress:============>                 41%] [Cov:===========>                       34%]
[Progress:============>                 42%] [Cov:==========>                        29%]
[Progress:============>                 42%] [Cov:===========>                       33%]
[Progress:============>                 42%] [Cov:===========>                       34%]
[Progress:============>                 42%] [Cov:===========>                       34%]
[Progress:============>                 42%] [Cov:===========>                       34%]
[Progress:============>                 42%] [Cov:===========>                       34%]
[Progress:============>                 42%] [Cov:===========>                       34%]
[Progress:============>                 42%] [Cov:===========>                       34%]
[Progress:============>                 42%] [Cov:===========>                       34%]
[Progress:============>                 42%] [Cov:===========>                       34%]
[Progress:============>                 42%] [Cov:===========>                       34%]
[Progress:============>                 42%] [Cov:===========>                       34%]
[Progress:============>                 42%] [Cov:===========>                       34%]
[Progress:============>                 42%] [Cov:===========>                       34%]
[Progress:============>                 42%] [Cov:===========>                       34%]
[Progress:============>                 42%] [Cov:===========>                       34%]
[Progress:============>                 42%] [Cov:===========>                       34%]
[Progress:============>                 42%] [Cov:===========>                       34%]
[Progress:============>                 42%] [Cov:===========>                       34%][MASTER] 21:40:35.805 [logback-1] WARN  TestChromosome - Functional mock problem: org.evosuite.ga.ConstructionFailedException: Failed to add constructor for org.mockito.internal.stubbing.StubbedInvocationMatcher due to org.evosuite.ga.ConstructionFailedException: Failed to add constructor for org.mockito.internal.invocation.InvocationMatcher due to org.evosuite.ga.ConstructionFailedException: Failed to add constructor for org.mockito.internal.stubbing.InvocationContainerImpl due to org.evosuite.ga.ConstructionFailedException: Max recursion depth reached

[Progress:============>                 42%] [Cov:===========>                       34%]
[Progress:============>                 42%] [Cov:===========>                       34%]
[Progress:============>                 42%] [Cov:===========>                       34%]
[Progress:============>                 42%] [Cov:===========>                       34%]
[Progress:============>                 42%] [Cov:===========>                       34%]
[Progress:============>                 42%] [Cov:===========>                       34%]
[Progress:============>                 42%] [Cov:===========>                       34%]
[Progress:============>                 42%] [Cov:===========>                       34%]
[Progress:============>                 42%] [Cov:===========>                       34%]
[Progress:============>                 42%] [Cov:===========>                       34%]
[Progress:============>                 42%] [Cov:===========>                       34%]
[Progress:============>                 42%] [Cov:===========>                       34%]
[Progress:============>                 42%] [Cov:===========>                       34%]
[Progress:============>                 42%] [Cov:===========>                       34%]
[Progress:============>                 42%] [Cov:===========>                       34%]
[Progress:============>                 42%] [Cov:===========>                       34%]
[Progress:============>                 42%] [Cov:===========>                       34%]
[Progress:============>                 42%] [Cov:===========>                       34%]
[Progress:============>                 42%] [Cov:===========>                       34%]
[Progress:============>                 42%] [Cov:===========>                       34%]
[Progress:============>                 42%] [Cov:===========>                       34%]
[Progress:============>                 42%] [Cov:===========>                       34%]
[Progress:============>                 42%] [Cov:===========>                       34%]
[Progress:============>                 43%] [Cov:===========>                       34%]
[Progress:============>                 43%] [Cov:===========>                       34%]
[Progress:============>                 43%] [Cov:===========>                       34%]
[Progress:============>                 43%] [Cov:===========>                       34%]
[Progress:============>                 43%] [Cov:===========>                       34%]
[Progress:============>                 43%] [Cov:===========>                       34%]
[Progress:============>                 43%] [Cov:===========>                       34%]
[Progress:============>                 43%] [Cov:===========>                       34%]
[Progress:============>                 43%] [Cov:===========>                       34%]
[Progress:============>                 43%] [Cov:===========>                       34%]
[Progress:============>                 43%] [Cov:===========>                       34%]
[Progress:============>                 43%] [Cov:===========>                       34%]
[Progress:============>                 43%] [Cov:===========>                       34%]
[Progress:============>                 43%] [Cov:===========>                       34%]
[Progress:============>                 43%] [Cov:===========>                       34%]
[Progress:============>                 43%] [Cov:===========>                       34%]
[Progress:============>                 43%] [Cov:===========>                       34%]
[Progress:============>                 43%] [Cov:===========>                       34%]
[Progress:============>                 43%] [Cov:===========>                       34%]
[Progress:=============>                44%] [Cov:===========>                       34%]
[Progress:=============>                44%] [Cov:===========>                       34%]
[Progress:=============>                44%] [Cov:===========>                       34%]
[Progress:=============>                44%] [Cov:===========>                       34%]
[Progress:=============>                44%] [Cov:===========>                       34%]
[Progress:=============>                44%] [Cov:===========>                       34%]
[Progress:=============>                44%] [Cov:===========>                       34%]
[Progress:=============>                44%] [Cov:===========>                       34%]
[Progress:=============>                44%] [Cov:===========>                       34%]
[Progress:=============>                44%] [Cov:===========>                       34%]
[Progress:=============>                44%] [Cov:===========>                       34%]
[Progress:=============>                44%] [Cov:===========>                       34%]
[Progress:=============>                44%] [Cov:===========>                       34%]
[Progress:=============>                44%] [Cov:===========>                       34%]
[Progress:=============>                44%] [Cov:===========>                       34%]
[Progress:=============>                44%] [Cov:===========>                       34%]
[Progress:=============>                44%] [Cov:===========>                       34%]
[Progress:=============>                44%] [Cov:===========>                       34%]
[Progress:=============>                44%] [Cov:===========>                       34%]
[Progress:=============>                44%] [Cov:===========>                       34%]
[Progress:=============>                44%] [Cov:===========>                       34%]
[Progress:=============>                44%] [Cov:===========>                       34%]
[Progress:=============>                44%] [Cov:===========>                       34%]
[Progress:=============>                44%] [Cov:===========>                       34%]
[Progress:=============>                44%] [Cov:===========>                       34%]
[Progress:=============>                44%] [Cov:===========>                       34%]
[Progress:=============>                44%] [Cov:===========>                       34%]
[Progress:=============>                44%] [Cov:===========>                       34%]
[Progress:=============>                44%] [Cov:===========>                       34%]
[Progress:=============>                44%] [Cov:===========>                       34%]
[Progress:=============>                44%] [Cov:===========>                       34%]
[Progress:=============>                44%] [Cov:===========>                       34%]
[Progress:=============>                44%] [Cov:===========>                       34%]
[Progress:=============>                44%] [Cov:===========>                       34%]
[Progress:=============>                44%] [Cov:===========>                       34%]
[Progress:=============>                44%] [Cov:===========>                       34%]
[Progress:=============>                44%] [Cov:===========>                       34%]
[Progress:=============>                44%] [Cov:===========>                       34%]
[Progress:=============>                44%] [Cov:===========>                       34%]
[Progress:=============>                44%] [Cov:===========>                       34%]
[Progress:=============>                45%] [Cov:===========>                       34%]
[Progress:=============>                45%] [Cov:===========>                       34%]
[Progress:=============>                45%] [Cov:===========>                       34%]
[Progress:=============>                45%] [Cov:===========>                       34%]
[Progress:=============>                45%] [Cov:===========>                       34%]
[Progress:=============>                45%] [Cov:===========>                       34%]
[Progress:=============>                45%] [Cov:===========>                       34%]
[Progress:=============>                45%] [Cov:===========>                       34%]
[Progress:=============>                45%] [Cov:===========>                       34%]
[Progress:=============>                45%] [Cov:===========>                       34%]
[Progress:=============>                45%] [Cov:===========>                       34%]
[Progress:=============>                45%] [Cov:===========>                       34%]
[Progress:=============>                45%] [Cov:===========>                       34%]
[Progress:=============>                45%] [Cov:===========>                       34%]
[Progress:=============>                45%] [Cov:===========>                       34%]
[Progress:=============>                45%] [Cov:===========>                       34%]
[Progress:=============>                45%] [Cov:===========>                       34%]
[Progress:=============>                45%] [Cov:===========>                       34%]
[Progress:=============>                45%] [Cov:===========>                       34%]
[Progress:=============>                45%] [Cov:===========>                       34%]
[Progress:=============>                45%] [Cov:===========>                       34%]
[Progress:=============>                46%] [Cov:===========>                       34%]
[Progress:=============>                46%] [Cov:===========>                       34%]
[Progress:=============>                46%] [Cov:===========>                       34%]
[Progress:=============>                46%] [Cov:===========>                       34%]
[Progress:=============>                46%] [Cov:===========>                       34%][MASTER] 21:40:41.166 [logback-1] WARN  TestChromosome - Functional mock problem: org.evosuite.ga.ConstructionFailedException: Failed to add constructor for org.mockito.internal.stubbing.StubbedInvocationMatcher due to org.evosuite.ga.ConstructionFailedException: Failed to add constructor for org.mockito.internal.invocation.InvocationMatcher due to org.evosuite.ga.ConstructionFailedException: Failed to add constructor for org.mockito.internal.invocation.InvocationImpl due to org.evosuite.ga.ConstructionFailedException: Failed to add constructor for org.mockito.internal.invocation.realmethod.FilteredCGLIBProxyRealMethod due to org.evosuite.ga.ConstructionFailedException: Failed to add constructor for org.mockito.internal.creation.SerializableMockitoMethodProxy due to org.evosuite.ga.ConstructionFailedException: Max recursion depth reached

[Progress:=============>                46%] [Cov:===========>                       34%]
[Progress:=============>                46%] [Cov:===========>                       34%]
[Progress:=============>                46%] [Cov:===========>                       34%]
[Progress:=============>                46%] [Cov:===========>                       34%]
[Progress:=============>                46%] [Cov:===========>                       34%]
[Progress:=============>                46%] [Cov:===========>                       34%]
[Progress:=============>                46%] [Cov:===========>                       34%]
[Progress:=============>                46%] [Cov:===========>                       34%]
[Progress:=============>                46%] [Cov:===========>                       34%]
[Progress:=============>                46%] [Cov:===========>                       34%]
[Progress:=============>                46%] [Cov:===========>                       34%]
[Progress:=============>                46%] [Cov:===========>                       34%]
[Progress:=============>                46%] [Cov:===========>                       34%]
[Progress:=============>                46%] [Cov:===========>                       34%]
[Progress:=============>                46%] [Cov:===========>                       34%]
[Progress:=============>                46%] [Cov:===========>                       34%]
[Progress:=============>                46%] [Cov:===========>                       34%]
[Progress:=============>                46%] [Cov:===========>                       34%]
[Progress:=============>                46%] [Cov:===========>                       34%]
[Progress:=============>                46%] [Cov:===========>                       34%]
[Progress:=============>                46%] [Cov:===========>                       34%]
[Progress:=============>                46%] [Cov:===========>                       34%]
[Progress:=============>                46%] [Cov:===========>                       34%]
[Progress:=============>                46%] [Cov:===========>                       34%]
[Progress:=============>                46%] [Cov:===========>                       34%]
[Progress:=============>                46%] [Cov:===========>                       34%]
[Progress:=============>                46%] [Cov:===========>                       34%]
[Progress:=============>                46%] [Cov:===========>                       34%]
[Progress:=============>                46%] [Cov:===========>                       34%]
[Progress:=============>                46%] [Cov:===========>                       34%]
[Progress:=============>                46%] [Cov:===========>                       34%]
[Progress:=============>                46%] [Cov:===========>                       34%]
[Progress:=============>                46%] [Cov:===========>                       34%]
[Progress:=============>                46%] [Cov:===========>                       34%]
[Progress:=============>                46%] [Cov:===========>                       34%]
[Progress:==============>               47%] [Cov:===========>                       34%]
[Progress:==============>               47%] [Cov:===========>                       34%]
[Progress:==============>               47%] [Cov:===========>                       34%]
[Progress:==============>               47%] [Cov:===========>                       34%]
[Progress:==============>               47%] [Cov:===========>                       34%]
[Progress:==============>               47%] [Cov:===========>                       34%]
[Progress:==============>               47%] [Cov:===========>                       34%]
[Progress:==============>               47%] [Cov:===========>                       34%]
[Progress:==============>               47%] [Cov:===========>                       34%]
[Progress:==============>               47%] [Cov:===========>                       34%]
[Progress:==============>               47%] [Cov:===========>                       34%]
[Progress:==============>               47%] [Cov:===========>                       34%]
[Progress:==============>               47%] [Cov:===========>                       34%]
[Progress:==============>               47%] [Cov:===========>                       34%]
[Progress:==============>               47%] [Cov:===========>                       34%]
[Progress:==============>               47%] [Cov:===========>                       34%]
[Progress:==============>               47%] [Cov:===========>                       34%]
[Progress:==============>               47%] [Cov:===========>                       34%]
[Progress:==============>               47%] [Cov:===========>                       34%]
[Progress:==============>               47%] [Cov:===========>                       34%]
[Progress:==============>               47%] [Cov:===========>                       34%]
[Progress:==============>               47%] [Cov:===========>                       34%]
[Progress:==============>               47%] [Cov:===========>                       34%]
[Progress:==============>               48%] [Cov:===========>                       33%]
[Progress:==============>               48%] [Cov:===========>                       34%]
[Progress:==============>               48%] [Cov:===========>                       34%]
[Progress:==============>               48%] [Cov:===========>                       34%]
[Progress:==============>               48%] [Cov:===========>                       34%]
[Progress:==============>               48%] [Cov:===========>                       34%]
[Progress:==============>               48%] [Cov:===========>                       34%]
[Progress:==============>               48%] [Cov:===========>                       34%]
[Progress:==============>               48%] [Cov:===========>                       34%]
[Progress:==============>               48%] [Cov:===========>                       34%]
[Progress:==============>               48%] [Cov:===========>                       34%]
[Progress:==============>               48%] [Cov:===========>                       34%]
[Progress:==============>               48%] [Cov:===========>                       34%]
[Progress:==============>               48%] [Cov:===========>                       34%]
[Progress:==============>               48%] [Cov:===========>                       34%]
[Progress:==============>               48%] [Cov:===========>                       34%]
[Progress:==============>               48%] [Cov:===========>                       34%]
[Progress:==============>               48%] [Cov:===========>                       34%]
[Progress:==============>               48%] [Cov:===========>                       34%]
[Progress:==============>               48%] [Cov:===========>                       34%]
[Progress:==============>               48%] [Cov:===========>                       34%]
[Progress:==============>               48%] [Cov:===========>                       34%]
[Progress:==============>               48%] [Cov:===========>                       34%]
[Progress:==============>               48%] [Cov:===========>                       34%]
[Progress:==============>               48%] [Cov:===========>                       34%]
[Progress:==============>               48%] [Cov:===========>                       34%]
[Progress:==============>               48%] [Cov:===========>                       34%]
[Progress:==============>               48%] [Cov:===========>                       34%]
[Progress:==============>               48%] [Cov:===========>                       34%]
[Progress:==============>               48%] [Cov:===========>                       34%]
[Progress:==============>               48%] [Cov:===========>                       34%]
[Progress:==============>               48%] [Cov:===========>                       34%]
[Progress:==============>               48%] [Cov:===========>                       34%]
[Progress:==============>               48%] [Cov:===========>                       34%]
[Progress:==============>               48%] [Cov:===========>                       34%]
[Progress:==============>               48%] [Cov:===========>                       34%]
[Progress:==============>               48%] [Cov:===========>                       34%]
[Progress:==============>               48%] [Cov:===========>                       34%]
[Progress:==============>               48%] [Cov:===========>                       34%]
[Progress:==============>               48%] [Cov:===========>                       34%]
[Progress:==============>               48%] [Cov:===========>                       34%]
[Progress:==============>               48%] [Cov:===========>                       34%]
[Progress:==============>               48%] [Cov:===========>                       34%]
[Progress:==============>               48%] [Cov:===========>                       34%]
[Progress:==============>               49%] [Cov:===========>                       34%]
[Progress:==============>               49%] [Cov:===========>                       34%]
[Progress:==============>               49%] [Cov:===========>                       34%]
[Progress:==============>               49%] [Cov:===========>                       34%]
[Progress:==============>               49%] [Cov:===========>                       34%]
[Progress:==============>               49%] [Cov:===========>                       34%]
[Progress:==============>               49%] [Cov:===========>                       34%]
[Progress:==============>               49%] [Cov:===========>                       34%]
[Progress:==============>               49%] [Cov:===========>                       34%]
[Progress:==============>               49%] [Cov:===========>                       34%]
[Progress:==============>               49%] [Cov:===========>                       34%]
[Progress:==============>               49%] [Cov:===========>                       34%]
[Progress:==============>               49%] [Cov:===========>                       34%]
[Progress:==============>               49%] [Cov:===========>                       34%]
[Progress:==============>               49%] [Cov:===========>                       34%]
[Progress:===============>              50%] [Cov:===========>                       33%]
[Progress:===============>              50%] [Cov:===========>                       34%]
[Progress:===============>              50%] [Cov:===========>                       34%]
[Progress:===============>              50%] [Cov:===========>                       34%]
[Progress:===============>              50%] [Cov:===========>                       34%]
[Progress:===============>              50%] [Cov:===========>                       34%]
[Progress:===============>              50%] [Cov:===========>                       34%]
[Progress:===============>              50%] [Cov:===========>                       34%]
[Progress:===============>              50%] [Cov:===========>                       34%]
[Progress:===============>              50%] [Cov:===========>                       34%]
[Progress:===============>              50%] [Cov:===========>                       34%]
[Progress:===============>              50%] [Cov:===========>                       34%]
[Progress:===============>              50%] [Cov:===========>                       34%]
[Progress:===============>              50%] [Cov:===========>                       34%]
[Progress:===============>              50%] [Cov:===========>                       34%]
[Progress:===============>              50%] [Cov:===========>                       34%]
[Progress:===============>              50%] [Cov:===========>                       34%]
[Progress:===============>              50%] [Cov:===========>                       34%]
[Progress:===============>              50%] [Cov:===========>                       34%]
[Progress:===============>              50%] [Cov:===========>                       34%]
[Progress:===============>              50%] [Cov:===========>                       34%]
[Progress:===============>              50%] [Cov:===========>                       34%]
[Progress:===============>              50%] [Cov:===========>                       34%]
[Progress:===============>              50%] [Cov:===========>                       34%]
[Progress:===============>              50%] [Cov:===========>                       34%]
[Progress:===============>              50%] [Cov:===========>                       34%]
[Progress:===============>              50%] [Cov:===========>                       34%]
[Progress:===============>              50%] [Cov:===========>                       34%]
[Progress:===============>              50%] [Cov:===========>                       34%]
[Progress:===============>              50%] [Cov:===========>                       34%]
[Progress:===============>              50%] [Cov:===========>                       34%]
[Progress:===============>              50%] [Cov:===========>                       34%]
[Progress:===============>              50%] [Cov:===========>                       34%]
[Progress:===============>              50%] [Cov:===========>                       34%]
[Progress:===============>              50%] [Cov:===========>                       34%]
[Progress:===============>              50%] [Cov:===========>                       34%]
[Progress:===============>              50%] [Cov:===========>                       34%]
[Progress:===============>              50%] [Cov:===========>                       34%]
[Progress:===============>              50%] [Cov:===========>                       34%]
[Progress:===============>              50%] [Cov:===========>                       34%]
[Progress:===============>              50%] [Cov:===========>                       34%]
[Progress:===============>              50%] [Cov:===========>                       34%]
[Progress:===============>              51%] [Cov:===========>                       34%]
[Progress:===============>              51%] [Cov:===========>                       34%]
[Progress:===============>              51%] [Cov:===========>                       34%]
[Progress:===============>              51%] [Cov:===========>                       34%]
[Progress:===============>              51%] [Cov:===========>                       34%]
[Progress:===============>              51%] [Cov:===========>                       34%]
[Progress:===============>              51%] [Cov:===========>                       34%]
[Progress:===============>              51%] [Cov:===========>                       34%]
[Progress:===============>              51%] [Cov:===========>                       34%]
[Progress:===============>              51%] [Cov:===========>                       34%]
[Progress:===============>              51%] [Cov:===========>                       34%]
[Progress:===============>              51%] [Cov:===========>                       34%]
[Progress:===============>              51%] [Cov:===========>                       34%]
[Progress:===============>              51%] [Cov:===========>                       34%]
[Progress:===============>              51%] [Cov:===========>                       34%]
[Progress:===============>              51%] [Cov:===========>                       34%]
[Progress:===============>              51%] [Cov:===========>                       34%]
[Progress:===============>              51%] [Cov:===========>                       34%]
[Progress:===============>              51%] [Cov:===========>                       34%]
[Progress:===============>              51%] [Cov:===========>                       34%]
[Progress:===============>              51%] [Cov:===========>                       34%]
[Progress:===============>              52%] [Cov:==========>                        29%]
[Progress:===============>              52%] [Cov:===========>                       33%]
[Progress:===============>              52%] [Cov:===========>                       34%]
[Progress:===============>              52%] [Cov:===========>                       34%]
[Progress:===============>              52%] [Cov:===========>                       34%]
[Progress:===============>              52%] [Cov:===========>                       34%]
[Progress:===============>              52%] [Cov:===========>                       34%]
[Progress:===============>              52%] [Cov:===========>                       34%]
[Progress:===============>              52%] [Cov:===========>                       34%]
[Progress:===============>              52%] [Cov:===========>                       34%]
[Progress:===============>              52%] [Cov:===========>                       34%]
[Progress:===============>              52%] [Cov:===========>                       34%]
[Progress:===============>              52%] [Cov:===========>                       34%]
[Progress:===============>              52%] [Cov:===========>                       34%]
[Progress:===============>              52%] [Cov:===========>                       34%]
[Progress:===============>              52%] [Cov:===========>                       34%]
[Progress:===============>              52%] [Cov:===========>                       34%]
[Progress:===============>              52%] [Cov:===========>                       34%]
[Progress:===============>              52%] [Cov:===========>                       34%]
[Progress:===============>              52%] [Cov:===========>                       34%]
[Progress:===============>              52%] [Cov:===========>                       34%]
[Progress:===============>              52%] [Cov:===========>                       34%]
[Progress:===============>              52%] [Cov:===========>                       34%]
[Progress:===============>              52%] [Cov:===========>                       34%]
[Progress:===============>              52%] [Cov:===========>                       34%]
[Progress:===============>              52%] [Cov:===========>                       34%]
[Progress:===============>              52%] [Cov:===========>                       34%]
[Progress:===============>              52%] [Cov:===========>                       34%]
[Progress:===============>              52%] [Cov:===========>                       34%]
[Progress:===============>              52%] [Cov:===========>                       34%]
[Progress:===============>              52%] [Cov:===========>                       34%]
[Progress:===============>              52%] [Cov:===========>                       34%]
[Progress:===============>              52%] [Cov:===========>                       34%]
[Progress:===============>              52%] [Cov:===========>                       34%]
[Progress:===============>              52%] [Cov:===========>                       34%]
[Progress:===============>              52%] [Cov:===========>                       34%]
[Progress:===============>              52%] [Cov:===========>                       34%]
[Progress:===============>              52%] [Cov:===========>                       34%]
[Progress:===============>              52%] [Cov:===========>                       34%]
[Progress:===============>              52%] [Cov:===========>                       34%]
[Progress:===============>              52%] [Cov:===========>                       34%]
[Progress:===============>              52%] [Cov:===========>                       34%]
[Progress:===============>              52%] [Cov:===========>                       34%]
[Progress:===============>              53%] [Cov:===========>                       34%]
[Progress:===============>              53%] [Cov:===========>                       34%]
[Progress:===============>              53%] [Cov:===========>                       34%]
[Progress:===============>              53%] [Cov:===========>                       34%]
[Progress:===============>              53%] [Cov:===========>                       34%]
[Progress:===============>              53%] [Cov:===========>                       34%]
[Progress:===============>              53%] [Cov:===========>                       34%]
[Progress:===============>              53%] [Cov:===========>                       34%]
[Progress:===============>              53%] [Cov:===========>                       34%]
[Progress:===============>              53%] [Cov:===========>                       34%]
[Progress:===============>              53%] [Cov:===========>                       34%]
[Progress:===============>              53%] [Cov:===========>                       34%]
[Progress:===============>              53%] [Cov:===========>                       34%]
[Progress:===============>              53%] [Cov:===========>                       34%]
[Progress:===============>              53%] [Cov:===========>                       34%]
[Progress:================>             54%] [Cov:===========>                       34%]
[Progress:================>             54%] [Cov:===========>                       34%]
[Progress:================>             54%] [Cov:===========>                       34%]
[Progress:================>             54%] [Cov:===========>                       34%]
[Progress:================>             54%] [Cov:===========>                       34%]
[Progress:================>             54%] [Cov:===========>                       34%]
[Progress:================>             54%] [Cov:===========>                       34%]
[Progress:================>             54%] [Cov:===========>                       34%]
[Progress:================>             54%] [Cov:===========>                       34%]
[Progress:================>             54%] [Cov:===========>                       34%]
[Progress:================>             54%] [Cov:===========>                       34%]
[Progress:================>             54%] [Cov:===========>                       34%]
[Progress:================>             54%] [Cov:===========>                       34%]
[Progress:================>             54%] [Cov:===========>                       34%]
[Progress:================>             54%] [Cov:===========>                       34%]
[Progress:================>             54%] [Cov:===========>                       34%]
[Progress:================>             54%] [Cov:===========>                       34%]
[Progress:================>             54%] [Cov:===========>                       34%]
[Progress:================>             54%] [Cov:===========>                       34%]
[Progress:================>             54%] [Cov:===========>                       34%]
[Progress:================>             54%] [Cov:===========>                       34%]
[Progress:================>             54%] [Cov:===========>                       34%]
[Progress:================>             54%] [Cov:===========>                       34%]
[Progress:================>             54%] [Cov:===========>                       34%]
[Progress:================>             54%] [Cov:===========>                       34%]
[Progress:================>             54%] [Cov:===========>                       34%]
[Progress:================>             54%] [Cov:===========>                       34%]
[Progress:================>             54%] [Cov:===========>                       34%]
[Progress:================>             54%] [Cov:===========>                       34%]
[Progress:================>             54%] [Cov:===========>                       34%]
[Progress:================>             54%] [Cov:===========>                       34%]
[Progress:================>             54%] [Cov:===========>                       34%]
[Progress:================>             54%] [Cov:===========>                       34%]
[Progress:================>             54%] [Cov:===========>                       34%]
[Progress:================>             54%] [Cov:===========>                       34%]
[Progress:================>             54%] [Cov:===========>                       34%]
[Progress:================>             54%] [Cov:===========>                       34%]
[Progress:================>             54%] [Cov:===========>                       34%]
[Progress:================>             54%] [Cov:===========>                       34%]
[Progress:================>             54%] [Cov:===========>                       34%]
[Progress:================>             54%] [Cov:===========>                       34%]
[Progress:================>             54%] [Cov:===========>                       34%]
[Progress:================>             54%] [Cov:===========>                       34%]
[Progress:================>             55%] [Cov:===========>                       34%]
[Progress:================>             55%] [Cov:===========>                       34%]
[Progress:================>             55%] [Cov:===========>                       34%]
[Progress:================>             55%] [Cov:===========>                       34%]
[Progress:================>             55%] [Cov:===========>                       34%]
[Progress:================>             55%] [Cov:===========>                       34%]
[Progress:================>             55%] [Cov:===========>                       34%]
[Progress:================>             55%] [Cov:===========>                       34%]
[Progress:================>             55%] [Cov:===========>                       34%]
[Progress:================>             55%] [Cov:===========>                       34%]
[Progress:================>             55%] [Cov:===========>                       34%]
[Progress:================>             55%] [Cov:===========>                       34%]
[Progress:================>             55%] [Cov:===========>                       34%]
[Progress:================>             55%] [Cov:===========>                       34%]
[Progress:================>             55%] [Cov:===========>                       34%]
[Progress:================>             55%] [Cov:===========>                       34%]
[Progress:================>             55%] [Cov:===========>                       34%]
[Progress:================>             55%] [Cov:===========>                       34%]
[Progress:================>             55%] [Cov:===========>                       34%]
[Progress:================>             55%] [Cov:===========>                       34%]
[Progress:================>             55%] [Cov:===========>                       34%]
[Progress:================>             55%] [Cov:===========>                       34%]
[Progress:================>             56%] [Cov:===========>                       34%]
[Progress:================>             56%] [Cov:===========>                       34%]
[Progress:================>             56%] [Cov:===========>                       34%]
[Progress:================>             56%] [Cov:===========>                       34%]
[Progress:================>             56%] [Cov:===========>                       34%]
[Progress:================>             56%] [Cov:===========>                       34%]
[Progress:================>             56%] [Cov:===========>                       34%]
[Progress:================>             56%] [Cov:===========>                       34%]
[Progress:================>             56%] [Cov:===========>                       34%]
[Progress:================>             56%] [Cov:===========>                       34%]
[Progress:================>             56%] [Cov:===========>                       34%]
[Progress:================>             56%] [Cov:===========>                       34%]
[Progress:================>             56%] [Cov:===========>                       34%]
[Progress:================>             56%] [Cov:===========>                       34%]
[Progress:================>             56%] [Cov:===========>                       34%]
[Progress:================>             56%] [Cov:===========>                       34%]
[Progress:================>             56%] [Cov:===========>                       34%]
[Progress:================>             56%] [Cov:===========>                       34%]
[Progress:================>             56%] [Cov:===========>                       34%]
[Progress:================>             56%] [Cov:===========>                       34%]
[Progress:================>             56%] [Cov:===========>                       34%]
[Progress:================>             56%] [Cov:===========>                       34%]
[Progress:================>             56%] [Cov:===========>                       34%]
[Progress:================>             56%] [Cov:===========>                       34%]
[Progress:================>             56%] [Cov:===========>                       34%]
[Progress:================>             56%] [Cov:===========>                       34%]
[Progress:================>             56%] [Cov:===========>                       34%]
[Progress:================>             56%] [Cov:===========>                       34%]
[Progress:================>             56%] [Cov:===========>                       34%]
[Progress:================>             56%] [Cov:===========>                       34%]
[Progress:================>             56%] [Cov:===========>                       34%]
[Progress:================>             56%] [Cov:===========>                       34%]
[Progress:================>             56%] [Cov:===========>                       34%]
[Progress:================>             56%] [Cov:===========>                       34%]
[Progress:================>             56%] [Cov:===========>                       34%]
[Progress:================>             56%] [Cov:===========>                       34%]
[Progress:================>             56%] [Cov:===========>                       34%]
[Progress:================>             56%] [Cov:===========>                       34%]
[Progress:================>             56%] [Cov:===========>                       34%]
[Progress:================>             56%] [Cov:===========>                       34%]
[Progress:================>             56%] [Cov:===========>                       34%]
[Progress:================>             56%] [Cov:===========>                       34%]
[Progress:================>             56%] [Cov:===========>                       34%]
[Progress:=================>            57%] [Cov:===========>                       33%]
[Progress:=================>            57%] [Cov:===========>                       34%]
[Progress:=================>            57%] [Cov:===========>                       34%]
[Progress:=================>            57%] [Cov:===========>                       34%]
[Progress:=================>            57%] [Cov:===========>                       34%]
[Progress:=================>            57%] [Cov:===========>                       34%]
[Progress:=================>            57%] [Cov:===========>                       34%]
[Progress:=================>            57%] [Cov:===========>                       34%]
[Progress:=================>            57%] [Cov:===========>                       34%]
[Progress:=================>            57%] [Cov:===========>                       34%]
[Progress:=================>            57%] [Cov:===========>                       34%]
[Progress:=================>            57%] [Cov:===========>                       34%]
[Progress:=================>            57%] [Cov:===========>                       34%]
[Progress:=================>            57%] [Cov:===========>                       34%]
[Progress:=================>            57%] [Cov:===========>                       34%]
[Progress:=================>            57%] [Cov:===========>                       34%]
[Progress:=================>            57%] [Cov:===========>                       34%]
[Progress:=================>            57%] [Cov:===========>                       34%]
[Progress:=================>            57%] [Cov:===========>                       34%]
[Progress:=================>            57%] [Cov:===========>                       34%]
[Progress:=================>            57%] [Cov:===========>                       34%]
[Progress:=================>            58%] [Cov:===========>                       34%]
[Progress:=================>            58%] [Cov:===========>                       34%]
[Progress:=================>            58%] [Cov:===========>                       34%]
[Progress:=================>            58%] [Cov:===========>                       34%]
[Progress:=================>            58%] [Cov:===========>                       34%]
[Progress:=================>            58%] [Cov:===========>                       34%]
[Progress:=================>            58%] [Cov:===========>                       34%]
[Progress:=================>            58%] [Cov:===========>                       34%]
[Progress:=================>            58%] [Cov:===========>                       34%]
[Progress:=================>            58%] [Cov:===========>                       34%]
[Progress:=================>            58%] [Cov:===========>                       34%]
[Progress:=================>            58%] [Cov:===========>                       34%]
[Progress:=================>            58%] [Cov:===========>                       34%]
[Progress:=================>            58%] [Cov:===========>                       34%]
[Progress:=================>            58%] [Cov:===========>                       34%]
[Progress:=================>            58%] [Cov:===========>                       34%]
[Progress:=================>            58%] [Cov:===========>                       34%]
[Progress:=================>            58%] [Cov:===========>                       34%]
[Progress:=================>            58%] [Cov:===========>                       34%]
[Progress:=================>            58%] [Cov:===========>                       34%]
[Progress:=================>            58%] [Cov:===========>                       34%]
[Progress:=================>            58%] [Cov:===========>                       34%]
[Progress:=================>            58%] [Cov:===========>                       34%]
[Progress:=================>            58%] [Cov:===========>                       34%]
[Progress:=================>            58%] [Cov:===========>                       34%]
[Progress:=================>            58%] [Cov:===========>                       34%]
[Progress:=================>            58%] [Cov:===========>                       34%]
[Progress:=================>            58%] [Cov:===========>                       34%]
[Progress:=================>            58%] [Cov:===========>                       34%]
[Progress:=================>            58%] [Cov:===========>                       34%]
[Progress:=================>            58%] [Cov:===========>                       34%]
[Progress:=================>            58%] [Cov:===========>                       34%]
[Progress:=================>            58%] [Cov:===========>                       34%]
[Progress:=================>            58%] [Cov:===========>                       34%]
[Progress:=================>            58%] [Cov:===========>                       34%]
[Progress:=================>            58%] [Cov:===========>                       34%]
[Progress:=================>            58%] [Cov:===========>                       34%]
[Progress:=================>            58%] [Cov:===========>                       34%]
[Progress:=================>            58%] [Cov:===========>                       34%]
[Progress:=================>            59%] [Cov:===========>                       34%]
[Progress:=================>            59%] [Cov:===========>                       34%]
[Progress:=================>            59%] [Cov:===========>                       34%]
[Progress:=================>            59%] [Cov:===========>                       34%]
[Progress:=================>            59%] [Cov:===========>                       34%]
[Progress:=================>            59%] [Cov:===========>                       34%]
[Progress:=================>            59%] [Cov:===========>                       34%]
[Progress:=================>            59%] [Cov:===========>                       34%]
[Progress:=================>            59%] [Cov:===========>                       34%]
[Progress:=================>            59%] [Cov:===========>                       34%]
[Progress:=================>            59%] [Cov:===========>                       34%]
[Progress:=================>            59%] [Cov:===========>                       34%]
[Progress:=================>            59%] [Cov:===========>                       34%]
[Progress:=================>            59%] [Cov:===========>                       34%]
[Progress:=================>            59%] [Cov:===========>                       34%]
[Progress:=================>            59%] [Cov:===========>                       34%]
[Progress:=================>            59%] [Cov:===========>                       34%]
[Progress:=================>            59%] [Cov:===========>                       34%]
[Progress:=================>            59%] [Cov:===========>                       34%]
[Progress:=================>            59%] [Cov:===========>                       34%]
[Progress:==================>           60%] [Cov:===========>                       34%]
[Progress:==================>           60%] [Cov:===========>                       34%]
[Progress:==================>           60%] [Cov:===========>                       34%]
[Progress:==================>           60%] [Cov:===========>                       34%]
[Progress:==================>           60%] [Cov:===========>                       34%]
[Progress:==================>           60%] [Cov:===========>                       34%]
[Progress:==================>           60%] [Cov:===========>                       34%]
[Progress:==================>           60%] [Cov:===========>                       34%]
[Progress:==================>           60%] [Cov:===========>                       34%]
[Progress:==================>           60%] [Cov:===========>                       34%]
[Progress:==================>           60%] [Cov:===========>                       34%]
[Progress:==================>           60%] [Cov:===========>                       34%]
[Progress:==================>           60%] [Cov:===========>                       34%]
[Progress:==================>           60%] [Cov:===========>                       34%]
[Progress:==================>           60%] [Cov:===========>                       34%]
[Progress:==================>           60%] [Cov:===========>                       34%]
[Progress:==================>           60%] [Cov:===========>                       34%]
[Progress:==================>           60%] [Cov:===========>                       34%]
[Progress:==================>           60%] [Cov:===========>                       34%]
[Progress:==================>           60%] [Cov:===========>                       34%]
[Progress:==================>           60%] [Cov:===========>                       34%]
[Progress:==================>           60%] [Cov:===========>                       34%]
[Progress:==================>           60%] [Cov:===========>                       34%]
[Progress:==================>           60%] [Cov:===========>                       34%]
[Progress:==================>           60%] [Cov:===========>                       34%]
[Progress:==================>           60%] [Cov:===========>                       34%]
[Progress:==================>           60%] [Cov:===========>                       34%]
[Progress:==================>           60%] [Cov:===========>                       34%]
[Progress:==================>           60%] [Cov:===========>                       34%]
[Progress:==================>           60%] [Cov:===========>                       34%]
[Progress:==================>           60%] [Cov:===========>                       34%]
[Progress:==================>           60%] [Cov:===========>                       34%]
[Progress:==================>           60%] [Cov:===========>                       34%]
[Progress:==================>           60%] [Cov:===========>                       34%]
[Progress:==================>           60%] [Cov:===========>                       34%]
[Progress:==================>           60%] [Cov:===========>                       34%]
[Progress:==================>           60%] [Cov:===========>                       34%]
[Progress:==================>           60%] [Cov:===========>                       34%]
[Progress:==================>           61%] [Cov:===========>                       34%]
[Progress:==================>           61%] [Cov:===========>                       34%]
[Progress:==================>           61%] [Cov:===========>                       34%]
[Progress:==================>           61%] [Cov:===========>                       34%]
[Progress:==================>           61%] [Cov:===========>                       34%]
[Progress:==================>           61%] [Cov:===========>                       34%]
[Progress:==================>           61%] [Cov:===========>                       34%]
[Progress:==================>           61%] [Cov:===========>                       34%]
[Progress:==================>           61%] [Cov:===========>                       34%]
[Progress:==================>           61%] [Cov:===========>                       34%]
[Progress:==================>           61%] [Cov:===========>                       34%]
[Progress:==================>           61%] [Cov:===========>                       34%]
[Progress:==================>           61%] [Cov:===========>                       34%]
[Progress:==================>           61%] [Cov:===========>                       34%]
[Progress:==================>           61%] [Cov:===========>                       34%]
[Progress:==================>           61%] [Cov:===========>                       34%]
[Progress:==================>           61%] [Cov:===========>                       34%]
[Progress:==================>           61%] [Cov:===========>                       34%]
[Progress:==================>           61%] [Cov:===========>                       34%]
[Progress:==================>           61%] [Cov:===========>                       34%]
[Progress:==================>           62%] [Cov:===========>                       33%]
[Progress:==================>           62%] [Cov:===========>                       34%]
[Progress:==================>           62%] [Cov:===========>                       34%]
[Progress:==================>           62%] [Cov:===========>                       34%]
[Progress:==================>           62%] [Cov:===========>                       34%]
[Progress:==================>           62%] [Cov:===========>                       34%]
[Progress:==================>           62%] [Cov:===========>                       34%]
[Progress:==================>           62%] [Cov:===========>                       34%]
[Progress:==================>           62%] [Cov:===========>                       34%]
[Progress:==================>           62%] [Cov:===========>                       34%]
[Progress:==================>           62%] [Cov:===========>                       34%]
[Progress:==================>           62%] [Cov:===========>                       34%]
[Progress:==================>           62%] [Cov:===========>                       34%]
[Progress:==================>           62%] [Cov:===========>                       34%]
[Progress:==================>           62%] [Cov:===========>                       34%]
[Progress:==================>           62%] [Cov:===========>                       34%]
[Progress:==================>           62%] [Cov:===========>                       34%]
[Progress:==================>           62%] [Cov:===========>                       34%]
[Progress:==================>           62%] [Cov:===========>                       34%]
[Progress:==================>           62%] [Cov:===========>                       34%]
[Progress:==================>           62%] [Cov:===========>                       34%]
[Progress:==================>           62%] [Cov:===========>                       34%]
[Progress:==================>           62%] [Cov:===========>                       34%]
[Progress:==================>           62%] [Cov:===========>                       34%]
[Progress:==================>           62%] [Cov:===========>                       34%]
[Progress:==================>           62%] [Cov:===========>                       34%]
[Progress:==================>           62%] [Cov:===========>                       34%]
[Progress:==================>           62%] [Cov:===========>                       34%]
[Progress:==================>           62%] [Cov:===========>                       34%]
[Progress:==================>           62%] [Cov:===========>                       34%]
[Progress:==================>           62%] [Cov:===========>                       34%]
[Progress:==================>           62%] [Cov:===========>                       34%]
[Progress:==================>           62%] [Cov:===========>                       34%]
[Progress:==================>           62%] [Cov:===========>                       34%]
[Progress:==================>           62%] [Cov:===========>                       34%]
[Progress:==================>           62%] [Cov:===========>                       34%]
[Progress:==================>           62%] [Cov:===========>                       34%]
[Progress:==================>           62%] [Cov:===========>                       34%]
[Progress:==================>           62%] [Cov:===========>                       34%]
[Progress:==================>           63%] [Cov:===========>                       32%]
[Progress:==================>           63%] [Cov:===========>                       34%]
[Progress:==================>           63%] [Cov:===========>                       34%]
[Progress:==================>           63%] [Cov:===========>                       34%]
[Progress:==================>           63%] [Cov:===========>                       34%]
[Progress:==================>           63%] [Cov:===========>                       34%]
[Progress:==================>           63%] [Cov:===========>                       34%]
[Progress:==================>           63%] [Cov:===========>                       34%]
[Progress:==================>           63%] [Cov:===========>                       34%]
[Progress:==================>           63%] [Cov:===========>                       34%]
[Progress:==================>           63%] [Cov:===========>                       34%]
[Progress:==================>           63%] [Cov:===========>                       34%]
[Progress:==================>           63%] [Cov:===========>                       34%]
[Progress:==================>           63%] [Cov:===========>                       34%]
[Progress:==================>           63%] [Cov:===========>                       34%]
[Progress:==================>           63%] [Cov:===========>                       34%]
[Progress:==================>           63%] [Cov:===========>                       34%]
[Progress:==================>           63%] [Cov:===========>                       34%]
[Progress:==================>           63%] [Cov:===========>                       34%]
[Progress:==================>           63%] [Cov:===========>                       34%][MASTER] 21:41:07.982 [logback-1] WARN  TestChromosome - Functional mock problem: org.evosuite.ga.ConstructionFailedException: Failed to add constructor for org.mockito.internal.stubbing.StubbedInvocationMatcher due to org.evosuite.ga.ConstructionFailedException: Failed to add constructor for org.mockito.internal.invocation.InvocationMatcher due to org.evosuite.ga.ConstructionFailedException: Failed to add constructor for org.mockito.internal.invocation.InvocationImpl due to org.evosuite.ga.ConstructionFailedException: Failed to add constructor for org.mockito.internal.creation.settings.CreationSettings due to org.evosuite.ga.ConstructionFailedException: Max recursion depth reached

[Progress:===================>          64%] [Cov:===========>                       33%]
[Progress:===================>          64%] [Cov:===========>                       34%]
[Progress:===================>          64%] [Cov:===========>                       34%]
[Progress:===================>          64%] [Cov:===========>                       34%]
[Progress:===================>          64%] [Cov:===========>                       34%]
[Progress:===================>          64%] [Cov:===========>                       34%]
[Progress:===================>          64%] [Cov:===========>                       34%]
[Progress:===================>          64%] [Cov:===========>                       34%]
[Progress:===================>          64%] [Cov:===========>                       34%]
[Progress:===================>          64%] [Cov:===========>                       34%]
[Progress:===================>          64%] [Cov:===========>                       34%]
[Progress:===================>          64%] [Cov:===========>                       34%]
[Progress:===================>          64%] [Cov:===========>                       34%]
[Progress:===================>          64%] [Cov:===========>                       34%]
[Progress:===================>          64%] [Cov:===========>                       34%]
[Progress:===================>          64%] [Cov:===========>                       34%]
[Progress:===================>          64%] [Cov:===========>                       34%]
[Progress:===================>          64%] [Cov:===========>                       34%]
[Progress:===================>          64%] [Cov:===========>                       34%]
[Progress:===================>          64%] [Cov:===========>                       34%]
[Progress:===================>          64%] [Cov:===========>                       34%]
[Progress:===================>          64%] [Cov:===========>                       34%]
[Progress:===================>          64%] [Cov:===========>                       34%]
[Progress:===================>          64%] [Cov:===========>                       34%]
[Progress:===================>          64%] [Cov:===========>                       34%]
[Progress:===================>          64%] [Cov:===========>                       34%]
[Progress:===================>          64%] [Cov:===========>                       34%]
[Progress:===================>          64%] [Cov:===========>                       34%]
[Progress:===================>          64%] [Cov:===========>                       34%]
[Progress:===================>          64%] [Cov:===========>                       34%]
[Progress:===================>          64%] [Cov:===========>                       34%]
[Progress:===================>          64%] [Cov:===========>                       34%]
[Progress:===================>          64%] [Cov:===========>                       34%][MASTER] 21:41:09.519 [logback-1] WARN  TestChromosome - Functional mock problem: org.evosuite.ga.ConstructionFailedException: Failed to add constructor for org.mockito.internal.stubbing.StubbedInvocationMatcher due to org.evosuite.ga.ConstructionFailedException: Failed to add constructor for org.mockito.internal.invocation.InvocationMatcher due to org.evosuite.ga.ConstructionFailedException: Failed to add constructor for org.mockito.internal.invocation.InvocationImpl due to org.evosuite.ga.ConstructionFailedException: Failed to add constructor for org.mockito.internal.stubbing.StubbedInvocationMatcher due to org.evosuite.ga.ConstructionFailedException: Failed to add constructor for org.mockito.internal.invocation.InvocationMatcher due to org.evosuite.ga.ConstructionFailedException: Max recursion depth reached

[Progress:===================>          64%] [Cov:===========>                       34%]
[Progress:===================>          64%] [Cov:===========>                       34%]
[Progress:===================>          64%] [Cov:===========>                       34%]
[Progress:===================>          64%] [Cov:===========>                       34%]
[Progress:===================>          64%] [Cov:===========>                       34%]
[Progress:===================>          64%] [Cov:===========>                       34%]
[Progress:===================>          64%] [Cov:===========>                       34%]
[Progress:===================>          64%] [Cov:===========>                       34%]
[Progress:===================>          64%] [Cov:===========>                       34%]
[Progress:===================>          65%] [Cov:===========>                       34%]
[Progress:===================>          65%] [Cov:===========>                       34%]
[Progress:===================>          65%] [Cov:===========>                       34%]
[Progress:===================>          65%] [Cov:===========>                       34%]
[Progress:===================>          65%] [Cov:===========>                       34%]
[Progress:===================>          65%] [Cov:===========>                       34%]
[Progress:===================>          65%] [Cov:===========>                       34%]
[Progress:===================>          65%] [Cov:===========>                       34%]
[Progress:===================>          65%] [Cov:===========>                       34%]
[Progress:===================>          65%] [Cov:===========>                       34%]
[Progress:===================>          65%] [Cov:===========>                       34%]
[Progress:===================>          65%] [Cov:===========>                       34%]
[Progress:===================>          65%] [Cov:===========>                       34%]
[Progress:===================>          65%] [Cov:===========>                       34%]
[Progress:===================>          65%] [Cov:===========>                       34%]
[Progress:===================>          65%] [Cov:===========>                       34%]
[Progress:===================>          65%] [Cov:===========>                       34%]
[Progress:===================>          65%] [Cov:===========>                       34%]
[Progress:===================>          65%] [Cov:===========>                       34%]
[Progress:===================>          66%] [Cov:===========>                       34%]
[Progress:===================>          66%] [Cov:===========>                       34%]
[Progress:===================>          66%] [Cov:===========>                       34%]
[Progress:===================>          66%] [Cov:===========>                       34%]
[Progress:===================>          66%] [Cov:===========>                       34%]
[Progress:===================>          66%] [Cov:===========>                       34%]
[Progress:===================>          66%] [Cov:===========>                       34%]
[Progress:===================>          66%] [Cov:===========>                       34%]
[Progress:===================>          66%] [Cov:===========>                       34%]
[Progress:===================>          66%] [Cov:===========>                       34%]
[Progress:===================>          66%] [Cov:===========>                       34%]
[Progress:===================>          66%] [Cov:===========>                       34%]
[Progress:===================>          66%] [Cov:===========>                       34%]
[Progress:===================>          66%] [Cov:===========>                       34%]
[Progress:===================>          66%] [Cov:===========>                       34%]
[Progress:===================>          66%] [Cov:===========>                       34%]
[Progress:===================>          66%] [Cov:===========>                       34%]
[Progress:===================>          66%] [Cov:===========>                       34%]
[Progress:===================>          66%] [Cov:===========>                       34%]
[Progress:===================>          66%] [Cov:===========>                       34%]
[Progress:===================>          66%] [Cov:===========>                       34%]
[Progress:===================>          66%] [Cov:===========>                       34%]
[Progress:===================>          66%] [Cov:===========>                       34%]
[Progress:===================>          66%] [Cov:===========>                       34%]
[Progress:===================>          66%] [Cov:===========>                       34%]
[Progress:===================>          66%] [Cov:===========>                       34%]
[Progress:===================>          66%] [Cov:===========>                       34%]
[Progress:===================>          66%] [Cov:===========>                       34%]
[Progress:===================>          66%] [Cov:===========>                       34%]
[Progress:===================>          66%] [Cov:===========>                       34%]
[Progress:===================>          66%] [Cov:===========>                       34%]
[Progress:===================>          66%] [Cov:===========>                       34%]
[Progress:===================>          66%] [Cov:===========>                       34%]
[Progress:===================>          66%] [Cov:===========>                       34%]
[Progress:===================>          66%] [Cov:===========>                       34%]
[Progress:===================>          66%] [Cov:===========>                       34%]
[Progress:===================>          66%] [Cov:===========>                       34%]
[Progress:===================>          66%] [Cov:===========>                       34%]
[Progress:===================>          66%] [Cov:===========>                       34%]
[Progress:====================>         67%] [Cov:===========>                       34%]
[Progress:====================>         67%] [Cov:===========>                       34%]
[Progress:====================>         67%] [Cov:===========>                       34%]
[Progress:====================>         67%] [Cov:===========>                       34%][MASTER] 21:41:13.171 [logback-1] WARN  TestChromosome - Functional mock problem: org.evosuite.ga.ConstructionFailedException: Have no generator for class org.mockito.internal.stubbing.StubbedInvocationMatcher canUseFunctionalMocks=false, canBeMocked: true

[Progress:====================>         67%] [Cov:===========>                       34%]
[Progress:====================>         67%] [Cov:===========>                       34%]
[Progress:====================>         67%] [Cov:===========>                       34%]
[Progress:====================>         67%] [Cov:===========>                       34%]
[Progress:====================>         67%] [Cov:===========>                       34%]
[Progress:====================>         67%] [Cov:===========>                       34%]
[Progress:====================>         67%] [Cov:===========>                       34%]
[Progress:====================>         67%] [Cov:===========>                       34%]
[Progress:====================>         67%] [Cov:===========>                       34%][MASTER] 21:41:13.705 [logback-1] WARN  TestChromosome - Functional mock problem: org.evosuite.ga.ConstructionFailedException: Have no generator for class java.lang.reflect.AccessibleObject canUseFunctionalMocks=false, canBeMocked: true

[Progress:====================>         67%] [Cov:===========>                       34%]
[Progress:====================>         67%] [Cov:===========>                       34%]
[Progress:====================>         67%] [Cov:===========>                       34%]
[Progress:====================>         67%] [Cov:===========>                       34%]
[Progress:====================>         68%] [Cov:===========>                       34%]
[Progress:====================>         68%] [Cov:===========>                       34%]
[Progress:====================>         68%] [Cov:===========>                       34%]
[Progress:====================>         68%] [Cov:===========>                       34%]
[Progress:====================>         68%] [Cov:===========>                       34%]
[Progress:====================>         68%] [Cov:===========>                       34%]
[Progress:====================>         68%] [Cov:===========>                       34%]
[Progress:====================>         68%] [Cov:===========>                       34%]
[Progress:====================>         68%] [Cov:===========>                       34%]
[Progress:====================>         68%] [Cov:===========>                       34%]
[Progress:====================>         68%] [Cov:===========>                       34%]
[Progress:====================>         68%] [Cov:===========>                       34%]
[Progress:====================>         68%] [Cov:===========>                       34%]
[Progress:====================>         68%] [Cov:===========>                       34%]
[Progress:====================>         68%] [Cov:===========>                       34%]
[Progress:====================>         68%] [Cov:===========>                       34%]
[Progress:====================>         68%] [Cov:===========>                       34%]
[Progress:====================>         68%] [Cov:===========>                       34%]
[Progress:====================>         68%] [Cov:===========>                       34%][MASTER] 21:41:15.346 [logback-1] WARN  TestChromosome - Functional mock problem: org.evosuite.ga.ConstructionFailedException: Failed to add constructor for org.mockito.internal.invocation.InvocationImpl due to org.evosuite.ga.ConstructionFailedException: Failed to add constructor for org.mockito.internal.invocation.realmethod.FilteredCGLIBProxyRealMethod due to org.evosuite.ga.ConstructionFailedException: Failed to add constructor for org.mockito.internal.creation.DelegatingMockitoMethodProxy due to org.evosuite.ga.ConstructionFailedException: Max recursion depth reached

[Progress:====================>         68%] [Cov:===========>                       34%]
[Progress:====================>         68%] [Cov:===========>                       34%]
[Progress:====================>         68%] [Cov:===========>                       34%]
[Progress:====================>         68%] [Cov:===========>                       34%]
[Progress:====================>         68%] [Cov:===========>                       34%]
[Progress:====================>         68%] [Cov:===========>                       34%]
[Progress:====================>         68%] [Cov:===========>                       34%]
[Progress:====================>         69%] [Cov:==========>                        29%]
[Progress:====================>         69%] [Cov:===========>                       34%]
[Progress:====================>         69%] [Cov:===========>                       34%]
[Progress:====================>         69%] [Cov:===========>                       34%]
[Progress:====================>         69%] [Cov:===========>                       34%]
[Progress:====================>         69%] [Cov:===========>                       34%]
[Progress:====================>         69%] [Cov:===========>                       34%]
[Progress:====================>         69%] [Cov:===========>                       34%]
[Progress:====================>         69%] [Cov:===========>                       34%]
[Progress:====================>         69%] [Cov:===========>                       34%][MASTER] 21:41:16.531 [logback-1] WARN  TestChromosome - Functional mock problem: org.evosuite.ga.ConstructionFailedException: Failed to add constructor for org.mockito.internal.invocation.InvocationImpl due to org.evosuite.ga.ConstructionFailedException: Have no generator for org.mockito.internal.creation.settings.CreationSettings<org.mockito.internal.stubbing.StubbedInvocationMatcher> canUseFunctionalMocks=false, canBeMocked: true
[MASTER] 21:41:16.697 [logback-1] WARN  TestCluster - Failed to check cache for org.mockito.internal.creation.settings.CreationSettings<T> : Type points to itself

[Progress:====================>         69%] [Cov:===========>                       34%]
[Progress:====================>         69%] [Cov:===========>                       34%]
[Progress:====================>         69%] [Cov:===========>                       34%]
[Progress:====================>         69%] [Cov:===========>                       34%]
[Progress:====================>         69%] [Cov:===========>                       34%]
[Progress:=====================>        70%] [Cov:===========>                       34%]
[Progress:=====================>        70%] [Cov:===========>                       34%]
[Progress:=====================>        70%] [Cov:===========>                       34%]
[Progress:=====================>        70%] [Cov:===========>                       34%]
[Progress:=====================>        70%] [Cov:===========>                       34%]
[Progress:=====================>        70%] [Cov:===========>                       34%]
[Progress:=====================>        70%] [Cov:===========>                       34%]
[Progress:=====================>        70%] [Cov:===========>                       34%]
[Progress:=====================>        70%] [Cov:===========>                       34%]
[Progress:=====================>        70%] [Cov:===========>                       34%]
[Progress:=====================>        70%] [Cov:===========>                       34%]
[Progress:=====================>        70%] [Cov:===========>                       34%]
[Progress:=====================>        70%] [Cov:===========>                       34%]
[Progress:=====================>        70%] [Cov:===========>                       34%]
[Progress:=====================>        70%] [Cov:===========>                       34%]
[Progress:=====================>        70%] [Cov:===========>                       34%]
[Progress:=====================>        70%] [Cov:===========>                       34%]
[Progress:=====================>        70%] [Cov:===========>                       34%]
[Progress:=====================>        70%] [Cov:===========>                       34%]
[Progress:=====================>        70%] [Cov:===========>                       34%]
[Progress:=====================>        70%] [Cov:===========>                       34%]
[Progress:=====================>        70%] [Cov:===========>                       34%]
[Progress:=====================>        70%] [Cov:===========>                       34%]
[Progress:=====================>        70%] [Cov:===========>                       34%]
[Progress:=====================>        70%] [Cov:===========>                       34%]
[Progress:=====================>        70%] [Cov:===========>                       34%]
[Progress:=====================>        70%] [Cov:===========>                       34%]
[Progress:=====================>        70%] [Cov:===========>                       34%]
[Progress:=====================>        70%] [Cov:===========>                       34%]
[Progress:=====================>        70%] [Cov:===========>                       34%]
[Progress:=====================>        70%] [Cov:===========>                       34%]
[Progress:=====================>        70%] [Cov:===========>                       34%][MASTER] 21:41:18.673 [logback-1] WARN  TestChromosome - Functional mock problem: org.evosuite.ga.ConstructionFailedException: Failed to add constructor for org.mockito.internal.invocation.InvocationImpl due to org.evosuite.ga.ConstructionFailedException: Failed to add constructor for org.mockito.internal.invocation.realmethod.CGLIBProxyRealMethod due to org.evosuite.ga.ConstructionFailedException: Failed to add constructor for org.mockito.internal.creation.SerializableMockitoMethodProxy due to org.evosuite.ga.ConstructionFailedException: Max recursion depth reached

[Progress:=====================>        70%] [Cov:===========>                       34%]
[Progress:=====================>        70%] [Cov:===========>                       34%]
[Progress:=====================>        70%] [Cov:===========>                       34%]
[Progress:=====================>        70%] [Cov:===========>                       34%]
[Progress:=====================>        71%] [Cov:===========>                       34%]
[Progress:=====================>        71%] [Cov:===========>                       34%]
[Progress:=====================>        71%] [Cov:===========>                       34%]
[Progress:=====================>        71%] [Cov:===========>                       34%]
[Progress:=====================>        71%] [Cov:===========>                       34%]
[Progress:=====================>        71%] [Cov:===========>                       34%]
[Progress:=====================>        71%] [Cov:===========>                       34%]
[Progress:=====================>        71%] [Cov:===========>                       34%]
[Progress:=====================>        71%] [Cov:===========>                       34%]
[Progress:=====================>        71%] [Cov:===========>                       34%]
[Progress:=====================>        71%] [Cov:===========>                       34%]
[Progress:=====================>        71%] [Cov:===========>                       34%]
[Progress:=====================>        71%] [Cov:===========>                       34%]
[Progress:=====================>        71%] [Cov:===========>                       34%]
[Progress:=====================>        71%] [Cov:===========>                       34%]
[Progress:=====================>        71%] [Cov:===========>                       34%]
[Progress:=====================>        71%] [Cov:===========>                       34%]
[Progress:=====================>        72%] [Cov:===========>                       34%]
[Progress:=====================>        72%] [Cov:===========>                       34%]
[Progress:=====================>        72%] [Cov:===========>                       34%]
[Progress:=====================>        72%] [Cov:===========>                       34%]
[Progress:=====================>        72%] [Cov:===========>                       34%]
[Progress:=====================>        72%] [Cov:===========>                       34%]
[Progress:=====================>        72%] [Cov:===========>                       34%]
[Progress:=====================>        72%] [Cov:===========>                       34%]
[Progress:=====================>        72%] [Cov:===========>                       34%]
[Progress:=====================>        72%] [Cov:===========>                       34%]
[Progress:=====================>        72%] [Cov:===========>                       34%]
[Progress:=====================>        72%] [Cov:===========>                       34%]
[Progress:=====================>        72%] [Cov:===========>                       34%]
[Progress:=====================>        72%] [Cov:===========>                       34%]
[Progress:=====================>        72%] [Cov:===========>                       34%]
[Progress:=====================>        72%] [Cov:===========>                       34%]
[Progress:=====================>        72%] [Cov:===========>                       34%]
[Progress:=====================>        72%] [Cov:===========>                       34%]
[Progress:=====================>        72%] [Cov:===========>                       34%]
[Progress:=====================>        72%] [Cov:===========>                       34%]
[Progress:=====================>        72%] [Cov:===========>                       34%]
[Progress:=====================>        72%] [Cov:===========>                       34%]
[Progress:=====================>        72%] [Cov:===========>                       34%]
[Progress:=====================>        72%] [Cov:===========>                       34%]
[Progress:=====================>        72%] [Cov:===========>                       34%]
[Progress:=====================>        72%] [Cov:===========>                       34%]
[Progress:=====================>        72%] [Cov:===========>                       34%]
[Progress:=====================>        72%] [Cov:===========>                       34%]
[Progress:=====================>        72%] [Cov:===========>                       34%]
[Progress:=====================>        72%] [Cov:===========>                       34%]
[Progress:=====================>        72%] [Cov:===========>                       34%]
[Progress:=====================>        72%] [Cov:===========>                       34%]
[Progress:=====================>        72%] [Cov:===========>                       34%]
[Progress:=====================>        72%] [Cov:===========>                       34%]
[Progress:=====================>        72%] [Cov:===========>                       34%]
[Progress:=====================>        72%] [Cov:===========>                       34%]
[Progress:=====================>        72%] [Cov:===========>                       34%]
[Progress:=====================>        72%] [Cov:===========>                       34%]
[Progress:=====================>        73%] [Cov:===========>                       34%]
[Progress:=====================>        73%] [Cov:===========>                       34%]
[Progress:=====================>        73%] [Cov:===========>                       34%]
[Progress:=====================>        73%] [Cov:===========>                       34%]
[Progress:=====================>        73%] [Cov:===========>                       34%]
[Progress:=====================>        73%] [Cov:===========>                       34%]
[Progress:=====================>        73%] [Cov:===========>                       34%]
[Progress:=====================>        73%] [Cov:===========>                       34%]
[Progress:=====================>        73%] [Cov:===========>                       34%]
[Progress:=====================>        73%] [Cov:===========>                       34%]
[Progress:=====================>        73%] [Cov:===========>                       34%]
[Progress:=====================>        73%] [Cov:===========>                       34%]
[Progress:=====================>        73%] [Cov:===========>                       34%]
[Progress:=====================>        73%] [Cov:===========>                       34%]
[Progress:=====================>        73%] [Cov:===========>                       34%]
[Progress:=====================>        73%] [Cov:===========>                       34%]
[Progress:=====================>        73%] [Cov:===========>                       34%][MASTER] 21:41:22.924 [logback-1] WARN  TestChromosome - Functional mock problem: org.evosuite.ga.ConstructionFailedException: Failed to add constructor for org.mockito.internal.creation.settings.CreationSettings due to org.evosuite.ga.ConstructionFailedException: Have no generator for org.mockito.internal.creation.settings.CreationSettings<org.mockito.internal.stubbing.StubbedInvocationMatcher> canUseFunctionalMocks=false, canBeMocked: true

[Progress:=====================>        73%] [Cov:===========>                       34%]
[Progress:======================>       74%] [Cov:===========>                       34%]
[Progress:======================>       74%] [Cov:===========>                       34%]
[Progress:======================>       74%] [Cov:===========>                       34%]
[Progress:======================>       74%] [Cov:===========>                       34%]
[Progress:======================>       74%] [Cov:===========>                       34%]
[Progress:======================>       74%] [Cov:===========>                       34%]
[Progress:======================>       74%] [Cov:===========>                       34%]
[Progress:======================>       74%] [Cov:===========>                       34%]
[Progress:======================>       74%] [Cov:===========>                       34%]
[Progress:======================>       74%] [Cov:===========>                       34%]
[Progress:======================>       74%] [Cov:===========>                       34%]
[Progress:======================>       74%] [Cov:===========>                       34%]
[Progress:======================>       74%] [Cov:===========>                       34%]
[Progress:======================>       74%] [Cov:===========>                       34%]
[Progress:======================>       74%] [Cov:===========>                       34%]
[Progress:======================>       74%] [Cov:===========>                       34%]
[Progress:======================>       74%] [Cov:===========>                       34%]
[Progress:======================>       74%] [Cov:===========>                       34%]
[Progress:======================>       74%] [Cov:===========>                       34%]
[Progress:======================>       74%] [Cov:===========>                       34%]
[Progress:======================>       74%] [Cov:===========>                       34%]
[Progress:======================>       74%] [Cov:===========>                       34%]
[Progress:======================>       74%] [Cov:===========>                       34%]
[Progress:======================>       74%] [Cov:===========>                       34%]
[Progress:======================>       74%] [Cov:===========>                       34%]
[Progress:======================>       74%] [Cov:===========>                       34%]
[Progress:======================>       74%] [Cov:===========>                       34%]
[Progress:======================>       74%] [Cov:===========>                       34%]
[Progress:======================>       74%] [Cov:===========>                       34%]
[Progress:======================>       74%] [Cov:===========>                       34%]
[Progress:======================>       74%] [Cov:===========>                       34%]
[Progress:======================>       74%] [Cov:===========>                       34%]
[Progress:======================>       74%] [Cov:===========>                       34%]
[Progress:======================>       74%] [Cov:===========>                       34%]
[Progress:======================>       74%] [Cov:===========>                       34%]
[Progress:======================>       74%] [Cov:===========>                       34%]
[Progress:======================>       74%] [Cov:===========>                       34%]
[Progress:======================>       75%] [Cov:===========>                       34%]
[Progress:======================>       75%] [Cov:===========>                       34%]
[Progress:======================>       75%] [Cov:===========>                       34%]
[Progress:======================>       75%] [Cov:===========>                       34%]
[Progress:======================>       75%] [Cov:===========>                       34%]
[Progress:======================>       75%] [Cov:===========>                       34%]
[Progress:======================>       75%] [Cov:===========>                       34%]
[Progress:======================>       75%] [Cov:===========>                       34%]
[Progress:======================>       75%] [Cov:===========>                       34%]
[Progress:======================>       75%] [Cov:===========>                       34%]
[Progress:======================>       75%] [Cov:===========>                       34%]
[Progress:======================>       75%] [Cov:===========>                       34%]
[Progress:======================>       75%] [Cov:===========>                       34%]
[Progress:======================>       75%] [Cov:===========>                       34%]
[Progress:======================>       75%] [Cov:===========>                       34%]
[Progress:======================>       75%] [Cov:===========>                       34%]
[Progress:======================>       75%] [Cov:===========>                       34%]
[Progress:======================>       75%] [Cov:===========>                       34%]
[Progress:======================>       75%] [Cov:===========>                       34%]
[Progress:======================>       75%] [Cov:===========>                       34%]
[Progress:======================>       75%] [Cov:===========>                       34%]
[Progress:======================>       76%] [Cov:===========>                       34%]
[Progress:======================>       76%] [Cov:===========>                       34%]
[Progress:======================>       76%] [Cov:===========>                       34%]
[Progress:======================>       76%] [Cov:===========>                       34%]
[Progress:======================>       76%] [Cov:===========>                       34%]
[Progress:======================>       76%] [Cov:===========>                       34%]
[Progress:======================>       76%] [Cov:===========>                       34%]
[Progress:======================>       76%] [Cov:===========>                       34%]
[Progress:======================>       76%] [Cov:===========>                       34%]
[Progress:======================>       76%] [Cov:===========>                       34%]
[Progress:======================>       76%] [Cov:===========>                       34%]
[Progress:======================>       76%] [Cov:===========>                       34%]
[Progress:======================>       76%] [Cov:===========>                       34%]
[Progress:======================>       76%] [Cov:===========>                       34%]
[Progress:======================>       76%] [Cov:===========>                       34%]
[Progress:======================>       76%] [Cov:===========>                       34%]
[Progress:======================>       76%] [Cov:===========>                       34%]
[Progress:======================>       76%] [Cov:===========>                       34%]
[Progress:======================>       76%] [Cov:===========>                       34%]
[Progress:======================>       76%] [Cov:===========>                       34%]
[Progress:======================>       76%] [Cov:===========>                       34%]
[Progress:======================>       76%] [Cov:===========>                       34%]
[Progress:======================>       76%] [Cov:===========>                       34%]
[Progress:======================>       76%] [Cov:===========>                       34%]
[Progress:======================>       76%] [Cov:===========>                       34%]
[Progress:======================>       76%] [Cov:===========>                       34%]
[Progress:======================>       76%] [Cov:===========>                       34%]
[Progress:======================>       76%] [Cov:===========>                       34%]
[Progress:======================>       76%] [Cov:===========>                       34%]
[Progress:======================>       76%] [Cov:===========>                       34%]
[Progress:======================>       76%] [Cov:===========>                       34%]
[Progress:======================>       76%] [Cov:===========>                       34%]
[Progress:======================>       76%] [Cov:===========>                       34%]
[Progress:======================>       76%] [Cov:===========>                       34%]
[Progress:======================>       76%] [Cov:===========>                       34%]
[Progress:======================>       76%] [Cov:===========>                       34%]
[Progress:=======================>      77%] [Cov:==========>                        29%]
[Progress:=======================>      77%] [Cov:===========>                       34%]
[Progress:=======================>      77%] [Cov:===========>                       34%]
[Progress:=======================>      77%] [Cov:===========>                       34%]
[Progress:=======================>      77%] [Cov:===========>                       34%]
[Progress:=======================>      77%] [Cov:===========>                       34%]
[Progress:=======================>      77%] [Cov:===========>                       34%]
[Progress:=======================>      77%] [Cov:===========>                       34%]
[Progress:=======================>      77%] [Cov:===========>                       34%]
[Progress:=======================>      77%] [Cov:===========>                       34%]
[Progress:=======================>      77%] [Cov:===========>                       34%]
[Progress:=======================>      77%] [Cov:===========>                       34%]
[Progress:=======================>      77%] [Cov:===========>                       34%]
[Progress:=======================>      77%] [Cov:===========>                       34%]
[Progress:=======================>      77%] [Cov:===========>                       34%]
[Progress:=======================>      77%] [Cov:===========>                       34%]
[Progress:=======================>      77%] [Cov:===========>                       34%]
[Progress:=======================>      78%] [Cov:===========>                       34%]
[Progress:=======================>      78%] [Cov:===========>                       34%]
[Progress:=======================>      78%] [Cov:===========>                       34%]
[Progress:=======================>      78%] [Cov:===========>                       34%]
[Progress:=======================>      78%] [Cov:===========>                       34%]
[Progress:=======================>      78%] [Cov:===========>                       34%]
[Progress:=======================>      78%] [Cov:===========>                       34%]
[Progress:=======================>      78%] [Cov:===========>                       34%]
[Progress:=======================>      78%] [Cov:===========>                       34%]
[Progress:=======================>      78%] [Cov:===========>                       34%]
[Progress:=======================>      78%] [Cov:===========>                       34%]
[Progress:=======================>      78%] [Cov:===========>                       34%]
[Progress:=======================>      78%] [Cov:===========>                       34%]
[Progress:=======================>      78%] [Cov:===========>                       34%]
[Progress:=======================>      78%] [Cov:===========>                       34%]
[Progress:=======================>      78%] [Cov:===========>                       34%]
[Progress:=======================>      78%] [Cov:===========>                       34%]
[Progress:=======================>      78%] [Cov:===========>                       34%]
[Progress:=======================>      78%] [Cov:===========>                       34%]
[Progress:=======================>      78%] [Cov:===========>                       34%]
[Progress:=======================>      78%] [Cov:===========>                       34%]
[Progress:=======================>      78%] [Cov:===========>                       34%]
[Progress:=======================>      78%] [Cov:===========>                       34%]
[Progress:=======================>      78%] [Cov:===========>                       34%]
[Progress:=======================>      78%] [Cov:===========>                       34%]
[Progress:=======================>      78%] [Cov:===========>                       34%]
[Progress:=======================>      79%] [Cov:===========>                       33%]
[Progress:=======================>      79%] [Cov:===========>                       34%]
[Progress:=======================>      79%] [Cov:===========>                       34%]
[Progress:=======================>      79%] [Cov:===========>                       34%]
[Progress:=======================>      79%] [Cov:===========>                       34%]
[Progress:=======================>      79%] [Cov:===========>                       34%]
[Progress:=======================>      79%] [Cov:===========>                       34%]
[Progress:=======================>      79%] [Cov:===========>                       34%]
[Progress:=======================>      79%] [Cov:===========>                       34%]
[Progress:=======================>      79%] [Cov:===========>                       34%]
[Progress:=======================>      79%] [Cov:===========>                       34%]
[Progress:=======================>      79%] [Cov:===========>                       34%]
[Progress:=======================>      79%] [Cov:===========>                       34%]
[Progress:=======================>      79%] [Cov:===========>                       34%]
[Progress:========================>     80%] [Cov:===========>                       33%]
[Progress:========================>     80%] [Cov:===========>                       34%]
[Progress:========================>     80%] [Cov:===========>                       34%]
[Progress:========================>     80%] [Cov:===========>                       34%]
[Progress:========================>     80%] [Cov:===========>                       34%]
[Progress:========================>     80%] [Cov:===========>                       34%]
[Progress:========================>     80%] [Cov:===========>                       34%]
[Progress:========================>     80%] [Cov:===========>                       34%]
[Progress:========================>     80%] [Cov:===========>                       34%]
[Progress:========================>     80%] [Cov:===========>                       34%]
[Progress:========================>     80%] [Cov:===========>                       34%]
[Progress:========================>     80%] [Cov:===========>                       34%]
[Progress:========================>     80%] [Cov:===========>                       34%]
[Progress:========================>     80%] [Cov:===========>                       34%]
[Progress:========================>     80%] [Cov:===========>                       34%]
[Progress:========================>     80%] [Cov:===========>                       34%]
[Progress:========================>     80%] [Cov:===========>                       34%]
[Progress:========================>     80%] [Cov:===========>                       34%]
[Progress:========================>     80%] [Cov:===========>                       34%]
[Progress:========================>     80%] [Cov:===========>                       34%]
[Progress:========================>     80%] [Cov:===========>                       34%]
[Progress:========================>     80%] [Cov:===========>                       34%]
[Progress:========================>     80%] [Cov:===========>                       34%]
[Progress:========================>     81%] [Cov:===========>                       34%]
[Progress:========================>     81%] [Cov:===========>                       34%]
[Progress:========================>     81%] [Cov:===========>                       34%]
[Progress:========================>     81%] [Cov:===========>                       34%]
[Progress:========================>     81%] [Cov:===========>                       34%]
[Progress:========================>     81%] [Cov:===========>                       34%]
[Progress:========================>     81%] [Cov:===========>                       34%]
[Progress:========================>     81%] [Cov:===========>                       34%]
[Progress:========================>     81%] [Cov:===========>                       34%]
[Progress:========================>     81%] [Cov:===========>                       34%]
[Progress:========================>     81%] [Cov:===========>                       34%]
[Progress:========================>     81%] [Cov:===========>                       34%]
[Progress:========================>     81%] [Cov:===========>                       34%]
[Progress:========================>     82%] [Cov:===========>                       34%]
[Progress:========================>     82%] [Cov:===========>                       34%]
[Progress:========================>     82%] [Cov:===========>                       34%]
[Progress:========================>     82%] [Cov:===========>                       34%]
[Progress:========================>     82%] [Cov:===========>                       34%]
[Progress:========================>     82%] [Cov:===========>                       34%]
[Progress:========================>     82%] [Cov:===========>                       34%]
[Progress:========================>     82%] [Cov:===========>                       34%]
[Progress:========================>     82%] [Cov:===========>                       34%]
[Progress:========================>     82%] [Cov:===========>                       34%]
[Progress:========================>     82%] [Cov:===========>                       34%]
[Progress:========================>     82%] [Cov:===========>                       34%]
[Progress:========================>     82%] [Cov:===========>                       34%]
[Progress:========================>     82%] [Cov:===========>                       34%]
[Progress:========================>     82%] [Cov:===========>                       34%]
[Progress:========================>     82%] [Cov:===========>                       34%]
[Progress:========================>     82%] [Cov:===========>                       34%]
[Progress:========================>     82%] [Cov:===========>                       34%]
[Progress:========================>     82%] [Cov:===========>                       34%]
[Progress:========================>     82%] [Cov:===========>                       34%]
[Progress:========================>     82%] [Cov:===========>                       34%]
[Progress:========================>     82%] [Cov:===========>                       34%]
[Progress:========================>     82%] [Cov:===========>                       34%]
[Progress:========================>     82%] [Cov:===========>                       34%]
[Progress:========================>     83%] [Cov:===========>                       34%]
[Progress:========================>     83%] [Cov:===========>                       34%]
[Progress:========================>     83%] [Cov:===========>                       34%]
[Progress:========================>     83%] [Cov:===========>                       34%]
[Progress:========================>     83%] [Cov:===========>                       34%]
[Progress:========================>     83%] [Cov:===========>                       34%]
[Progress:========================>     83%] [Cov:===========>                       34%]
[Progress:========================>     83%] [Cov:===========>                       34%]
[Progress:========================>     83%] [Cov:===========>                       34%]
[Progress:========================>     83%] [Cov:===========>                       34%]
[Progress:========================>     83%] [Cov:===========>                       34%]
[Progress:========================>     83%] [Cov:===========>                       34%]
[Progress:========================>     83%] [Cov:===========>                       34%]
[Progress:=========================>    84%] [Cov:===========>                       33%]
[Progress:=========================>    84%] [Cov:===========>                       34%]
[Progress:=========================>    84%] [Cov:===========>                       34%]
[Progress:=========================>    84%] [Cov:===========>                       34%]
[Progress:=========================>    84%] [Cov:===========>                       34%]
[Progress:=========================>    84%] [Cov:===========>                       34%]
[Progress:=========================>    84%] [Cov:===========>                       34%]
[Progress:=========================>    84%] [Cov:===========>                       34%]
[Progress:=========================>    84%] [Cov:===========>                       34%]
[Progress:=========================>    84%] [Cov:===========>                       34%]
[Progress:=========================>    84%] [Cov:===========>                       34%]
[Progress:=========================>    84%] [Cov:===========>                       34%]
[Progress:=========================>    84%] [Cov:===========>                       34%]
[Progress:=========================>    84%] [Cov:===========>                       34%]
[Progress:=========================>    84%] [Cov:===========>                       34%]
[Progress:=========================>    84%] [Cov:===========>                       34%]
[Progress:=========================>    84%] [Cov:===========>                       34%]
[Progress:=========================>    84%] [Cov:===========>                       34%]
[Progress:=========================>    84%] [Cov:===========>                       34%]
[Progress:=========================>    84%] [Cov:===========>                       34%]
[Progress:=========================>    84%] [Cov:===========>                       34%]
[Progress:=========================>    84%] [Cov:===========>                       34%]
[Progress:=========================>    84%] [Cov:===========>                       34%]
[Progress:=========================>    84%] [Cov:===========>                       34%]
[Progress:=========================>    84%] [Cov:===========>                       34%]
[Progress:=========================>    84%] [Cov:===========>                       34%]
[Progress:=========================>    84%] [Cov:===========>                       34%]
[Progress:=========================>    84%] [Cov:===========>                       34%]
[Progress:=========================>    84%] [Cov:===========>                       34%]
[Progress:=========================>    84%] [Cov:===========>                       34%]
[Progress:=========================>    84%] [Cov:===========>                       34%]
[Progress:=========================>    84%] [Cov:===========>                       34%]
[Progress:=========================>    84%] [Cov:===========>                       34%]
[Progress:=========================>    84%] [Cov:===========>                       34%]
[Progress:=========================>    85%] [Cov:===========>                       34%]
[Progress:=========================>    85%] [Cov:===========>                       34%]
[Progress:=========================>    85%] [Cov:===========>                       34%]
[Progress:=========================>    85%] [Cov:===========>                       34%]
[Progress:=========================>    85%] [Cov:===========>                       34%]
[Progress:=========================>    85%] [Cov:===========>                       34%]
[Progress:=========================>    85%] [Cov:===========>                       34%]
[Progress:=========================>    85%] [Cov:===========>                       34%]
[Progress:=========================>    85%] [Cov:===========>                       34%]
[Progress:=========================>    85%] [Cov:===========>                       34%]
[Progress:=========================>    85%] [Cov:===========>                       34%]
[Progress:=========================>    85%] [Cov:===========>                       34%]
[Progress:=========================>    85%] [Cov:===========>                       34%]
[Progress:=========================>    85%] [Cov:===========>                       34%]
[Progress:=========================>    85%] [Cov:===========>                       34%]
[Progress:=========================>    85%] [Cov:===========>                       34%]
[Progress:=========================>    85%] [Cov:===========>                       34%]
[Progress:=========================>    86%] [Cov:===========>                       34%]
[Progress:=========================>    86%] [Cov:===========>                       34%]
[Progress:=========================>    86%] [Cov:===========>                       34%]
[Progress:=========================>    86%] [Cov:===========>                       34%]
[Progress:=========================>    86%] [Cov:===========>                       34%]
[Progress:=========================>    86%] [Cov:===========>                       34%]
[Progress:=========================>    86%] [Cov:===========>                       34%]
[Progress:=========================>    86%] [Cov:===========>                       34%]
[Progress:=========================>    86%] [Cov:===========>                       34%]
[Progress:=========================>    86%] [Cov:===========>                       34%]
[Progress:=========================>    86%] [Cov:===========>                       34%]
[Progress:=========================>    86%] [Cov:===========>                       34%]
[Progress:=========================>    86%] [Cov:===========>                       34%]
[Progress:=========================>    86%] [Cov:===========>                       34%][MASTER] 21:41:41.828 [logback-1] WARN  TestChromosome - Functional mock problem: org.evosuite.ga.ConstructionFailedException: Failed to add constructor for org.mockito.internal.invocation.InvocationImpl due to org.evosuite.ga.ConstructionFailedException: Failed to add constructor for org.mockito.internal.invocation.InvocationImpl due to org.evosuite.ga.ConstructionFailedException: Failed to add constructor for org.mockito.internal.invocation.InvocationImpl due to org.evosuite.ga.ConstructionFailedException: Failed to add constructor for org.mockito.internal.invocation.SerializableMethod due to org.evosuite.ga.ConstructionFailedException: Have no generator for class org.mockito.internal.invocation.InvocationImpl canUseFunctionalMocks=false, canBeMocked: true

[Progress:=========================>    86%] [Cov:===========>                       34%]
[Progress:=========================>    86%] [Cov:===========>                       34%]
[Progress:=========================>    86%] [Cov:===========>                       34%]
[Progress:=========================>    86%] [Cov:===========>                       34%]
[Progress:=========================>    86%] [Cov:===========>                       34%]
[Progress:=========================>    86%] [Cov:===========>                       34%]
[Progress:=========================>    86%] [Cov:===========>                       34%]
[Progress:=========================>    86%] [Cov:===========>                       34%]
[Progress:=========================>    86%] [Cov:===========>                       34%]
[Progress:=========================>    86%] [Cov:===========>                       34%]
[Progress:=========================>    86%] [Cov:===========>                       34%]
[Progress:=========================>    86%] [Cov:===========>                       34%]
[Progress:=========================>    86%] [Cov:===========>                       34%]
[Progress:=========================>    86%] [Cov:===========>                       34%]
[Progress:=========================>    86%] [Cov:===========>                       34%]
[Progress:=========================>    86%] [Cov:===========>                       34%]
[Progress:=========================>    86%] [Cov:===========>                       34%]
[Progress:=========================>    86%] [Cov:===========>                       34%]
[Progress:==========================>   87%] [Cov:===========>                       33%]
[Progress:==========================>   87%] [Cov:===========>                       34%]
[Progress:==========================>   87%] [Cov:===========>                       34%]
[Progress:==========================>   87%] [Cov:===========>                       34%]
[Progress:==========================>   87%] [Cov:===========>                       34%]
[Progress:==========================>   87%] [Cov:===========>                       34%]
[Progress:==========================>   87%] [Cov:===========>                       34%]
[Progress:==========================>   87%] [Cov:===========>                       34%]
[Progress:==========================>   87%] [Cov:===========>                       34%]
[Progress:==========================>   87%] [Cov:===========>                       34%]
[Progress:==========================>   87%] [Cov:===========>                       34%]
[Progress:==========================>   87%] [Cov:===========>                       34%]
[Progress:==========================>   87%] [Cov:===========>                       34%]
[Progress:==========================>   87%] [Cov:===========>                       34%]
[Progress:==========================>   87%] [Cov:===========>                       34%]
[Progress:==========================>   87%] [Cov:===========>                       34%]
[Progress:==========================>   87%] [Cov:===========>                       34%]
[Progress:==========================>   88%] [Cov:===========>                       34%]
[Progress:==========================>   88%] [Cov:===========>                       34%]
[Progress:==========================>   88%] [Cov:===========>                       34%]
[Progress:==========================>   88%] [Cov:===========>                       34%]
[Progress:==========================>   88%] [Cov:===========>                       34%]
[Progress:==========================>   88%] [Cov:===========>                       34%]
[Progress:==========================>   88%] [Cov:===========>                       34%]
[Progress:==========================>   88%] [Cov:===========>                       34%][MASTER] 21:41:44.459 [logback-1] WARN  TestChromosome - Functional mock problem: org.evosuite.ga.ConstructionFailedException: Failed to add constructor for org.mockito.internal.invocation.InvocationImpl due to org.evosuite.ga.ConstructionFailedException: Failed to add constructor for org.mockito.internal.invocation.realmethod.FilteredCGLIBProxyRealMethod due to org.evosuite.ga.ConstructionFailedException: Failed to add constructor for org.mockito.internal.invocation.realmethod.CGLIBProxyRealMethod due to org.evosuite.ga.ConstructionFailedException: Failed to add constructor for org.mockito.internal.creation.SerializableMockitoMethodProxy due to org.evosuite.ga.ConstructionFailedException: Max recursion depth reached

[Progress:==========================>   88%] [Cov:===========>                       34%]
[Progress:==========================>   88%] [Cov:===========>                       34%]
[Progress:==========================>   88%] [Cov:===========>                       34%]
[Progress:==========================>   88%] [Cov:===========>                       34%]
[Progress:==========================>   88%] [Cov:===========>                       34%]
[Progress:==========================>   88%] [Cov:===========>                       34%]
[Progress:==========================>   88%] [Cov:===========>                       34%]
[Progress:==========================>   88%] [Cov:===========>                       34%]
[Progress:==========================>   88%] [Cov:===========>                       34%]
[Progress:==========================>   88%] [Cov:===========>                       34%]
[Progress:==========================>   88%] [Cov:===========>                       34%]
[Progress:==========================>   88%] [Cov:===========>                       34%]
[Progress:==========================>   88%] [Cov:===========>                       34%]
[Progress:==========================>   88%] [Cov:===========>                       34%]
[Progress:==========================>   88%] [Cov:===========>                       34%]
[Progress:==========================>   88%] [Cov:===========>                       34%]
[Progress:==========================>   88%] [Cov:===========>                       34%]
[Progress:==========================>   88%] [Cov:===========>                       34%]
[Progress:==========================>   88%] [Cov:===========>                       34%]
[Progress:==========================>   88%] [Cov:===========>                       34%]
[Progress:==========================>   88%] [Cov:===========>                       34%]
[Progress:==========================>   88%] [Cov:===========>                       34%]
[Progress:==========================>   88%] [Cov:===========>                       34%]
[Progress:==========================>   88%] [Cov:===========>                       34%]
[Progress:==========================>   88%] [Cov:===========>                       34%]
[Progress:==========================>   88%] [Cov:===========>                       34%]
[Progress:==========================>   88%] [Cov:===========>                       34%]
[Progress:==========================>   88%] [Cov:===========>                       34%]
[Progress:==========================>   88%] [Cov:===========>                       34%]
[Progress:==========================>   88%] [Cov:===========>                       34%]
[Progress:==========================>   88%] [Cov:===========>                       34%]
[Progress:==========================>   88%] [Cov:===========>                       34%]
[Progress:==========================>   89%] [Cov:===========>                       34%]
[Progress:==========================>   89%] [Cov:===========>                       34%]
[Progress:==========================>   89%] [Cov:===========>                       34%]
[Progress:==========================>   89%] [Cov:===========>                       34%]
[Progress:==========================>   89%] [Cov:===========>                       34%]
[Progress:==========================>   89%] [Cov:===========>                       34%]
[Progress:==========================>   89%] [Cov:===========>                       34%]
[Progress:==========================>   89%] [Cov:===========>                       34%]
[Progress:==========================>   89%] [Cov:===========>                       34%]
[Progress:==========================>   89%] [Cov:===========>                       34%]
[Progress:==========================>   89%] [Cov:===========>                       34%]
[Progress:==========================>   89%] [Cov:===========>                       34%]
[Progress:==========================>   89%] [Cov:===========>                       34%]
[Progress:==========================>   89%] [Cov:===========>                       34%]
[Progress:==========================>   89%] [Cov:===========>                       34%]
[Progress:==========================>   89%] [Cov:===========>                       34%]
[Progress:===========================>  90%] [Cov:===========>                       34%]
[Progress:===========================>  90%] [Cov:===========>                       34%]
[Progress:===========================>  90%] [Cov:===========>                       34%]
[Progress:===========================>  90%] [Cov:===========>                       34%]
[Progress:===========================>  90%] [Cov:===========>                       34%]
[Progress:===========================>  90%] [Cov:===========>                       34%]
[Progress:===========================>  90%] [Cov:===========>                       34%]
[Progress:===========================>  90%] [Cov:===========>                       34%]
[Progress:===========================>  90%] [Cov:===========>                       34%]
[Progress:===========================>  90%] [Cov:===========>                       34%]
[Progress:===========================>  90%] [Cov:===========>                       34%]
[Progress:===========================>  90%] [Cov:===========>                       34%]
[Progress:===========================>  90%] [Cov:===========>                       34%]
[Progress:===========================>  90%] [Cov:===========>                       34%]
[Progress:===========================>  90%] [Cov:===========>                       34%]
[Progress:===========================>  90%] [Cov:===========>                       34%]
[Progress:===========================>  90%] [Cov:===========>                       34%]
[Progress:===========================>  90%] [Cov:===========>                       34%]
[Progress:===========================>  90%] [Cov:===========>                       34%]
[Progress:===========================>  90%] [Cov:===========>                       34%]
[Progress:===========================>  90%] [Cov:===========>                       34%]
[Progress:===========================>  90%] [Cov:===========>                       34%]
[Progress:===========================>  90%] [Cov:===========>                       34%]
[Progress:===========================>  91%] [Cov:===========>                       33%]
[Progress:===========================>  91%] [Cov:===========>                       34%]
[Progress:===========================>  91%] [Cov:===========>                       34%]
[Progress:===========================>  91%] [Cov:===========>                       34%]
[Progress:===========================>  91%] [Cov:===========>                       34%]
[Progress:===========================>  91%] [Cov:===========>                       34%]
[Progress:===========================>  91%] [Cov:===========>                       34%]
[Progress:===========================>  91%] [Cov:===========>                       34%]
[Progress:===========================>  91%] [Cov:===========>                       34%]
[Progress:===========================>  91%] [Cov:===========>                       34%]
[Progress:===========================>  91%] [Cov:===========>                       34%]
[Progress:===========================>  91%] [Cov:===========>                       34%]
[Progress:===========================>  91%] [Cov:===========>                       34%]
[Progress:===========================>  91%] [Cov:===========>                       34%]
[Progress:===========================>  91%] [Cov:===========>                       34%]
[Progress:===========================>  92%] [Cov:===========>                       33%]
[Progress:===========================>  92%] [Cov:===========>                       34%]
[Progress:===========================>  92%] [Cov:===========>                       34%]
[Progress:===========================>  92%] [Cov:===========>                       34%]
[Progress:===========================>  92%] [Cov:===========>                       34%]
[Progress:===========================>  92%] [Cov:===========>                       34%]
[Progress:===========================>  92%] [Cov:===========>                       34%]
[Progress:===========================>  92%] [Cov:===========>                       34%]
[Progress:===========================>  92%] [Cov:===========>                       34%]
[Progress:===========================>  92%] [Cov:===========>                       34%]
[Progress:===========================>  92%] [Cov:===========>                       34%]
[Progress:===========================>  92%] [Cov:===========>                       34%]
[Progress:===========================>  92%] [Cov:===========>                       34%]
[Progress:===========================>  92%] [Cov:===========>                       34%]
[Progress:===========================>  92%] [Cov:===========>                       34%]
[Progress:===========================>  92%] [Cov:===========>                       34%]
[Progress:===========================>  92%] [Cov:===========>                       34%]
[Progress:===========================>  92%] [Cov:===========>                       34%]
[Progress:===========================>  92%] [Cov:===========>                       34%]
[Progress:===========================>  92%] [Cov:===========>                       34%]
[Progress:===========================>  92%] [Cov:===========>                       34%]
[Progress:===========================>  92%] [Cov:===========>                       34%]
[Progress:===========================>  92%] [Cov:===========>                       34%]
[Progress:===========================>  92%] [Cov:===========>                       34%]
[Progress:===========================>  92%] [Cov:===========>                       34%]
[Progress:===========================>  92%] [Cov:===========>                       34%]
[Progress:===========================>  92%] [Cov:===========>                       34%]
[Progress:===========================>  93%] [Cov:===========>                       33%]
[Progress:===========================>  93%] [Cov:===========>                       34%]
[Progress:===========================>  93%] [Cov:===========>                       34%]
[Progress:===========================>  93%] [Cov:===========>                       34%]
[Progress:===========================>  93%] [Cov:===========>                       34%]
[Progress:===========================>  93%] [Cov:===========>                       34%]
[Progress:===========================>  93%] [Cov:===========>                       34%]
[Progress:===========================>  93%] [Cov:===========>                       34%]
[Progress:===========================>  93%] [Cov:===========>                       34%]
[Progress:===========================>  93%] [Cov:===========>                       34%]
[Progress:===========================>  93%] [Cov:===========>                       34%]
[Progress:===========================>  93%] [Cov:===========>                       34%]
[Progress:===========================>  93%] [Cov:===========>                       34%]
[Progress:===========================>  93%] [Cov:===========>                       34%]
[Progress:===========================>  93%] [Cov:===========>                       34%]
[Progress:===========================>  93%] [Cov:===========>                       34%]
[Progress:===========================>  93%] [Cov:===========>                       34%]
[Progress:===========================>  93%] [Cov:===========>                       34%]
[Progress:===========================>  93%] [Cov:===========>                       34%]
[Progress:============================> 94%] [Cov:===========>                       34%]
[Progress:============================> 94%] [Cov:===========>                       34%]
[Progress:============================> 94%] [Cov:===========>                       34%]
[Progress:============================> 94%] [Cov:===========>                       34%]
[Progress:============================> 94%] [Cov:===========>                       34%]
[Progress:============================> 94%] [Cov:===========>                       34%]
[Progress:============================> 94%] [Cov:===========>                       34%]
[Progress:============================> 94%] [Cov:===========>                       34%]
[Progress:============================> 94%] [Cov:===========>                       34%]
[Progress:============================> 94%] [Cov:===========>                       34%]
[Progress:============================> 94%] [Cov:===========>                       34%]
[Progress:============================> 94%] [Cov:===========>                       34%]
[Progress:============================> 94%] [Cov:===========>                       34%]
[Progress:============================> 94%] [Cov:===========>                       34%]
[Progress:============================> 94%] [Cov:===========>                       34%]
[Progress:============================> 94%] [Cov:===========>                       34%]
[Progress:============================> 94%] [Cov:===========>                       34%]
[Progress:============================> 94%] [Cov:===========>                       34%]
[Progress:============================> 94%] [Cov:===========>                       34%]
[Progress:============================> 94%] [Cov:===========>                       34%]
[Progress:============================> 94%] [Cov:===========>                       34%]
[Progress:============================> 94%] [Cov:===========>                       34%]
[Progress:============================> 94%] [Cov:===========>                       34%]
[Progress:============================> 94%] [Cov:===========>                       34%]
[Progress:============================> 94%] [Cov:===========>                       34%]
[Progress:============================> 94%] [Cov:===========>                       34%]
[Progress:============================> 94%] [Cov:===========>                       34%]
[Progress:============================> 94%] [Cov:===========>                       34%]
[Progress:============================> 94%] [Cov:===========>                       34%]
[Progress:============================> 94%] [Cov:===========>                       34%]
[Progress:============================> 94%] [Cov:===========>                       34%]
[Progress:============================> 94%] [Cov:===========>                       34%]
[Progress:============================> 94%] [Cov:===========>                       34%]
[Progress:============================> 94%] [Cov:===========>                       34%]
[Progress:============================> 94%] [Cov:===========>                       34%]
[Progress:============================> 94%] [Cov:===========>                       34%]
[Progress:============================> 94%] [Cov:===========>                       34%]
[Progress:============================> 94%] [Cov:===========>                       34%]
[Progress:============================> 94%] [Cov:===========>                       34%]
[Progress:============================> 94%] [Cov:===========>                       34%]
[Progress:============================> 95%] [Cov:===========>                       34%]
[Progress:============================> 95%] [Cov:===========>                       34%]
[Progress:============================> 95%] [Cov:===========>                       34%]
[Progress:============================> 95%] [Cov:===========>                       34%]
[Progress:============================> 95%] [Cov:===========>                       34%]
[Progress:============================> 95%] [Cov:===========>                       34%]
[Progress:============================> 95%] [Cov:===========>                       34%]
[Progress:============================> 95%] [Cov:===========>                       34%]
[Progress:============================> 95%] [Cov:===========>                       34%]
[Progress:============================> 95%] [Cov:===========>                       34%]
[Progress:============================> 95%] [Cov:===========>                       34%]
[Progress:============================> 95%] [Cov:===========>                       34%]
[Progress:============================> 95%] [Cov:===========>                       34%]
[Progress:============================> 95%] [Cov:===========>                       34%]
[Progress:============================> 95%] [Cov:===========>                       34%]
[Progress:============================> 95%] [Cov:===========>                       34%]
[Progress:============================> 95%] [Cov:===========>                       34%]
[Progress:============================> 95%] [Cov:===========>                       34%]
[Progress:============================> 95%] [Cov:===========>                       34%]
[Progress:============================> 95%] [Cov:===========>                       34%]
[Progress:============================> 95%] [Cov:===========>                       34%]
[Progress:============================> 95%] [Cov:===========>                       34%]
[Progress:============================> 95%] [Cov:===========>                       34%]
[Progress:============================> 96%] [Cov:===========>                       34%]
[Progress:============================> 96%] [Cov:===========>                       34%]
[Progress:============================> 96%] [Cov:===========>                       34%]
[Progress:============================> 96%] [Cov:===========>                       34%]
[Progress:============================> 96%] [Cov:===========>                       34%]
[Progress:============================> 96%] [Cov:===========>                       34%]
[Progress:============================> 96%] [Cov:===========>                       34%]
[Progress:============================> 96%] [Cov:===========>                       34%]
[Progress:============================> 96%] [Cov:===========>                       34%]
[Progress:============================> 96%] [Cov:===========>                       34%]
[Progress:============================> 96%] [Cov:===========>                       34%]
[Progress:============================> 96%] [Cov:===========>                       34%]
[Progress:============================> 96%] [Cov:===========>                       34%]
[Progress:============================> 96%] [Cov:===========>                       34%]
[Progress:============================> 96%] [Cov:===========>                       34%]
[Progress:============================> 96%] [Cov:===========>                       34%]
[Progress:============================> 96%] [Cov:===========>                       34%]
[Progress:============================> 96%] [Cov:===========>                       34%]
[Progress:============================> 96%] [Cov:===========>                       34%]
[Progress:============================> 96%] [Cov:===========>                       34%]
[Progress:============================> 96%] [Cov:===========>                       34%]
[Progress:============================> 96%] [Cov:===========>                       34%]
[Progress:============================> 96%] [Cov:===========>                       34%]
[Progress:============================> 96%] [Cov:===========>                       34%]
[Progress:============================> 96%] [Cov:===========>                       34%]
[Progress:============================> 96%] [Cov:===========>                       34%]
[Progress:============================> 96%] [Cov:===========>                       34%]
[Progress:============================> 96%] [Cov:===========>                       34%]
[Progress:============================> 96%] [Cov:===========>                       34%]
[Progress:============================> 96%] [Cov:===========>                       34%]
[Progress:============================> 96%] [Cov:===========>                       34%]
[Progress:============================> 96%] [Cov:===========>                       34%]
[Progress:============================> 96%] [Cov:===========>                       34%]
[Progress:============================> 96%] [Cov:===========>                       34%]
[Progress:============================> 96%] [Cov:===========>                       34%]
[Progress:============================> 96%] [Cov:===========>                       34%]
[Progress:=============================>97%] [Cov:=======>                           22%]
[Progress:=============================>97%] [Cov:========>                          25%]
[Progress:=============================>97%] [Cov:=========>                         28%]
[Progress:=============================>97%] [Cov:==========>                        30%]
[Progress:=============================>97%] [Cov:===========>                       33%]
[Progress:=============================>97%] [Cov:===========>                       34%]
[Progress:=============================>97%] [Cov:===========>                       34%]
[Progress:=============================>97%] [Cov:===========>                       34%]
[Progress:=============================>97%] [Cov:===========>                       34%]
[Progress:=============================>97%] [Cov:===========>                       34%]
[Progress:=============================>97%] [Cov:===========>                       34%]
[Progress:=============================>97%] [Cov:===========>                       34%]
[Progress:=============================>97%] [Cov:===========>                       34%]
[Progress:=============================>97%] [Cov:===========>                       34%]
[Progress:=============================>97%] [Cov:===========>                       34%]
[Progress:=============================>97%] [Cov:===========>                       34%]
[Progress:=============================>97%] [Cov:===========>                       34%]
[Progress:=============================>97%] [Cov:===========>                       34%]
[Progress:=============================>97%] [Cov:===========>                       34%]
[Progress:=============================>97%] [Cov:===========>                       34%]
[Progress:=============================>97%] [Cov:===========>                       34%]
[Progress:=============================>97%] [Cov:===========>                       34%]
[Progress:=============================>97%] [Cov:===========>                       34%]
[Progress:=============================>98%] [Cov:=======>                           22%]
[Progress:=============================>98%] [Cov:===========>                       34%]
[Progress:=============================>98%] [Cov:===========>                       34%]
[Progress:=============================>98%] [Cov:===========>                       34%]
[Progress:=============================>98%] [Cov:===========>                       34%]
[Progress:=============================>98%] [Cov:===========>                       34%]
[Progress:=============================>98%] [Cov:===========>                       34%]
[Progress:=============================>98%] [Cov:===========>                       34%]
[Progress:=============================>98%] [Cov:===========>                       34%]
[Progress:=============================>98%] [Cov:===========>                       34%]
[Progress:=============================>98%] [Cov:===========>                       34%]
[Progress:=============================>98%] [Cov:===========>                       34%]
[Progress:=============================>98%] [Cov:===========>                       34%]
[Progress:=============================>98%] [Cov:===========>                       34%]
[Progress:=============================>98%] [Cov:===========>                       34%]
[Progress:=============================>98%] [Cov:===========>                       34%]
[Progress:=============================>98%] [Cov:===========>                       34%]
[Progress:=============================>98%] [Cov:===========>                       34%]
[Progress:=============================>98%] [Cov:===========>                       34%]
[Progress:=============================>98%] [Cov:===========>                       34%]
[Progress:=============================>98%] [Cov:===========>                       34%]
[Progress:=============================>98%] [Cov:===========>                       34%]
[Progress:=============================>98%] [Cov:===========>                       34%]
[Progress:=============================>98%] [Cov:===========>                       34%]
[Progress:=============================>98%] [Cov:===========>                       34%]
[Progress:=============================>98%] [Cov:===========>                       34%]
[Progress:=============================>98%] [Cov:===========>                       34%]
[Progress:=============================>98%] [Cov:===========>                       34%]
[Progress:=============================>98%] [Cov:===========>                       34%]
[Progress:=============================>98%] [Cov:===========>                       34%]
[Progress:=============================>98%] [Cov:===========>                       34%]
[Progress:=============================>98%] [Cov:===========>                       34%]
[Progress:=============================>98%] [Cov:===========>                       34%]
[Progress:=============================>98%] [Cov:===========>                       34%]
[Progress:=============================>98%] [Cov:===========>                       34%]
[Progress:=============================>98%] [Cov:===========>                       34%]
[Progress:=============================>98%] [Cov:===========>                       34%]
[Progress:=============================>98%] [Cov:===========>                       34%]
[Progress:=============================>99%] [Cov:===========>                       34%]
[Progress:=============================>99%] [Cov:===========>                       34%]
[Progress:=============================>99%] [Cov:===========>                       34%]
[Progress:=============================>99%] [Cov:===========>                       34%]
[Progress:=============================>99%] [Cov:===========>                       34%]
[Progress:=============================>99%] [Cov:===========>                       34%]
[Progress:=============================>99%] [Cov:===========>                       34%]
[Progress:=============================>99%] [Cov:===========>                       34%]
[Progress:=============================>99%] [Cov:===========>                       34%]
[Progress:=============================>99%] [Cov:===========>                       34%]
[Progress:=============================>99%] [Cov:===========>                       34%]
[Progress:=============================>99%] [Cov:===========>                       34%]
[Progress:=============================>99%] [Cov:===========>                       34%]
[Progress:=============================>99%] [Cov:===========>                       34%]
[Progress:=============================>99%] [Cov:===========>                       34%]
[Progress:=============================>99%] [Cov:===========>                       34%]
[Progress:==============================100%] [Cov:===========>                       34%]
[Progress:==============================100%] [Cov:===========>                       34%]
[Progress:==============================100%] [Cov:===========>                       34%]
[Progress:==============================100%] [Cov:===========>                       34%]
[Progress:==============================100%] [Cov:===========>                       34%]
[Progress:==============================100%] [Cov:===========>                       34%]
[Progress:==============================100%] [Cov:===========>                       34%]
[Progress:==============================100%] [Cov:===========>                       34%]
[Progress:==============================100%] [Cov:===========>                       34%]
[Progress:==============================100%] [Cov:===========>                       34%]
[Progress:==============================100%] [Cov:===========>                       34%]
[Progress:==============================100%] [Cov:===========>                       34%]
[Progress:==============================100%] [Cov:===========>                       34%]
[Progress:==============================100%] [Cov:===========>                       34%]
[Progress:==============================100%] [Cov:===========>                       34%]
[Progress:==============================100%] [Cov:===========>                       34%]
[Progress:==============================100%] [Cov:===========>                       34%]
[Progress:==============================100%] [Cov:===========>                       34%]
* Search finished after 152s and 2486 generations, 169572 statements, best individual has fitness: 55.94444444444444
* Minimizing test suite
* Going to analyze the coverage criteria
* Coverage analysis for criterion LINE
* Coverage of criterion LINE: 23%
* Total number of goals: 22
* Number of covered goals: 5
* Coverage analysis for criterion BRANCH
* Coverage of criterion BRANCH: 18%
* Total number of goals: 11
* Number of covered goals: 2
* Coverage analysis for criterion EXCEPTION
* Coverage of criterion EXCEPTION: 67%
* Total number of goals: 3
* Number of covered goals: 2
* Coverage analysis for criterion WEAKMUTATION
* Coverage of criterion WEAKMUTATION: 0%
* Total number of goals: 4
* Number of covered goals: 0
* Coverage analysis for criterion OUTPUT
* Coverage of criterion OUTPUT: 0%
* Total number of goals: 4
* Number of covered goals: 0
* Coverage analysis for criterion METHOD
* Coverage of criterion METHOD: 100%
* Total number of goals: 3
* Number of covered goals: 3
* Coverage analysis for criterion METHODNOEXCEPTION
* Coverage of criterion METHODNOEXCEPTION: 33%
* Total number of goals: 3
* Number of covered goals: 1
* Coverage analysis for criterion CBRANCH
* Coverage of criterion CBRANCH: 18%
* Total number of goals: 11
* Number of covered goals: 2
* Generated 2 tests with total length 4
* Resulting test suite's coverage: 35% (average coverage for all fitness functions)
* Generating assertions
* Resulting test suite's mutation score: 0%
* Compiling and checking tests
* Permissions denied during test execution: 
  - java.lang.RuntimePermission: 
         writeFileDescriptor: 2
* Writing tests to file
* Writing JUnit test case 'ReturnsDeepStubs_ESTest' to evosuite-tests
* Done!

* Computation finished

