CMD: /usr/lib/jvm/java-8-openjdk-amd64/bin/java -Dtools_jar_location=/usr/lib/jvm/java-8-openjdk-amd64/lib/tools.jar -jar /home/pizza/evosuite/evosuite-1.2.0.jar -generateSuite -class com.google.javascript.rhino.jstype.RecordTypeBuilder -projectCP /home/pizza/evosuite/Test/Closure-165b/build/classes:/home/pizza/evosuite/Test/Closure-165b/lib/args4j.jar:/home/pizza/evosuite/Test/Closure-165b/lib/guava.jar:/home/pizza/evosuite/Test/Closure-165b/lib/json.jar:/home/pizza/evosuite/Test/Closure-165b/lib/jsr305.jar:/home/pizza/evosuite/Test/Closure-165b/lib/protobuf-java.jar:/home/pizza/evosuite/Test/Closure-165b/build/lib/rhino.jar:/home/pizza/evosuite/Test/Closure-165b/lib/ant.jar -base_dir /home/pizza/evosuite/results/project-Closure/Closure-165/round02/evosuite-work -seed 11 -Dalgorithm=NSGAII -Dsearch_budget=150 -Dtest_format=JUNIT4 -Dassertions=true

* EvoSuite 1.2.0
* Going to generate test cases for class: com.google.javascript.rhino.jstype.RecordTypeBuilder
* Starting Client-0
* Connecting to master process on port 8220
* Analyzing classpath: 
  - /home/pizza/evosuite/Test/Closure-165b/build/classes
  - /home/pizza/evosuite/Test/Closure-165b/lib/args4j.jar
  - /home/pizza/evosuite/Test/Closure-165b/lib/guava.jar
  - /home/pizza/evosuite/Test/Closure-165b/lib/json.jar
  - /home/pizza/evosuite/Test/Closure-165b/lib/jsr305.jar
  - /home/pizza/evosuite/Test/Closure-165b/lib/protobuf-java.jar
  - /home/pizza/evosuite/Test/Closure-165b/build/lib/rhino.jar
  - /home/pizza/evosuite/Test/Closure-165b/lib/ant.jar
* Finished analyzing classpath
* Generating tests for class com.google.javascript.rhino.jstype.RecordTypeBuilder
* Test criteria:
  - Line Coverage
  - Branch Coverage
  - Exception
  - Mutation testing (weak)
  - Method-Output Coverage
  - Top-Level Method Coverage
  - No-Exception Top-Level Method Coverage
  - Context Branch Coverage
* Setting up search algorithm for whole suite generation
* Total number of test goals: 
  - Line 20
  - Branch 8
  - Exception 0
  - MutationFactory 5
  - Output 49
  - Method 6
  - MethodNoException 6
  - CBranchFitnessFactory 8

[Progress:>                             0%] [Cov:>                                  0%]* Using seed 11
* Starting evolution

[Progress:>                             0%] [Cov:>                                  0%]
[Progress:>                             0%] [Cov:===>                               11%]
[Progress:>                             0%] [Cov:=======>                           20%]
[Progress:>                             0%] [Cov:===========>                       33%]
[Progress:>                             0%] [Cov:================>                  48%]
[Progress:>                             0%] [Cov:=====================>             60%]
[Progress:>                             0%] [Cov:========================>          71%]
[Progress:>                             0%] [Cov:===========================>       79%]
[Progress:>                             0%] [Cov:==============================>    88%]
[Progress:>                             0%] [Cov:=================================> 95%]
[Progress:>                             1%] [Cov:==>                                8%]
[Progress:>                             1%] [Cov:=====>                             15%]
[Progress:>                             1%] [Cov:=========>                         28%]
[Progress:>                             1%] [Cov:=============>                     38%]
[Progress:>                             1%] [Cov:==============>                    40%]
[Progress:>                             1%] [Cov:================>                  48%]
[Progress:>                             1%] [Cov:===================>               57%]
[Progress:>                             1%] [Cov:=====================>             62%]
[Progress:>                             1%] [Cov:======================>            63%]
[Progress:>                             1%] [Cov:=======================>           66%]
[Progress:>                             1%] [Cov:=======================>           68%]
[Progress:>                             1%] [Cov:==========================>        77%]
[Progress:>                             1%] [Cov:==============================>    88%]
[Progress:>                             1%] [Cov:===============================>   89%]
[Progress:>                             1%] [Cov:===============================>   91%]
[Progress:>                             2%] [Cov:===>                               11%]
[Progress:>                             2%] [Cov:=======>                           20%]
[Progress:>                             2%] [Cov:===========>                       32%]
[Progress:>                             2%] [Cov:===========>                       33%]
[Progress:>                             2%] [Cov:================>                  48%]
[Progress:>                             2%] [Cov:====================>              59%]
[Progress:>                             2%] [Cov:=====================>             60%]
[Progress:>                             2%] [Cov:========================>          70%]
[Progress:>                             2%] [Cov:========================>          71%]
[Progress:>                             2%] [Cov:===========================>       78%]
[Progress:>                             2%] [Cov:============================>      80%]
[Progress:>                             2%] [Cov:==============================>    87%]
[Progress:>                             2%] [Cov:=================================> 95%]
[Progress:>                             2%] [Cov:=================================> 95%]
[Progress:>                             2%] [Cov:=================================> 95%]
[Progress:>                             2%] [Cov:=================================> 95%]
[Progress:>                             2%] [Cov:=================================> 95%]
[Progress:>                             2%] [Cov:=================================> 95%]
[Progress:>                             2%] [Cov:=================================> 95%]
[Progress:>                             2%] [Cov:=================================> 95%]
[Progress:>                             2%] [Cov:=================================> 95%]
[Progress:>                             3%] [Cov:=================================> 95%]
[Progress:>                             3%] [Cov:=================================> 95%]
[Progress:>                             3%] [Cov:=================================> 95%]
[Progress:>                             3%] [Cov:=================================> 95%]
[Progress:>                             3%] [Cov:=================================> 95%]
[Progress:>                             3%] [Cov:=================================> 95%]
[Progress:>                             3%] [Cov:=================================> 95%]
[Progress:=>                            4%] [Cov:=================================> 95%]
[Progress:=>                            4%] [Cov:=================================> 95%]
[Progress:=>                            4%] [Cov:=================================> 95%]
[Progress:=>                            4%] [Cov:=================================> 95%]
[Progress:=>                            4%] [Cov:=================================> 95%]
[Progress:=>                            4%] [Cov:=================================> 95%]
[Progress:=>                            4%] [Cov:=================================> 95%]
[Progress:=>                            4%] [Cov:=================================> 95%]
[Progress:=>                            4%] [Cov:=================================> 95%]
[Progress:=>                            4%] [Cov:=================================> 95%]
[Progress:=>                            4%] [Cov:=================================> 95%]
[Progress:=>                            4%] [Cov:=================================> 95%]
[Progress:=>                            4%] [Cov:=================================> 95%]
[Progress:=>                            5%] [Cov:=================================> 95%]
[Progress:=>                            5%] [Cov:=================================> 95%]
[Progress:=>                            5%] [Cov:=================================> 95%]
[Progress:=>                            5%] [Cov:=================================> 95%]
[Progress:=>                            5%] [Cov:=================================> 95%]
[Progress:=>                            5%] [Cov:=================================> 95%]
[Progress:=>                            6%] [Cov:=================================> 95%]
[Progress:=>                            6%] [Cov:=================================> 95%]
[Progress:=>                            6%] [Cov:=================================> 95%]
[Progress:=>                            6%] [Cov:=================================> 95%]
[Progress:=>                            6%] [Cov:=================================> 95%]
[Progress:=>                            6%] [Cov:=================================> 95%]
[Progress:=>                            6%] [Cov:=================================> 95%]
[Progress:=>                            6%] [Cov:=================================> 95%]
[Progress:=>                            6%] [Cov:=================================> 95%]
[Progress:=>                            6%] [Cov:=================================> 95%]
[Progress:=>                            6%] [Cov:=================================> 95%]
[Progress:=>                            6%] [Cov:=================================> 95%]
[Progress:=>                            6%] [Cov:=================================> 95%]
[Progress:=>                            6%] [Cov:=================================> 95%]
[Progress:=>                            6%] [Cov:=================================> 95%]
[Progress:=>                            6%] [Cov:=================================> 95%]
[Progress:=>                            6%] [Cov:=================================> 95%]
[Progress:==>                           7%] [Cov:=================================> 95%]
[Progress:==>                           7%] [Cov:=================================> 95%]
[Progress:==>                           7%] [Cov:=================================> 95%]
[Progress:==>                           7%] [Cov:=================================> 95%]
[Progress:==>                           7%] [Cov:=================================> 95%]
[Progress:==>                           7%] [Cov:=================================> 95%]
[Progress:==>                           7%] [Cov:=================================> 95%]
[Progress:==>                           8%] [Cov:=================================> 95%]
[Progress:==>                           8%] [Cov:=================================> 95%]
[Progress:==>                           8%] [Cov:=================================> 95%]
[Progress:==>                           8%] [Cov:=================================> 95%]
[Progress:==>                           8%] [Cov:=================================> 95%]
[Progress:==>                           8%] [Cov:=================================> 95%]
[Progress:==>                           8%] [Cov:=================================> 95%]
[Progress:==>                           8%] [Cov:=================================> 95%]
[Progress:==>                           8%] [Cov:=================================> 95%]
[Progress:==>                           8%] [Cov:=================================> 95%]
[Progress:==>                           8%] [Cov:=================================> 95%]
[Progress:==>                           8%] [Cov:=================================> 95%]
[Progress:==>                           8%] [Cov:=================================> 95%]
[Progress:==>                           8%] [Cov:=================================> 95%]
[Progress:==>                           8%] [Cov:=================================> 95%]
[Progress:==>                           8%] [Cov:=================================> 95%]
[Progress:==>                           8%] [Cov:=================================> 95%]
[Progress:==>                           8%] [Cov:=================================> 95%]
[Progress:==>                           8%] [Cov:=================================> 95%]
[Progress:==>                           8%] [Cov:=================================> 95%]
[Progress:==>                           9%] [Cov:===============================>   89%]
[Progress:==>                           9%] [Cov:=================================> 95%]
[Progress:==>                           9%] [Cov:=================================> 95%]
[Progress:==>                           9%] [Cov:=================================> 95%]
[Progress:==>                           9%] [Cov:=================================> 95%]
[Progress:==>                           9%] [Cov:=================================> 95%]
[Progress:==>                           9%] [Cov:=================================> 95%]
[Progress:==>                           9%] [Cov:=================================> 95%]
[Progress:==>                           9%] [Cov:=================================> 95%]
[Progress:==>                           9%] [Cov:=================================> 95%]
[Progress:==>                           9%] [Cov:=================================> 95%]
[Progress:===>                          10%] [Cov:===============================>   90%]
[Progress:===>                          10%] [Cov:===============================>   91%]
[Progress:===>                          10%] [Cov:================================>  93%]
[Progress:===>                          10%] [Cov:=================================> 95%]
[Progress:===>                          10%] [Cov:=================================> 95%]
[Progress:===>                          10%] [Cov:=================================> 95%]
[Progress:===>                          10%] [Cov:=================================> 95%]
[Progress:===>                          10%] [Cov:=================================> 95%]
[Progress:===>                          10%] [Cov:=================================> 95%]
[Progress:===>                          10%] [Cov:=================================> 95%]
[Progress:===>                          10%] [Cov:=================================> 95%]
[Progress:===>                          10%] [Cov:=================================> 95%]
[Progress:===>                          10%] [Cov:=================================> 95%]
[Progress:===>                          10%] [Cov:=================================> 95%]
[Progress:===>                          10%] [Cov:=================================> 95%]
[Progress:===>                          10%] [Cov:=================================> 95%]
[Progress:===>                          10%] [Cov:=================================> 95%]
[Progress:===>                          10%] [Cov:=================================> 95%]
[Progress:===>                          10%] [Cov:=================================> 95%]
[Progress:===>                          10%] [Cov:=================================> 95%]
[Progress:===>                          10%] [Cov:=================================> 95%]
[Progress:===>                          11%] [Cov:=================================> 95%]
[Progress:===>                          11%] [Cov:=================================> 95%]
[Progress:===>                          11%] [Cov:=================================> 95%]
[Progress:===>                          11%] [Cov:=================================> 95%]
[Progress:===>                          11%] [Cov:=================================> 95%]
[Progress:===>                          11%] [Cov:=================================> 95%]
[Progress:===>                          11%] [Cov:=================================> 95%]
[Progress:===>                          11%] [Cov:=================================> 95%]
[Progress:===>                          11%] [Cov:=================================> 95%]
[Progress:===>                          11%] [Cov:=================================> 95%]
[Progress:===>                          12%] [Cov:=================================> 95%]
[Progress:===>                          12%] [Cov:=================================> 95%]
[Progress:===>                          12%] [Cov:=================================> 95%]
[Progress:===>                          12%] [Cov:=================================> 95%]
[Progress:===>                          12%] [Cov:=================================> 95%]
[Progress:===>                          12%] [Cov:=================================> 95%]
[Progress:===>                          12%] [Cov:=================================> 95%]
[Progress:===>                          12%] [Cov:=================================> 95%]
[Progress:===>                          12%] [Cov:=================================> 95%]
[Progress:===>                          12%] [Cov:=================================> 95%]
[Progress:===>                          12%] [Cov:=================================> 95%]
[Progress:===>                          12%] [Cov:=================================> 95%]
[Progress:===>                          12%] [Cov:=================================> 95%]
[Progress:===>                          12%] [Cov:=================================> 95%]
[Progress:===>                          12%] [Cov:=================================> 95%]
[Progress:===>                          12%] [Cov:=================================> 95%]
[Progress:===>                          12%] [Cov:=================================> 95%]
[Progress:===>                          12%] [Cov:=================================> 95%]
[Progress:===>                          13%] [Cov:=================================> 95%]
[Progress:===>                          13%] [Cov:=================================> 95%]
[Progress:===>                          13%] [Cov:=================================> 95%]
[Progress:===>                          13%] [Cov:=================================> 95%]
[Progress:===>                          13%] [Cov:=================================> 95%]
[Progress:===>                          13%] [Cov:=================================> 95%]
[Progress:===>                          13%] [Cov:=================================> 95%]
[Progress:===>                          13%] [Cov:=================================> 95%]
[Progress:===>                          13%] [Cov:=================================> 95%]
[Progress:====>                         14%] [Cov:=================================> 95%]
[Progress:====>                         14%] [Cov:=================================> 95%]
[Progress:====>                         14%] [Cov:=================================> 95%]
[Progress:====>                         14%] [Cov:=================================> 95%]
[Progress:====>                         14%] [Cov:=================================> 95%]
[Progress:====>                         14%] [Cov:=================================> 95%]
[Progress:====>                         14%] [Cov:=================================> 95%]
[Progress:====>                         14%] [Cov:=================================> 95%]
[Progress:====>                         14%] [Cov:=================================> 95%]
[Progress:====>                         14%] [Cov:=================================> 95%]
[Progress:====>                         14%] [Cov:=================================> 95%]
[Progress:====>                         14%] [Cov:=================================> 95%]
[Progress:====>                         14%] [Cov:=================================> 95%]
[Progress:====>                         14%] [Cov:=================================> 95%]
[Progress:====>                         14%] [Cov:=================================> 95%]
[Progress:====>                         14%] [Cov:=================================> 95%]
[Progress:====>                         14%] [Cov:=================================> 95%]
[Progress:====>                         14%] [Cov:=================================> 95%]
[Progress:====>                         14%] [Cov:=================================> 95%]
[Progress:====>                         15%] [Cov:=================================> 95%]
[Progress:====>                         15%] [Cov:=================================> 95%]
[Progress:====>                         15%] [Cov:=================================> 95%]
[Progress:====>                         15%] [Cov:=================================> 95%]
[Progress:====>                         15%] [Cov:=================================> 95%]
[Progress:====>                         15%] [Cov:=================================> 95%]
[Progress:====>                         15%] [Cov:=================================> 95%]
[Progress:====>                         15%] [Cov:=================================> 95%]
[Progress:====>                         15%] [Cov:=================================> 95%]
[Progress:====>                         16%] [Cov:=================================> 95%]
[Progress:====>                         16%] [Cov:=================================> 95%]
[Progress:====>                         16%] [Cov:=================================> 95%]
[Progress:====>                         16%] [Cov:=================================> 95%]
[Progress:====>                         16%] [Cov:=================================> 95%]
[Progress:====>                         16%] [Cov:=================================> 95%]
[Progress:====>                         16%] [Cov:=================================> 95%]
[Progress:====>                         16%] [Cov:=================================> 95%]
[Progress:====>                         16%] [Cov:=================================> 95%]
[Progress:====>                         16%] [Cov:=================================> 95%]
[Progress:====>                         16%] [Cov:=================================> 95%]
[Progress:====>                         16%] [Cov:=================================> 95%]
[Progress:====>                         16%] [Cov:=================================> 95%]
[Progress:====>                         16%] [Cov:=================================> 95%]
[Progress:====>                         16%] [Cov:=================================> 95%]
[Progress:====>                         16%] [Cov:=================================> 95%]
[Progress:====>                         16%] [Cov:=================================> 95%]
[Progress:====>                         16%] [Cov:=================================> 95%]
[Progress:====>                         16%] [Cov:=================================> 95%]
[Progress:====>                         16%] [Cov:=================================> 95%]
[Progress:====>                         16%] [Cov:=================================> 95%]
[Progress:=====>                        17%] [Cov:=================================> 95%]
[Progress:=====>                        17%] [Cov:=================================> 95%]
[Progress:=====>                        17%] [Cov:=================================> 95%]
[Progress:=====>                        17%] [Cov:=================================> 95%]
[Progress:=====>                        17%] [Cov:=================================> 95%]
[Progress:=====>                        17%] [Cov:=================================> 95%]
[Progress:=====>                        17%] [Cov:=================================> 95%]
[Progress:=====>                        17%] [Cov:=================================> 95%]
[Progress:=====>                        18%] [Cov:=================================> 95%]
[Progress:=====>                        18%] [Cov:=================================> 95%]
[Progress:=====>                        18%] [Cov:=================================> 95%]
[Progress:=====>                        18%] [Cov:=================================> 95%]
[Progress:=====>                        18%] [Cov:=================================> 95%]
[Progress:=====>                        18%] [Cov:=================================> 95%]
[Progress:=====>                        18%] [Cov:=================================> 95%]
[Progress:=====>                        18%] [Cov:=================================> 95%]
[Progress:=====>                        18%] [Cov:=================================> 95%]
[Progress:=====>                        18%] [Cov:=================================> 95%]
[Progress:=====>                        18%] [Cov:=================================> 95%]
[Progress:=====>                        18%] [Cov:=================================> 95%]
[Progress:=====>                        18%] [Cov:=================================> 95%]
[Progress:=====>                        18%] [Cov:=================================> 95%]
[Progress:=====>                        18%] [Cov:=================================> 95%]
[Progress:=====>                        18%] [Cov:=================================> 95%]
[Progress:=====>                        18%] [Cov:=================================> 95%]
[Progress:=====>                        18%] [Cov:=================================> 95%]
[Progress:=====>                        19%] [Cov:=================================> 95%]
[Progress:=====>                        19%] [Cov:=================================> 95%]
[Progress:=====>                        19%] [Cov:=================================> 95%]
[Progress:=====>                        19%] [Cov:=================================> 95%]
[Progress:=====>                        19%] [Cov:=================================> 95%]
[Progress:=====>                        19%] [Cov:=================================> 95%]
[Progress:=====>                        19%] [Cov:=================================> 95%]
[Progress:=====>                        19%] [Cov:=================================> 95%]
[Progress:=====>                        19%] [Cov:=================================> 95%]
[Progress:======>                       20%] [Cov:=================================> 95%]
[Progress:======>                       20%] [Cov:=================================> 95%]
[Progress:======>                       20%] [Cov:=================================> 95%]
[Progress:======>                       20%] [Cov:=================================> 95%]
[Progress:======>                       20%] [Cov:=================================> 95%]
[Progress:======>                       20%] [Cov:=================================> 95%]
[Progress:======>                       20%] [Cov:=================================> 95%]
[Progress:======>                       20%] [Cov:=================================> 95%]
[Progress:======>                       20%] [Cov:=================================> 95%]
[Progress:======>                       20%] [Cov:=================================> 95%]
[Progress:======>                       20%] [Cov:=================================> 95%]
[Progress:======>                       20%] [Cov:=================================> 95%]
[Progress:======>                       20%] [Cov:=================================> 95%]
[Progress:======>                       20%] [Cov:=================================> 95%]
[Progress:======>                       20%] [Cov:=================================> 95%]
[Progress:======>                       20%] [Cov:=================================> 95%]
[Progress:======>                       20%] [Cov:=================================> 95%]
[Progress:======>                       20%] [Cov:=================================> 95%]
[Progress:======>                       20%] [Cov:=================================> 95%]
[Progress:======>                       20%] [Cov:=================================> 95%]
[Progress:======>                       21%] [Cov:=================================> 95%]
[Progress:======>                       21%] [Cov:=================================> 95%]
[Progress:======>                       21%] [Cov:=================================> 95%]
[Progress:======>                       21%] [Cov:=================================> 95%]
[Progress:======>                       21%] [Cov:=================================> 95%]
[Progress:======>                       21%] [Cov:=================================> 95%]
[Progress:======>                       21%] [Cov:=================================> 95%]
[Progress:======>                       21%] [Cov:=================================> 95%]
[Progress:======>                       21%] [Cov:=================================> 95%]
[Progress:======>                       21%] [Cov:=================================> 95%]
[Progress:======>                       21%] [Cov:=================================> 95%]
[Progress:======>                       22%] [Cov:=================================> 95%]
[Progress:======>                       22%] [Cov:=================================> 95%]
[Progress:======>                       22%] [Cov:=================================> 95%]
[Progress:======>                       22%] [Cov:=================================> 95%]
[Progress:======>                       22%] [Cov:=================================> 95%]
[Progress:======>                       22%] [Cov:=================================> 95%]
[Progress:======>                       22%] [Cov:=================================> 95%]
[Progress:======>                       22%] [Cov:=================================> 95%]
[Progress:======>                       22%] [Cov:=================================> 95%]
[Progress:======>                       22%] [Cov:=================================> 95%]
[Progress:======>                       22%] [Cov:=================================> 95%]
[Progress:======>                       22%] [Cov:=================================> 95%]
[Progress:======>                       22%] [Cov:=================================> 95%]
[Progress:======>                       22%] [Cov:=================================> 95%]
[Progress:======>                       22%] [Cov:=================================> 95%]
[Progress:======>                       22%] [Cov:=================================> 95%]
[Progress:======>                       22%] [Cov:=================================> 95%]
[Progress:======>                       22%] [Cov:=================================> 95%]
[Progress:======>                       22%] [Cov:=================================> 95%]
[Progress:======>                       22%] [Cov:=================================> 95%]
[Progress:======>                       23%] [Cov:=================================> 95%]
[Progress:======>                       23%] [Cov:=================================> 95%]
[Progress:======>                       23%] [Cov:=================================> 95%]
[Progress:======>                       23%] [Cov:=================================> 95%]
[Progress:======>                       23%] [Cov:=================================> 95%]
[Progress:======>                       23%] [Cov:=================================> 95%]
[Progress:======>                       23%] [Cov:=================================> 95%]
[Progress:======>                       23%] [Cov:=================================> 95%]
[Progress:======>                       23%] [Cov:=================================> 95%]
[Progress:=======>                      24%] [Cov:================================>  94%]
[Progress:=======>                      24%] [Cov:=================================> 95%]
[Progress:=======>                      24%] [Cov:=================================> 95%]
[Progress:=======>                      24%] [Cov:=================================> 95%]
[Progress:=======>                      24%] [Cov:=================================> 95%]
[Progress:=======>                      24%] [Cov:=================================> 95%]
[Progress:=======>                      24%] [Cov:=================================> 95%]
[Progress:=======>                      24%] [Cov:=================================> 95%]
[Progress:=======>                      24%] [Cov:=================================> 95%]
[Progress:=======>                      24%] [Cov:=================================> 95%]
[Progress:=======>                      24%] [Cov:=================================> 95%]
[Progress:=======>                      24%] [Cov:=================================> 95%]
[Progress:=======>                      24%] [Cov:=================================> 95%]
[Progress:=======>                      24%] [Cov:=================================> 95%]
[Progress:=======>                      24%] [Cov:=================================> 95%]
[Progress:=======>                      24%] [Cov:=================================> 95%]
[Progress:=======>                      24%] [Cov:=================================> 95%]
[Progress:=======>                      24%] [Cov:=================================> 95%]
[Progress:=======>                      24%] [Cov:=================================> 95%]
[Progress:=======>                      24%] [Cov:=================================> 95%]
[Progress:=======>                      24%] [Cov:=================================> 95%]
[Progress:=======>                      24%] [Cov:=================================> 95%]
[Progress:=======>                      24%] [Cov:=================================> 95%]
[Progress:=======>                      25%] [Cov:=================================> 95%]
[Progress:=======>                      25%] [Cov:=================================> 95%]
[Progress:=======>                      25%] [Cov:=================================> 95%]
[Progress:=======>                      25%] [Cov:=================================> 95%]
[Progress:=======>                      25%] [Cov:=================================> 95%]
[Progress:=======>                      25%] [Cov:=================================> 95%]
[Progress:=======>                      25%] [Cov:=================================> 95%]
[Progress:=======>                      25%] [Cov:=================================> 95%]
[Progress:=======>                      25%] [Cov:=================================> 95%]
[Progress:=======>                      25%] [Cov:=================================> 95%]
[Progress:=======>                      25%] [Cov:=================================> 95%]
[Progress:=======>                      26%] [Cov:===============================>   90%]
[Progress:=======>                      26%] [Cov:=================================> 95%]
[Progress:=======>                      26%] [Cov:=================================> 95%]
[Progress:=======>                      26%] [Cov:=================================> 95%]
[Progress:=======>                      26%] [Cov:=================================> 95%]
[Progress:=======>                      26%] [Cov:=================================> 95%]
[Progress:=======>                      26%] [Cov:=================================> 95%]
[Progress:=======>                      26%] [Cov:=================================> 95%]
[Progress:=======>                      26%] [Cov:=================================> 95%]
[Progress:=======>                      26%] [Cov:=================================> 95%]
[Progress:=======>                      26%] [Cov:=================================> 95%]
[Progress:=======>                      26%] [Cov:=================================> 95%]
[Progress:=======>                      26%] [Cov:=================================> 95%]
[Progress:=======>                      26%] [Cov:=================================> 95%]
[Progress:=======>                      26%] [Cov:=================================> 95%]
[Progress:=======>                      26%] [Cov:=================================> 95%]
[Progress:=======>                      26%] [Cov:=================================> 95%]
[Progress:=======>                      26%] [Cov:=================================> 95%]
[Progress:=======>                      26%] [Cov:=================================> 95%]
[Progress:=======>                      26%] [Cov:=================================> 95%]
[Progress:=======>                      26%] [Cov:=================================> 95%]
[Progress:=======>                      26%] [Cov:=================================> 95%]
[Progress:========>                     27%] [Cov:=================================> 95%]
[Progress:========>                     27%] [Cov:=================================> 95%]
[Progress:========>                     27%] [Cov:=================================> 95%]
[Progress:========>                     27%] [Cov:=================================> 95%]
[Progress:========>                     27%] [Cov:=================================> 95%]
[Progress:========>                     27%] [Cov:=================================> 95%]
[Progress:========>                     27%] [Cov:=================================> 95%]
[Progress:========>                     27%] [Cov:=================================> 95%]
[Progress:========>                     27%] [Cov:=================================> 95%]
[Progress:========>                     27%] [Cov:=================================> 95%]
[Progress:========>                     27%] [Cov:=================================> 95%]
[Progress:========>                     27%] [Cov:=================================> 95%]
[Progress:========>                     28%] [Cov:=================================> 95%]
[Progress:========>                     28%] [Cov:=================================> 95%]
[Progress:========>                     28%] [Cov:=================================> 95%]
[Progress:========>                     28%] [Cov:=================================> 95%]
[Progress:========>                     28%] [Cov:=================================> 95%]
[Progress:========>                     28%] [Cov:=================================> 95%]
[Progress:========>                     28%] [Cov:=================================> 95%]
[Progress:========>                     28%] [Cov:=================================> 95%]
[Progress:========>                     28%] [Cov:=================================> 95%]
[Progress:========>                     28%] [Cov:=================================> 95%]
[Progress:========>                     28%] [Cov:=================================> 95%]
[Progress:========>                     28%] [Cov:=================================> 95%]
[Progress:========>                     28%] [Cov:=================================> 95%]
[Progress:========>                     28%] [Cov:=================================> 95%]
[Progress:========>                     28%] [Cov:=================================> 95%]
[Progress:========>                     28%] [Cov:=================================> 95%]
[Progress:========>                     28%] [Cov:=================================> 95%]
[Progress:========>                     28%] [Cov:=================================> 95%]
[Progress:========>                     28%] [Cov:=================================> 95%]
[Progress:========>                     28%] [Cov:=================================> 95%]
[Progress:========>                     28%] [Cov:=================================> 95%]
[Progress:========>                     28%] [Cov:=================================> 95%]
[Progress:========>                     29%] [Cov:================================>  94%]
[Progress:========>                     29%] [Cov:=================================> 95%]
[Progress:========>                     29%] [Cov:=================================> 95%]
[Progress:========>                     29%] [Cov:=================================> 95%]
[Progress:========>                     29%] [Cov:=================================> 95%]
[Progress:========>                     29%] [Cov:=================================> 95%]
[Progress:========>                     29%] [Cov:=================================> 95%]
[Progress:========>                     29%] [Cov:=================================> 95%]
[Progress:========>                     29%] [Cov:=================================> 95%]
[Progress:========>                     29%] [Cov:=================================> 95%]
[Progress:=========>                    30%] [Cov:=================================> 95%]
[Progress:=========>                    30%] [Cov:=================================> 95%]
[Progress:=========>                    30%] [Cov:=================================> 95%]
[Progress:=========>                    30%] [Cov:=================================> 95%]
[Progress:=========>                    30%] [Cov:=================================> 95%]
[Progress:=========>                    30%] [Cov:=================================> 95%]
[Progress:=========>                    30%] [Cov:=================================> 95%]
[Progress:=========>                    30%] [Cov:=================================> 95%]
[Progress:=========>                    30%] [Cov:=================================> 95%]
[Progress:=========>                    30%] [Cov:=================================> 95%]
[Progress:=========>                    30%] [Cov:=================================> 95%]
[Progress:=========>                    30%] [Cov:=================================> 95%]
[Progress:=========>                    30%] [Cov:=================================> 95%]
[Progress:=========>                    30%] [Cov:=================================> 95%]
[Progress:=========>                    30%] [Cov:=================================> 95%]
[Progress:=========>                    30%] [Cov:=================================> 95%]
[Progress:=========>                    30%] [Cov:=================================> 95%]
[Progress:=========>                    30%] [Cov:=================================> 95%]
[Progress:=========>                    30%] [Cov:=================================> 95%]
[Progress:=========>                    30%] [Cov:=================================> 95%]
[Progress:=========>                    30%] [Cov:=================================> 95%]
[Progress:=========>                    31%] [Cov:=============================>     83%]
[Progress:=========>                    31%] [Cov:================================>  94%]
[Progress:=========>                    31%] [Cov:=================================> 95%]
[Progress:=========>                    31%] [Cov:=================================> 95%]
[Progress:=========>                    31%] [Cov:=================================> 95%]
[Progress:=========>                    31%] [Cov:=================================> 95%]
[Progress:=========>                    31%] [Cov:=================================> 95%]
[Progress:=========>                    31%] [Cov:=================================> 95%]
[Progress:=========>                    31%] [Cov:=================================> 95%][MASTER] 09:05:40.107 [logback-1] WARN  TestCluster - Failed to check cache for java.util.function.Function<T, R> : Type points to itself

[Progress:=========>                    31%] [Cov:=================================> 95%]
[Progress:=========>                    31%] [Cov:=================================> 95%]
[Progress:=========>                    32%] [Cov:================================>  93%]
[Progress:=========>                    32%] [Cov:=================================> 95%]
[Progress:=========>                    32%] [Cov:=================================> 95%]
[Progress:=========>                    32%] [Cov:=================================> 95%]
[Progress:=========>                    32%] [Cov:=================================> 95%]
[Progress:=========>                    32%] [Cov:=================================> 95%]
[Progress:=========>                    32%] [Cov:=================================> 95%]
[Progress:=========>                    32%] [Cov:=================================> 95%]
[Progress:=========>                    32%] [Cov:=================================> 95%]
[Progress:=========>                    32%] [Cov:=================================> 95%]
[Progress:=========>                    32%] [Cov:=================================> 95%]
[Progress:=========>                    32%] [Cov:=================================> 95%]
[Progress:=========>                    32%] [Cov:=================================> 95%]
[Progress:=========>                    32%] [Cov:=================================> 95%]
[Progress:=========>                    32%] [Cov:=================================> 95%]
[Progress:=========>                    32%] [Cov:=================================> 95%]
[Progress:=========>                    32%] [Cov:=================================> 95%]
[Progress:=========>                    32%] [Cov:=================================> 95%]
[Progress:=========>                    32%] [Cov:=================================> 95%]
[Progress:=========>                    32%] [Cov:=================================> 95%]
[Progress:=========>                    32%] [Cov:=================================> 95%]
[Progress:=========>                    33%] [Cov:========================>          70%]
[Progress:=========>                    33%] [Cov:=================================> 95%]
[Progress:=========>                    33%] [Cov:=================================> 95%]
[Progress:=========>                    33%] [Cov:=================================> 95%]
[Progress:=========>                    33%] [Cov:=================================> 95%]
[Progress:=========>                    33%] [Cov:=================================> 95%]
[Progress:=========>                    33%] [Cov:=================================> 95%]
[Progress:=========>                    33%] [Cov:=================================> 95%]
[Progress:=========>                    33%] [Cov:=================================> 95%]
[Progress:=========>                    33%] [Cov:=================================> 95%]
[Progress:=========>                    33%] [Cov:=================================> 95%]
[Progress:==========>                   34%] [Cov:=================================> 95%]
[Progress:==========>                   34%] [Cov:=================================> 95%]
[Progress:==========>                   34%] [Cov:=================================> 95%]
[Progress:==========>                   34%] [Cov:=================================> 95%]
[Progress:==========>                   34%] [Cov:=================================> 95%]
[Progress:==========>                   34%] [Cov:=================================> 95%]
[Progress:==========>                   34%] [Cov:=================================> 95%]
[Progress:==========>                   34%] [Cov:=================================> 95%]
[Progress:==========>                   34%] [Cov:=================================> 95%]
[Progress:==========>                   34%] [Cov:=================================> 95%]
[Progress:==========>                   34%] [Cov:=================================> 95%]
[Progress:==========>                   34%] [Cov:=================================> 95%]
[Progress:==========>                   34%] [Cov:=================================> 95%]
[Progress:==========>                   34%] [Cov:=================================> 95%]
[Progress:==========>                   34%] [Cov:=================================> 95%]
[Progress:==========>                   34%] [Cov:=================================> 95%]
[Progress:==========>                   34%] [Cov:=================================> 95%]
[Progress:==========>                   34%] [Cov:=================================> 95%]
[Progress:==========>                   34%] [Cov:=================================> 95%]
[Progress:==========>                   34%] [Cov:=================================> 95%]
[Progress:==========>                   34%] [Cov:=================================> 95%]
[Progress:==========>                   35%] [Cov:=================================> 95%]
[Progress:==========>                   35%] [Cov:=================================> 95%]
[Progress:==========>                   35%] [Cov:=================================> 95%]
[Progress:==========>                   35%] [Cov:=================================> 95%]
[Progress:==========>                   35%] [Cov:=================================> 95%]
[Progress:==========>                   35%] [Cov:=================================> 95%]
[Progress:==========>                   35%] [Cov:=================================> 95%]
[Progress:==========>                   35%] [Cov:=================================> 95%]
[Progress:==========>                   35%] [Cov:=================================> 95%]
[Progress:==========>                   35%] [Cov:=================================> 95%]
[Progress:==========>                   35%] [Cov:=================================> 95%]
[Progress:==========>                   36%] [Cov:=================================> 95%]
[Progress:==========>                   36%] [Cov:=================================> 95%]
[Progress:==========>                   36%] [Cov:=================================> 95%]
[Progress:==========>                   36%] [Cov:=================================> 95%]
[Progress:==========>                   36%] [Cov:=================================> 95%]
[Progress:==========>                   36%] [Cov:=================================> 95%]
[Progress:==========>                   36%] [Cov:=================================> 95%]
[Progress:==========>                   36%] [Cov:=================================> 95%]
[Progress:==========>                   36%] [Cov:=================================> 95%]
[Progress:==========>                   36%] [Cov:=================================> 95%]
[Progress:==========>                   36%] [Cov:=================================> 95%]
[Progress:==========>                   36%] [Cov:=================================> 95%]
[Progress:==========>                   36%] [Cov:=================================> 95%]
[Progress:==========>                   36%] [Cov:=================================> 95%]
[Progress:==========>                   36%] [Cov:=================================> 95%]
[Progress:==========>                   36%] [Cov:=================================> 95%]
[Progress:==========>                   36%] [Cov:=================================> 95%]
[Progress:==========>                   36%] [Cov:=================================> 95%]
[Progress:==========>                   36%] [Cov:=================================> 95%]
[Progress:==========>                   36%] [Cov:=================================> 95%]
[Progress:==========>                   36%] [Cov:=================================> 95%]
[Progress:===========>                  37%] [Cov:=================================> 95%]
[Progress:===========>                  37%] [Cov:=================================> 95%]
[Progress:===========>                  37%] [Cov:=================================> 95%]
[Progress:===========>                  37%] [Cov:=================================> 95%]
[Progress:===========>                  37%] [Cov:=================================> 95%]
[Progress:===========>                  37%] [Cov:=================================> 95%]
[Progress:===========>                  37%] [Cov:=================================> 95%]
[Progress:===========>                  37%] [Cov:=================================> 95%]
[Progress:===========>                  38%] [Cov:=================================> 95%]
[Progress:===========>                  38%] [Cov:=================================> 95%]
[Progress:===========>                  38%] [Cov:=================================> 95%]
[Progress:===========>                  38%] [Cov:=================================> 95%]
[Progress:===========>                  38%] [Cov:=================================> 95%]
[Progress:===========>                  38%] [Cov:=================================> 95%]
[Progress:===========>                  38%] [Cov:=================================> 95%]
[Progress:===========>                  38%] [Cov:=================================> 95%]
[Progress:===========>                  38%] [Cov:=================================> 95%]
[Progress:===========>                  38%] [Cov:=================================> 95%]
[Progress:===========>                  38%] [Cov:=================================> 95%]
[Progress:===========>                  38%] [Cov:=================================> 95%]
[Progress:===========>                  38%] [Cov:=================================> 95%]
[Progress:===========>                  38%] [Cov:=================================> 95%]
[Progress:===========>                  38%] [Cov:=================================> 95%]
[Progress:===========>                  38%] [Cov:=================================> 95%]
[Progress:===========>                  38%] [Cov:=================================> 95%]
[Progress:===========>                  38%] [Cov:=================================> 95%]
[Progress:===========>                  38%] [Cov:=================================> 95%]
[Progress:===========>                  38%] [Cov:=================================> 95%]
[Progress:===========>                  38%] [Cov:=================================> 95%]
[Progress:===========>                  39%] [Cov:=================================> 95%]
[Progress:===========>                  39%] [Cov:=================================> 95%]
[Progress:===========>                  39%] [Cov:=================================> 95%]
[Progress:===========>                  39%] [Cov:=================================> 95%]
[Progress:===========>                  39%] [Cov:=================================> 95%]
[Progress:===========>                  39%] [Cov:=================================> 95%]
[Progress:===========>                  39%] [Cov:=================================> 95%]
[Progress:===========>                  39%] [Cov:=================================> 95%]
[Progress:===========>                  39%] [Cov:=================================> 95%]
[Progress:===========>                  39%] [Cov:=================================> 95%]
[Progress:===========>                  39%] [Cov:=================================> 95%]
[Progress:===========>                  39%] [Cov:=================================> 95%]
[Progress:============>                 40%] [Cov:=================================> 95%]
[Progress:============>                 40%] [Cov:=================================> 95%]
[Progress:============>                 40%] [Cov:=================================> 95%]
[Progress:============>                 40%] [Cov:=================================> 95%]
[Progress:============>                 40%] [Cov:=================================> 95%]
[Progress:============>                 40%] [Cov:=================================> 95%]
[Progress:============>                 40%] [Cov:=================================> 95%]
[Progress:============>                 40%] [Cov:=================================> 95%]
[Progress:============>                 40%] [Cov:=================================> 95%]
[Progress:============>                 40%] [Cov:=================================> 95%]
[Progress:============>                 40%] [Cov:=================================> 95%]
[Progress:============>                 40%] [Cov:=================================> 95%]
[Progress:============>                 40%] [Cov:=================================> 95%]
[Progress:============>                 40%] [Cov:=================================> 95%]
[Progress:============>                 40%] [Cov:=================================> 95%]
[Progress:============>                 40%] [Cov:=================================> 95%]
[Progress:============>                 40%] [Cov:=================================> 95%]
[Progress:============>                 40%] [Cov:=================================> 95%]
[Progress:============>                 40%] [Cov:=================================> 95%]
[Progress:============>                 40%] [Cov:=================================> 95%]
[Progress:============>                 40%] [Cov:=================================> 95%]
[Progress:============>                 40%] [Cov:=================================> 95%]
[Progress:============>                 41%] [Cov:=================================> 95%]
[Progress:============>                 41%] [Cov:=================================> 95%]
[Progress:============>                 41%] [Cov:=================================> 95%]
[Progress:============>                 41%] [Cov:=================================> 95%]
[Progress:============>                 41%] [Cov:=================================> 95%]
[Progress:============>                 41%] [Cov:=================================> 95%]
[Progress:============>                 41%] [Cov:=================================> 95%]
[Progress:============>                 41%] [Cov:=================================> 95%]
[Progress:============>                 41%] [Cov:=================================> 95%]
[Progress:============>                 41%] [Cov:=================================> 95%]
[Progress:============>                 41%] [Cov:=================================> 95%]
[Progress:============>                 42%] [Cov:=================================> 95%]
[Progress:============>                 42%] [Cov:=================================> 95%]
[Progress:============>                 42%] [Cov:=================================> 95%]
[Progress:============>                 42%] [Cov:=================================> 95%]
[Progress:============>                 42%] [Cov:=================================> 95%]
[Progress:============>                 42%] [Cov:=================================> 95%]
[Progress:============>                 42%] [Cov:=================================> 95%]
[Progress:============>                 42%] [Cov:=================================> 95%]
[Progress:============>                 42%] [Cov:=================================> 95%]
[Progress:============>                 42%] [Cov:=================================> 95%]
[Progress:============>                 42%] [Cov:=================================> 95%]
[Progress:============>                 42%] [Cov:=================================> 95%]
[Progress:============>                 42%] [Cov:=================================> 95%]
[Progress:============>                 42%] [Cov:=================================> 95%]
[Progress:============>                 42%] [Cov:=================================> 95%]
[Progress:============>                 42%] [Cov:=================================> 95%]
[Progress:============>                 42%] [Cov:=================================> 95%]
[Progress:============>                 42%] [Cov:=================================> 95%]
[Progress:============>                 42%] [Cov:=================================> 95%]
[Progress:============>                 42%] [Cov:=================================> 95%]
[Progress:============>                 42%] [Cov:=================================> 95%]
[Progress:============>                 42%] [Cov:=================================> 95%]
[Progress:============>                 43%] [Cov:=================================> 95%]
[Progress:============>                 43%] [Cov:=================================> 95%]
[Progress:============>                 43%] [Cov:=================================> 95%]
[Progress:============>                 43%] [Cov:=================================> 95%]
[Progress:============>                 43%] [Cov:=================================> 95%]
[Progress:============>                 43%] [Cov:=================================> 95%]
[Progress:============>                 43%] [Cov:=================================> 95%]
[Progress:============>                 43%] [Cov:=================================> 95%]
[Progress:============>                 43%] [Cov:=================================> 95%]
[Progress:============>                 43%] [Cov:=================================> 95%]
[Progress:============>                 43%] [Cov:=================================> 95%]
[Progress:=============>                44%] [Cov:=================================> 95%]
[Progress:=============>                44%] [Cov:=================================> 95%]
[Progress:=============>                44%] [Cov:=================================> 95%]
[Progress:=============>                44%] [Cov:=================================> 95%]
[Progress:=============>                44%] [Cov:=================================> 95%]
[Progress:=============>                44%] [Cov:=================================> 95%]
[Progress:=============>                44%] [Cov:=================================> 95%]
[Progress:=============>                44%] [Cov:=================================> 95%]
[Progress:=============>                44%] [Cov:=================================> 95%]
[Progress:=============>                44%] [Cov:=================================> 95%]
[Progress:=============>                44%] [Cov:=================================> 95%]
[Progress:=============>                44%] [Cov:=================================> 95%]
[Progress:=============>                44%] [Cov:=================================> 95%]
[Progress:=============>                44%] [Cov:=================================> 95%]
[Progress:=============>                44%] [Cov:=================================> 95%]
[Progress:=============>                44%] [Cov:=================================> 95%]
[Progress:=============>                44%] [Cov:=================================> 95%]
[Progress:=============>                44%] [Cov:=================================> 95%]
[Progress:=============>                44%] [Cov:=================================> 95%]
[Progress:=============>                44%] [Cov:=================================> 95%]
[Progress:=============>                44%] [Cov:=================================> 95%]
[Progress:=============>                44%] [Cov:=================================> 95%]
[Progress:=============>                45%] [Cov:=================================> 95%]
[Progress:=============>                45%] [Cov:=================================> 95%]
[Progress:=============>                45%] [Cov:=================================> 95%]
[Progress:=============>                45%] [Cov:=================================> 95%]
[Progress:=============>                45%] [Cov:=================================> 95%]
[Progress:=============>                45%] [Cov:=================================> 95%]
[Progress:=============>                45%] [Cov:=================================> 95%]
[Progress:=============>                45%] [Cov:=================================> 95%]
[Progress:=============>                45%] [Cov:=================================> 95%]
[Progress:=============>                45%] [Cov:=================================> 95%]
[Progress:=============>                45%] [Cov:=================================> 95%]
[Progress:=============>                45%] [Cov:=================================> 95%]
[Progress:=============>                46%] [Cov:=================================> 95%]
[Progress:=============>                46%] [Cov:=================================> 95%]
[Progress:=============>                46%] [Cov:=================================> 95%]
[Progress:=============>                46%] [Cov:=================================> 95%]
[Progress:=============>                46%] [Cov:=================================> 95%]
[Progress:=============>                46%] [Cov:=================================> 95%]
[Progress:=============>                46%] [Cov:=================================> 95%]
[Progress:=============>                46%] [Cov:=================================> 95%]
[Progress:=============>                46%] [Cov:=================================> 95%]
[Progress:=============>                46%] [Cov:=================================> 95%]
[Progress:=============>                46%] [Cov:=================================> 95%]
[Progress:=============>                46%] [Cov:=================================> 95%]
[Progress:=============>                46%] [Cov:=================================> 95%]
[Progress:=============>                46%] [Cov:=================================> 95%]
[Progress:=============>                46%] [Cov:=================================> 95%]
[Progress:=============>                46%] [Cov:=================================> 95%]
[Progress:=============>                46%] [Cov:=================================> 95%]
[Progress:=============>                46%] [Cov:=================================> 95%]
[Progress:=============>                46%] [Cov:=================================> 95%]
[Progress:=============>                46%] [Cov:=================================> 95%]
[Progress:=============>                46%] [Cov:=================================> 95%]
[Progress:=============>                46%] [Cov:=================================> 95%]
[Progress:==============>               47%] [Cov:=================================> 95%]
[Progress:==============>               47%] [Cov:=================================> 95%]
[Progress:==============>               47%] [Cov:=================================> 95%]
[Progress:==============>               47%] [Cov:=================================> 95%]
[Progress:==============>               47%] [Cov:=================================> 95%]
[Progress:==============>               47%] [Cov:=================================> 95%]
[Progress:==============>               47%] [Cov:=================================> 95%]
[Progress:==============>               47%] [Cov:=================================> 95%]
[Progress:==============>               47%] [Cov:=================================> 95%]
[Progress:==============>               47%] [Cov:=================================> 95%]
[Progress:==============>               47%] [Cov:=================================> 95%]
[Progress:==============>               47%] [Cov:=================================> 95%]
[Progress:==============>               48%] [Cov:=============================>     84%]
[Progress:==============>               48%] [Cov:=================================> 95%]
[Progress:==============>               48%] [Cov:=================================> 95%]
[Progress:==============>               48%] [Cov:=================================> 95%]
[Progress:==============>               48%] [Cov:=================================> 95%]
[Progress:==============>               48%] [Cov:=================================> 95%]
[Progress:==============>               48%] [Cov:=================================> 95%]
[Progress:==============>               48%] [Cov:=================================> 95%]
[Progress:==============>               48%] [Cov:=================================> 95%]
[Progress:==============>               48%] [Cov:=================================> 95%]
[Progress:==============>               48%] [Cov:=================================> 95%]
[Progress:==============>               48%] [Cov:=================================> 95%]
[Progress:==============>               48%] [Cov:=================================> 95%]
[Progress:==============>               48%] [Cov:=================================> 95%]
[Progress:==============>               48%] [Cov:=================================> 95%]
[Progress:==============>               48%] [Cov:=================================> 95%]
[Progress:==============>               48%] [Cov:=================================> 95%]
[Progress:==============>               48%] [Cov:=================================> 95%]
[Progress:==============>               48%] [Cov:=================================> 95%]
[Progress:==============>               48%] [Cov:=================================> 95%]
[Progress:==============>               48%] [Cov:=================================> 95%]
[Progress:==============>               48%] [Cov:=================================> 95%]
[Progress:==============>               49%] [Cov:===========================>       78%]
[Progress:==============>               49%] [Cov:=================================> 95%]
[Progress:==============>               49%] [Cov:=================================> 95%]
[Progress:==============>               49%] [Cov:=================================> 95%]
[Progress:==============>               49%] [Cov:=================================> 95%]
[Progress:==============>               49%] [Cov:=================================> 95%]
[Progress:==============>               49%] [Cov:=================================> 95%]
[Progress:==============>               49%] [Cov:=================================> 95%]
[Progress:==============>               49%] [Cov:=================================> 95%]
[Progress:==============>               49%] [Cov:=================================> 95%]
[Progress:==============>               49%] [Cov:=================================> 95%]
[Progress:==============>               49%] [Cov:=================================> 95%]
[Progress:===============>              50%] [Cov:=================================> 95%]
[Progress:===============>              50%] [Cov:=================================> 95%]
[Progress:===============>              50%] [Cov:=================================> 95%]
[Progress:===============>              50%] [Cov:=================================> 95%]
[Progress:===============>              50%] [Cov:=================================> 95%]
[Progress:===============>              50%] [Cov:=================================> 95%]
[Progress:===============>              50%] [Cov:=================================> 95%]
[Progress:===============>              50%] [Cov:=================================> 95%]
[Progress:===============>              50%] [Cov:=================================> 95%]
[Progress:===============>              50%] [Cov:=================================> 95%]
[Progress:===============>              50%] [Cov:=================================> 95%]
[Progress:===============>              50%] [Cov:=================================> 95%]
[Progress:===============>              50%] [Cov:=================================> 95%]
[Progress:===============>              50%] [Cov:=================================> 95%]
[Progress:===============>              50%] [Cov:=================================> 95%]
[Progress:===============>              50%] [Cov:=================================> 95%]
[Progress:===============>              50%] [Cov:=================================> 95%]
[Progress:===============>              50%] [Cov:=================================> 95%]
[Progress:===============>              50%] [Cov:=================================> 95%]
[Progress:===============>              50%] [Cov:=================================> 95%]
[Progress:===============>              50%] [Cov:=================================> 95%]
[Progress:===============>              50%] [Cov:=================================> 95%]
[Progress:===============>              51%] [Cov:=================================> 95%]
[Progress:===============>              51%] [Cov:=================================> 95%]
[Progress:===============>              51%] [Cov:=================================> 95%]
[Progress:===============>              51%] [Cov:=================================> 95%]
[Progress:===============>              51%] [Cov:=================================> 95%]
[Progress:===============>              51%] [Cov:=================================> 95%]
[Progress:===============>              51%] [Cov:=================================> 95%]
[Progress:===============>              51%] [Cov:=================================> 95%]
[Progress:===============>              51%] [Cov:=================================> 95%]
[Progress:===============>              51%] [Cov:=================================> 95%]
[Progress:===============>              51%] [Cov:=================================> 95%]
[Progress:===============>              51%] [Cov:=================================> 95%]
[Progress:===============>              51%] [Cov:=================================> 95%]
[Progress:===============>              52%] [Cov:=================================> 95%]
[Progress:===============>              52%] [Cov:=================================> 95%]
[Progress:===============>              52%] [Cov:=================================> 95%]
[Progress:===============>              52%] [Cov:=================================> 95%]
[Progress:===============>              52%] [Cov:=================================> 95%]
[Progress:===============>              52%] [Cov:=================================> 95%]
[Progress:===============>              52%] [Cov:=================================> 95%]
[Progress:===============>              52%] [Cov:=================================> 95%]
[Progress:===============>              52%] [Cov:=================================> 95%]
[Progress:===============>              52%] [Cov:=================================> 95%]
[Progress:===============>              52%] [Cov:=================================> 95%]
[Progress:===============>              52%] [Cov:=================================> 95%]
[Progress:===============>              52%] [Cov:=================================> 95%]
[Progress:===============>              52%] [Cov:=================================> 95%]
[Progress:===============>              52%] [Cov:=================================> 95%]
[Progress:===============>              52%] [Cov:=================================> 95%]
[Progress:===============>              52%] [Cov:=================================> 95%]
[Progress:===============>              52%] [Cov:=================================> 95%]
[Progress:===============>              52%] [Cov:=================================> 95%]
[Progress:===============>              52%] [Cov:=================================> 95%]
[Progress:===============>              52%] [Cov:=================================> 95%]
[Progress:===============>              52%] [Cov:=================================> 95%]
[Progress:===============>              52%] [Cov:=================================> 95%]
[Progress:===============>              53%] [Cov:=================================> 95%]
[Progress:===============>              53%] [Cov:=================================> 95%]
[Progress:===============>              53%] [Cov:=================================> 95%]
[Progress:===============>              53%] [Cov:=================================> 95%]
[Progress:===============>              53%] [Cov:=================================> 95%]
[Progress:===============>              53%] [Cov:=================================> 95%]
[Progress:===============>              53%] [Cov:=================================> 95%]
[Progress:===============>              53%] [Cov:=================================> 95%]
[Progress:===============>              53%] [Cov:=================================> 95%]
[Progress:===============>              53%] [Cov:=================================> 95%]
[Progress:===============>              53%] [Cov:=================================> 95%]
[Progress:================>             54%] [Cov:=================================> 95%]
[Progress:================>             54%] [Cov:=================================> 95%]
[Progress:================>             54%] [Cov:=================================> 95%]
[Progress:================>             54%] [Cov:=================================> 95%]
[Progress:================>             54%] [Cov:=================================> 95%]
[Progress:================>             54%] [Cov:=================================> 95%]
[Progress:================>             54%] [Cov:=================================> 95%]
[Progress:================>             54%] [Cov:=================================> 95%]
[Progress:================>             54%] [Cov:=================================> 95%]
[Progress:================>             54%] [Cov:=================================> 95%]
[Progress:================>             54%] [Cov:=================================> 95%]
[Progress:================>             54%] [Cov:=================================> 95%]
[Progress:================>             54%] [Cov:=================================> 95%]
[Progress:================>             54%] [Cov:=================================> 95%]
[Progress:================>             54%] [Cov:=================================> 95%]
[Progress:================>             54%] [Cov:=================================> 95%]
[Progress:================>             54%] [Cov:=================================> 95%]
[Progress:================>             54%] [Cov:=================================> 95%]
[Progress:================>             54%] [Cov:=================================> 95%]
[Progress:================>             54%] [Cov:=================================> 95%]
[Progress:================>             54%] [Cov:=================================> 95%]
[Progress:================>             54%] [Cov:=================================> 95%]
[Progress:================>             54%] [Cov:=================================> 95%]
[Progress:================>             55%] [Cov:=================================> 95%]
[Progress:================>             55%] [Cov:=================================> 95%]
[Progress:================>             55%] [Cov:=================================> 95%]
[Progress:================>             55%] [Cov:=================================> 95%]
[Progress:================>             55%] [Cov:=================================> 95%]
[Progress:================>             55%] [Cov:=================================> 95%]
[Progress:================>             55%] [Cov:=================================> 95%]
[Progress:================>             55%] [Cov:=================================> 95%]
[Progress:================>             55%] [Cov:=================================> 95%]
[Progress:================>             55%] [Cov:=================================> 95%]
[Progress:================>             55%] [Cov:=================================> 95%]
[Progress:================>             56%] [Cov:=================================> 95%]
[Progress:================>             56%] [Cov:=================================> 95%]
[Progress:================>             56%] [Cov:=================================> 95%]
[Progress:================>             56%] [Cov:=================================> 95%]
[Progress:================>             56%] [Cov:=================================> 95%]
[Progress:================>             56%] [Cov:=================================> 95%]
[Progress:================>             56%] [Cov:=================================> 95%]
[Progress:================>             56%] [Cov:=================================> 95%]
[Progress:================>             56%] [Cov:=================================> 95%]
[Progress:================>             56%] [Cov:=================================> 95%]
[Progress:================>             56%] [Cov:=================================> 95%]
[Progress:================>             56%] [Cov:=================================> 95%]
[Progress:================>             56%] [Cov:=================================> 95%]
[Progress:================>             56%] [Cov:=================================> 95%]
[Progress:================>             56%] [Cov:=================================> 95%]
[Progress:================>             56%] [Cov:=================================> 95%]
[Progress:================>             56%] [Cov:=================================> 95%]
[Progress:================>             56%] [Cov:=================================> 95%]
[Progress:================>             56%] [Cov:=================================> 95%]
[Progress:================>             56%] [Cov:=================================> 95%]
[Progress:================>             56%] [Cov:=================================> 95%]
[Progress:================>             56%] [Cov:=================================> 95%]
[Progress:================>             56%] [Cov:=================================> 95%]
[Progress:================>             56%] [Cov:=================================> 95%]
[Progress:================>             56%] [Cov:=================================> 95%]
[Progress:================>             56%] [Cov:=================================> 95%]
[Progress:================>             56%] [Cov:=================================> 95%]
[Progress:================>             56%] [Cov:=================================> 95%]
[Progress:=================>            57%] [Cov:=================================> 95%]
[Progress:=================>            57%] [Cov:=================================> 95%]
[Progress:=================>            57%] [Cov:=================================> 95%]
[Progress:=================>            57%] [Cov:=================================> 95%]
[Progress:=================>            57%] [Cov:=================================> 95%]
[Progress:=================>            57%] [Cov:=================================> 95%]
[Progress:=================>            57%] [Cov:=================================> 95%]
[Progress:=================>            57%] [Cov:=================================> 95%]
[Progress:=================>            57%] [Cov:=================================> 95%]
[Progress:=================>            57%] [Cov:=================================> 95%]
[Progress:=================>            57%] [Cov:=================================> 95%]
[Progress:=================>            57%] [Cov:=================================> 95%]
[Progress:=================>            57%] [Cov:=================================> 95%]
[Progress:=================>            57%] [Cov:=================================> 95%]
[Progress:=================>            57%] [Cov:=================================> 95%]
[Progress:=================>            57%] [Cov:=================================> 95%]
[Progress:=================>            57%] [Cov:=================================> 95%]
[Progress:=================>            58%] [Cov:================================>  94%]
[Progress:=================>            58%] [Cov:=================================> 95%]
[Progress:=================>            58%] [Cov:=================================> 95%]
[Progress:=================>            58%] [Cov:=================================> 95%]
[Progress:=================>            58%] [Cov:=================================> 95%]
[Progress:=================>            58%] [Cov:=================================> 95%]
[Progress:=================>            58%] [Cov:=================================> 95%]
[Progress:=================>            58%] [Cov:=================================> 95%]
[Progress:=================>            58%] [Cov:=================================> 95%]
[Progress:=================>            58%] [Cov:=================================> 95%]
[Progress:=================>            58%] [Cov:=================================> 95%]
[Progress:=================>            58%] [Cov:=================================> 95%]
[Progress:=================>            58%] [Cov:=================================> 95%]
[Progress:=================>            58%] [Cov:=================================> 95%]
[Progress:=================>            58%] [Cov:=================================> 95%]
[Progress:=================>            58%] [Cov:=================================> 95%]
[Progress:=================>            58%] [Cov:=================================> 95%]
[Progress:=================>            58%] [Cov:=================================> 95%]
[Progress:=================>            58%] [Cov:=================================> 95%]
[Progress:=================>            58%] [Cov:=================================> 95%]
[Progress:=================>            58%] [Cov:=================================> 95%]
[Progress:=================>            58%] [Cov:=================================> 95%]
[Progress:=================>            58%] [Cov:=================================> 95%]
[Progress:=================>            58%] [Cov:=================================> 95%]
[Progress:=================>            58%] [Cov:=================================> 95%]
[Progress:=================>            58%] [Cov:=================================> 95%]
[Progress:=================>            58%] [Cov:=================================> 95%]
[Progress:=================>            58%] [Cov:=================================> 95%]
[Progress:=================>            58%] [Cov:=================================> 95%]
[Progress:=================>            58%] [Cov:=================================> 95%]
[Progress:=================>            58%] [Cov:=================================> 95%]
[Progress:=================>            58%] [Cov:=================================> 95%]
[Progress:=================>            58%] [Cov:=================================> 95%]
[Progress:=================>            59%] [Cov:=================================> 95%]
[Progress:=================>            59%] [Cov:=================================> 95%]
[Progress:=================>            59%] [Cov:=================================> 95%]
[Progress:=================>            59%] [Cov:=================================> 95%]
[Progress:=================>            59%] [Cov:=================================> 95%]
[Progress:=================>            59%] [Cov:=================================> 95%]
[Progress:=================>            59%] [Cov:=================================> 95%]
[Progress:=================>            59%] [Cov:=================================> 95%]
[Progress:=================>            59%] [Cov:=================================> 95%]
[Progress:=================>            59%] [Cov:=================================> 95%]
[Progress:=================>            59%] [Cov:=================================> 95%]
[Progress:=================>            59%] [Cov:=================================> 95%]
[Progress:=================>            59%] [Cov:=================================> 95%]
[Progress:=================>            59%] [Cov:=================================> 95%]
[Progress:=================>            59%] [Cov:=================================> 95%]
[Progress:=================>            59%] [Cov:=================================> 95%]
[Progress:==================>           60%] [Cov:=================================> 95%]
[Progress:==================>           60%] [Cov:=================================> 95%]
[Progress:==================>           60%] [Cov:=================================> 95%]
[Progress:==================>           60%] [Cov:=================================> 95%]
[Progress:==================>           60%] [Cov:=================================> 95%]
[Progress:==================>           60%] [Cov:=================================> 95%]
[Progress:==================>           60%] [Cov:=================================> 95%]
[Progress:==================>           60%] [Cov:=================================> 95%]
[Progress:==================>           60%] [Cov:=================================> 95%]
[Progress:==================>           60%] [Cov:=================================> 95%]
[Progress:==================>           60%] [Cov:=================================> 95%]
[Progress:==================>           60%] [Cov:=================================> 95%]
[Progress:==================>           60%] [Cov:=================================> 95%]
[Progress:==================>           60%] [Cov:=================================> 95%]
[Progress:==================>           60%] [Cov:=================================> 95%]
[Progress:==================>           60%] [Cov:=================================> 95%]
[Progress:==================>           60%] [Cov:=================================> 95%]
[Progress:==================>           60%] [Cov:=================================> 95%]
[Progress:==================>           60%] [Cov:=================================> 95%]
[Progress:==================>           60%] [Cov:=================================> 95%]
[Progress:==================>           60%] [Cov:=================================> 95%]
[Progress:==================>           60%] [Cov:=================================> 95%]
[Progress:==================>           60%] [Cov:=================================> 95%]
[Progress:==================>           60%] [Cov:=================================> 95%]
[Progress:==================>           60%] [Cov:=================================> 95%]
[Progress:==================>           60%] [Cov:=================================> 95%]
[Progress:==================>           60%] [Cov:=================================> 95%]
[Progress:==================>           60%] [Cov:=================================> 95%]
[Progress:==================>           60%] [Cov:=================================> 95%]
[Progress:==================>           60%] [Cov:=================================> 95%]
[Progress:==================>           60%] [Cov:=================================> 95%]
[Progress:==================>           60%] [Cov:=================================> 95%]
[Progress:==================>           60%] [Cov:=================================> 95%]
[Progress:==================>           61%] [Cov:=================================> 95%]
[Progress:==================>           61%] [Cov:=================================> 95%]
[Progress:==================>           61%] [Cov:=================================> 95%]
[Progress:==================>           61%] [Cov:=================================> 95%]
[Progress:==================>           61%] [Cov:=================================> 95%]
[Progress:==================>           61%] [Cov:=================================> 95%]
[Progress:==================>           61%] [Cov:=================================> 95%]
[Progress:==================>           61%] [Cov:=================================> 95%]
[Progress:==================>           61%] [Cov:=================================> 95%]
[Progress:==================>           61%] [Cov:=================================> 95%]
[Progress:==================>           61%] [Cov:=================================> 95%]
[Progress:==================>           61%] [Cov:=================================> 95%]
[Progress:==================>           61%] [Cov:=================================> 95%]
[Progress:==================>           61%] [Cov:=================================> 95%]
[Progress:==================>           61%] [Cov:=================================> 95%]
[Progress:==================>           61%] [Cov:=================================> 95%]
[Progress:==================>           61%] [Cov:=================================> 95%]
[Progress:==================>           62%] [Cov:=================================> 95%]
[Progress:==================>           62%] [Cov:=================================> 95%]
[Progress:==================>           62%] [Cov:=================================> 95%]
[Progress:==================>           62%] [Cov:=================================> 95%]
[Progress:==================>           62%] [Cov:=================================> 95%]
[Progress:==================>           62%] [Cov:=================================> 95%]
[Progress:==================>           62%] [Cov:=================================> 95%]
[Progress:==================>           62%] [Cov:=================================> 95%]
[Progress:==================>           62%] [Cov:=================================> 95%]
[Progress:==================>           62%] [Cov:=================================> 95%]
[Progress:==================>           62%] [Cov:=================================> 95%]
[Progress:==================>           62%] [Cov:=================================> 95%]
[Progress:==================>           62%] [Cov:=================================> 95%]
[Progress:==================>           62%] [Cov:=================================> 95%]
[Progress:==================>           62%] [Cov:=================================> 95%]
[Progress:==================>           62%] [Cov:=================================> 95%]
[Progress:==================>           62%] [Cov:=================================> 95%]
[Progress:==================>           62%] [Cov:=================================> 95%]
[Progress:==================>           62%] [Cov:=================================> 95%]
[Progress:==================>           62%] [Cov:=================================> 95%]
[Progress:==================>           62%] [Cov:=================================> 95%]
[Progress:==================>           62%] [Cov:=================================> 95%]
[Progress:==================>           62%] [Cov:=================================> 95%]
[Progress:==================>           62%] [Cov:=================================> 95%]
[Progress:==================>           62%] [Cov:=================================> 95%]
[Progress:==================>           62%] [Cov:=================================> 95%]
[Progress:==================>           62%] [Cov:=================================> 95%]
[Progress:==================>           62%] [Cov:=================================> 95%]
[Progress:==================>           62%] [Cov:=================================> 95%]
[Progress:==================>           62%] [Cov:=================================> 95%]
[Progress:==================>           63%] [Cov:================================>  93%]
[Progress:==================>           63%] [Cov:=================================> 95%]
[Progress:==================>           63%] [Cov:=================================> 95%]
[Progress:==================>           63%] [Cov:=================================> 95%]
[Progress:==================>           63%] [Cov:=================================> 95%]
[Progress:==================>           63%] [Cov:=================================> 95%]
[Progress:==================>           63%] [Cov:=================================> 95%]
[Progress:==================>           63%] [Cov:=================================> 95%]
[Progress:==================>           63%] [Cov:=================================> 95%]
[Progress:==================>           63%] [Cov:=================================> 95%]
[Progress:==================>           63%] [Cov:=================================> 95%]
[Progress:==================>           63%] [Cov:=================================> 95%]
[Progress:==================>           63%] [Cov:=================================> 95%]
[Progress:==================>           63%] [Cov:=================================> 95%]
[Progress:==================>           63%] [Cov:=================================> 95%]
[Progress:==================>           63%] [Cov:=================================> 95%]
[Progress:==================>           63%] [Cov:=================================> 95%]
[Progress:==================>           63%] [Cov:=================================> 95%]
[Progress:==================>           63%] [Cov:=================================> 95%]
[Progress:===================>          64%] [Cov:================================>  94%]
[Progress:===================>          64%] [Cov:=================================> 95%]
[Progress:===================>          64%] [Cov:=================================> 95%]
[Progress:===================>          64%] [Cov:=================================> 95%]
[Progress:===================>          64%] [Cov:=================================> 95%]
[Progress:===================>          64%] [Cov:=================================> 95%]
[Progress:===================>          64%] [Cov:=================================> 95%]
[Progress:===================>          64%] [Cov:=================================> 95%]
[Progress:===================>          64%] [Cov:=================================> 95%]
[Progress:===================>          64%] [Cov:=================================> 95%]
[Progress:===================>          64%] [Cov:=================================> 95%]
[Progress:===================>          64%] [Cov:=================================> 95%]
[Progress:===================>          64%] [Cov:=================================> 95%]
[Progress:===================>          64%] [Cov:=================================> 95%]
[Progress:===================>          64%] [Cov:=================================> 95%]
[Progress:===================>          64%] [Cov:=================================> 95%]
[Progress:===================>          64%] [Cov:=================================> 95%]
[Progress:===================>          64%] [Cov:=================================> 95%]
[Progress:===================>          64%] [Cov:=================================> 95%]
[Progress:===================>          64%] [Cov:=================================> 95%]
[Progress:===================>          64%] [Cov:=================================> 95%]
[Progress:===================>          64%] [Cov:=================================> 95%]
[Progress:===================>          64%] [Cov:=================================> 95%]
[Progress:===================>          64%] [Cov:=================================> 95%]
[Progress:===================>          64%] [Cov:=================================> 95%]
[Progress:===================>          64%] [Cov:=================================> 95%]
[Progress:===================>          64%] [Cov:=================================> 95%]
[Progress:===================>          64%] [Cov:=================================> 95%]
[Progress:===================>          64%] [Cov:=================================> 95%]
[Progress:===================>          64%] [Cov:=================================> 95%]
[Progress:===================>          64%] [Cov:=================================> 95%]
[Progress:===================>          64%] [Cov:=================================> 95%]
[Progress:===================>          64%] [Cov:=================================> 95%]
[Progress:===================>          64%] [Cov:=================================> 95%]
[Progress:===================>          65%] [Cov:=================================> 95%]
[Progress:===================>          65%] [Cov:=================================> 95%]
[Progress:===================>          65%] [Cov:=================================> 95%]
[Progress:===================>          65%] [Cov:=================================> 95%]
[Progress:===================>          65%] [Cov:=================================> 95%]
[Progress:===================>          65%] [Cov:=================================> 95%]
[Progress:===================>          65%] [Cov:=================================> 95%]
[Progress:===================>          65%] [Cov:=================================> 95%]
[Progress:===================>          65%] [Cov:=================================> 95%]
[Progress:===================>          65%] [Cov:=================================> 95%]
[Progress:===================>          65%] [Cov:=================================> 95%]
[Progress:===================>          65%] [Cov:=================================> 95%]
[Progress:===================>          65%] [Cov:=================================> 95%]
[Progress:===================>          65%] [Cov:=================================> 95%]
[Progress:===================>          65%] [Cov:=================================> 95%]
[Progress:===================>          65%] [Cov:=================================> 95%]
[Progress:===================>          66%] [Cov:=================================> 95%]
[Progress:===================>          66%] [Cov:=================================> 95%]
[Progress:===================>          66%] [Cov:=================================> 95%]
[Progress:===================>          66%] [Cov:=================================> 95%]
[Progress:===================>          66%] [Cov:=================================> 95%]
[Progress:===================>          66%] [Cov:=================================> 95%]
[Progress:===================>          66%] [Cov:=================================> 95%]
[Progress:===================>          66%] [Cov:=================================> 95%]
[Progress:===================>          66%] [Cov:=================================> 95%]
[Progress:===================>          66%] [Cov:=================================> 95%]
[Progress:===================>          66%] [Cov:=================================> 95%]
[Progress:===================>          66%] [Cov:=================================> 95%]
[Progress:===================>          66%] [Cov:=================================> 95%]
[Progress:===================>          66%] [Cov:=================================> 95%]
[Progress:===================>          66%] [Cov:=================================> 95%]
[Progress:===================>          66%] [Cov:=================================> 95%]
[Progress:===================>          66%] [Cov:=================================> 95%]
[Progress:===================>          66%] [Cov:=================================> 95%]
[Progress:===================>          66%] [Cov:=================================> 95%]
[Progress:===================>          66%] [Cov:=================================> 95%]
[Progress:===================>          66%] [Cov:=================================> 95%]
[Progress:===================>          66%] [Cov:=================================> 95%]
[Progress:===================>          66%] [Cov:=================================> 95%]
[Progress:===================>          66%] [Cov:=================================> 95%]
[Progress:===================>          66%] [Cov:=================================> 95%]
[Progress:===================>          66%] [Cov:=================================> 95%]
[Progress:===================>          66%] [Cov:=================================> 95%]
[Progress:===================>          66%] [Cov:=================================> 95%]
[Progress:===================>          66%] [Cov:=================================> 95%]
[Progress:===================>          66%] [Cov:=================================> 95%]
[Progress:===================>          66%] [Cov:=================================> 95%]
[Progress:===================>          66%] [Cov:=================================> 95%]
[Progress:====================>         67%] [Cov:=================================> 95%]
[Progress:====================>         67%] [Cov:=================================> 95%]
[Progress:====================>         67%] [Cov:=================================> 95%]
[Progress:====================>         67%] [Cov:=================================> 95%]
[Progress:====================>         67%] [Cov:=================================> 95%]
[Progress:====================>         67%] [Cov:=================================> 95%]
[Progress:====================>         67%] [Cov:=================================> 95%]
[Progress:====================>         67%] [Cov:=================================> 95%]
[Progress:====================>         67%] [Cov:=================================> 95%]
[Progress:====================>         67%] [Cov:=================================> 95%]
[Progress:====================>         67%] [Cov:=================================> 95%]
[Progress:====================>         67%] [Cov:=================================> 95%]
[Progress:====================>         67%] [Cov:=================================> 95%]
[Progress:====================>         67%] [Cov:=================================> 95%]
[Progress:====================>         67%] [Cov:=================================> 95%]
[Progress:====================>         67%] [Cov:=================================> 95%]
[Progress:====================>         68%] [Cov:=================================> 95%]
[Progress:====================>         68%] [Cov:=================================> 95%]
[Progress:====================>         68%] [Cov:=================================> 95%]
[Progress:====================>         68%] [Cov:=================================> 95%]
[Progress:====================>         68%] [Cov:=================================> 95%]
[Progress:====================>         68%] [Cov:=================================> 95%]
[Progress:====================>         68%] [Cov:=================================> 95%]
[Progress:====================>         68%] [Cov:=================================> 95%]
[Progress:====================>         68%] [Cov:=================================> 95%]
[Progress:====================>         68%] [Cov:=================================> 95%]
[Progress:====================>         68%] [Cov:=================================> 95%]
[Progress:====================>         68%] [Cov:=================================> 95%]
[Progress:====================>         68%] [Cov:=================================> 95%]
[Progress:====================>         68%] [Cov:=================================> 95%]
[Progress:====================>         68%] [Cov:=================================> 95%]
[Progress:====================>         68%] [Cov:=================================> 95%]
[Progress:====================>         68%] [Cov:=================================> 95%]
[Progress:====================>         68%] [Cov:=================================> 95%]
[Progress:====================>         68%] [Cov:=================================> 95%]
[Progress:====================>         68%] [Cov:=================================> 95%]
[Progress:====================>         68%] [Cov:=================================> 95%]
[Progress:====================>         68%] [Cov:=================================> 95%]
[Progress:====================>         68%] [Cov:=================================> 95%]
[Progress:====================>         68%] [Cov:=================================> 95%]
[Progress:====================>         68%] [Cov:=================================> 95%]
[Progress:====================>         68%] [Cov:=================================> 95%]
[Progress:====================>         68%] [Cov:=================================> 95%]
[Progress:====================>         68%] [Cov:=================================> 95%]
[Progress:====================>         68%] [Cov:=================================> 95%]
[Progress:====================>         68%] [Cov:=================================> 95%]
[Progress:====================>         69%] [Cov:===========================>       78%]
[Progress:====================>         69%] [Cov:=================================> 95%]
[Progress:====================>         69%] [Cov:=================================> 95%]
[Progress:====================>         69%] [Cov:=================================> 95%]
[Progress:====================>         69%] [Cov:=================================> 95%]
[Progress:====================>         69%] [Cov:=================================> 95%]
[Progress:====================>         69%] [Cov:=================================> 95%]
[Progress:====================>         69%] [Cov:=================================> 95%]
[Progress:====================>         69%] [Cov:=================================> 95%]
[Progress:====================>         69%] [Cov:=================================> 95%]
[Progress:====================>         69%] [Cov:=================================> 95%]
[Progress:====================>         69%] [Cov:=================================> 95%]
[Progress:====================>         69%] [Cov:=================================> 95%]
[Progress:====================>         69%] [Cov:=================================> 95%]
[Progress:====================>         69%] [Cov:=================================> 95%]
[Progress:====================>         69%] [Cov:=================================> 95%]
[Progress:=====================>        70%] [Cov:=================================> 95%]
[Progress:=====================>        70%] [Cov:=================================> 95%]
[Progress:=====================>        70%] [Cov:=================================> 95%]
[Progress:=====================>        70%] [Cov:=================================> 95%]
[Progress:=====================>        70%] [Cov:=================================> 95%]
[Progress:=====================>        70%] [Cov:=================================> 95%]
[Progress:=====================>        70%] [Cov:=================================> 95%]
[Progress:=====================>        70%] [Cov:=================================> 95%]
[Progress:=====================>        70%] [Cov:=================================> 95%]
[Progress:=====================>        70%] [Cov:=================================> 95%]
[Progress:=====================>        70%] [Cov:=================================> 95%]
[Progress:=====================>        70%] [Cov:=================================> 95%]
[Progress:=====================>        70%] [Cov:=================================> 95%]
[Progress:=====================>        70%] [Cov:=================================> 95%]
[Progress:=====================>        70%] [Cov:=================================> 95%]
[Progress:=====================>        70%] [Cov:=================================> 95%]
[Progress:=====================>        70%] [Cov:=================================> 95%]
[Progress:=====================>        70%] [Cov:=================================> 95%]
[Progress:=====================>        70%] [Cov:=================================> 95%]
[Progress:=====================>        70%] [Cov:=================================> 95%]
[Progress:=====================>        70%] [Cov:=================================> 95%]
[Progress:=====================>        70%] [Cov:=================================> 95%]
[Progress:=====================>        70%] [Cov:=================================> 95%]
[Progress:=====================>        70%] [Cov:=================================> 95%]
[Progress:=====================>        70%] [Cov:=================================> 95%]
[Progress:=====================>        70%] [Cov:=================================> 95%]
[Progress:=====================>        70%] [Cov:=================================> 95%]
[Progress:=====================>        70%] [Cov:=================================> 95%]
[Progress:=====================>        70%] [Cov:=================================> 95%]
[Progress:=====================>        70%] [Cov:=================================> 95%]
[Progress:=====================>        71%] [Cov:=================================> 95%]
[Progress:=====================>        71%] [Cov:=================================> 95%]
[Progress:=====================>        71%] [Cov:=================================> 95%]
[Progress:=====================>        71%] [Cov:=================================> 95%]
[Progress:=====================>        71%] [Cov:=================================> 95%]
[Progress:=====================>        71%] [Cov:=================================> 95%]
[Progress:=====================>        71%] [Cov:=================================> 95%]
[Progress:=====================>        71%] [Cov:=================================> 95%]
[Progress:=====================>        71%] [Cov:=================================> 95%]
[Progress:=====================>        71%] [Cov:=================================> 95%]
[Progress:=====================>        71%] [Cov:=================================> 95%]
[Progress:=====================>        71%] [Cov:=================================> 95%]
[Progress:=====================>        71%] [Cov:=================================> 95%]
[Progress:=====================>        71%] [Cov:=================================> 95%]
[Progress:=====================>        71%] [Cov:=================================> 95%]
[Progress:=====================>        71%] [Cov:=================================> 95%]
[Progress:=====================>        72%] [Cov:=================================> 95%]
[Progress:=====================>        72%] [Cov:=================================> 95%]
[Progress:=====================>        72%] [Cov:=================================> 95%]
[Progress:=====================>        72%] [Cov:=================================> 95%]
[Progress:=====================>        72%] [Cov:=================================> 95%]
[Progress:=====================>        72%] [Cov:=================================> 95%]
[Progress:=====================>        72%] [Cov:=================================> 95%]
[Progress:=====================>        72%] [Cov:=================================> 95%]
[Progress:=====================>        72%] [Cov:=================================> 95%]
[Progress:=====================>        72%] [Cov:=================================> 95%]
[Progress:=====================>        72%] [Cov:=================================> 95%]
[Progress:=====================>        72%] [Cov:=================================> 95%]
[Progress:=====================>        72%] [Cov:=================================> 95%]
[Progress:=====================>        72%] [Cov:=================================> 95%]
[Progress:=====================>        72%] [Cov:=================================> 95%]
[Progress:=====================>        72%] [Cov:=================================> 95%]
[Progress:=====================>        72%] [Cov:=================================> 95%]
[Progress:=====================>        72%] [Cov:=================================> 95%]
[Progress:=====================>        72%] [Cov:=================================> 95%]
[Progress:=====================>        72%] [Cov:=================================> 95%]
[Progress:=====================>        72%] [Cov:=================================> 95%]
[Progress:=====================>        72%] [Cov:=================================> 95%]
[Progress:=====================>        72%] [Cov:=================================> 95%]
[Progress:=====================>        72%] [Cov:=================================> 95%]
[Progress:=====================>        72%] [Cov:=================================> 95%]
[Progress:=====================>        72%] [Cov:=================================> 95%]
[Progress:=====================>        72%] [Cov:=================================> 95%]
[Progress:=====================>        72%] [Cov:=================================> 95%]
[Progress:=====================>        72%] [Cov:=================================> 95%]
[Progress:=====================>        72%] [Cov:=================================> 95%]
[Progress:=====================>        72%] [Cov:=================================> 95%]
[Progress:=====================>        72%] [Cov:=================================> 95%]
[Progress:=====================>        73%] [Cov:============================>      82%]
[Progress:=====================>        73%] [Cov:==============================>    87%]
[Progress:=====================>        73%] [Cov:=================================> 95%]
[Progress:=====================>        73%] [Cov:=================================> 95%]
[Progress:=====================>        73%] [Cov:=================================> 95%]
[Progress:=====================>        73%] [Cov:=================================> 95%]
[Progress:=====================>        73%] [Cov:=================================> 95%]
[Progress:=====================>        73%] [Cov:=================================> 95%]
[Progress:=====================>        73%] [Cov:=================================> 95%]
[Progress:=====================>        73%] [Cov:=================================> 95%]
[Progress:=====================>        73%] [Cov:=================================> 95%]
[Progress:=====================>        73%] [Cov:=================================> 95%]
[Progress:=====================>        73%] [Cov:=================================> 95%]
[Progress:=====================>        73%] [Cov:=================================> 95%]
[Progress:=====================>        73%] [Cov:=================================> 95%]
[Progress:=====================>        73%] [Cov:=================================> 95%]
[Progress:=====================>        73%] [Cov:=================================> 95%]
[Progress:=====================>        73%] [Cov:=================================> 95%]
[Progress:=====================>        73%] [Cov:=================================> 95%]
[Progress:=====================>        73%] [Cov:=================================> 95%]
[Progress:======================>       74%] [Cov:=================================> 95%]
[Progress:======================>       74%] [Cov:=================================> 95%]
[Progress:======================>       74%] [Cov:=================================> 95%]
[Progress:======================>       74%] [Cov:=================================> 95%]
[Progress:======================>       74%] [Cov:=================================> 95%]
[Progress:======================>       74%] [Cov:=================================> 95%]
[Progress:======================>       74%] [Cov:=================================> 95%]
[Progress:======================>       74%] [Cov:=================================> 95%]
[Progress:======================>       74%] [Cov:=================================> 95%]
[Progress:======================>       74%] [Cov:=================================> 95%]
[Progress:======================>       74%] [Cov:=================================> 95%]
[Progress:======================>       74%] [Cov:=================================> 95%]
[Progress:======================>       74%] [Cov:=================================> 95%]
[Progress:======================>       74%] [Cov:=================================> 95%]
[Progress:======================>       74%] [Cov:=================================> 95%]
[Progress:======================>       74%] [Cov:=================================> 95%]
[Progress:======================>       74%] [Cov:=================================> 95%]
[Progress:======================>       74%] [Cov:=================================> 95%]
[Progress:======================>       74%] [Cov:=================================> 95%]
[Progress:======================>       74%] [Cov:=================================> 95%]
[Progress:======================>       74%] [Cov:=================================> 95%]
[Progress:======================>       74%] [Cov:=================================> 95%]
[Progress:======================>       74%] [Cov:=================================> 95%]
[Progress:======================>       74%] [Cov:=================================> 95%]
[Progress:======================>       74%] [Cov:=================================> 95%]
[Progress:======================>       74%] [Cov:=================================> 95%]
[Progress:======================>       74%] [Cov:=================================> 95%]
[Progress:======================>       75%] [Cov:=================================> 95%]
[Progress:======================>       75%] [Cov:=================================> 95%]
[Progress:======================>       75%] [Cov:=================================> 95%]
[Progress:======================>       75%] [Cov:=================================> 95%]
[Progress:======================>       75%] [Cov:=================================> 95%]
[Progress:======================>       75%] [Cov:=================================> 95%]
[Progress:======================>       75%] [Cov:=================================> 95%]
[Progress:======================>       75%] [Cov:=================================> 95%]
[Progress:======================>       75%] [Cov:=================================> 95%]
[Progress:======================>       75%] [Cov:=================================> 95%]
[Progress:======================>       75%] [Cov:=================================> 95%]
[Progress:======================>       75%] [Cov:=================================> 95%]
[Progress:======================>       75%] [Cov:=================================> 95%]
[Progress:======================>       75%] [Cov:=================================> 95%]
[Progress:======================>       75%] [Cov:=================================> 95%]
[Progress:======================>       75%] [Cov:=================================> 95%]
[Progress:======================>       75%] [Cov:=================================> 95%]
[Progress:======================>       76%] [Cov:=================================> 95%]
[Progress:======================>       76%] [Cov:=================================> 95%]
[Progress:======================>       76%] [Cov:=================================> 95%]
[Progress:======================>       76%] [Cov:=================================> 95%]
[Progress:======================>       76%] [Cov:=================================> 95%]
[Progress:======================>       76%] [Cov:=================================> 95%]
[Progress:======================>       76%] [Cov:=================================> 95%]
[Progress:======================>       76%] [Cov:=================================> 95%]
[Progress:======================>       76%] [Cov:=================================> 95%]
[Progress:======================>       76%] [Cov:=================================> 95%]
[Progress:======================>       76%] [Cov:=================================> 95%]
[Progress:======================>       76%] [Cov:=================================> 95%]
[Progress:======================>       76%] [Cov:=================================> 95%]
[Progress:======================>       76%] [Cov:=================================> 95%]
[Progress:======================>       76%] [Cov:=================================> 95%]
[Progress:======================>       76%] [Cov:=================================> 95%]
[Progress:======================>       76%] [Cov:=================================> 95%]
[Progress:======================>       76%] [Cov:=================================> 95%]
[Progress:======================>       76%] [Cov:=================================> 95%]
[Progress:======================>       76%] [Cov:=================================> 95%]
[Progress:======================>       76%] [Cov:=================================> 95%]
[Progress:======================>       76%] [Cov:=================================> 95%]
[Progress:======================>       76%] [Cov:=================================> 95%]
[Progress:======================>       76%] [Cov:=================================> 95%]
[Progress:======================>       76%] [Cov:=================================> 95%]
[Progress:======================>       76%] [Cov:=================================> 95%]
[Progress:======================>       76%] [Cov:=================================> 95%]
[Progress:======================>       76%] [Cov:=================================> 95%]
[Progress:======================>       76%] [Cov:=================================> 95%]
[Progress:======================>       76%] [Cov:=================================> 95%]
[Progress:=======================>      77%] [Cov:================================>  94%]
[Progress:=======================>      77%] [Cov:=================================> 95%]
[Progress:=======================>      77%] [Cov:=================================> 95%]
[Progress:=======================>      77%] [Cov:=================================> 95%]
[Progress:=======================>      77%] [Cov:=================================> 95%]
[Progress:=======================>      77%] [Cov:=================================> 95%]
[Progress:=======================>      77%] [Cov:=================================> 95%]
[Progress:=======================>      77%] [Cov:=================================> 95%]
[Progress:=======================>      77%] [Cov:=================================> 95%]
[Progress:=======================>      77%] [Cov:=================================> 95%]
[Progress:=======================>      77%] [Cov:=================================> 95%]
[Progress:=======================>      77%] [Cov:=================================> 95%]
[Progress:=======================>      77%] [Cov:=================================> 95%]
[Progress:=======================>      77%] [Cov:=================================> 95%]
[Progress:=======================>      77%] [Cov:=================================> 95%]
[Progress:=======================>      77%] [Cov:=================================> 95%]
[Progress:=======================>      78%] [Cov:=================================> 95%]
[Progress:=======================>      78%] [Cov:=================================> 95%]
[Progress:=======================>      78%] [Cov:=================================> 95%]
[Progress:=======================>      78%] [Cov:=================================> 95%]
[Progress:=======================>      78%] [Cov:=================================> 95%]
[Progress:=======================>      78%] [Cov:=================================> 95%]
[Progress:=======================>      78%] [Cov:=================================> 95%]
[Progress:=======================>      78%] [Cov:=================================> 95%]
[Progress:=======================>      78%] [Cov:=================================> 95%]
[Progress:=======================>      78%] [Cov:=================================> 95%]
[Progress:=======================>      78%] [Cov:=================================> 95%]
[Progress:=======================>      78%] [Cov:=================================> 95%]
[Progress:=======================>      78%] [Cov:=================================> 95%]
[Progress:=======================>      78%] [Cov:=================================> 95%]
[Progress:=======================>      78%] [Cov:=================================> 95%]
[Progress:=======================>      78%] [Cov:=================================> 95%]
[Progress:=======================>      78%] [Cov:=================================> 95%]
[Progress:=======================>      78%] [Cov:=================================> 95%]
[Progress:=======================>      78%] [Cov:=================================> 95%]
[Progress:=======================>      78%] [Cov:=================================> 95%]
[Progress:=======================>      78%] [Cov:=================================> 95%]
[Progress:=======================>      78%] [Cov:=================================> 95%]
[Progress:=======================>      78%] [Cov:=================================> 95%]
[Progress:=======================>      78%] [Cov:=================================> 95%]
[Progress:=======================>      78%] [Cov:=================================> 95%]
[Progress:=======================>      78%] [Cov:=================================> 95%]
[Progress:=======================>      78%] [Cov:=================================> 95%]
[Progress:=======================>      78%] [Cov:=================================> 95%]
[Progress:=======================>      78%] [Cov:=================================> 95%]
[Progress:=======================>      78%] [Cov:=================================> 95%]
[Progress:=======================>      78%] [Cov:=================================> 95%]
[Progress:=======================>      78%] [Cov:=================================> 95%]
[Progress:=======================>      78%] [Cov:=================================> 95%]
[Progress:=======================>      79%] [Cov:===============================>   90%]
[Progress:=======================>      79%] [Cov:=================================> 95%]
[Progress:=======================>      79%] [Cov:=================================> 95%]
[Progress:=======================>      79%] [Cov:=================================> 95%]
[Progress:=======================>      79%] [Cov:=================================> 95%]
[Progress:=======================>      79%] [Cov:=================================> 95%]
[Progress:=======================>      79%] [Cov:=================================> 95%]
[Progress:=======================>      79%] [Cov:=================================> 95%]
[Progress:=======================>      79%] [Cov:=================================> 95%]
[Progress:=======================>      79%] [Cov:=================================> 95%]
[Progress:=======================>      79%] [Cov:=================================> 95%]
[Progress:=======================>      79%] [Cov:=================================> 95%]
[Progress:=======================>      79%] [Cov:=================================> 95%]
[Progress:=======================>      79%] [Cov:=================================> 95%]
[Progress:=======================>      79%] [Cov:=================================> 95%]
[Progress:=======================>      79%] [Cov:=================================> 95%]
[Progress:=======================>      79%] [Cov:=================================> 95%]
[Progress:=======================>      79%] [Cov:=================================> 95%]
[Progress:========================>     80%] [Cov:=================================> 95%]
[Progress:========================>     80%] [Cov:=================================> 95%]
[Progress:========================>     80%] [Cov:=================================> 95%]
[Progress:========================>     80%] [Cov:=================================> 95%]
[Progress:========================>     80%] [Cov:=================================> 95%]
[Progress:========================>     80%] [Cov:=================================> 95%]
[Progress:========================>     80%] [Cov:=================================> 95%]
[Progress:========================>     80%] [Cov:=================================> 95%]
[Progress:========================>     80%] [Cov:=================================> 95%]
[Progress:========================>     80%] [Cov:=================================> 95%]
[Progress:========================>     80%] [Cov:=================================> 95%]
[Progress:========================>     80%] [Cov:=================================> 95%]
[Progress:========================>     80%] [Cov:=================================> 95%]
[Progress:========================>     80%] [Cov:=================================> 95%]
[Progress:========================>     80%] [Cov:=================================> 95%]
[Progress:========================>     80%] [Cov:=================================> 95%]
[Progress:========================>     80%] [Cov:=================================> 95%]
[Progress:========================>     80%] [Cov:=================================> 95%]
[Progress:========================>     80%] [Cov:=================================> 95%]
[Progress:========================>     80%] [Cov:=================================> 95%]
[Progress:========================>     80%] [Cov:=================================> 95%]
[Progress:========================>     80%] [Cov:=================================> 95%]
[Progress:========================>     80%] [Cov:=================================> 95%]
[Progress:========================>     80%] [Cov:=================================> 95%]
[Progress:========================>     80%] [Cov:=================================> 95%]
[Progress:========================>     80%] [Cov:=================================> 95%]
[Progress:========================>     80%] [Cov:=================================> 95%]
[Progress:========================>     80%] [Cov:=================================> 95%]
[Progress:========================>     80%] [Cov:=================================> 95%]
[Progress:========================>     80%] [Cov:=================================> 95%]
[Progress:========================>     80%] [Cov:=================================> 95%]
[Progress:========================>     80%] [Cov:=================================> 95%]
[Progress:========================>     80%] [Cov:=================================> 95%]
[Progress:========================>     81%] [Cov:=================================> 95%]
[Progress:========================>     81%] [Cov:=================================> 95%]
[Progress:========================>     81%] [Cov:=================================> 95%]
[Progress:========================>     81%] [Cov:=================================> 95%]
[Progress:========================>     81%] [Cov:=================================> 95%]
[Progress:========================>     81%] [Cov:=================================> 95%]
[Progress:========================>     81%] [Cov:=================================> 95%]
[Progress:========================>     81%] [Cov:=================================> 95%]
[Progress:========================>     81%] [Cov:=================================> 95%]
[Progress:========================>     81%] [Cov:=================================> 95%]
[Progress:========================>     81%] [Cov:=================================> 95%]
[Progress:========================>     81%] [Cov:=================================> 95%]
[Progress:========================>     81%] [Cov:=================================> 95%]
[Progress:========================>     81%] [Cov:=================================> 95%]
[Progress:========================>     81%] [Cov:=================================> 95%]
[Progress:========================>     82%] [Cov:============================>      81%]
[Progress:========================>     82%] [Cov:=================================> 95%]
[Progress:========================>     82%] [Cov:=================================> 95%]
[Progress:========================>     82%] [Cov:=================================> 95%]
[Progress:========================>     82%] [Cov:=================================> 95%]
[Progress:========================>     82%] [Cov:=================================> 95%]
[Progress:========================>     82%] [Cov:=================================> 95%]
[Progress:========================>     82%] [Cov:=================================> 95%]
[Progress:========================>     82%] [Cov:=================================> 95%]
[Progress:========================>     82%] [Cov:=================================> 95%]
[Progress:========================>     82%] [Cov:=================================> 95%]
[Progress:========================>     82%] [Cov:=================================> 95%]
[Progress:========================>     82%] [Cov:=================================> 95%]
[Progress:========================>     82%] [Cov:================================>  94%]
[Progress:========================>     82%] [Cov:=================================> 95%]
[Progress:========================>     82%] [Cov:================================>  94%]
[Progress:========================>     82%] [Cov:=================================> 95%]
[Progress:========================>     82%] [Cov:================================>  94%]
[Progress:========================>     82%] [Cov:=================================> 95%]
[Progress:========================>     82%] [Cov:================================>  94%]
[Progress:========================>     82%] [Cov:=================================> 95%]
[Progress:========================>     82%] [Cov:================================>  94%]
[Progress:========================>     82%] [Cov:=================================> 95%]
[Progress:========================>     82%] [Cov:================================>  94%]
[Progress:========================>     82%] [Cov:=================================> 95%]
[Progress:========================>     82%] [Cov:================================>  94%]
[Progress:========================>     82%] [Cov:=================================> 95%]
[Progress:========================>     82%] [Cov:================================>  94%]
[Progress:========================>     82%] [Cov:=================================> 95%]
[Progress:========================>     82%] [Cov:================================>  94%]
[Progress:========================>     82%] [Cov:=================================> 95%]
[Progress:========================>     82%] [Cov:================================>  94%]
[Progress:========================>     82%] [Cov:=================================> 95%]
[Progress:========================>     82%] [Cov:================================>  94%]
[Progress:========================>     82%] [Cov:=================================> 95%]
[Progress:========================>     82%] [Cov:================================>  94%]
[Progress:========================>     82%] [Cov:=================================> 95%]
[Progress:========================>     82%] [Cov:================================>  94%]
[Progress:========================>     82%] [Cov:=================================> 95%]
[Progress:========================>     82%] [Cov:================================>  94%]
[Progress:========================>     82%] [Cov:=================================> 95%]
[Progress:========================>     82%] [Cov:================================>  94%]
[Progress:========================>     82%] [Cov:=================================> 95%]
[Progress:========================>     82%] [Cov:================================>  94%]
[Progress:========================>     82%] [Cov:=================================> 95%]
[Progress:========================>     82%] [Cov:================================>  94%]
[Progress:========================>     82%] [Cov:=================================> 95%]
[Progress:========================>     82%] [Cov:================================>  94%]
[Progress:========================>     82%] [Cov:=================================> 95%]
[Progress:========================>     82%] [Cov:================================>  94%]
[Progress:========================>     82%] [Cov:=================================> 95%]
[Progress:========================>     83%] [Cov:==========================>        77%]
[Progress:========================>     83%] [Cov:============================>      82%]
[Progress:========================>     83%] [Cov:=================================> 95%]
[Progress:========================>     83%] [Cov:================================>  94%]
[Progress:========================>     83%] [Cov:=================================> 95%]
[Progress:========================>     83%] [Cov:================================>  94%]
[Progress:========================>     83%] [Cov:=================================> 95%]
[Progress:========================>     83%] [Cov:================================>  94%]
[Progress:========================>     83%] [Cov:=================================> 95%]
[Progress:========================>     83%] [Cov:================================>  94%]
[Progress:========================>     83%] [Cov:=================================> 95%]
[Progress:========================>     83%] [Cov:================================>  94%]
[Progress:========================>     83%] [Cov:=================================> 95%]
[Progress:========================>     83%] [Cov:================================>  94%]
[Progress:========================>     83%] [Cov:=================================> 95%]
[Progress:========================>     83%] [Cov:================================>  94%]
[Progress:========================>     83%] [Cov:=================================> 95%]
[Progress:========================>     83%] [Cov:================================>  94%]
[Progress:========================>     83%] [Cov:=================================> 95%]
[Progress:========================>     83%] [Cov:================================>  94%]
[Progress:========================>     83%] [Cov:=================================> 95%]
[Progress:========================>     83%] [Cov:================================>  94%]
[Progress:========================>     83%] [Cov:=================================> 95%]
[Progress:========================>     83%] [Cov:================================>  94%]
[Progress:========================>     83%] [Cov:=================================> 95%]
[Progress:========================>     83%] [Cov:================================>  94%]
[Progress:========================>     83%] [Cov:=================================> 95%]
[Progress:========================>     83%] [Cov:================================>  94%]
[Progress:========================>     83%] [Cov:=================================> 95%]
[Progress:========================>     83%] [Cov:================================>  94%]
[Progress:========================>     83%] [Cov:=================================> 95%]
[Progress:========================>     83%] [Cov:================================>  94%]
[Progress:========================>     83%] [Cov:=================================> 95%]
[Progress:=========================>    84%] [Cov:================================>  94%]
[Progress:=========================>    84%] [Cov:=================================> 95%]
[Progress:=========================>    84%] [Cov:================================>  94%]
[Progress:=========================>    84%] [Cov:=================================> 95%]
[Progress:=========================>    84%] [Cov:================================>  94%]
[Progress:=========================>    84%] [Cov:=================================> 95%]
[Progress:=========================>    84%] [Cov:================================>  94%]
[Progress:=========================>    84%] [Cov:=================================> 95%]
[Progress:=========================>    84%] [Cov:================================>  94%]
[Progress:=========================>    84%] [Cov:=================================> 95%]
[Progress:=========================>    84%] [Cov:================================>  94%]
[Progress:=========================>    84%] [Cov:=================================> 95%]
[Progress:=========================>    84%] [Cov:================================>  94%]
[Progress:=========================>    84%] [Cov:=================================> 95%]
[Progress:=========================>    84%] [Cov:================================>  94%]
[Progress:=========================>    84%] [Cov:=================================> 95%]
[Progress:=========================>    84%] [Cov:================================>  94%]
[Progress:=========================>    84%] [Cov:=================================> 95%]
[Progress:=========================>    84%] [Cov:================================>  94%]
[Progress:=========================>    84%] [Cov:=================================> 95%]
[Progress:=========================>    84%] [Cov:================================>  94%]
[Progress:=========================>    84%] [Cov:=================================> 95%]
[Progress:=========================>    84%] [Cov:================================>  94%]
[Progress:=========================>    84%] [Cov:=================================> 95%]
[Progress:=========================>    84%] [Cov:================================>  94%]
[Progress:=========================>    84%] [Cov:=================================> 95%]
[Progress:=========================>    84%] [Cov:================================>  94%]
[Progress:=========================>    84%] [Cov:=================================> 95%]
[Progress:=========================>    84%] [Cov:================================>  94%]
[Progress:=========================>    84%] [Cov:=================================> 95%]
[Progress:=========================>    84%] [Cov:================================>  94%]
[Progress:=========================>    84%] [Cov:=================================> 95%]
[Progress:=========================>    84%] [Cov:================================>  94%]
[Progress:=========================>    84%] [Cov:=================================> 95%]
[Progress:=========================>    84%] [Cov:================================>  94%]
[Progress:=========================>    84%] [Cov:=================================> 95%]
[Progress:=========================>    84%] [Cov:================================>  94%]
[Progress:=========================>    84%] [Cov:=================================> 95%]
[Progress:=========================>    84%] [Cov:================================>  94%]
[Progress:=========================>    84%] [Cov:=================================> 95%]
[Progress:=========================>    84%] [Cov:================================>  94%]
[Progress:=========================>    84%] [Cov:=================================> 95%]
[Progress:=========================>    84%] [Cov:================================>  94%]
[Progress:=========================>    84%] [Cov:=================================> 95%]
[Progress:=========================>    84%] [Cov:================================>  94%]
[Progress:=========================>    84%] [Cov:=================================> 95%]
[Progress:=========================>    84%] [Cov:================================>  94%]
[Progress:=========================>    84%] [Cov:=================================> 95%]
[Progress:=========================>    84%] [Cov:================================>  94%]
[Progress:=========================>    84%] [Cov:=================================> 95%]
[Progress:=========================>    84%] [Cov:================================>  94%]
[Progress:=========================>    84%] [Cov:=================================> 95%]
[Progress:=========================>    84%] [Cov:================================>  94%]
[Progress:=========================>    84%] [Cov:=================================> 95%]
[Progress:=========================>    84%] [Cov:================================>  94%]
[Progress:=========================>    84%] [Cov:=================================> 95%]
[Progress:=========================>    84%] [Cov:================================>  94%]
[Progress:=========================>    84%] [Cov:=================================> 95%]
[Progress:=========================>    84%] [Cov:================================>  94%]
[Progress:=========================>    84%] [Cov:=================================> 95%]
[Progress:=========================>    85%] [Cov:=================================> 95%]
[Progress:=========================>    85%] [Cov:================================>  94%]
[Progress:=========================>    85%] [Cov:=================================> 95%]
[Progress:=========================>    85%] [Cov:================================>  94%]
[Progress:=========================>    85%] [Cov:=================================> 95%]
[Progress:=========================>    85%] [Cov:================================>  94%]
[Progress:=========================>    85%] [Cov:=================================> 95%]
[Progress:=========================>    85%] [Cov:================================>  94%]
[Progress:=========================>    85%] [Cov:=================================> 95%]
[Progress:=========================>    85%] [Cov:================================>  94%]
[Progress:=========================>    85%] [Cov:=================================> 95%]
[Progress:=========================>    85%] [Cov:================================>  94%]
[Progress:=========================>    85%] [Cov:=================================> 95%]
[Progress:=========================>    85%] [Cov:================================>  94%]
[Progress:=========================>    85%] [Cov:=================================> 95%]
[Progress:=========================>    85%] [Cov:================================>  94%]
[Progress:=========================>    85%] [Cov:=================================> 95%]
[Progress:=========================>    85%] [Cov:================================>  94%]
[Progress:=========================>    85%] [Cov:=================================> 95%]
[Progress:=========================>    85%] [Cov:================================>  94%]
[Progress:=========================>    85%] [Cov:=================================> 95%]
[Progress:=========================>    85%] [Cov:================================>  94%]
[Progress:=========================>    85%] [Cov:=================================> 95%]
[Progress:=========================>    85%] [Cov:================================>  94%]
[Progress:=========================>    85%] [Cov:=================================> 95%]
[Progress:=========================>    85%] [Cov:================================>  94%]
[Progress:=========================>    85%] [Cov:=================================> 95%]
[Progress:=========================>    85%] [Cov:================================>  94%]
[Progress:=========================>    85%] [Cov:=================================> 95%]
[Progress:=========================>    85%] [Cov:================================>  94%]
[Progress:=========================>    85%] [Cov:=================================> 95%]
[Progress:=========================>    85%] [Cov:================================>  94%]
[Progress:=========================>    85%] [Cov:=================================> 95%]
[Progress:=========================>    86%] [Cov:=================================> 95%]
[Progress:=========================>    86%] [Cov:================================>  94%]
[Progress:=========================>    86%] [Cov:=================================> 95%]
[Progress:=========================>    86%] [Cov:================================>  94%]
[Progress:=========================>    86%] [Cov:=================================> 95%]
[Progress:=========================>    86%] [Cov:================================>  94%]
[Progress:=========================>    86%] [Cov:=================================> 95%]
[Progress:=========================>    86%] [Cov:================================>  94%]
[Progress:=========================>    86%] [Cov:=================================> 95%]
[Progress:=========================>    86%] [Cov:================================>  94%]
[Progress:=========================>    86%] [Cov:=================================> 95%]
[Progress:=========================>    86%] [Cov:================================>  94%]
[Progress:=========================>    86%] [Cov:=================================> 95%]
[Progress:=========================>    86%] [Cov:================================>  94%]
[Progress:=========================>    86%] [Cov:=================================> 95%]
[Progress:=========================>    86%] [Cov:================================>  94%]
[Progress:=========================>    86%] [Cov:=================================> 95%]
[Progress:=========================>    86%] [Cov:================================>  94%]
[Progress:=========================>    86%] [Cov:=================================> 95%]
[Progress:=========================>    86%] [Cov:================================>  94%]
[Progress:=========================>    86%] [Cov:=================================> 95%]
[Progress:=========================>    86%] [Cov:================================>  94%]
[Progress:=========================>    86%] [Cov:=================================> 95%]
[Progress:=========================>    86%] [Cov:================================>  94%]
[Progress:=========================>    86%] [Cov:=================================> 95%]
[Progress:=========================>    86%] [Cov:================================>  94%]
[Progress:=========================>    86%] [Cov:=================================> 95%]
[Progress:=========================>    86%] [Cov:================================>  94%]
[Progress:=========================>    86%] [Cov:=================================> 95%]
[Progress:=========================>    86%] [Cov:================================>  94%]
[Progress:=========================>    86%] [Cov:=================================> 95%]
[Progress:=========================>    86%] [Cov:================================>  94%]
[Progress:=========================>    86%] [Cov:=================================> 95%]
[Progress:=========================>    86%] [Cov:================================>  94%]
[Progress:=========================>    86%] [Cov:=================================> 95%]
[Progress:=========================>    86%] [Cov:================================>  94%]
[Progress:=========================>    86%] [Cov:=================================> 95%]
[Progress:=========================>    86%] [Cov:================================>  94%]
[Progress:=========================>    86%] [Cov:=================================> 95%]
[Progress:=========================>    86%] [Cov:================================>  94%]
[Progress:=========================>    86%] [Cov:=================================> 95%]
[Progress:=========================>    86%] [Cov:================================>  94%]
[Progress:=========================>    86%] [Cov:=================================> 95%]
[Progress:=========================>    86%] [Cov:================================>  94%]
[Progress:=========================>    86%] [Cov:=================================> 95%]
[Progress:=========================>    86%] [Cov:================================>  94%]
[Progress:=========================>    86%] [Cov:=================================> 95%]
[Progress:=========================>    86%] [Cov:================================>  94%]
[Progress:=========================>    86%] [Cov:=================================> 95%]
[Progress:=========================>    86%] [Cov:================================>  94%]
[Progress:=========================>    86%] [Cov:=================================> 95%]
[Progress:=========================>    86%] [Cov:================================>  94%]
[Progress:=========================>    86%] [Cov:=================================> 95%]
[Progress:=========================>    86%] [Cov:================================>  94%]
[Progress:=========================>    86%] [Cov:=================================> 95%]
[Progress:=========================>    86%] [Cov:================================>  94%]
[Progress:=========================>    86%] [Cov:=================================> 95%]
[Progress:=========================>    86%] [Cov:================================>  94%]
[Progress:=========================>    86%] [Cov:=================================> 95%]
[Progress:==========================>   87%] [Cov:=================================> 95%]
[Progress:==========================>   87%] [Cov:================================>  94%]
[Progress:==========================>   87%] [Cov:=================================> 95%]
[Progress:==========================>   87%] [Cov:================================>  94%]
[Progress:==========================>   87%] [Cov:=================================> 95%]
[Progress:==========================>   87%] [Cov:================================>  94%]
[Progress:==========================>   87%] [Cov:=================================> 95%]
[Progress:==========================>   87%] [Cov:================================>  94%]
[Progress:==========================>   87%] [Cov:=================================> 95%]
[Progress:==========================>   87%] [Cov:================================>  94%]
[Progress:==========================>   87%] [Cov:=================================> 95%]
[Progress:==========================>   87%] [Cov:================================>  94%]
[Progress:==========================>   87%] [Cov:=================================> 95%]
[Progress:==========================>   87%] [Cov:================================>  94%]
[Progress:==========================>   87%] [Cov:=================================> 95%]
[Progress:==========================>   87%] [Cov:================================>  94%]
[Progress:==========================>   87%] [Cov:=================================> 95%]
[Progress:==========================>   87%] [Cov:================================>  94%]
[Progress:==========================>   87%] [Cov:=================================> 95%]
[Progress:==========================>   87%] [Cov:================================>  94%]
[Progress:==========================>   87%] [Cov:=================================> 95%]
[Progress:==========================>   87%] [Cov:================================>  94%]
[Progress:==========================>   87%] [Cov:=================================> 95%]
[Progress:==========================>   87%] [Cov:================================>  94%]
[Progress:==========================>   87%] [Cov:=================================> 95%]
[Progress:==========================>   87%] [Cov:================================>  94%]
[Progress:==========================>   87%] [Cov:=================================> 95%]
[Progress:==========================>   87%] [Cov:================================>  94%]
[Progress:==========================>   87%] [Cov:=================================> 95%]
[Progress:==========================>   87%] [Cov:================================>  94%]
[Progress:==========================>   87%] [Cov:=================================> 95%]
[Progress:==========================>   88%] [Cov:=================================> 95%]
[Progress:==========================>   88%] [Cov:================================>  94%]
[Progress:==========================>   88%] [Cov:=================================> 95%]
[Progress:==========================>   88%] [Cov:================================>  94%]
[Progress:==========================>   88%] [Cov:=================================> 95%]
[Progress:==========================>   88%] [Cov:================================>  94%]
[Progress:==========================>   88%] [Cov:=================================> 95%]
[Progress:==========================>   88%] [Cov:================================>  94%]
[Progress:==========================>   88%] [Cov:=================================> 95%]
[Progress:==========================>   88%] [Cov:================================>  94%]
[Progress:==========================>   88%] [Cov:=================================> 95%]
[Progress:==========================>   88%] [Cov:================================>  94%]
[Progress:==========================>   88%] [Cov:=================================> 95%]
[Progress:==========================>   88%] [Cov:================================>  94%]
[Progress:==========================>   88%] [Cov:=================================> 95%]
[Progress:==========================>   88%] [Cov:================================>  94%]
[Progress:==========================>   88%] [Cov:=================================> 95%]
[Progress:==========================>   88%] [Cov:================================>  94%]
[Progress:==========================>   88%] [Cov:=================================> 95%]
[Progress:==========================>   88%] [Cov:================================>  94%]
[Progress:==========================>   88%] [Cov:=================================> 95%]
[Progress:==========================>   88%] [Cov:================================>  94%]
[Progress:==========================>   88%] [Cov:=================================> 95%]
[Progress:==========================>   88%] [Cov:================================>  94%]
[Progress:==========================>   88%] [Cov:=================================> 95%]
[Progress:==========================>   88%] [Cov:================================>  94%]
[Progress:==========================>   88%] [Cov:=================================> 95%]
[Progress:==========================>   88%] [Cov:================================>  94%]
[Progress:==========================>   88%] [Cov:=================================> 95%]
[Progress:==========================>   88%] [Cov:================================>  94%]
[Progress:==========================>   88%] [Cov:=================================> 95%]
[Progress:==========================>   88%] [Cov:================================>  94%]
[Progress:==========================>   88%] [Cov:=================================> 95%]
[Progress:==========================>   88%] [Cov:================================>  94%]
[Progress:==========================>   88%] [Cov:=================================> 95%]
[Progress:==========================>   88%] [Cov:================================>  94%]
[Progress:==========================>   88%] [Cov:=================================> 95%]
[Progress:==========================>   88%] [Cov:================================>  94%]
[Progress:==========================>   88%] [Cov:=================================> 95%]
[Progress:==========================>   88%] [Cov:================================>  94%]
[Progress:==========================>   88%] [Cov:=================================> 95%]
[Progress:==========================>   88%] [Cov:================================>  94%]
[Progress:==========================>   88%] [Cov:=================================> 95%]
[Progress:==========================>   88%] [Cov:================================>  94%]
[Progress:==========================>   88%] [Cov:=================================> 95%]
[Progress:==========================>   88%] [Cov:================================>  94%]
[Progress:==========================>   88%] [Cov:=================================> 95%]
[Progress:==========================>   88%] [Cov:================================>  94%]
[Progress:==========================>   88%] [Cov:=================================> 95%]
[Progress:==========================>   88%] [Cov:================================>  94%]
[Progress:==========================>   88%] [Cov:=================================> 95%]
[Progress:==========================>   88%] [Cov:================================>  94%]
[Progress:==========================>   88%] [Cov:=================================> 95%]
[Progress:==========================>   89%] [Cov:================================>  94%]
[Progress:==========================>   89%] [Cov:=================================> 95%]
[Progress:==========================>   89%] [Cov:================================>  94%]
[Progress:==========================>   89%] [Cov:=================================> 95%]
[Progress:==========================>   89%] [Cov:================================>  94%]
[Progress:==========================>   89%] [Cov:=================================> 95%]
[Progress:==========================>   89%] [Cov:================================>  94%]
[Progress:==========================>   89%] [Cov:=================================> 95%]
[Progress:==========================>   89%] [Cov:================================>  94%]
[Progress:==========================>   89%] [Cov:=================================> 95%]
[Progress:==========================>   89%] [Cov:================================>  94%]
[Progress:==========================>   89%] [Cov:=================================> 95%]
[Progress:==========================>   89%] [Cov:================================>  94%]
[Progress:==========================>   89%] [Cov:=================================> 95%]
[Progress:==========================>   89%] [Cov:================================>  94%]
[Progress:==========================>   89%] [Cov:=================================> 95%]
[Progress:==========================>   89%] [Cov:================================>  94%]
[Progress:==========================>   89%] [Cov:=================================> 95%]
[Progress:==========================>   89%] [Cov:================================>  94%]
[Progress:==========================>   89%] [Cov:=================================> 95%]
[Progress:==========================>   89%] [Cov:================================>  94%]
[Progress:==========================>   89%] [Cov:=================================> 95%]
[Progress:==========================>   89%] [Cov:================================>  94%]
[Progress:==========================>   89%] [Cov:=================================> 95%]
[Progress:==========================>   89%] [Cov:================================>  94%]
[Progress:==========================>   89%] [Cov:=================================> 95%]
[Progress:==========================>   89%] [Cov:================================>  94%]
[Progress:==========================>   89%] [Cov:=================================> 95%]
[Progress:==========================>   89%] [Cov:================================>  94%]
[Progress:==========================>   89%] [Cov:=================================> 95%]
[Progress:==========================>   89%] [Cov:================================>  94%]
[Progress:==========================>   89%] [Cov:=================================> 95%]
[Progress:===========================>  90%] [Cov:=================================> 95%]
[Progress:===========================>  90%] [Cov:================================>  94%]
[Progress:===========================>  90%] [Cov:=================================> 95%]
[Progress:===========================>  90%] [Cov:================================>  94%]
[Progress:===========================>  90%] [Cov:=================================> 95%]
[Progress:===========================>  90%] [Cov:================================>  94%]
[Progress:===========================>  90%] [Cov:=================================> 95%]
[Progress:===========================>  90%] [Cov:================================>  94%]
[Progress:===========================>  90%] [Cov:=================================> 95%]
[Progress:===========================>  90%] [Cov:================================>  94%]
[Progress:===========================>  90%] [Cov:=================================> 95%]
[Progress:===========================>  90%] [Cov:================================>  94%]
[Progress:===========================>  90%] [Cov:=================================> 95%]
[Progress:===========================>  90%] [Cov:================================>  94%]
[Progress:===========================>  90%] [Cov:=================================> 95%]
[Progress:===========================>  90%] [Cov:================================>  94%]
[Progress:===========================>  90%] [Cov:=================================> 95%]
[Progress:===========================>  90%] [Cov:================================>  94%]
[Progress:===========================>  90%] [Cov:=================================> 95%]
[Progress:===========================>  90%] [Cov:================================>  94%]
[Progress:===========================>  90%] [Cov:=================================> 95%]
[Progress:===========================>  90%] [Cov:================================>  94%]
[Progress:===========================>  90%] [Cov:=================================> 95%]
[Progress:===========================>  90%] [Cov:================================>  94%]
[Progress:===========================>  90%] [Cov:=================================> 95%]
[Progress:===========================>  90%] [Cov:================================>  94%]
[Progress:===========================>  90%] [Cov:=================================> 95%]
[Progress:===========================>  90%] [Cov:================================>  94%]
[Progress:===========================>  90%] [Cov:=================================> 95%]
[Progress:===========================>  90%] [Cov:================================>  94%]
[Progress:===========================>  90%] [Cov:=================================> 95%]
[Progress:===========================>  90%] [Cov:================================>  94%]
[Progress:===========================>  90%] [Cov:=================================> 95%]
[Progress:===========================>  90%] [Cov:================================>  94%]
[Progress:===========================>  90%] [Cov:=================================> 95%]
[Progress:===========================>  90%] [Cov:================================>  94%]
[Progress:===========================>  90%] [Cov:=================================> 95%]
[Progress:===========================>  90%] [Cov:================================>  94%]
[Progress:===========================>  90%] [Cov:=================================> 95%]
[Progress:===========================>  90%] [Cov:================================>  94%]
[Progress:===========================>  90%] [Cov:=================================> 95%]
[Progress:===========================>  90%] [Cov:================================>  94%]
[Progress:===========================>  90%] [Cov:=================================> 95%]
[Progress:===========================>  90%] [Cov:================================>  94%]
[Progress:===========================>  90%] [Cov:=================================> 95%]
[Progress:===========================>  90%] [Cov:================================>  94%]
[Progress:===========================>  90%] [Cov:=================================> 95%]
[Progress:===========================>  90%] [Cov:================================>  94%]
[Progress:===========================>  90%] [Cov:=================================> 95%]
[Progress:===========================>  90%] [Cov:================================>  94%]
[Progress:===========================>  90%] [Cov:=================================> 95%]
[Progress:===========================>  90%] [Cov:================================>  94%]
[Progress:===========================>  90%] [Cov:=================================> 95%]
[Progress:===========================>  90%] [Cov:================================>  94%]
[Progress:===========================>  90%] [Cov:=================================> 95%]
[Progress:===========================>  90%] [Cov:================================>  94%]
[Progress:===========================>  90%] [Cov:=================================> 95%]
[Progress:===========================>  90%] [Cov:================================>  94%]
[Progress:===========================>  90%] [Cov:=================================> 95%]
[Progress:===========================>  90%] [Cov:================================>  94%]
[Progress:===========================>  90%] [Cov:=================================> 95%]
[Progress:===========================>  90%] [Cov:================================>  94%]
[Progress:===========================>  90%] [Cov:=================================> 95%]
[Progress:===========================>  91%] [Cov:=================================> 95%]
[Progress:===========================>  91%] [Cov:================================>  94%]
[Progress:===========================>  91%] [Cov:=================================> 95%]
[Progress:===========================>  91%] [Cov:================================>  94%]
[Progress:===========================>  91%] [Cov:=================================> 95%]
[Progress:===========================>  91%] [Cov:================================>  94%]
[Progress:===========================>  91%] [Cov:=================================> 95%]
[Progress:===========================>  91%] [Cov:================================>  94%]
[Progress:===========================>  91%] [Cov:=================================> 95%]
[Progress:===========================>  91%] [Cov:================================>  94%]
[Progress:===========================>  91%] [Cov:=================================> 95%]
[Progress:===========================>  91%] [Cov:================================>  94%]
[Progress:===========================>  91%] [Cov:=================================> 95%]
[Progress:===========================>  91%] [Cov:================================>  94%]
[Progress:===========================>  91%] [Cov:=================================> 95%]
[Progress:===========================>  91%] [Cov:================================>  94%]
[Progress:===========================>  91%] [Cov:=================================> 95%]
[Progress:===========================>  91%] [Cov:================================>  94%]
[Progress:===========================>  91%] [Cov:=================================> 95%]
[Progress:===========================>  91%] [Cov:================================>  94%]
[Progress:===========================>  91%] [Cov:=================================> 95%]
[Progress:===========================>  91%] [Cov:================================>  94%]
[Progress:===========================>  91%] [Cov:=================================> 95%]
[Progress:===========================>  91%] [Cov:================================>  94%]
[Progress:===========================>  91%] [Cov:=================================> 95%]
[Progress:===========================>  91%] [Cov:================================>  94%]
[Progress:===========================>  91%] [Cov:=================================> 95%]
[Progress:===========================>  91%] [Cov:================================>  94%]
[Progress:===========================>  91%] [Cov:=================================> 95%]
[Progress:===========================>  91%] [Cov:================================>  94%]
[Progress:===========================>  91%] [Cov:=================================> 95%]
[Progress:===========================>  92%] [Cov:================================>  94%]
[Progress:===========================>  92%] [Cov:=================================> 95%]
[Progress:===========================>  92%] [Cov:================================>  94%]
[Progress:===========================>  92%] [Cov:=================================> 95%]
[Progress:===========================>  92%] [Cov:================================>  94%]
[Progress:===========================>  92%] [Cov:=================================> 95%]
[Progress:===========================>  92%] [Cov:================================>  94%]
[Progress:===========================>  92%] [Cov:=================================> 95%]
[Progress:===========================>  92%] [Cov:================================>  94%]
[Progress:===========================>  92%] [Cov:=================================> 95%]
[Progress:===========================>  92%] [Cov:================================>  94%]
[Progress:===========================>  92%] [Cov:=================================> 95%]
[Progress:===========================>  92%] [Cov:================================>  94%]
[Progress:===========================>  92%] [Cov:=================================> 95%]
[Progress:===========================>  92%] [Cov:================================>  94%]
[Progress:===========================>  92%] [Cov:=================================> 95%]
[Progress:===========================>  92%] [Cov:================================>  94%]
[Progress:===========================>  92%] [Cov:=================================> 95%]
[Progress:===========================>  92%] [Cov:================================>  94%]
[Progress:===========================>  92%] [Cov:=================================> 95%]
[Progress:===========================>  92%] [Cov:================================>  94%]
[Progress:===========================>  92%] [Cov:=================================> 95%]
[Progress:===========================>  92%] [Cov:================================>  94%]
[Progress:===========================>  92%] [Cov:=================================> 95%]
[Progress:===========================>  92%] [Cov:================================>  94%]
[Progress:===========================>  92%] [Cov:=================================> 95%]
[Progress:===========================>  92%] [Cov:================================>  94%]
[Progress:===========================>  92%] [Cov:=================================> 95%]
[Progress:===========================>  92%] [Cov:================================>  94%]
[Progress:===========================>  92%] [Cov:=================================> 95%]
[Progress:===========================>  92%] [Cov:================================>  94%]
[Progress:===========================>  92%] [Cov:=================================> 95%]
[Progress:===========================>  92%] [Cov:================================>  94%]
[Progress:===========================>  92%] [Cov:=================================> 95%]
[Progress:===========================>  92%] [Cov:================================>  94%]
[Progress:===========================>  92%] [Cov:=================================> 95%]
[Progress:===========================>  92%] [Cov:================================>  94%]
[Progress:===========================>  92%] [Cov:=================================> 95%]
[Progress:===========================>  92%] [Cov:================================>  94%]
[Progress:===========================>  92%] [Cov:=================================> 95%]
[Progress:===========================>  92%] [Cov:================================>  94%]
[Progress:===========================>  92%] [Cov:=================================> 95%]
[Progress:===========================>  92%] [Cov:================================>  94%]
[Progress:===========================>  92%] [Cov:=================================> 95%]
[Progress:===========================>  92%] [Cov:================================>  94%]
[Progress:===========================>  92%] [Cov:=================================> 95%]
[Progress:===========================>  92%] [Cov:================================>  94%]
[Progress:===========================>  92%] [Cov:=================================> 95%]
[Progress:===========================>  92%] [Cov:================================>  94%]
[Progress:===========================>  92%] [Cov:=================================> 95%]
[Progress:===========================>  92%] [Cov:================================>  94%]
[Progress:===========================>  92%] [Cov:=================================> 95%]
[Progress:===========================>  92%] [Cov:================================>  94%]
[Progress:===========================>  92%] [Cov:=================================> 95%]
[Progress:===========================>  92%] [Cov:================================>  94%]
[Progress:===========================>  92%] [Cov:=================================> 95%]
[Progress:===========================>  92%] [Cov:================================>  94%]
[Progress:===========================>  92%] [Cov:=================================> 95%]
[Progress:===========================>  92%] [Cov:================================>  94%]
[Progress:===========================>  92%] [Cov:=================================> 95%]
[Progress:===========================>  92%] [Cov:================================>  94%]
[Progress:===========================>  92%] [Cov:=================================> 95%]
[Progress:===========================>  92%] [Cov:================================>  94%]
[Progress:===========================>  92%] [Cov:=================================> 95%]
[Progress:===========================>  92%] [Cov:================================>  94%]
[Progress:===========================>  92%] [Cov:=================================> 95%]
[Progress:===========================>  92%] [Cov:================================>  94%]
[Progress:===========================>  92%] [Cov:=================================> 95%]
[Progress:===========================>  93%] [Cov:============================>      82%]
[Progress:===========================>  93%] [Cov:================================>  94%]
[Progress:===========================>  93%] [Cov:=================================> 95%]
[Progress:===========================>  93%] [Cov:================================>  94%]
[Progress:===========================>  93%] [Cov:=================================> 95%]
[Progress:===========================>  93%] [Cov:================================>  94%]
[Progress:===========================>  93%] [Cov:=================================> 95%]
[Progress:===========================>  93%] [Cov:================================>  94%]
[Progress:===========================>  93%] [Cov:=================================> 95%]
[Progress:===========================>  93%] [Cov:================================>  94%]
[Progress:===========================>  93%] [Cov:=================================> 95%]
[Progress:===========================>  93%] [Cov:================================>  94%]
[Progress:===========================>  93%] [Cov:=================================> 95%]
[Progress:===========================>  93%] [Cov:================================>  94%]
[Progress:===========================>  93%] [Cov:=================================> 95%]
[Progress:===========================>  93%] [Cov:================================>  94%]
[Progress:===========================>  93%] [Cov:=================================> 95%]
[Progress:===========================>  93%] [Cov:================================>  94%]
[Progress:===========================>  93%] [Cov:=================================> 95%]
[Progress:===========================>  93%] [Cov:================================>  94%]
[Progress:===========================>  93%] [Cov:=================================> 95%]
[Progress:===========================>  93%] [Cov:================================>  94%]
[Progress:===========================>  93%] [Cov:=================================> 95%]
[Progress:===========================>  93%] [Cov:================================>  94%]
[Progress:===========================>  93%] [Cov:=================================> 95%]
[Progress:===========================>  93%] [Cov:================================>  94%]
[Progress:===========================>  93%] [Cov:=================================> 95%]
[Progress:===========================>  93%] [Cov:================================>  94%]
[Progress:===========================>  93%] [Cov:=================================> 95%]
[Progress:===========================>  93%] [Cov:================================>  94%]
[Progress:===========================>  93%] [Cov:=================================> 95%]
[Progress:===========================>  93%] [Cov:================================>  94%]
[Progress:===========================>  93%] [Cov:=================================> 95%]
[Progress:============================> 94%] [Cov:=================================> 95%]
[Progress:============================> 94%] [Cov:================================>  94%]
[Progress:============================> 94%] [Cov:=================================> 95%]
[Progress:============================> 94%] [Cov:================================>  94%]
[Progress:============================> 94%] [Cov:=================================> 95%]
[Progress:============================> 94%] [Cov:================================>  94%]
[Progress:============================> 94%] [Cov:=================================> 95%]
[Progress:============================> 94%] [Cov:================================>  94%]
[Progress:============================> 94%] [Cov:=================================> 95%]
[Progress:============================> 94%] [Cov:================================>  94%]
[Progress:============================> 94%] [Cov:=================================> 95%]
[Progress:============================> 94%] [Cov:================================>  94%]
[Progress:============================> 94%] [Cov:=================================> 95%]
[Progress:============================> 94%] [Cov:================================>  94%]
[Progress:============================> 94%] [Cov:=================================> 95%]
[Progress:============================> 94%] [Cov:================================>  94%]
[Progress:============================> 94%] [Cov:=================================> 95%]
[Progress:============================> 94%] [Cov:================================>  94%]
[Progress:============================> 94%] [Cov:=================================> 95%]
[Progress:============================> 94%] [Cov:================================>  94%]
[Progress:============================> 94%] [Cov:=================================> 95%]
[Progress:============================> 94%] [Cov:================================>  94%]
[Progress:============================> 94%] [Cov:=================================> 95%]
[Progress:============================> 94%] [Cov:================================>  94%]
[Progress:============================> 94%] [Cov:=================================> 95%]
[Progress:============================> 94%] [Cov:================================>  94%]
[Progress:============================> 94%] [Cov:=================================> 95%]
[Progress:============================> 94%] [Cov:================================>  94%]
[Progress:============================> 94%] [Cov:=================================> 95%]
[Progress:============================> 94%] [Cov:================================>  94%]
[Progress:============================> 94%] [Cov:=================================> 95%]
[Progress:============================> 94%] [Cov:================================>  94%]
[Progress:============================> 94%] [Cov:=================================> 95%]
[Progress:============================> 94%] [Cov:================================>  94%]
[Progress:============================> 94%] [Cov:=================================> 95%]
[Progress:============================> 94%] [Cov:================================>  94%]
[Progress:============================> 94%] [Cov:=================================> 95%]
[Progress:============================> 94%] [Cov:================================>  94%]
[Progress:============================> 94%] [Cov:=================================> 95%]
[Progress:============================> 94%] [Cov:================================>  94%]
[Progress:============================> 94%] [Cov:=================================> 95%]
[Progress:============================> 94%] [Cov:================================>  94%]
[Progress:============================> 94%] [Cov:=================================> 95%]
[Progress:============================> 94%] [Cov:================================>  94%]
[Progress:============================> 94%] [Cov:=================================> 95%]
[Progress:============================> 94%] [Cov:================================>  94%]
[Progress:============================> 94%] [Cov:=================================> 95%]
[Progress:============================> 94%] [Cov:================================>  94%]
[Progress:============================> 94%] [Cov:=================================> 95%]
[Progress:============================> 94%] [Cov:================================>  94%]
[Progress:============================> 94%] [Cov:=================================> 95%]
[Progress:============================> 94%] [Cov:================================>  94%]
[Progress:============================> 94%] [Cov:=================================> 95%]
[Progress:============================> 94%] [Cov:================================>  94%]
[Progress:============================> 94%] [Cov:=================================> 95%]
[Progress:============================> 94%] [Cov:================================>  94%]
[Progress:============================> 94%] [Cov:=================================> 95%]
[Progress:============================> 94%] [Cov:================================>  94%]
[Progress:============================> 94%] [Cov:=================================> 95%]
[Progress:============================> 94%] [Cov:================================>  94%]
[Progress:============================> 94%] [Cov:=================================> 95%]
[Progress:============================> 94%] [Cov:================================>  94%]
[Progress:============================> 94%] [Cov:=================================> 95%]
[Progress:============================> 94%] [Cov:================================>  94%]
[Progress:============================> 94%] [Cov:=================================> 95%]
[Progress:============================> 95%] [Cov:=================================> 95%]
[Progress:============================> 95%] [Cov:================================>  94%]
[Progress:============================> 95%] [Cov:=================================> 95%]
[Progress:============================> 95%] [Cov:================================>  94%]
[Progress:============================> 95%] [Cov:=================================> 95%]
[Progress:============================> 95%] [Cov:================================>  94%]
[Progress:============================> 95%] [Cov:=================================> 95%]
[Progress:============================> 95%] [Cov:================================>  94%]
[Progress:============================> 95%] [Cov:=================================> 95%]
[Progress:============================> 95%] [Cov:================================>  94%]
[Progress:============================> 95%] [Cov:=================================> 95%]
[Progress:============================> 95%] [Cov:================================>  94%]
[Progress:============================> 95%] [Cov:=================================> 95%]
[Progress:============================> 95%] [Cov:================================>  94%]
[Progress:============================> 95%] [Cov:=================================> 95%]
[Progress:============================> 95%] [Cov:================================>  94%]
[Progress:============================> 95%] [Cov:=================================> 95%]
[Progress:============================> 95%] [Cov:================================>  94%]
[Progress:============================> 95%] [Cov:=================================> 95%]
[Progress:============================> 95%] [Cov:================================>  94%]
[Progress:============================> 95%] [Cov:=================================> 95%]
[Progress:============================> 95%] [Cov:================================>  94%]
[Progress:============================> 95%] [Cov:=================================> 95%]
[Progress:============================> 95%] [Cov:================================>  94%]
[Progress:============================> 95%] [Cov:=================================> 95%]
[Progress:============================> 95%] [Cov:================================>  94%]
[Progress:============================> 95%] [Cov:=================================> 95%]
[Progress:============================> 95%] [Cov:================================>  94%]
[Progress:============================> 95%] [Cov:=================================> 95%]
[Progress:============================> 95%] [Cov:================================>  94%]
[Progress:============================> 95%] [Cov:=================================> 95%]
[Progress:============================> 96%] [Cov:===============================>   91%]
[Progress:============================> 96%] [Cov:=================================> 95%]
[Progress:============================> 96%] [Cov:================================>  94%]
[Progress:============================> 96%] [Cov:=================================> 95%]
[Progress:============================> 96%] [Cov:================================>  94%]
[Progress:============================> 96%] [Cov:=================================> 95%]
[Progress:============================> 96%] [Cov:================================>  94%]
[Progress:============================> 96%] [Cov:=================================> 95%]
[Progress:============================> 96%] [Cov:================================>  94%]
[Progress:============================> 96%] [Cov:=================================> 95%]
[Progress:============================> 96%] [Cov:================================>  94%]
[Progress:============================> 96%] [Cov:=================================> 95%]
[Progress:============================> 96%] [Cov:================================>  94%]
[Progress:============================> 96%] [Cov:=================================> 95%]
[Progress:============================> 96%] [Cov:================================>  94%]
[Progress:============================> 96%] [Cov:=================================> 95%]
[Progress:============================> 96%] [Cov:================================>  94%]
[Progress:============================> 96%] [Cov:=================================> 95%]
[Progress:============================> 96%] [Cov:================================>  94%]
[Progress:============================> 96%] [Cov:=================================> 95%]
[Progress:============================> 96%] [Cov:================================>  94%]
[Progress:============================> 96%] [Cov:=================================> 95%]
[Progress:============================> 96%] [Cov:================================>  94%]
[Progress:============================> 96%] [Cov:=================================> 95%]
[Progress:============================> 96%] [Cov:================================>  94%]
[Progress:============================> 96%] [Cov:=================================> 95%]
[Progress:============================> 96%] [Cov:================================>  94%]
[Progress:============================> 96%] [Cov:=================================> 95%]
[Progress:============================> 96%] [Cov:================================>  94%]
[Progress:============================> 96%] [Cov:=================================> 95%]
[Progress:============================> 96%] [Cov:================================>  94%]
[Progress:============================> 96%] [Cov:=================================> 95%]
[Progress:============================> 96%] [Cov:================================>  94%]
[Progress:============================> 96%] [Cov:=================================> 95%]
[Progress:============================> 96%] [Cov:================================>  94%]
[Progress:============================> 96%] [Cov:=================================> 95%]
[Progress:============================> 96%] [Cov:================================>  94%]
[Progress:============================> 96%] [Cov:=================================> 95%]
[Progress:============================> 96%] [Cov:================================>  94%]
[Progress:============================> 96%] [Cov:=================================> 95%]
[Progress:============================> 96%] [Cov:================================>  94%]
[Progress:============================> 96%] [Cov:=================================> 95%]
[Progress:============================> 96%] [Cov:================================>  94%]
[Progress:============================> 96%] [Cov:=================================> 95%]
[Progress:============================> 96%] [Cov:================================>  94%]
[Progress:============================> 96%] [Cov:=================================> 95%]
[Progress:============================> 96%] [Cov:================================>  94%]
[Progress:============================> 96%] [Cov:=================================> 95%]
[Progress:============================> 96%] [Cov:================================>  94%]
[Progress:============================> 96%] [Cov:=================================> 95%]
[Progress:============================> 96%] [Cov:================================>  94%]
[Progress:============================> 96%] [Cov:=================================> 95%]
[Progress:============================> 96%] [Cov:================================>  94%]
[Progress:============================> 96%] [Cov:=================================> 95%]
[Progress:============================> 96%] [Cov:================================>  94%]
[Progress:============================> 96%] [Cov:=================================> 95%]
[Progress:============================> 96%] [Cov:================================>  94%]
[Progress:============================> 96%] [Cov:=================================> 95%]
[Progress:============================> 96%] [Cov:================================>  94%]
[Progress:============================> 96%] [Cov:=================================> 95%]
[Progress:============================> 96%] [Cov:================================>  94%]
[Progress:============================> 96%] [Cov:=================================> 95%]
[Progress:============================> 96%] [Cov:================================>  94%]
[Progress:============================> 96%] [Cov:=================================> 95%]
[Progress:============================> 96%] [Cov:================================>  94%]
[Progress:============================> 96%] [Cov:=================================> 95%]
[Progress:=============================>97%] [Cov:=================================> 95%]
[Progress:=============================>97%] [Cov:================================>  94%]
[Progress:=============================>97%] [Cov:=================================> 95%]
[Progress:=============================>97%] [Cov:================================>  94%]
[Progress:=============================>97%] [Cov:=================================> 95%]
[Progress:=============================>97%] [Cov:================================>  94%]
[Progress:=============================>97%] [Cov:=================================> 95%]
[Progress:=============================>97%] [Cov:================================>  94%]
[Progress:=============================>97%] [Cov:=================================> 95%]
[Progress:=============================>97%] [Cov:================================>  94%]
[Progress:=============================>97%] [Cov:=================================> 95%]
[Progress:=============================>97%] [Cov:================================>  94%]
[Progress:=============================>97%] [Cov:=================================> 95%]
[Progress:=============================>97%] [Cov:================================>  94%]
[Progress:=============================>97%] [Cov:=================================> 95%]
[Progress:=============================>97%] [Cov:================================>  94%]
[Progress:=============================>97%] [Cov:=================================> 95%]
[Progress:=============================>97%] [Cov:================================>  94%]
[Progress:=============================>97%] [Cov:=================================> 95%]
[Progress:=============================>97%] [Cov:================================>  94%]
[Progress:=============================>97%] [Cov:=================================> 95%]
[Progress:=============================>97%] [Cov:================================>  94%]
[Progress:=============================>97%] [Cov:=================================> 95%]
[Progress:=============================>97%] [Cov:================================>  94%]
[Progress:=============================>97%] [Cov:=================================> 95%]
[Progress:=============================>97%] [Cov:================================>  94%]
[Progress:=============================>97%] [Cov:=================================> 95%]
[Progress:=============================>97%] [Cov:================================>  94%]
[Progress:=============================>97%] [Cov:=================================> 95%]
[Progress:=============================>97%] [Cov:================================>  94%]
[Progress:=============================>97%] [Cov:=================================> 95%]
[Progress:=============================>98%] [Cov:=================================> 95%]
[Progress:=============================>98%] [Cov:================================>  94%]
[Progress:=============================>98%] [Cov:=================================> 95%]
[Progress:=============================>98%] [Cov:================================>  94%]
[Progress:=============================>98%] [Cov:=================================> 95%]
[Progress:=============================>98%] [Cov:================================>  94%]
[Progress:=============================>98%] [Cov:=================================> 95%]
[Progress:=============================>98%] [Cov:================================>  94%]
[Progress:=============================>98%] [Cov:=================================> 95%]
[Progress:=============================>98%] [Cov:================================>  94%]
[Progress:=============================>98%] [Cov:=================================> 95%]
[Progress:=============================>98%] [Cov:================================>  94%]
[Progress:=============================>98%] [Cov:=================================> 95%]
[Progress:=============================>98%] [Cov:================================>  94%]
[Progress:=============================>98%] [Cov:=================================> 95%]
[Progress:=============================>98%] [Cov:================================>  94%]
[Progress:=============================>98%] [Cov:=================================> 95%]
[Progress:=============================>98%] [Cov:================================>  94%]
[Progress:=============================>98%] [Cov:=================================> 95%]
[Progress:=============================>98%] [Cov:================================>  94%]
[Progress:=============================>98%] [Cov:=================================> 95%]
[Progress:=============================>98%] [Cov:================================>  94%]
[Progress:=============================>98%] [Cov:=================================> 95%]
[Progress:=============================>98%] [Cov:================================>  94%]
[Progress:=============================>98%] [Cov:=================================> 95%]
[Progress:=============================>98%] [Cov:================================>  94%]
[Progress:=============================>98%] [Cov:=================================> 95%]
[Progress:=============================>98%] [Cov:================================>  94%]
[Progress:=============================>98%] [Cov:=================================> 95%]
[Progress:=============================>98%] [Cov:================================>  94%]
[Progress:=============================>98%] [Cov:=================================> 95%]
[Progress:=============================>98%] [Cov:================================>  94%]
[Progress:=============================>98%] [Cov:=================================> 95%]
[Progress:=============================>98%] [Cov:================================>  94%]
[Progress:=============================>98%] [Cov:=================================> 95%]
[Progress:=============================>98%] [Cov:================================>  94%]
[Progress:=============================>98%] [Cov:=================================> 95%]
[Progress:=============================>98%] [Cov:================================>  94%]
[Progress:=============================>98%] [Cov:=================================> 95%]
[Progress:=============================>98%] [Cov:================================>  94%]
[Progress:=============================>98%] [Cov:=================================> 95%]
[Progress:=============================>98%] [Cov:================================>  94%]
[Progress:=============================>98%] [Cov:=================================> 95%]
[Progress:=============================>98%] [Cov:================================>  94%]
[Progress:=============================>98%] [Cov:=================================> 95%]
[Progress:=============================>98%] [Cov:================================>  94%]
[Progress:=============================>98%] [Cov:=================================> 95%]
[Progress:=============================>98%] [Cov:================================>  94%]
[Progress:=============================>98%] [Cov:=================================> 95%]
[Progress:=============================>98%] [Cov:================================>  94%]
[Progress:=============================>98%] [Cov:=================================> 95%]
[Progress:=============================>98%] [Cov:================================>  94%]
[Progress:=============================>98%] [Cov:=================================> 95%]
[Progress:=============================>98%] [Cov:================================>  94%]
[Progress:=============================>98%] [Cov:=================================> 95%]
[Progress:=============================>98%] [Cov:================================>  94%]
[Progress:=============================>98%] [Cov:=================================> 95%]
[Progress:=============================>98%] [Cov:================================>  94%]
[Progress:=============================>98%] [Cov:=================================> 95%]
[Progress:=============================>98%] [Cov:================================>  94%]
[Progress:=============================>98%] [Cov:=================================> 95%]
[Progress:=============================>98%] [Cov:================================>  94%]
[Progress:=============================>98%] [Cov:=================================> 95%]
[Progress:=============================>98%] [Cov:================================>  94%]
[Progress:=============================>98%] [Cov:=================================> 95%]
[Progress:=============================>99%] [Cov:================================>  94%]
[Progress:=============================>99%] [Cov:=================================> 95%]
[Progress:=============================>99%] [Cov:================================>  94%]
[Progress:=============================>99%] [Cov:=================================> 95%]
[Progress:=============================>99%] [Cov:================================>  94%]
[Progress:=============================>99%] [Cov:=================================> 95%]
[Progress:=============================>99%] [Cov:================================>  94%]
[Progress:=============================>99%] [Cov:=================================> 95%]
[Progress:=============================>99%] [Cov:================================>  94%]
[Progress:=============================>99%] [Cov:=================================> 95%]
[Progress:=============================>99%] [Cov:================================>  94%]
[Progress:=============================>99%] [Cov:=================================> 95%]
[Progress:=============================>99%] [Cov:================================>  94%]
[Progress:=============================>99%] [Cov:=================================> 95%]
[Progress:=============================>99%] [Cov:================================>  94%]
[Progress:=============================>99%] [Cov:=================================> 95%]
[Progress:=============================>99%] [Cov:================================>  94%]
[Progress:=============================>99%] [Cov:=================================> 95%]
[Progress:=============================>99%] [Cov:================================>  94%]
[Progress:=============================>99%] [Cov:=================================> 95%]
[Progress:=============================>99%] [Cov:================================>  94%]
[Progress:=============================>99%] [Cov:=================================> 95%]
[Progress:=============================>99%] [Cov:================================>  94%]
[Progress:=============================>99%] [Cov:=================================> 95%]
[Progress:=============================>99%] [Cov:================================>  94%]
[Progress:=============================>99%] [Cov:=================================> 95%]
[Progress:=============================>99%] [Cov:================================>  94%]
[Progress:=============================>99%] [Cov:=================================> 95%]
[Progress:=============================>99%] [Cov:================================>  94%]
[Progress:=============================>99%] [Cov:=================================> 95%]
[Progress:=============================>99%] [Cov:================================>  94%]
[Progress:=============================>99%] [Cov:=================================> 95%]
[Progress:==============================100%] [Cov:=================================> 95%]
[Progress:==============================100%] [Cov:================================>  94%]
[Progress:==============================100%] [Cov:=================================> 95%]
[Progress:==============================100%] [Cov:================================>  94%]
[Progress:==============================100%] [Cov:=================================> 95%]
[Progress:==============================100%] [Cov:================================>  94%]
[Progress:==============================100%] [Cov:=================================> 95%]
[Progress:==============================100%] [Cov:================================>  94%]
[Progress:==============================100%] [Cov:=================================> 95%]
[Progress:==============================100%] [Cov:================================>  94%]
[Progress:==============================100%] [Cov:=================================> 95%]
[Progress:==============================100%] [Cov:================================>  94%]
[Progress:==============================100%] [Cov:=================================> 95%]
[Progress:==============================100%] [Cov:================================>  94%]
[Progress:==============================100%] [Cov:=================================> 95%]
[Progress:==============================100%] [Cov:================================>  94%]
[Progress:==============================100%] [Cov:=================================> 95%]
[Progress:==============================100%] [Cov:================================>  94%]
[Progress:==============================100%] [Cov:=================================> 95%]
[Progress:==============================100%] [Cov:================================>  94%]
[Progress:==============================100%] [Cov:=================================> 95%]
[Progress:==============================100%] [Cov:================================>  94%]
[Progress:==============================100%] [Cov:=================================> 95%]
[Progress:==============================100%] [Cov:================================>  94%]
[Progress:==============================100%] [Cov:=================================> 95%]
[Progress:==============================100%] [Cov:================================>  94%]
[Progress:==============================100%] [Cov:=================================> 95%]
[Progress:==============================100%] [Cov:================================>  94%]
[Progress:==============================100%] [Cov:=================================> 95%]
[Progress:==============================100%] [Cov:================================>  94%]
* Search finished after 151s and 1774 generations, 605440 statements, best individual has fitness: 24.0
* Minimizing test suite
* Going to analyze the coverage criteria
* Coverage analysis for criterion LINE
* Coverage of criterion LINE: 100%
* Total number of goals: 20
* Number of covered goals: 20
* Coverage analysis for criterion BRANCH
* Coverage of criterion BRANCH: 100%
* Total number of goals: 8
* Number of covered goals: 8
* Coverage analysis for criterion EXCEPTION
* Coverage of criterion EXCEPTION: 100%
* Total number of goals: 1
* Number of covered goals: 1
* Coverage analysis for criterion WEAKMUTATION
* Coverage of criterion WEAKMUTATION: 100%
* Total number of goals: 5
* Number of covered goals: 5
* Coverage analysis for criterion OUTPUT
* Coverage of criterion OUTPUT: 55%
* Total number of goals: 49
* Number of covered goals: 27
* Coverage analysis for criterion METHOD
* Coverage of criterion METHOD: 100%
* Total number of goals: 6
* Number of covered goals: 6
* Coverage analysis for criterion METHODNOEXCEPTION
* Coverage of criterion METHODNOEXCEPTION: 100%
* Total number of goals: 6
* Number of covered goals: 6
* Coverage analysis for criterion CBRANCH
* Coverage of criterion CBRANCH: 100%
* Total number of goals: 8
* Number of covered goals: 8
* Generated 5 tests with total length 30
* Resulting test suite's coverage: 95% (average coverage for all fitness functions)
* Generating assertions
* Resulting test suite's mutation score: 60%
* Compiling and checking tests
[MASTER] 09:07:26.002 [logback-1] WARN  JUnitAnalyzer - Found unstable test named test0 -> class java.lang.AssertionError: null
[MASTER] 09:07:26.002 [logback-1] WARN  JUnitAnalyzer - Failing test:
 SimpleErrorReporter simpleErrorReporter0 = new SimpleErrorReporter();
JSTypeRegistry jSTypeRegistry0 = new JSTypeRegistry(simpleErrorReporter0, false);
RecordTypeBuilder recordTypeBuilder0 = new RecordTypeBuilder(jSTypeRegistry0);
ErrorFunctionType errorFunctionType0 = new ErrorFunctionType(jSTypeRegistry0, "y.A+Leu e9;?DSU");
Node node0 = Node.newString(0, "y.A+Leu e9;?DSU", 0, 0);
RecordTypeBuilder recordTypeBuilder1 = recordTypeBuilder0.addProperty("y.A+Leu e9;?DSU", errorFunctionType0, node0);
recordTypeBuilder1.build();
assertTrue(errorFunctionType0.hasCachedValues());


* Permissions denied during test execution: 
  - java.lang.RuntimePermission: 
         writeFileDescriptor: 1
* Writing tests to file
* Writing JUnit test case 'RecordTypeBuilder_ESTest' to evosuite-tests
* Done!

* Computation finished

