timestamp,project_id,bug_id,method,run_id,target_classes,generation_seconds,lines_covered,lines_total,conditions_covered,conditions_total,statement_coverage_pct,branch_coverage_pct,buggy_result,fixed_result,fault_detected,status,raw_evidence_path
2026-10-01T09:53:14+00:00,Chart,1,nsga2,03,org.jfree.chart.renderer.category.AbstractCategoryItemRenderer,110.087,139,574,48,242,24.2,19.8,pass,pass,False,ok,/home/pizza/TestRound2/results/project-Chart/Chart-1/round03
2026-10-02T05:50:07+00:00,Chart,2,nsga2,03,org.jfree.data.general.DatasetUtilities,98.44,239,813,130,548,29.4,23.7,fail,fail,False,ok,/home/pizza/TestRound2/results/project-Chart/Chart-2/round03
2026-10-01T09:59:35+00:00,Chart,3,nsga2,03,org.jfree.data.time.TimeSeries,108.548,210,382,74,186,55.0,39.8,fail,fail,False,ok,/home/pizza/TestRound2/results/project-Chart/Chart-3/round03
2026-10-02T05:53:13+00:00,Chart,4,nsga2,03,org.jfree.chart.plot.XYPlot,121.636,,,,,,,,,,generation_failed,/home/pizza/TestRound2/results/project-Chart/Chart-4/round03
2026-10-01T10:05:56+00:00,Chart,5,nsga2,03,org.jfree.data.xy.XYSeries,111.5,136,175,57,80,77.7,71.2,fail,fail,False,ok,/home/pizza/TestRound2/results/project-Chart/Chart-5/round03
2026-10-01T10:08:57+00:00,Chart,6,nsga2,03,org.jfree.chart.util.ShapeList,71.078,15,34,5,16,44.1,31.2,pass,pass,False,ok,/home/pizza/TestRound2/results/project-Chart/Chart-6/round03
2026-10-01T10:11:18+00:00,Chart,7,nsga2,03,org.jfree.data.time.TimePeriodValues,94.223,149,159,45,54,93.7,83.3,fail,fail,False,ok,/home/pizza/TestRound2/results/project-Chart/Chart-7/round03
2026-10-01T10:14:05+00:00,Chart,8,nsga2,03,org.jfree.data.time.Week,97.592,137,162,42,68,84.6,61.8,fail,fail,False,ok,/home/pizza/TestRound2/results/project-Chart/Chart-8/round03
2026-10-01T10:16:55+00:00,Chart,9,nsga2,03,org.jfree.data.time.TimeSeries,102.746,159,289,47,130,55.0,36.2,fail,fail,False,ok,/home/pizza/TestRound2/results/project-Chart/Chart-9/round03
2026-10-01T10:19:48+00:00,Chart,10,nsga2,03,org.jfree.chart.imagemap.StandardToolTipTagFragmentGenerator,69.871,3,3,0,0,100.0,,pass,pass,False,ok,/home/pizza/TestRound2/results/project-Chart/Chart-10/round03
2026-10-01T10:22:09+00:00,Chart,11,nsga2,03,org.jfree.chart.util.ShapeUtilities,98.431,160,197,70,116,81.2,60.3,fail,fail,False,ok,/home/pizza/TestRound2/results/project-Chart/Chart-11/round03
2026-10-01T10:25:15+00:00,Chart,12,nsga2,03,org.jfree.chart.plot.MultiplePiePlot,122.6,109,190,39,84,57.4,46.4,pass,pass,False,ok,/home/pizza/TestRound2/results/project-Chart/Chart-12/round03
2026-10-01T10:29:14+00:00,Chart,13,nsga2,03,org.jfree.chart.block.BorderArrangement,90.353,130,229,67,120,56.8,55.8,pass,pass,False,ok,/home/pizza/TestRound2/results/project-Chart/Chart-13/round03
2026-10-02T05:56:01+00:00,Chart,14,nsga2,03,org.jfree.chart.plot.CategoryPlot|org.jfree.chart.plot.XYPlot,242.637,,,,,,,,,,generation_failed,/home/pizza/TestRound2/results/project-Chart/Chart-14/round03
2026-10-02T06:00:49+00:00,Chart,15,nsga2,03,org.jfree.chart.plot.PiePlot,117.316,236,839,73,316,28.1,23.1,pass,pass,False,ok,/home/pizza/TestRound2/results/project-Chart/Chart-15/round03
2026-10-01T10:01:30+00:00,Chart,16,nsga2,03,org.jfree.data.category.DefaultIntervalCategoryDataset,101.553,112,188,58,128,59.6,45.3,pass,pass,False,ok,/home/pizza/TestRound2/results/project-Chart/Chart-16/round03
2026-10-02T06:03:56+00:00,Chart,17,nsga2,03,org.jfree.data.time.TimeSeries,89.664,193,289,59,128,66.8,46.1,fail,fail,False,ok,/home/pizza/TestRound2/results/project-Chart/Chart-17/round03
2026-10-01T10:07:33+00:00,Chart,18,nsga2,03,org.jfree.data.DefaultKeyedValues|org.jfree.data.DefaultKeyedValues2D,171.9,225,271,83,126,83.0,65.9,fail,fail,False,ok,/home/pizza/TestRound2/results/project-Chart/Chart-18/round03
2026-10-02T06:06:26+00:00,Chart,19,nsga2,03,org.jfree.chart.plot.CategoryPlot,121.825,,,,,,,,,,generation_failed,/home/pizza/TestRound2/results/project-Chart/Chart-19/round03
2026-10-01T10:14:44+00:00,Chart,20,nsga2,03,org.jfree.chart.plot.ValueMarker,80.717,21,22,7,8,95.5,87.5,pass,pass,False,ok,/home/pizza/TestRound2/results/project-Chart/Chart-20/round03
2026-10-01T10:17:23+00:00,Chart,21,nsga2,03,org.jfree.data.statistics.DefaultBoxAndWhiskerCategoryDataset,89.787,79,187,9,82,42.2,11.0,fail,fail,False,ok,/home/pizza/TestRound2/results/project-Chart/Chart-21/round03
2026-10-01T10:20:14+00:00,Chart,22,nsga2,03,org.jfree.data.KeyedObjects2D,79.459,96,145,34,74,66.2,45.9,fail,fail,False,ok,/home/pizza/TestRound2/results/project-Chart/Chart-22/round03
2026-10-01T10:22:56+00:00,Chart,23,nsga2,03,org.jfree.chart.renderer.category.MinMaxCategoryRenderer,108.634,54,156,12,56,34.6,21.4,pass,pass,False,ok,/home/pizza/TestRound2/results/project-Chart/Chart-23/round03
2026-10-01T10:26:19+00:00,Chart,24,nsga2,03,org.jfree.chart.renderer.GrayPaintScale,82.942,25,25,10,10,100.0,100.0,pass,fail,True,ok,/home/pizza/TestRound2/results/project-Chart/Chart-24/round03
2026-10-01T10:29:30+00:00,Chart,25,nsga2,03,org.jfree.chart.renderer.category.StatisticalBarRenderer,94.685,44,182,14,90,24.2,15.6,fail,fail,False,ok,/home/pizza/TestRound2/results/project-Chart/Chart-25/round03
2026-10-01T10:32:26+00:00,Chart,26,nsga2,03,org.jfree.chart.axis.Axis,102.717,130,351,25,130,37.0,19.2,pass,pass,False,ok,/home/pizza/TestRound2/results/project-Chart/Chart-26/round03
2026-10-02T06:09:09+00:00,Cli,1,nsga2,03,org.apache.commons.cli.CommandLine,2.031,,,,,,,,,,generation_failed,/home/pizza/TestRound2/results/project-Cli/Cli-1/round03
2026-10-02T06:09:27+00:00,Cli,2,nsga2,03,org.apache.commons.cli.PosixParser,2.004,,,,,,,,,,generation_failed,/home/pizza/TestRound2/results/project-Cli/Cli-2/round03
2026-10-02T06:09:46+00:00,Cli,3,nsga2,03,org.apache.commons.cli.TypeHandler,1.987,,,,,,,,,,generation_failed,/home/pizza/TestRound2/results/project-Cli/Cli-3/round03
2026-10-01T10:39:27+00:00,Cli,4,nsga2,03,org.apache.commons.cli.Parser,75.498,0,101,0,70,0.0,0.0,fail,fail,False,ok,/home/pizza/TestRound2/results/project-Cli/Cli-4/round03
2026-10-01T10:41:14+00:00,Cli,5,nsga2,03,org.apache.commons.cli.Util,67.987,0,13,0,10,0.0,0.0,fail,fail,False,ok,/home/pizza/TestRound2/results/project-Cli/Cli-5/round03
2026-10-02T06:10:04+00:00,Cli,7,nsga2,03,org.apache.commons.cli2.builder.PatternBuilder,2.0,,,,,,,,,,generation_failed,/home/pizza/TestRound2/results/project-Cli/Cli-7/round03
2026-10-01T10:43:18+00:00,Cli,8,nsga2,03,org.apache.commons.cli.HelpFormatter,120.587,0,192,0,104,0.0,0.0,fail,fail,False,ok,/home/pizza/TestRound2/results/project-Cli/Cli-8/round03
2026-10-01T10:45:46+00:00,Cli,9,nsga2,03,org.apache.commons.cli.Parser,76.609,0,106,0,70,0.0,0.0,fail,fail,False,ok,/home/pizza/TestRound2/results/project-Cli/Cli-9/round03
2026-10-01T10:47:32+00:00,Cli,10,nsga2,03,org.apache.commons.cli.Parser,76.514,0,106,0,70,0.0,0.0,fail,fail,False,ok,/home/pizza/TestRound2/results/project-Cli/Cli-10/round03
2026-10-01T10:49:17+00:00,Cli,11,nsga2,03,org.apache.commons.cli.HelpFormatter,106.179,0,198,0,106,0.0,0.0,fail,fail,False,ok,/home/pizza/TestRound2/results/project-Cli/Cli-11/round03
2026-10-01T10:51:32+00:00,Cli,12,nsga2,03,org.apache.commons.cli.GnuParser,70.35,0,28,0,20,0.0,0.0,fail,fail,False,ok,/home/pizza/TestRound2/results/project-Cli/Cli-12/round03
2026-10-02T06:10:22+00:00,Cli,13,nsga2,03,org.apache.commons.cli2.WriteableCommandLine|org.apache.commons.cli2.commandline.WriteableCommandLineImpl|org.apache.commons.cli2.option.ArgumentImpl,2.976,,,,,,,,,,generation_failed,/home/pizza/TestRound2/results/project-Cli/Cli-13/round03
2026-10-02T06:10:41+00:00,Cli,14,nsga2,03,org.apache.commons.cli2.option.GroupImpl,2.004,,,,,,,,,,generation_failed,/home/pizza/TestRound2/results/project-Cli/Cli-14/round03
2026-10-02T06:11:00+00:00,Cli,15,nsga2,03,org.apache.commons.cli2.commandline.WriteableCommandLineImpl,1.989,,,,,,,,,,generation_failed,/home/pizza/TestRound2/results/project-Cli/Cli-15/round03
2026-10-02T06:11:18+00:00,Cli,16,nsga2,03,org.apache.commons.cli2.Option|org.apache.commons.cli2.commandline.WriteableCommandLineImpl|org.apache.commons.cli2.option.GroupImpl|org.apache.commons.cli2.option.OptionImpl,3.562,,,,,,,,,,generation_failed,/home/pizza/TestRound2/results/project-Cli/Cli-16/round03
2026-10-01T10:54:39+00:00,Cli,17,nsga2,03,org.apache.commons.cli.PosixParser,72.027,0,68,0,42,0.0,0.0,fail,fail,False,ok,/home/pizza/TestRound2/results/project-Cli/Cli-17/round03
2026-10-01T10:56:23+00:00,Cli,18,nsga2,03,org.apache.commons.cli.PosixParser,70.911,0,65,0,42,0.0,0.0,fail,fail,False,ok,/home/pizza/TestRound2/results/project-Cli/Cli-18/round03
2026-10-01T10:58:02+00:00,Cli,19,nsga2,03,org.apache.commons.cli.PosixParser,71.863,0,64,0,42,0.0,0.0,fail,fail,False,ok,/home/pizza/TestRound2/results/project-Cli/Cli-19/round03
2026-10-01T10:59:47+00:00,Cli,20,nsga2,03,org.apache.commons.cli.PosixParser,72.364,0,68,0,48,0.0,0.0,fail,fail,False,ok,/home/pizza/TestRound2/results/project-Cli/Cli-20/round03
2026-10-02T06:11:38+00:00,Cli,21,nsga2,03,org.apache.commons.cli2.WriteableCommandLine|org.apache.commons.cli2.commandline.WriteableCommandLineImpl|org.apache.commons.cli2.option.GroupImpl,3.017,,,,,,,,,,generation_failed,/home/pizza/TestRound2/results/project-Cli/Cli-21/round03
2026-10-01T10:38:39+00:00,Cli,22,nsga2,03,org.apache.commons.cli.PosixParser,74.254,0,59,0,44,0.0,0.0,fail,fail,False,ok,/home/pizza/TestRound2/results/project-Cli/Cli-22/round03
2026-10-01T10:40:23+00:00,Cli,23,nsga2,03,org.apache.commons.cli.HelpFormatter,102.708,0,197,0,110,0.0,0.0,fail,fail,False,ok,/home/pizza/TestRound2/results/project-Cli/Cli-23/round03
2026-10-01T10:42:37+00:00,Cli,24,nsga2,03,org.apache.commons.cli.HelpFormatter,103.972,0,198,0,112,0.0,0.0,fail,fail,False,ok,/home/pizza/TestRound2/results/project-Cli/Cli-24/round03
2026-10-01T10:44:54+00:00,Cli,25,nsga2,03,org.apache.commons.cli.HelpFormatter,99.397,0,198,0,112,0.0,0.0,fail,fail,False,ok,/home/pizza/TestRound2/results/project-Cli/Cli-25/round03
2026-10-01T10:47:11+00:00,Cli,26,nsga2,03,org.apache.commons.cli.OptionBuilder,74.738,0,63,0,4,0.0,0.0,fail,fail,False,ok,/home/pizza/TestRound2/results/project-Cli/Cli-26/round03
2026-10-01T10:48:58+00:00,Cli,27,nsga2,03,org.apache.commons.cli.OptionGroup,70.095,0,34,0,12,0.0,0.0,fail,fail,False,ok,/home/pizza/TestRound2/results/project-Cli/Cli-27/round03
2026-10-01T10:50:37+00:00,Cli,28,nsga2,03,org.apache.commons.cli.Parser,78.585,0,101,0,68,0.0,0.0,fail,fail,False,ok,/home/pizza/TestRound2/results/project-Cli/Cli-28/round03
2026-10-01T10:52:27+00:00,Cli,29,nsga2,03,org.apache.commons.cli.Util,70.272,0,12,0,14,0.0,0.0,fail,fail,False,ok,/home/pizza/TestRound2/results/project-Cli/Cli-29/round03
2026-10-01T10:54:06+00:00,Cli,30,nsga2,03,org.apache.commons.cli.DefaultParser|org.apache.commons.cli.Parser,156.513,0,296,0,234,0.0,0.0,fail,fail,False,ok,/home/pizza/TestRound2/results/project-Cli/Cli-30/round03
2026-10-01T10:57:13+00:00,Cli,31,nsga2,03,org.apache.commons.cli.HelpFormatter|org.apache.commons.cli.Option|org.apache.commons.cli.OptionBuilder,305.434,0,385,0,212,0.0,0.0,fail,fail,False,ok,/home/pizza/TestRound2/results/project-Cli/Cli-31/round03
2026-10-02T06:11:58+00:00,Cli,32,nsga2,03,org.apache.commons.cli.HelpFormatter,121.523,,,,,,,,,,generation_failed,/home/pizza/TestRound2/results/project-Cli/Cli-32/round03
2026-10-02T06:14:14+00:00,Cli,33,nsga2,03,org.apache.commons.cli.HelpFormatter,121.654,,,,,,,,,,generation_failed,/home/pizza/TestRound2/results/project-Cli/Cli-33/round03
2026-10-01T11:07:23+00:00,Cli,34,nsga2,03,org.apache.commons.cli.Option|org.apache.commons.cli.OptionBuilder,165.335,0,181,0,88,0.0,0.0,fail,fail,False,ok,/home/pizza/TestRound2/results/project-Cli/Cli-34/round03
2026-10-01T11:10:42+00:00,Cli,35,nsga2,03,org.apache.commons.cli.Options,76.137,58,59,21,22,98.3,95.5,pass,pass,False,ok,/home/pizza/TestRound2/results/project-Cli/Cli-35/round03
2026-10-01T11:12:31+00:00,Cli,36,nsga2,03,org.apache.commons.cli.OptionGroup|org.apache.commons.cli.Options,150.745,94,94,35,36,100.0,97.2,pass,pass,False,ok,/home/pizza/TestRound2/results/project-Cli/Cli-36/round03
2026-10-01T11:15:39+00:00,Cli,37,nsga2,03,org.apache.commons.cli.DefaultParser,77.308,83,191,49,158,43.5,31.0,pass,pass,False,ok,/home/pizza/TestRound2/results/project-Cli/Cli-37/round03
2026-10-01T11:17:33+00:00,Cli,38,nsga2,03,org.apache.commons.cli.DefaultParser,79.534,82,193,51,164,42.5,31.1,pass,pass,False,ok,/home/pizza/TestRound2/results/project-Cli/Cli-38/round03
2026-10-01T11:19:33+00:00,Cli,39,nsga2,03,org.apache.commons.cli.TypeHandler,72.683,35,45,13,20,77.8,65.0,pass,pass,False,ok,/home/pizza/TestRound2/results/project-Cli/Cli-39/round03
2026-10-01T11:21:25+00:00,Cli,40,nsga2,03,org.apache.commons.cli.TypeHandler,75.399,33,45,12,20,73.3,60.0,fail,fail,False,ok,/home/pizza/TestRound2/results/project-Cli/Cli-40/round03
2026-10-02T00:23:58+00:00,Closure,1,nsga2,03,com.google.javascript.jscomp.RemoveUnusedVars,103.471,82,392,30,287,20.9,10.5,pass,pass,False,ok,/home/pizza/TestRound2/results/project-Closure/Closure-1/round03
2026-10-02T00:28:28+00:00,Closure,2,nsga2,03,com.google.javascript.jscomp.TypeCheck,94.513,75,822,0,576,9.1,0.0,pass,pass,False,ok,/home/pizza/TestRound2/results/project-Closure/Closure-2/round03
2026-10-02T00:32:19+00:00,Closure,3,nsga2,03,com.google.javascript.jscomp.FlowSensitiveInlineVariables,87.576,11,180,1,132,6.1,0.8,pass,pass,False,ok,/home/pizza/TestRound2/results/project-Closure/Closure-3/round03
2026-10-02T00:35:54+00:00,Closure,4,nsga2,03,com.google.javascript.rhino.jstype.NamedType,94.966,76,132,34,86,57.6,39.5,pass,pass,False,ok,/home/pizza/TestRound2/results/project-Closure/Closure-4/round03
2026-10-02T00:39:29+00:00,Closure,5,nsga2,03,com.google.javascript.jscomp.InlineObjectLiterals,83.382,8,183,0,110,4.4,0.0,pass,pass,False,ok,/home/pizza/TestRound2/results/project-Closure/Closure-5/round03
2026-10-02T00:42:42+00:00,Closure,6,nsga2,03,com.google.javascript.jscomp.TypeValidator,124.17,71,279,15,204,25.4,7.4,pass,pass,False,ok,/home/pizza/TestRound2/results/project-Closure/Closure-6/round03
2026-10-02T00:46:48+00:00,Closure,7,nsga2,03,com.google.javascript.jscomp.type.ChainableReverseAbstractInterpreter,100.154,66,176,23,95,37.5,24.2,pass,pass,False,ok,/home/pizza/TestRound2/results/project-Closure/Closure-7/round03
2026-10-02T00:50:18+00:00,Closure,8,nsga2,03,com.google.javascript.jscomp.CollapseVariableDeclarations,98.885,27,86,10,54,31.4,18.5,fail,fail,False,ok,/home/pizza/TestRound2/results/project-Closure/Closure-8/round03
2026-10-02T00:54:02+00:00,Closure,9,nsga2,03,com.google.javascript.jscomp.ProcessCommonJSModules,122.665,64,110,20,42,58.2,47.6,fail,fail,False,ok,/home/pizza/TestRound2/results/project-Closure/Closure-9/round03
2026-10-02T06:16:31+00:00,Closure,10,nsga2,03,com.google.javascript.jscomp.NodeUtil,123.463,,,,,,,,,,generation_failed,/home/pizza/TestRound2/results/project-Closure/Closure-10/round03
2026-10-02T01:02:02+00:00,Closure,11,nsga2,03,com.google.javascript.jscomp.TypeCheck,120.796,97,776,10,545,12.5,1.8,fail,fail,False,ok,/home/pizza/TestRound2/results/project-Closure/Closure-11/round03
2026-10-02T01:05:59+00:00,Closure,12,nsga2,03,com.google.javascript.jscomp.MaybeReachingVariableUse,100.081,26,93,4,52,28.0,7.7,pass,fail,True,ok,/home/pizza/TestRound2/results/project-Closure/Closure-12/round03
2026-10-02T01:09:51+00:00,Closure,13,nsga2,03,com.google.javascript.jscomp.PeepholeOptimizationsPass,106.295,74,86,28,40,86.0,70.0,pass,pass,False,ok,/home/pizza/TestRound2/results/project-Closure/Closure-13/round03
2026-10-02T06:19:39+00:00,Closure,14,nsga2,03,com.google.javascript.jscomp.ControlFlowAnalysis,124.024,,,,,,,,,,generation_failed,/home/pizza/TestRound2/results/project-Closure/Closure-14/round03
2026-10-02T01:16:49+00:00,Closure,15,nsga2,03,com.google.javascript.jscomp.FlowSensitiveInlineVariables,86.816,11,168,1,121,6.5,0.8,pass,pass,False,ok,/home/pizza/TestRound2/results/project-Closure/Closure-15/round03
2026-10-02T01:19:52+00:00,Closure,16,nsga2,03,com.google.javascript.jscomp.ScopedAliases,90.246,50,207,16,124,24.2,12.9,fail,fail,False,ok,/home/pizza/TestRound2/results/project-Closure/Closure-16/round03
2026-10-02T01:23:02+00:00,Closure,17,nsga2,03,com.google.javascript.jscomp.TypedScopeCreator,96.43,225,884,75,691,25.5,10.9,pass,pass,False,ok,/home/pizza/TestRound2/results/project-Closure/Closure-17/round03
2026-10-02T06:22:58+00:00,Closure,18,nsga2,03,com.google.javascript.jscomp.Compiler,123.363,,,,,,,,,,generation_failed,/home/pizza/TestRound2/results/project-Closure/Closure-18/round03
2026-10-02T01:29:40+00:00,Closure,19,nsga2,03,com.google.javascript.jscomp.type.ChainableReverseAbstractInterpreter,97.273,77,172,33,95,44.8,34.7,pass,pass,False,ok,/home/pizza/TestRound2/results/project-Closure/Closure-19/round03
2026-10-02T01:33:02+00:00,Closure,20,nsga2,03,com.google.javascript.jscomp.PeepholeSubstituteAlternateSyntax,100.442,35,755,17,530,4.6,3.2,pass,pass,False,ok,/home/pizza/TestRound2/results/project-Closure/Closure-20/round03
2026-10-02T01:36:12+00:00,Closure,21,nsga2,03,com.google.javascript.jscomp.CheckSideEffects,117.164,52,70,25,38,74.3,65.8,pass,pass,False,ok,/home/pizza/TestRound2/results/project-Closure/Closure-21/round03
2026-10-02T06:26:12+00:00,Closure,22,nsga2,03,com.google.javascript.jscomp.CheckSideEffects,94.378,50,70,23,38,71.4,60.5,pass,pass,False,ok,/home/pizza/TestRound2/results/project-Closure/Closure-22/round03
2026-10-02T06:29:15+00:00,Closure,23,nsga2,03,com.google.javascript.jscomp.PeepholeFoldConstants,98.022,51,698,18,545,7.3,3.3,pass,pass,False,ok,/home/pizza/TestRound2/results/project-Closure/Closure-23/round03
2026-10-02T01:48:37+00:00,Closure,24,nsga2,03,com.google.javascript.jscomp.ScopedAliases,96.317,8,174,0,108,4.6,0.0,fail,fail,False,ok,/home/pizza/TestRound2/results/project-Closure/Closure-24/round03
2026-10-02T01:53:38+00:00,Closure,25,nsga2,03,com.google.javascript.jscomp.TypeInference,121.816,7,607,2,402,1.2,0.5,fail,fail,False,ok,/home/pizza/TestRound2/results/project-Closure/Closure-25/round03
2026-10-02T06:32:25+00:00,Closure,26,nsga2,03,com.google.javascript.jscomp.ProcessCommonJSModules,94.76,70,111,21,42,63.1,50.0,fail,fail,False,ok,/home/pizza/TestRound2/results/project-Closure/Closure-26/round03
2026-10-02T06:35:31+00:00,Closure,27,nsga2,03,com.google.javascript.rhino.IR,93.774,56,188,18,60,29.8,30.0,pass,pass,False,ok,/home/pizza/TestRound2/results/project-Closure/Closure-27/round03
2026-10-02T02:07:45+00:00,Closure,28,nsga2,03,com.google.javascript.jscomp.InlineCostEstimator,89.386,24,28,2,2,85.7,100.0,pass,fail,True,ok,/home/pizza/TestRound2/results/project-Closure/Closure-28/round03
2026-10-02T02:11:59+00:00,Closure,29,nsga2,03,com.google.javascript.jscomp.InlineObjectLiterals,106.159,8,181,0,108,4.4,0.0,pass,pass,False,ok,/home/pizza/TestRound2/results/project-Closure/Closure-29/round03
2026-10-02T02:16:37+00:00,Closure,30,nsga2,03,com.google.javascript.jscomp.FlowSensitiveInlineVariables|com.google.javascript.jscomp.MustBeReachingVariableDef,201.111,40,337,11,224,11.9,4.9,pass,fail,True,ok,/home/pizza/TestRound2/results/project-Closure/Closure-30/round03
2026-10-02T06:38:36+00:00,Closure,31,nsga2,03,com.google.javascript.jscomp.Compiler,123.378,,,,,,,,,,generation_failed,/home/pizza/TestRound2/results/project-Closure/Closure-31/round03
2026-10-02T06:41:40+00:00,Closure,32,nsga2,03,com.google.javascript.jscomp.parsing.JsDocInfoParser,110.337,188,1052,66,621,17.9,10.6,pass,pass,False,ok,/home/pizza/TestRound2/results/project-Closure/Closure-32/round03
2026-10-02T06:45:04+00:00,Closure,33,nsga2,03,com.google.javascript.rhino.jstype.PrototypeObjectType,102.892,150,218,92,182,68.8,50.5,pass,pass,False,ok,/home/pizza/TestRound2/results/project-Closure/Closure-33/round03
2026-10-02T02:35:29+00:00,Closure,34,nsga2,03,com.google.javascript.jscomp.CodeGenerator|com.google.javascript.jscomp.CodePrinter,222.568,214,861,87,577,24.9,15.1,pass,pass,False,ok,/home/pizza/TestRound2/results/project-Closure/Closure-34/round03
2026-10-02T02:42:07+00:00,Closure,35,nsga2,03,com.google.javascript.jscomp.TypeInference,105.984,8,618,2,412,1.3,0.5,pass,pass,False,ok,/home/pizza/TestRound2/results/project-Closure/Closure-35/round03
2026-10-02T01:37:53+00:00,Closure,36,nsga2,03,com.google.javascript.jscomp.InlineVariables,107.645,23,291,3,234,7.9,1.3,pass,pass,False,ok,/home/pizza/TestRound2/results/project-Closure/Closure-36/round03
2026-10-02T01:42:21+00:00,Closure,37,nsga2,03,com.google.javascript.jscomp.NodeTraversal|com.google.javascript.jscomp.parsing.IRFactory,226.854,170,835,46,387,20.4,11.9,fail,fail,False,ok,/home/pizza/TestRound2/results/project-Closure/Closure-37/round03
2026-10-02T01:48:48+00:00,Closure,38,nsga2,03,com.google.javascript.jscomp.CodeConsumer,85.817,3,112,9,66,2.7,13.6,pass,pass,False,ok,/home/pizza/TestRound2/results/project-Closure/Closure-38/round03
2026-10-02T06:48:16+00:00,Closure,39,nsga2,03,com.google.javascript.rhino.jstype.PrototypeObjectType,108.754,134,205,88,172,65.4,51.2,pass,pass,False,ok,/home/pizza/TestRound2/results/project-Closure/Closure-39/round03
2026-10-02T06:51:40+00:00,Closure,40,nsga2,03,com.google.javascript.jscomp.NameAnalyzer,102.617,121,711,27,434,17.0,6.2,fail,fail,False,ok,/home/pizza/TestRound2/results/project-Closure/Closure-40/round03
2026-10-02T06:55:00+00:00,Closure,41,nsga2,03,com.google.javascript.jscomp.FunctionTypeBuilder,116.685,155,342,61,248,45.3,24.6,pass,pass,False,ok,/home/pizza/TestRound2/results/project-Closure/Closure-41/round03
2026-10-02T02:06:48+00:00,Closure,42,nsga2,03,com.google.javascript.jscomp.parsing.IRFactory,109.331,79,603,19,281,13.1,6.8,pass,pass,False,ok,/home/pizza/TestRound2/results/project-Closure/Closure-42/round03
2026-10-02T02:11:45+00:00,Closure,43,nsga2,03,com.google.javascript.jscomp.TypedScopeCreator,116.706,44,854,2,661,5.2,0.3,pass,pass,False,ok,/home/pizza/TestRound2/results/project-Closure/Closure-43/round03
2026-10-02T02:16:35+00:00,Closure,44,nsga2,03,com.google.javascript.jscomp.CodeConsumer,86.915,3,111,9,64,2.7,14.1,pass,pass,False,ok,/home/pizza/TestRound2/results/project-Closure/Closure-44/round03
2026-10-02T06:58:33+00:00,Closure,45,nsga2,03,com.google.javascript.jscomp.RemoveUnusedVars,84.766,66,387,23,283,17.1,8.1,pass,pass,False,ok,/home/pizza/TestRound2/results/project-Closure/Closure-45/round03
2026-10-02T02:24:46+00:00,Closure,46,nsga2,03,com.google.javascript.rhino.jstype.RecordType,125.546,75,98,44,72,76.5,61.1,pass,fail,True,ok,/home/pizza/TestRound2/results/project-Closure/Closure-46/round03
2026-10-02T02:29:51+00:00,Closure,47,nsga2,03,com.google.debugging.sourcemap.SourceMapConsumerV3|com.google.javascript.jscomp.SourceMap,188.923,46,361,3,166,12.7,1.8,pass,pass,False,ok,/home/pizza/TestRound2/results/project-Closure/Closure-47/round03
2026-10-02T07:01:31+00:00,Closure,48,nsga2,03,com.google.javascript.jscomp.TypedScopeCreator,91.713,72,834,13,643,8.6,2.0,fail,fail,False,ok,/home/pizza/TestRound2/results/project-Closure/Closure-48/round03
2026-10-02T07:04:33+00:00,Closure,49,nsga2,03,com.google.javascript.jscomp.MakeDeclaredNamesUnique,110.966,103,196,38,105,52.6,36.2,pass,pass,False,ok,/home/pizza/TestRound2/results/project-Closure/Closure-49/round03
2026-10-02T07:07:51+00:00,Closure,50,nsga2,03,com.google.javascript.jscomp.PeepholeReplaceKnownMethods,90.963,19,312,11,253,6.1,4.3,pass,pass,False,ok,/home/pizza/TestRound2/results/project-Closure/Closure-50/round03
2026-10-02T02:48:25+00:00,Closure,51,nsga2,03,com.google.javascript.jscomp.CodeConsumer,85.04,2,109,6,60,1.8,10.0,pass,pass,False,ok,/home/pizza/TestRound2/results/project-Closure/Closure-51/round03
2026-10-02T07:10:49+00:00,Closure,52,nsga2,03,com.google.javascript.jscomp.CodeGenerator,97.179,108,595,51,453,18.2,11.3,pass,pass,False,ok,/home/pizza/TestRound2/results/project-Closure/Closure-52/round03
2026-10-02T02:56:24+00:00,Closure,53,nsga2,03,com.google.javascript.jscomp.InlineObjectLiterals,99.625,8,172,0,114,4.7,0.0,pass,pass,False,ok,/home/pizza/TestRound2/results/project-Closure/Closure-53/round03
2026-10-02T03:01:18+00:00,Closure,54,nsga2,03,com.google.javascript.jscomp.TypedScopeCreator|com.google.javascript.rhino.jstype.FunctionType,223.096,215,1197,62,916,18.0,6.8,pass,pass,False,ok,/home/pizza/TestRound2/results/project-Closure/Closure-54/round03
2026-10-02T03:07:37+00:00,Closure,55,nsga2,03,com.google.javascript.jscomp.FunctionRewriter,105.983,42,157,12,82,26.8,14.6,pass,pass,False,ok,/home/pizza/TestRound2/results/project-Closure/Closure-55/round03
2026-10-02T03:12:15+00:00,Closure,56,nsga2,03,com.google.javascript.jscomp.SourceFile,100.5,127,144,34,50,88.2,68.0,pass,pass,False,ok,/home/pizza/TestRound2/results/project-Closure/Closure-56/round03
2026-10-02T07:14:00+00:00,Closure,57,nsga2,03,com.google.javascript.jscomp.ClosureCodingConvention,122.569,50,139,13,102,36.0,12.7,fail,fail,False,ok,/home/pizza/TestRound2/results/project-Closure/Closure-57/round03
2026-10-02T03:22:20+00:00,Closure,58,nsga2,03,com.google.javascript.jscomp.LiveVariablesAnalysis,115.93,6,106,0,54,5.7,0.0,pass,pass,False,ok,/home/pizza/TestRound2/results/project-Closure/Closure-58/round03
2026-10-02T07:17:51+00:00,Closure,59,nsga2,03,com.google.javascript.jscomp.Compiler,123.745,,,,,,,,,,generation_failed,/home/pizza/TestRound2/results/project-Closure/Closure-59/round03
2026-10-02T07:21:00+00:00,Closure,60,nsga2,03,com.google.javascript.jscomp.NodeUtil,123.612,,,,,,,,,,generation_failed,/home/pizza/TestRound2/results/project-Closure/Closure-60/round03
2026-10-02T07:24:16+00:00,Closure,61,nsga2,03,com.google.javascript.jscomp.NodeUtil,117.273,127,936,55,924,13.6,6.0,pass,pass,False,ok,/home/pizza/TestRound2/results/project-Closure/Closure-61/round03
2026-10-02T07:27:56+00:00,Closure,62,nsga2,03,com.google.javascript.jscomp.LightweightMessageFormatter,122.969,,,,,,,,,,generation_failed,/home/pizza/TestRound2/results/project-Closure/Closure-62/round03
2026-10-02T07:31:04+00:00,Closure,64,nsga2,03,com.google.javascript.jscomp.Compiler,121.981,,,,,,,,,,generation_failed,/home/pizza/TestRound2/results/project-Closure/Closure-64/round03
2026-10-02T07:33:54+00:00,Closure,65,nsga2,03,com.google.javascript.jscomp.CodeGenerator,110.215,108,595,54,451,18.2,12.0,pass,pass,False,ok,/home/pizza/TestRound2/results/project-Closure/Closure-65/round03
2026-10-02T03:57:08+00:00,Closure,66,nsga2,03,com.google.javascript.jscomp.TypeCheck,96.339,69,784,0,509,8.8,0.0,pass,pass,False,ok,/home/pizza/TestRound2/results/project-Closure/Closure-66/round03
2026-10-02T04:00:37+00:00,Closure,67,nsga2,03,com.google.javascript.jscomp.AnalyzePrototypeProperties,109.635,94,253,13,147,37.2,8.8,fail,fail,False,ok,/home/pizza/TestRound2/results/project-Closure/Closure-67/round03
2026-10-02T04:04:09+00:00,Closure,68,nsga2,03,com.google.javascript.jscomp.parsing.JsDocInfoParser,101.818,174,1014,58,589,17.2,9.8,pass,pass,False,ok,/home/pizza/TestRound2/results/project-Closure/Closure-68/round03
2026-10-02T04:07:07+00:00,Closure,69,nsga2,03,com.google.javascript.jscomp.TypeCheck,102.38,78,782,2,509,10.0,0.4,fail,fail,False,ok,/home/pizza/TestRound2/results/project-Closure/Closure-69/round03
2026-10-02T04:10:15+00:00,Closure,70,nsga2,03,com.google.javascript.jscomp.TypedScopeCreator,98.675,74,806,6,621,9.2,1.0,fail,fail,False,ok,/home/pizza/TestRound2/results/project-Closure/Closure-70/round03
2026-10-02T01:38:04+00:00,Closure,71,nsga2,03,com.google.javascript.jscomp.CheckAccessControls,122.456,67,267,18,222,25.1,8.1,fail,fail,False,ok,/home/pizza/TestRound2/results/project-Closure/Closure-71/round03
2026-10-02T01:42:28+00:00,Closure,72,nsga2,03,com.google.javascript.jscomp.FunctionToBlockMutator|com.google.javascript.jscomp.RenameLabels,222.576,44,218,9,103,20.2,8.7,fail,fail,False,ok,/home/pizza/TestRound2/results/project-Closure/Closure-72/round03
2026-10-02T07:36:57+00:00,Closure,73,nsga2,03,com.google.javascript.jscomp.CodeGenerator,105.963,93,586,48,449,15.9,10.7,pass,pass,False,ok,/home/pizza/TestRound2/results/project-Closure/Closure-73/round03
2026-10-02T01:52:31+00:00,Closure,74,nsga2,03,com.google.javascript.jscomp.PeepholeFoldConstants,117.496,38,808,14,624,4.7,2.2,pass,pass,False,ok,/home/pizza/TestRound2/results/project-Closure/Closure-74/round03
2026-10-02T07:39:57+00:00,Closure,75,nsga2,03,com.google.javascript.jscomp.NodeUtil,122.83,,,,,,,,,,generation_failed,/home/pizza/TestRound2/results/project-Closure/Closure-75/round03
2026-10-02T02:00:31+00:00,Closure,76,nsga2,03,com.google.javascript.jscomp.DeadAssignmentsElimination,109.304,18,173,1,132,10.4,0.8,pass,pass,False,ok,/home/pizza/TestRound2/results/project-Closure/Closure-76/round03
2026-10-02T07:42:55+00:00,Closure,77,nsga2,03,com.google.javascript.jscomp.CodeGenerator,116.135,104,569,52,435,18.3,12.0,fail,fail,False,ok,/home/pizza/TestRound2/results/project-Closure/Closure-77/round03
2026-10-02T02:08:55+00:00,Closure,78,nsga2,03,com.google.javascript.jscomp.PeepholeFoldConstants,122.043,34,762,11,580,4.5,1.9,pass,pass,False,ok,/home/pizza/TestRound2/results/project-Closure/Closure-78/round03
2026-10-02T02:13:39+00:00,Closure,79,nsga2,03,com.google.javascript.jscomp.Normalize|com.google.javascript.jscomp.VarCheck,231.443,109,392,40,238,27.8,16.8,fail,fail,False,ok,/home/pizza/TestRound2/results/project-Closure/Closure-79/round03
2026-10-02T07:46:23+00:00,Closure,80,nsga2,03,com.google.javascript.jscomp.NodeUtil,122.393,,,,,,,,,,generation_failed,/home/pizza/TestRound2/results/project-Closure/Closure-80/round03
2026-10-02T02:23:43+00:00,Closure,81,nsga2,03,com.google.javascript.jscomp.parsing.IRFactory,110.706,65,592,14,321,11.0,4.4,pass,pass,False,ok,/home/pizza/TestRound2/results/project-Closure/Closure-81/round03
2026-10-02T07:49:18+00:00,Closure,82,nsga2,03,com.google.javascript.rhino.jstype.JSType,122.707,,,,,,,,,,generation_failed,/home/pizza/TestRound2/results/project-Closure/Closure-82/round03
2026-10-02T07:52:11+00:00,Closure,83,nsga2,03,com.google.javascript.jscomp.CommandLineRunner,97.314,142,197,15,36,72.1,41.7,pass,pass,False,ok,/home/pizza/TestRound2/results/project-Closure/Closure-83/round03
2026-10-02T02:35:28+00:00,Closure,84,nsga2,03,com.google.javascript.jscomp.parsing.IRFactory,107.424,54,568,12,305,9.5,3.9,pass,pass,False,ok,/home/pizza/TestRound2/results/project-Closure/Closure-84/round03
2026-10-02T07:55:13+00:00,Closure,85,nsga2,03,com.google.javascript.jscomp.UnreachableCodeElimination,91.514,45,74,19,55,60.8,34.5,fail,fail,False,ok,/home/pizza/TestRound2/results/project-Closure/Closure-85/round03
2026-10-02T07:57:53+00:00,Closure,86,nsga2,03,com.google.javascript.jscomp.NodeUtil,117.661,147,756,55,722,19.4,7.6,pass,pass,False,ok,/home/pizza/TestRound2/results/project-Closure/Closure-86/round03
2026-10-02T02:46:04+00:00,Closure,87,nsga2,03,com.google.javascript.jscomp.PeepholeSubstituteAlternateSyntax,123.022,33,464,14,319,7.1,4.4,pass,pass,False,ok,/home/pizza/TestRound2/results/project-Closure/Closure-87/round03
2026-10-02T02:50:10+00:00,Closure,88,nsga2,03,com.google.javascript.jscomp.DeadAssignmentsElimination,95.498,18,137,1,104,13.1,1.0,pass,pass,False,ok,/home/pizza/TestRound2/results/project-Closure/Closure-88/round03
2026-10-02T02:53:37+00:00,Closure,89,nsga2,03,com.google.javascript.jscomp.CollapseProperties|com.google.javascript.jscomp.GlobalNamespace,225.91,74,716,18,523,10.3,3.4,pass,pass,False,ok,/home/pizza/TestRound2/results/project-Closure/Closure-89/round03
2026-10-02T08:01:01+00:00,Closure,90,nsga2,03,com.google.javascript.jscomp.FunctionTypeBuilder|com.google.javascript.rhino.jstype.FunctionType,234.183,212,658,97,524,32.2,18.5,pass,pass,False,ok,/home/pizza/TestRound2/results/project-Closure/Closure-90/round03
2026-10-02T03:04:40+00:00,Closure,91,nsga2,03,com.google.javascript.jscomp.CheckGlobalThis,105.817,34,58,31,74,58.6,41.9,pass,pass,False,ok,/home/pizza/TestRound2/results/project-Closure/Closure-91/round03
2026-10-02T03:08:15+00:00,Closure,92,nsga2,03,com.google.javascript.jscomp.ProcessClosurePrimitives,112.647,64,409,16,258,15.6,6.2,pass,pass,False,ok,/home/pizza/TestRound2/results/project-Closure/Closure-92/round03
2026-10-02T03:12:05+00:00,Closure,94,nsga2,03,com.google.javascript.jscomp.NodeUtil,110.444,76,689,30,662,11.0,4.5,pass,pass,False,ok,/home/pizza/TestRound2/results/project-Closure/Closure-94/round03
2026-10-02T08:06:01+00:00,Closure,95,nsga2,03,com.google.javascript.jscomp.TypedScopeCreator,89.91,24,668,1,495,3.6,0.2,fail,fail,False,ok,/home/pizza/TestRound2/results/project-Closure/Closure-95/round03
2026-10-02T08:08:32+00:00,Closure,96,nsga2,03,com.google.javascript.jscomp.TypeCheck,95.642,63,684,0,434,9.2,0.0,fail,fail,False,ok,/home/pizza/TestRound2/results/project-Closure/Closure-96/round03
2026-10-02T08:11:06+00:00,Closure,97,nsga2,03,com.google.javascript.jscomp.PeepholeFoldConstants,97.614,64,556,26,437,11.5,5.9,pass,pass,False,ok,/home/pizza/TestRound2/results/project-Closure/Closure-97/round03
2026-10-02T03:27:31+00:00,Closure,98,nsga2,03,com.google.javascript.jscomp.ReferenceCollectingCallback,125.094,76,181,24,143,42.0,16.8,fail,fail,False,ok,/home/pizza/TestRound2/results/project-Closure/Closure-98/round03
2026-10-02T03:31:48+00:00,Closure,99,nsga2,03,com.google.javascript.jscomp.CheckGlobalThis,120.987,19,51,12,62,37.3,19.4,pass,pass,False,ok,/home/pizza/TestRound2/results/project-Closure/Closure-99/round03
2026-10-02T03:35:57+00:00,Closure,100,nsga2,03,com.google.javascript.jscomp.CheckGlobalThis,121.509,19,45,13,56,42.2,23.2,fail,fail,False,ok,/home/pizza/TestRound2/results/project-Closure/Closure-100/round03
2026-10-02T08:13:42+00:00,Closure,101,nsga2,03,com.google.javascript.jscomp.CommandLineRunner,83.36,124,164,6,22,75.6,27.3,pass,pass,False,ok,/home/pizza/TestRound2/results/project-Closure/Closure-101/round03
2026-10-02T08:16:03+00:00,Closure,102,nsga2,03,com.google.javascript.jscomp.Normalize,101.609,82,186,31,109,44.1,28.4,fail,fail,False,ok,/home/pizza/TestRound2/results/project-Closure/Closure-102/round03
2026-10-02T08:18:43+00:00,Closure,103,nsga2,03,com.google.javascript.jscomp.ControlFlowAnalysis|com.google.javascript.jscomp.DisambiguateProperties,192.919,170,765,64,522,22.2,12.3,fail,fail,False,ok,/home/pizza/TestRound2/results/project-Closure/Closure-103/round03
2026-10-02T08:23:00+00:00,Closure,104,nsga2,03,com.google.javascript.rhino.jstype.UnionType,122.127,,,,,,,,,,generation_failed,/home/pizza/TestRound2/results/project-Closure/Closure-104/round03
2026-10-02T03:58:39+00:00,Closure,105,nsga2,03,com.google.javascript.jscomp.FoldConstants,122.057,,,,,,,,,,generation_failed,/home/pizza/TestRound2/results/project-Closure/Closure-105/round03
2026-10-02T01:38:30+00:00,Closure,106,nsga2,03,com.google.javascript.jscomp.GlobalNamespace|com.google.javascript.rhino.JSDocInfoBuilder,244.696,,,,,,,,,,generation_failed,/home/pizza/TestRound2/results/project-Closure/Closure-106/round03
2026-10-02T01:43:43+00:00,Closure,107,nsga2,03,com.google.javascript.jscomp.CommandLineRunner,126.308,,,,,,,,,,generation_failed,/home/pizza/TestRound2/results/project-Closure/Closure-107/round03
2026-10-02T01:48:01+00:00,Closure,108,nsga2,03,com.google.javascript.jscomp.ScopedAliases,116.566,55,272,16,152,20.2,10.5,pass,pass,False,ok,/home/pizza/TestRound2/results/project-Closure/Closure-108/round03
2026-10-02T01:52:53+00:00,Closure,109,nsga2,03,com.google.javascript.jscomp.parsing.JsDocInfoParser,128.801,,,,,,,,,,generation_failed,/home/pizza/TestRound2/results/project-Closure/Closure-109/round03
2026-10-02T01:57:23+00:00,Closure,110,nsga2,03,com.google.javascript.jscomp.ScopedAliases|com.google.javascript.rhino.Node,239.282,219,1137,74,707,19.3,10.5,pass,pass,False,ok,/home/pizza/TestRound2/results/project-Closure/Closure-110/round03
2026-10-02T02:04:46+00:00,Closure,111,nsga2,03,com.google.javascript.jscomp.type.ClosureReverseAbstractInterpreter,97.876,32,95,3,48,33.7,6.2,pass,pass,False,ok,/home/pizza/TestRound2/results/project-Closure/Closure-111/round03
2026-10-02T02:09:37+00:00,Closure,112,nsga2,03,com.google.javascript.jscomp.TypeInference,124.818,,,,,,,,,,generation_failed,/home/pizza/TestRound2/results/project-Closure/Closure-112/round03
2026-10-02T02:13:47+00:00,Closure,113,nsga2,03,com.google.javascript.jscomp.ProcessClosurePrimitives,124.435,77,566,20,326,13.6,6.1,pass,pass,False,ok,/home/pizza/TestRound2/results/project-Closure/Closure-113/round03
2026-10-02T02:18:57+00:00,Closure,114,nsga2,03,com.google.javascript.jscomp.NameAnalyzer,111.943,152,752,62,469,20.2,13.2,pass,pass,False,ok,/home/pizza/TestRound2/results/project-Closure/Closure-114/round03
2026-10-02T02:23:34+00:00,Closure,115,nsga2,03,com.google.javascript.jscomp.FunctionInjector,119.893,57,303,7,218,18.8,3.2,pass,pass,False,ok,/home/pizza/TestRound2/results/project-Closure/Closure-115/round03
2026-10-02T02:28:51+00:00,Closure,116,nsga2,03,com.google.javascript.jscomp.FunctionInjector,126.524,,,,,,,,,,generation_failed,/home/pizza/TestRound2/results/project-Closure/Closure-116/round03
2026-10-02T02:33:09+00:00,Closure,117,nsga2,03,com.google.javascript.jscomp.TypeValidator,125.433,,,,,,,,,,generation_failed,/home/pizza/TestRound2/results/project-Closure/Closure-117/round03
2026-10-02T02:37:16+00:00,Closure,118,nsga2,03,com.google.javascript.jscomp.DisambiguateProperties,94.938,6,464,0,328,1.3,0.0,pass,pass,False,ok,/home/pizza/TestRound2/results/project-Closure/Closure-118/round03
2026-10-02T02:41:59+00:00,Closure,119,nsga2,03,com.google.javascript.jscomp.GlobalNamespace,126.24,,,,,,,,,,generation_failed,/home/pizza/TestRound2/results/project-Closure/Closure-119/round03
2026-10-02T02:46:12+00:00,Closure,120,nsga2,03,com.google.javascript.jscomp.ReferenceCollectingCallback,127.316,,,,,,,,,,generation_failed,/home/pizza/TestRound2/results/project-Closure/Closure-120/round03
2026-10-02T02:50:22+00:00,Closure,121,nsga2,03,com.google.javascript.jscomp.InlineVariables,102.126,23,299,3,240,7.7,1.2,pass,pass,False,ok,/home/pizza/TestRound2/results/project-Closure/Closure-121/round03
2026-10-02T02:54:55+00:00,Closure,122,nsga2,03,com.google.javascript.jscomp.parsing.IRFactory,137.944,,,,,,,,,,generation_failed,/home/pizza/TestRound2/results/project-Closure/Closure-122/round03
2026-10-02T02:59:06+00:00,Closure,123,nsga2,03,com.google.javascript.jscomp.CodeGenerator,127.3,,,,,,,,,,generation_failed,/home/pizza/TestRound2/results/project-Closure/Closure-123/round03
2026-10-02T03:03:09+00:00,Closure,124,nsga2,03,com.google.javascript.jscomp.ExploitAssigns,105.945,7,81,3,68,8.6,4.4,pass,pass,False,ok,/home/pizza/TestRound2/results/project-Closure/Closure-124/round03
2026-10-02T03:07:17+00:00,Closure,125,nsga2,03,com.google.javascript.jscomp.TypeCheck,128.838,,,,,,,,,,generation_failed,/home/pizza/TestRound2/results/project-Closure/Closure-125/round03
2026-10-02T03:11:23+00:00,Closure,126,nsga2,03,com.google.javascript.jscomp.MinimizeExitPoints,112.167,21,99,15,67,21.2,22.4,pass,pass,False,ok,/home/pizza/TestRound2/results/project-Closure/Closure-126/round03
2026-10-02T03:16:02+00:00,Closure,127,nsga2,03,com.google.javascript.jscomp.UnreachableCodeElimination,122.0,10,87,0,73,11.5,0.0,pass,pass,False,ok,/home/pizza/TestRound2/results/project-Closure/Closure-127/round03
2026-10-02T03:22:02+00:00,Closure,128,nsga2,03,com.google.javascript.jscomp.CodeGenerator,131.741,,,,,,,,,,generation_failed,/home/pizza/TestRound2/results/project-Closure/Closure-128/round03
2026-10-02T03:26:27+00:00,Closure,129,nsga2,03,com.google.javascript.jscomp.PrepareAst,128.342,,,,,,,,,,generation_failed,/home/pizza/TestRound2/results/project-Closure/Closure-129/round03
2026-10-02T03:31:07+00:00,Closure,130,nsga2,03,com.google.javascript.jscomp.CollapseProperties,119.228,14,371,2,266,3.8,0.8,fail,fail,False,ok,/home/pizza/TestRound2/results/project-Closure/Closure-130/round03
2026-10-02T03:36:10+00:00,Closure,131,nsga2,03,com.google.javascript.rhino.TokenStream,129.536,,,,,,,,,,generation_failed,/home/pizza/TestRound2/results/project-Closure/Closure-131/round03
2026-10-02T03:40:41+00:00,Closure,132,nsga2,03,com.google.javascript.jscomp.PeepholeSubstituteAlternateSyntax,134.178,,,,,,,,,,generation_failed,/home/pizza/TestRound2/results/project-Closure/Closure-132/round03
2026-10-02T03:47:15+00:00,Closure,133,nsga2,03,com.google.javascript.jscomp.parsing.JsDocInfoParser,140.783,,,,,,,,,,generation_failed,/home/pizza/TestRound2/results/project-Closure/Closure-133/round03
2026-10-02T03:52:43+00:00,Closure,134,nsga2,03,com.google.javascript.jscomp.AmbiguateProperties|com.google.javascript.jscomp.TypedScopeCreator,217.268,227,852,55,573,26.6,9.6,fail,fail,False,ok,/home/pizza/TestRound2/results/project-Closure/Closure-134/round03
2026-10-02T03:58:36+00:00,Closure,135,nsga2,03,com.google.javascript.jscomp.DevirtualizePrototypeMethods|com.google.javascript.rhino.jstype.FunctionType,205.232,29,428,14,324,6.8,4.3,pass,pass,False,ok,/home/pizza/TestRound2/results/project-Closure/Closure-135/round03
2026-10-02T04:03:18+00:00,Closure,136,nsga2,03,com.google.javascript.jscomp.MethodCompilerPass|com.google.javascript.jscomp.RenameVars,187.954,155,255,55,140,60.8,39.3,pass,pass,False,ok,/home/pizza/TestRound2/results/project-Closure/Closure-136/round03
2026-10-02T04:07:35+00:00,Closure,137,nsga2,03,com.google.javascript.jscomp.MakeDeclaredNamesUnique|com.google.javascript.jscomp.NodeUtil|com.google.javascript.jscomp.Normalize,313.351,309,934,133,732,33.1,18.2,fail,fail,False,ok,/home/pizza/TestRound2/results/project-Closure/Closure-137/round03
2026-10-02T04:14:06+00:00,Closure,138,nsga2,03,com.google.javascript.jscomp.ClosureReverseAbstractInterpreter|com.google.javascript.jscomp.TypeInference,174.851,89,610,20,381,14.6,5.2,pass,pass,False,ok,/home/pizza/TestRound2/results/project-Closure/Closure-138/round03
2026-10-02T04:18:07+00:00,Closure,139,nsga2,03,com.google.javascript.jscomp.Normalize,100.073,114,223,43,128,51.1,33.6,pass,pass,False,ok,/home/pizza/TestRound2/results/project-Closure/Closure-139/round03
2026-10-02T04:20:47+00:00,Closure,140,nsga2,03,com.google.javascript.jscomp.Compiler,121.427,,,,,,,,,,generation_failed,/home/pizza/TestRound2/results/project-Closure/Closure-140/round03
2026-10-02T01:38:44+00:00,Closure,141,nsga2,03,com.google.javascript.jscomp.NodeUtil|com.google.javascript.jscomp.PureFunctionIdentifier,229.06,182,845,86,716,21.5,12.0,pass,pass,False,ok,/home/pizza/TestRound2/results/project-Closure/Closure-141/round03
2026-10-02T01:44:39+00:00,Closure,142,nsga2,03,com.google.javascript.jscomp.CoalesceVariableNames|com.google.javascript.jscomp.parsing.JsDocInfoParser,217.045,16,1042,3,639,1.5,0.5,pass,pass,False,ok,/home/pizza/TestRound2/results/project-Closure/Closure-142/round03
2026-10-02T01:50:29+00:00,Closure,143,nsga2,03,com.google.javascript.jscomp.AbstractCommandLineRunner|com.google.javascript.jscomp.RemoveConstantExpressions,193.54,71,506,4,214,14.0,1.9,pass,pass,False,ok,/home/pizza/TestRound2/results/project-Closure/Closure-143/round03
2026-10-02T01:55:47+00:00,Closure,144,nsga2,03,com.google.javascript.jscomp.FunctionTypeBuilder|com.google.javascript.jscomp.TypedScopeCreator|com.google.javascript.rhino.jstype.FunctionBuilder|com.google.javascript.rhino.jstype.FunctionType,461.478,253,1249,59,928,20.3,6.4,fail,fail,False,ok,/home/pizza/TestRound2/results/project-Closure/Closure-144/round03
2026-10-02T02:05:33+00:00,Closure,145,nsga2,03,com.google.javascript.jscomp.CodeGenerator,103.514,79,520,39,382,15.2,10.2,pass,pass,False,ok,/home/pizza/TestRound2/results/project-Closure/Closure-145/round03
2026-10-02T02:09:17+00:00,Closure,146,nsga2,03,com.google.javascript.rhino.jstype.JSType,123.153,,,,,,,,,,generation_failed,/home/pizza/TestRound2/results/project-Closure/Closure-146/round03
2026-10-02T02:12:45+00:00,Closure,147,nsga2,03,com.google.javascript.jscomp.CheckGlobalThis|com.google.javascript.jscomp.RuntimeTypeCheck,214.111,41,216,11,146,19.0,7.5,pass,pass,False,ok,/home/pizza/TestRound2/results/project-Closure/Closure-147/round03
2026-10-02T02:18:35+00:00,Closure,148,nsga2,03,com.google.javascript.jscomp.PeepholeFoldConstants|com.google.javascript.jscomp.SourceMap,188.422,,,,,,,pass,error,n/a,not_evaluable,/home/pizza/TestRound2/results/project-Closure/Closure-148/round03
2026-10-02T02:23:03+00:00,Closure,149,nsga2,03,com.google.javascript.jscomp.AbstractCommandLineRunner|com.google.javascript.jscomp.CommandLineRunner|com.google.javascript.jscomp.Compiler|com.google.javascript.jscomp.CompilerOptions,470.304,651,1666,92,570,39.1,16.1,pass,pass,False,ok,/home/pizza/TestRound2/results/project-Closure/Closure-149/round03
2026-10-02T02:33:15+00:00,Closure,150,nsga2,03,com.google.javascript.jscomp.TypedScopeCreator,110.264,99,652,18,486,15.2,3.7,fail,fail,False,ok,/home/pizza/TestRound2/results/project-Closure/Closure-150/round03
2026-10-02T02:37:13+00:00,Closure,151,nsga2,03,com.google.javascript.jscomp.CommandLineRunner,107.976,138,191,14,36,72.3,38.9,pass,pass,False,ok,/home/pizza/TestRound2/results/project-Closure/Closure-151/round03
2026-10-02T02:41:17+00:00,Closure,152,nsga2,03,com.google.javascript.rhino.jstype.FunctionType,123.083,,,,,,,,,,generation_failed,/home/pizza/TestRound2/results/project-Closure/Closure-152/round03
2026-10-02T02:44:27+00:00,Closure,153,nsga2,03,com.google.javascript.jscomp.Normalize|com.google.javascript.jscomp.SyntacticScopeCreator,236.727,93,384,40,230,24.2,17.4,fail,fail,False,ok,/home/pizza/TestRound2/results/project-Closure/Closure-153/round03
2026-10-02T02:50:35+00:00,Closure,154,nsga2,03,com.google.javascript.jscomp.TypeCheck|com.google.javascript.jscomp.TypeValidator,245.026,,,,,,,,,,generation_failed,/home/pizza/TestRound2/results/project-Closure/Closure-154/round03
2026-10-02T02:56:15+00:00,Closure,155,nsga2,03,com.google.javascript.jscomp.InlineVariables|com.google.javascript.jscomp.ReferenceCollectingCallback|com.google.javascript.jscomp.Scope,346.235,139,601,32,451,23.1,7.1,fail,fail,False,ok,/home/pizza/TestRound2/results/project-Closure/Closure-155/round03
2026-10-02T03:04:51+00:00,Closure,156,nsga2,03,com.google.javascript.jscomp.CollapseProperties,95.681,26,340,8,244,7.6,3.3,pass,pass,False,ok,/home/pizza/TestRound2/results/project-Closure/Closure-156/round03
2026-10-02T03:08:39+00:00,Closure,157,nsga2,03,com.google.javascript.jscomp.CodeGenerator|com.google.javascript.jscomp.parsing.IRFactory|com.google.javascript.jscomp.RenamePrototypes,322.432,189,1355,63,882,13.9,7.1,pass,pass,False,ok,/home/pizza/TestRound2/results/project-Closure/Closure-157/round03
2026-10-02T03:16:34+00:00,Closure,158,nsga2,03,com.google.javascript.jscomp.AbstractCommandLineRunner|com.google.javascript.jscomp.CommandLineRunner|com.google.javascript.jscomp.DiagnosticGroups,366.404,,,,,,,,,,generation_failed,/home/pizza/TestRound2/results/project-Closure/Closure-158/round03
2026-10-02T03:24:45+00:00,Closure,159,nsga2,03,com.google.javascript.jscomp.InlineFunctions,126.586,,,,,,,,,,generation_failed,/home/pizza/TestRound2/results/project-Closure/Closure-159/round03
2026-10-02T03:29:14+00:00,Closure,160,nsga2,03,com.google.javascript.jscomp.Compiler,124.615,,,,,,,,,,generation_failed,/home/pizza/TestRound2/results/project-Closure/Closure-160/round03
2026-10-02T03:33:19+00:00,Closure,161,nsga2,03,com.google.javascript.jscomp.PeepholeFoldConstants,123.118,37,638,13,500,5.8,2.6,pass,pass,False,ok,/home/pizza/TestRound2/results/project-Closure/Closure-161/round03
2026-10-02T03:38:59+00:00,Closure,162,nsga2,03,com.google.javascript.jscomp.Scope|com.google.javascript.jscomp.ScopedAliases,260.319,,,,,,,,,,generation_failed,/home/pizza/TestRound2/results/project-Closure/Closure-162/round03
2026-10-02T03:46:51+00:00,Closure,163,nsga2,03,com.google.javascript.jscomp.AnalyzePrototypeProperties|com.google.javascript.jscomp.CrossModuleMethodMotion,253.665,67,367,11,199,18.3,5.5,pass,pass,False,ok,/home/pizza/TestRound2/results/project-Closure/Closure-163/round03
2026-10-02T03:55:11+00:00,Closure,164,nsga2,03,com.google.javascript.rhino.jstype.ArrowType,115.321,66,100,39,100,66.0,39.0,pass,pass,False,ok,/home/pizza/TestRound2/results/project-Closure/Closure-164/round03
2026-10-02T03:59:51+00:00,Closure,165,nsga2,03,com.google.javascript.rhino.jstype.JSTypeRegistry|com.google.javascript.rhino.jstype.ObjectType|com.google.javascript.rhino.jstype.RecordType|com.google.javascript.rhino.jstype.RecordTypeBuilder,387.316,487,845,101,297,57.6,34.0,pass,pass,False,ok,/home/pizza/TestRound2/results/project-Closure/Closure-165/round03
2026-10-02T04:08:30+00:00,Closure,166,nsga2,03,com.google.javascript.rhino.jstype.PrototypeObjectType,115.526,131,225,85,188,58.2,45.2,pass,pass,False,ok,/home/pizza/TestRound2/results/project-Closure/Closure-166/round03
2026-10-02T04:12:01+00:00,Closure,167,nsga2,03,com.google.javascript.jscomp.type.SemanticReverseAbstractInterpreter|com.google.javascript.rhino.jstype.JSType,207.403,218,513,125,388,42.5,32.2,pass,pass,False,ok,/home/pizza/TestRound2/results/project-Closure/Closure-167/round03
2026-10-02T04:17:03+00:00,Closure,168,nsga2,03,com.google.javascript.jscomp.TypedScopeCreator,84.874,141,895,33,703,15.8,4.7,pass,pass,False,ok,/home/pizza/TestRound2/results/project-Closure/Closure-168/round03
2026-10-02T04:19:59+00:00,Closure,169,nsga2,03,com.google.javascript.rhino.jstype.ArrowType|com.google.javascript.rhino.jstype.EquivalenceMethod|com.google.javascript.rhino.jstype.FunctionType|com.google.javascript.rhino.jstype.JSType|com.google.javascript.rhino.jstype.RecordType|com.google.javascript.rhino.jstype.UnionType,486.64,,,,,,,pass,error,n/a,not_evaluable,/home/pizza/TestRound2/results/project-Closure/Closure-169/round03
2026-10-02T04:29:25+00:00,Closure,170,nsga2,03,com.google.javascript.jscomp.FlowSensitiveInlineVariables,86.089,10,184,1,138,5.4,0.7,pass,pass,False,ok,/home/pizza/TestRound2/results/project-Closure/Closure-170/round03
2026-10-02T04:32:13+00:00,Closure,171,nsga2,03,com.google.javascript.jscomp.TypeInference|com.google.javascript.jscomp.TypedScopeCreator,160.799,133,1650,32,1215,8.1,2.6,fail,fail,False,ok,/home/pizza/TestRound2/results/project-Closure/Closure-171/round03
2026-10-02T04:36:21+00:00,Closure,172,nsga2,03,com.google.javascript.jscomp.TypedScopeCreator,95.466,89,956,2,770,9.3,0.3,pass,pass,False,ok,/home/pizza/TestRound2/results/project-Closure/Closure-172/round03
2026-10-02T04:39:20+00:00,Closure,173,nsga2,03,com.google.javascript.jscomp.CodeGenerator|com.google.javascript.jscomp.PeepholeSubstituteAlternateSyntax,188.446,129,930,49,686,13.9,7.1,pass,pass,False,ok,/home/pizza/TestRound2/results/project-Closure/Closure-173/round03
2026-10-02T04:43:55+00:00,Closure,174,nsga2,03,com.google.javascript.jscomp.JsAst|com.google.javascript.jscomp.NodeUtil|com.google.javascript.jscomp.ScopedAliases,285.846,118,1393,31,1252,8.5,2.5,pass,pass,False,ok,/home/pizza/TestRound2/results/project-Closure/Closure-174/round03
2026-10-02T04:50:07+00:00,Closure,175,nsga2,03,com.google.javascript.jscomp.FunctionInjector,93.14,73,302,24,208,24.2,11.5,pass,pass,False,ok,/home/pizza/TestRound2/results/project-Closure/Closure-175/round03
2026-10-04T02:13:20+00:00,Closure,176,nsga2,03,com.google.javascript.jscomp.TypeInference,80.577,3,739,2,489,0.4,0.4,pass,pass,False,ok,/home/pizza/TestRound2/results/project-Closure/Closure-176/round03
2026-10-01T11:03:11+00:00,Codec,1,nsga2,03,org.apache.commons.codec.language.Caverphone|org.apache.commons.codec.language.Metaphone|org.apache.commons.codec.language.SoundexUtils,229.681,227,256,144,184,88.7,78.3,pass,pass,False,ok,/home/pizza/TestRound2/results/project-Codec/Codec-1/round03
2026-10-01T11:07:38+00:00,Codec,2,nsga2,03,org.apache.commons.codec.binary.Base64,98.57,173,214,103,148,80.8,69.6,pass,pass,False,ok,/home/pizza/TestRound2/results/project-Codec/Codec-2/round03
2026-10-01T11:09:59+00:00,Codec,3,nsga2,03,org.apache.commons.codec.language.DoubleMetaphone,110.878,289,453,217,450,63.8,48.2,pass,pass,False,ok,/home/pizza/TestRound2/results/project-Codec/Codec-3/round03
2026-10-01T11:12:30+00:00,Codec,4,nsga2,03,org.apache.commons.codec.binary.Base64,102.384,189,231,106,158,81.8,67.1,pass,pass,False,ok,/home/pizza/TestRound2/results/project-Codec/Codec-4/round03
2026-10-01T11:14:49+00:00,Codec,5,nsga2,03,org.apache.commons.codec.binary.Base64,98.66,222,233,142,162,95.3,87.7,pass,pass,False,ok,/home/pizza/TestRound2/results/project-Codec/Codec-5/round03
2026-10-01T11:17:04+00:00,Codec,6,nsga2,03,org.apache.commons.codec.binary.Base64InputStream,80.713,37,38,27,30,97.4,90.0,pass,fail,True,ok,/home/pizza/TestRound2/results/project-Codec/Codec-6/round03
2026-10-01T11:19:04+00:00,Codec,7,nsga2,03,org.apache.commons.codec.binary.Base64,97.291,222,233,140,162,95.3,86.4,pass,fail,True,ok,/home/pizza/TestRound2/results/project-Codec/Codec-7/round03
2026-10-01T11:21:24+00:00,Codec,8,nsga2,03,org.apache.commons.codec.binary.Base64|org.apache.commons.codec.binary.Base64InputStream,188.743,,,,,,,pass,error,n/a,not_evaluable,/home/pizza/TestRound2/results/project-Codec/Codec-8/round03
2026-10-01T11:25:03+00:00,Codec,9,nsga2,03,org.apache.commons.codec.binary.Base64,106.412,164,220,98,154,74.5,63.6,pass,pass,False,ok,/home/pizza/TestRound2/results/project-Codec/Codec-9/round03
2026-10-01T11:27:32+00:00,Codec,10,nsga2,03,org.apache.commons.codec.language.Caverphone,74.42,69,69,6,6,100.0,100.0,pass,pass,False,ok,/home/pizza/TestRound2/results/project-Codec/Codec-10/round03
2026-10-01T11:29:42+00:00,Codec,11,nsga2,03,org.apache.commons.codec.net.QuotedPrintableCodec,83.2,96,107,53,70,89.7,75.7,pass,fail,True,ok,/home/pizza/TestRound2/results/project-Codec/Codec-11/round03
2026-10-01T11:31:51+00:00,Codec,12,nsga2,03,org.apache.commons.codec.binary.BaseNCodecInputStream,103.416,30,49,24,36,61.2,66.7,pass,pass,False,ok,/home/pizza/TestRound2/results/project-Codec/Codec-12/round03
2026-10-01T11:34:22+00:00,Codec,13,nsga2,03,org.apache.commons.codec.binary.CharSequenceUtils|org.apache.commons.codec.binary.StringUtils|org.apache.commons.codec.language.DoubleMetaphone,197.596,312,506,221,482,61.7,45.9,pass,pass,False,ok,/home/pizza/TestRound2/results/project-Codec/Codec-13/round03
2026-10-01T11:38:31+00:00,Codec,14,nsga2,03,org.apache.commons.codec.language.bm.Lang|org.apache.commons.codec.language.bm.PhoneticEngine|org.apache.commons.codec.language.bm.Rule|src.main.resources.org.apache.commons.codec.language.bm.ash_lang.txt|src.main.resources.org.apache.commons.codec.language.bm.gen_lang.txt|src.main.resources.org.apache.commons.codec.language.bm.sep_lang.txt,94.631,0,489,0,230,0.0,0.0,fail,fail,False,ok,/home/pizza/TestRound2/results/project-Codec/Codec-14/round03
2026-10-01T11:41:03+00:00,Codec,15,nsga2,03,org.apache.commons.codec.language.Soundex,82.016,51,51,30,32,100.0,93.8,pass,fail,True,ok,/home/pizza/TestRound2/results/project-Codec/Codec-15/round03
2026-10-01T11:43:19+00:00,Codec,16,nsga2,03,org.apache.commons.codec.binary.Base32,91.19,148,166,67,75,89.2,89.3,pass,pass,False,ok,/home/pizza/TestRound2/results/project-Codec/Codec-16/round03
2026-10-01T11:45:40+00:00,Codec,17,nsga2,03,org.apache.commons.codec.binary.StringUtils,92.147,39,39,19,20,100.0,95.0,pass,pass,False,ok,/home/pizza/TestRound2/results/project-Codec/Codec-17/round03
2026-10-01T11:48:07+00:00,Codec,18,nsga2,03,org.apache.commons.codec.binary.StringUtils,82.486,37,39,22,24,94.9,91.7,pass,pass,False,ok,/home/pizza/TestRound2/results/project-Codec/Codec-18/round03
2026-10-01T23:06:44+00:00,Collections,1,nsga2,03,org.apache.commons.collections.map.Flat3Map,95.869,185,495,101,376,37.4,26.9,pass,pass,False,ok,/home/pizza/TestRound2/results/project-Collections/Collections-1/round03
2026-10-01T23:09:11+00:00,Collections,2,nsga2,03,org.apache.commons.collections.ExtendedProperties,87.951,184,473,78,274,38.9,28.5,pass,pass,False,ok,/home/pizza/TestRound2/results/project-Collections/Collections-2/round03
2026-10-01T23:11:35+00:00,Collections,3,nsga2,03,org.apache.commons.collections.CollectionUtils,121.601,,,,,,,,,,generation_failed,/home/pizza/TestRound2/results/project-Collections/Collections-3/round03
2026-10-01T23:14:03+00:00,Collections,4,nsga2,03,org.apache.commons.collections.map.MultiValueMap,80.611,101,112,38,48,90.2,79.2,pass,fail,True,ok,/home/pizza/TestRound2/results/project-Collections/Collections-4/round03
2026-10-01T23:16:15+00:00,Collections,5,nsga2,03,org.apache.commons.collections.list.SetUniqueList,78.73,80,86,18,22,93.0,81.8,fail,fail,False,ok,/home/pizza/TestRound2/results/project-Collections/Collections-5/round03
2026-10-01T23:18:26+00:00,Collections,6,nsga2,03,org.apache.commons.collections.map.Flat3Map,98.111,189,495,108,376,38.2,28.7,pass,pass,False,ok,/home/pizza/TestRound2/results/project-Collections/Collections-6/round03
2026-10-01T23:20:55+00:00,Collections,7,nsga2,03,org.apache.commons.collections.ExtendedProperties,87.651,189,491,86,280,38.5,30.7,fail,fail,False,ok,/home/pizza/TestRound2/results/project-Collections/Collections-7/round03
2026-10-01T23:23:10+00:00,Collections,8,nsga2,03,org.apache.commons.collections.buffer.UnboundedFifoBuffer,90.809,67,90,28,36,74.4,77.8,pass,pass,False,ok,/home/pizza/TestRound2/results/project-Collections/Collections-8/round03
2026-10-01T23:25:26+00:00,Collections,9,nsga2,03,org.apache.commons.collections.ExtendedProperties,87.705,197,491,85,280,40.1,30.4,pass,pass,False,ok,/home/pizza/TestRound2/results/project-Collections/Collections-9/round03
2026-10-01T23:27:43+00:00,Collections,10,nsga2,03,org.apache.commons.collections.map.MultiValueMap,80.76,104,119,42,48,87.4,87.5,pass,pass,False,ok,/home/pizza/TestRound2/results/project-Collections/Collections-10/round03
2026-10-01T23:29:55+00:00,Collections,11,nsga2,03,org.apache.commons.collections.keyvalue.MultiKey,71.962,35,37,12,12,94.6,100.0,pass,pass,False,ok,/home/pizza/TestRound2/results/project-Collections/Collections-11/round03
2026-10-01T23:31:59+00:00,Collections,12,nsga2,03,org.apache.commons.collections.ExtendedProperties,83.537,223,490,100,278,45.5,36.0,pass,pass,False,ok,/home/pizza/TestRound2/results/project-Collections/Collections-12/round03
2026-10-01T23:34:17+00:00,Collections,13,nsga2,03,org.apache.commons.collections.ExtendedProperties,87.365,229,492,100,280,46.5,35.7,pass,pass,False,ok,/home/pizza/TestRound2/results/project-Collections/Collections-13/round03
2026-10-01T23:36:36+00:00,Collections,14,nsga2,03,org.apache.commons.collections.map.CaseInsensitiveMap,68.207,15,21,4,4,71.4,100.0,pass,pass,False,ok,/home/pizza/TestRound2/results/project-Collections/Collections-14/round03
2026-10-01T23:38:27+00:00,Collections,15,nsga2,03,org.apache.commons.collections.list.SetUniqueList,75.471,76,86,17,22,88.4,77.3,fail,fail,False,ok,/home/pizza/TestRound2/results/project-Collections/Collections-15/round03
2026-10-01T23:40:24+00:00,Collections,16,nsga2,03,org.apache.commons.collections.list.SetUniqueList,78.138,73,99,16,24,73.7,66.7,fail,fail,False,ok,/home/pizza/TestRound2/results/project-Collections/Collections-16/round03
2026-10-01T23:42:24+00:00,Collections,17,nsga2,03,org.apache.commons.collections.functors.EqualPredicate,69.531,15,16,5,6,93.8,83.3,pass,pass,False,ok,/home/pizza/TestRound2/results/project-Collections/Collections-17/round03
2026-10-01T23:44:22+00:00,Collections,18,nsga2,03,org.apache.commons.collections.set.ListOrderedSet,73.824,89,98,32,40,90.8,80.0,fail,fail,False,ok,/home/pizza/TestRound2/results/project-Collections/Collections-18/round03
2026-10-01T23:46:27+00:00,Collections,19,nsga2,03,org.apache.commons.collections.list.SetUniqueList,80.344,102,111,35,40,91.9,87.5,pass,pass,False,ok,/home/pizza/TestRound2/results/project-Collections/Collections-19/round03
2026-10-01T23:48:35+00:00,Collections,20,nsga2,03,org.apache.commons.collections.list.TreeList,84.803,205,292,90,154,70.2,58.4,pass,pass,False,ok,/home/pizza/TestRound2/results/project-Collections/Collections-20/round03
2026-10-01T23:50:47+00:00,Collections,21,nsga2,03,org.apache.commons.collections4.list.SetUniqueList,74.781,92,109,29,38,84.4,76.3,pass,pass,False,ok,/home/pizza/TestRound2/results/project-Collections/Collections-21/round03
2026-10-01T23:52:47+00:00,Collections,22,nsga2,03,org.apache.commons.collections4.map.ListOrderedMap,80.639,119,197,23,52,60.4,44.2,fail,fail,False,ok,/home/pizza/TestRound2/results/project-Collections/Collections-22/round03
2026-10-01T23:54:51+00:00,Collections,23,nsga2,03,org.apache.commons.collections4.trie.UnmodifiableTrie,68.228,5,37,2,4,13.5,50.0,pass,pass,False,ok,/home/pizza/TestRound2/results/project-Collections/Collections-23/round03
2026-10-01T23:56:41+00:00,Collections,24,nsga2,03,org.apache.commons.collections4.collection.UnmodifiableBoundedCollection,70.295,22,29,13,14,75.9,92.9,pass,pass,False,ok,/home/pizza/TestRound2/results/project-Collections/Collections-24/round03
2026-10-01T23:58:34+00:00,Collections,25,nsga2,03,org.apache.commons.collections4.IteratorUtils,78.161,89,216,43,132,41.2,32.6,pass,pass,False,ok,/home/pizza/TestRound2/results/project-Collections/Collections-25/round03
2026-10-01T23:29:50+00:00,Collections,26,nsga2,03,org.apache.commons.collections4.keyvalue.MultiKey,70.019,32,37,12,12,86.5,100.0,pass,pass,False,ok,/home/pizza/TestRound2/results/project-Collections/Collections-26/round03
2026-10-01T23:31:55+00:00,Collections,27,nsga2,03,org.apache.commons.collections4.map.MultiValueMap,78.007,80,131,29,54,61.1,53.7,pass,pass,False,ok,/home/pizza/TestRound2/results/project-Collections/Collections-27/round03
2026-10-01T23:34:12+00:00,Collections,28,nsga2,03,org.apache.commons.collections4.trie.AbstractPatriciaTrie,121.639,,,,,,,,,,generation_failed,/home/pizza/TestRound2/results/project-Collections/Collections-28/round03
2026-10-01T16:23:37+00:00,Compress,1,nsga2,03,org.apache.commons.compress.archivers.cpio.CpioArchiveOutputStream,88.115,153,165,45,59,92.7,76.3,pass,pass,False,ok,/home/pizza/TestRound2/results/project-Compress/Compress-1/round03
2026-10-01T16:25:45+00:00,Compress,2,nsga2,03,org.apache.commons.compress.archivers.ar.ArArchiveInputStream,78.865,40,92,21,56,43.5,37.5,fail,fail,False,ok,/home/pizza/TestRound2/results/project-Compress/Compress-2/round03
2026-10-01T16:27:51+00:00,Compress,3,nsga2,03,org.apache.commons.compress.archivers.tar.TarArchiveOutputStream,75.48,54,95,14,30,56.8,46.7,pass,pass,False,ok,/home/pizza/TestRound2/results/project-Compress/Compress-3/round03
2026-10-01T16:29:48+00:00,Compress,4,nsga2,03,org.apache.commons.compress.archivers.cpio.CpioArchiveOutputStream|org.apache.commons.compress.archivers.tar.TarArchiveOutputStream|org.apache.commons.compress.archivers.zip.ZipArchiveOutputStream|org.apache.commons.compress.changes.ChangeSetPerformer,336.747,219,614,62,253,35.7,24.5,fail,fail,False,ok,/home/pizza/TestRound2/results/project-Compress/Compress-4/round03
2026-10-01T16:36:12+00:00,Compress,5,nsga2,03,org.apache.commons.compress.archivers.zip.ZipArchiveInputStream,95.972,54,164,24,96,32.9,25.0,pass,pass,False,ok,/home/pizza/TestRound2/results/project-Compress/Compress-5/round03
2026-10-01T16:38:30+00:00,Compress,6,nsga2,03,org.apache.commons.compress.archivers.zip.ZipArchiveEntry,86.105,123,139,46,60,88.5,76.7,fail,fail,False,ok,/home/pizza/TestRound2/results/project-Compress/Compress-6/round03
2026-10-01T16:40:35+00:00,Compress,7,nsga2,03,org.apache.commons.compress.archivers.tar.TarUtils,80.616,50,64,31,38,78.1,81.6,pass,pass,False,ok,/home/pizza/TestRound2/results/project-Compress/Compress-7/round03
2026-10-01T16:42:34+00:00,Compress,8,nsga2,03,org.apache.commons.compress.archivers.tar.TarUtils,74.579,50,81,27,48,61.7,56.2,pass,fail,True,ok,/home/pizza/TestRound2/results/project-Compress/Compress-8/round03
2026-10-01T16:44:25+00:00,Compress,9,nsga2,03,org.apache.commons.compress.archivers.tar.TarArchiveOutputStream,79.865,70,111,27,42,63.1,64.3,pass,fail,True,ok,/home/pizza/TestRound2/results/project-Compress/Compress-9/round03
2026-10-01T16:46:27+00:00,Compress,10,nsga2,03,org.apache.commons.compress.archivers.zip.ZipFile,77.219,42,307,5,113,13.7,4.4,fail,fail,False,ok,/home/pizza/TestRound2/results/project-Compress/Compress-10/round03
2026-10-01T16:48:24+00:00,Compress,11,nsga2,03,org.apache.commons.compress.archivers.ArchiveStreamFactory,85.193,54,70,37,48,77.1,77.1,fail,fail,False,ok,/home/pizza/TestRound2/results/project-Compress/Compress-11/round03
2026-10-01T16:50:30+00:00,Compress,12,nsga2,03,org.apache.commons.compress.archivers.tar.TarArchiveInputStream,79.513,73,200,30,110,36.5,27.3,pass,pass,False,ok,/home/pizza/TestRound2/results/project-Compress/Compress-12/round03
2026-10-01T16:52:30+00:00,Compress,13,nsga2,03,org.apache.commons.compress.archivers.zip.ZipArchiveEntry,87.745,174,203,74,110,85.7,67.3,pass,pass,False,ok,/home/pizza/TestRound2/results/project-Compress/Compress-13/round03
2026-10-01T16:54:42+00:00,Compress,14,nsga2,03,org.apache.commons.compress.archivers.tar.TarUtils,80.254,57,96,35,62,59.4,56.5,pass,fail,True,ok,/home/pizza/TestRound2/results/project-Compress/Compress-14/round03
2026-10-01T16:56:43+00:00,Compress,15,nsga2,03,org.apache.commons.compress.archivers.zip.ZipArchiveEntry,87.529,165,203,72,110,81.3,65.5,fail,fail,False,ok,/home/pizza/TestRound2/results/project-Compress/Compress-15/round03
2026-10-01T16:58:50+00:00,Compress,16,nsga2,03,org.apache.commons.compress.archivers.ArchiveStreamFactory,78.597,58,71,41,50,81.7,82.0,fail,fail,False,ok,/home/pizza/TestRound2/results/project-Compress/Compress-16/round03
2026-10-01T17:00:46+00:00,Compress,17,nsga2,03,org.apache.commons.compress.archivers.tar.TarUtils,77.811,134,180,73,118,74.4,61.9,pass,pass,False,ok,/home/pizza/TestRound2/results/project-Compress/Compress-17/round03
2026-10-01T17:02:39+00:00,Compress,18,nsga2,03,org.apache.commons.compress.archivers.tar.TarArchiveOutputStream,81.748,145,204,49,86,71.1,57.0,pass,pass,False,ok,/home/pizza/TestRound2/results/project-Compress/Compress-18/round03
2026-10-01T17:04:37+00:00,Compress,19,nsga2,03,org.apache.commons.compress.archivers.zip.Zip64ExtendedInformationExtraField,73.688,83,105,50,60,79.0,83.3,pass,pass,False,ok,/home/pizza/TestRound2/results/project-Compress/Compress-19/round03
2026-10-02T00:06:27+00:00,Compress,20,nsga2,03,org.apache.commons.compress.archivers.cpio.CpioArchiveInputStream,122.098,,,,,,,,,,generation_failed,/home/pizza/TestRound2/results/project-Compress/Compress-20/round03
2026-10-02T00:09:05+00:00,Compress,21,nsga2,03,org.apache.commons.compress.archivers.sevenz.SevenZOutputFile,116.534,168,389,29,134,43.2,21.6,fail,fail,False,ok,/home/pizza/TestRound2/results/project-Compress/Compress-21/round03
2026-10-01T17:11:22+00:00,Compress,22,nsga2,03,org.apache.commons.compress.compressors.bzip2.BZip2CompressorInputStream,87.898,22,490,12,265,4.5,4.5,pass,pass,False,ok,/home/pizza/TestRound2/results/project-Compress/Compress-22/round03
2026-10-01T17:13:43+00:00,Compress,23,nsga2,03,org.apache.commons.compress.archivers.sevenz.Coders,78.456,41,103,9,34,39.8,26.5,fail,fail,False,ok,/home/pizza/TestRound2/results/project-Compress/Compress-23/round03
2026-10-01T17:15:57+00:00,Compress,24,nsga2,03,org.apache.commons.compress.archivers.tar.TarUtils,82.982,100,178,52,116,56.2,44.8,pass,pass,False,ok,/home/pizza/TestRound2/results/project-Compress/Compress-24/round03
2026-10-02T00:12:04+00:00,Compress,25,nsga2,03,org.apache.commons.compress.archivers.zip.ZipArchiveInputStream,91.327,72,402,26,252,17.9,10.3,pass,pass,False,ok,/home/pizza/TestRound2/results/project-Compress/Compress-25/round03
2026-10-02T00:07:10+00:00,Compress,26,nsga2,03,org.apache.commons.compress.utils.IOUtils,85.447,37,45,15,24,82.2,62.5,pass,pass,False,ok,/home/pizza/TestRound2/results/project-Compress/Compress-26/round03
2026-10-02T00:09:45+00:00,Compress,27,nsga2,03,org.apache.commons.compress.archivers.tar.TarUtils,88.609,115,175,60,114,65.7,52.6,pass,pass,False,ok,/home/pizza/TestRound2/results/project-Compress/Compress-27/round03
2026-10-02T00:12:18+00:00,Compress,28,nsga2,03,org.apache.commons.compress.archivers.tar.TarArchiveInputStream,85.048,76,215,26,124,35.3,21.0,pass,pass,False,ok,/home/pizza/TestRound2/results/project-Compress/Compress-28/round03
2026-10-02T00:14:57+00:00,Compress,29,nsga2,03,org.apache.commons.compress.archivers.ArchiveStreamFactory|org.apache.commons.compress.archivers.cpio.CpioArchiveInputStream|org.apache.commons.compress.archivers.cpio.CpioArchiveOutputStream|org.apache.commons.compress.archivers.dump.DumpArchiveInputStream|org.apache.commons.compress.archivers.tar.TarArchiveInputStream|org.apache.commons.compress.archivers.tar.TarArchiveOutputStream|org.apache.commons.compress.archivers.zip.ZipArchiveInputStream,655.96,520,1619,165,889,32.1,18.6,fail,fail,False,ok,/home/pizza/TestRound2/results/project-Compress/Compress-29/round03
2026-10-02T00:27:15+00:00,Compress,30,nsga2,03,org.apache.commons.compress.compressors.bzip2.BZip2CompressorInputStream,90.579,20,492,10,267,4.1,3.7,pass,pass,False,ok,/home/pizza/TestRound2/results/project-Compress/Compress-30/round03
2026-10-02T00:30:03+00:00,Compress,31,nsga2,03,org.apache.commons.compress.archivers.tar.TarUtils,84.835,112,174,59,114,64.4,51.8,pass,pass,False,ok,/home/pizza/TestRound2/results/project-Compress/Compress-31/round03
2026-10-02T00:32:33+00:00,Compress,32,nsga2,03,org.apache.commons.compress.archivers.tar.TarArchiveInputStream,92.792,83,220,27,126,37.7,21.4,pass,pass,False,ok,/home/pizza/TestRound2/results/project-Compress/Compress-32/round03
2026-10-02T00:35:10+00:00,Compress,33,nsga2,03,org.apache.commons.compress.compressors.CompressorStreamFactory|org.apache.commons.compress.compressors.deflate.DeflateCompressorInputStream,153.481,66,99,40,78,66.7,51.3,fail,fail,False,ok,/home/pizza/TestRound2/results/project-Compress/Compress-33/round03
2026-10-02T00:38:36+00:00,Compress,34,nsga2,03,org.apache.commons.compress.archivers.zip.X7875_NewUnix,81.513,71,71,14,14,100.0,100.0,pass,fail,True,ok,/home/pizza/TestRound2/results/project-Compress/Compress-34/round03
2026-10-02T00:40:51+00:00,Compress,35,nsga2,03,org.apache.commons.compress.archivers.tar.TarUtils,79.873,99,170,48,104,58.2,46.2,pass,fail,True,ok,/home/pizza/TestRound2/results/project-Compress/Compress-35/round03
2026-10-02T00:42:57+00:00,Compress,36,nsga2,03,org.apache.commons.compress.archivers.sevenz.SevenZFile,82.285,21,535,4,305,3.9,1.3,fail,fail,False,ok,/home/pizza/TestRound2/results/project-Compress/Compress-36/round03
2026-10-02T00:45:21+00:00,Compress,37,nsga2,03,org.apache.commons.compress.archivers.tar.TarArchiveInputStream,86.834,96,239,36,154,40.2,23.4,pass,pass,False,ok,/home/pizza/TestRound2/results/project-Compress/Compress-37/round03
2026-10-02T00:47:43+00:00,Compress,38,nsga2,03,org.apache.commons.compress.archivers.tar.TarArchiveEntry,103.552,167,304,53,147,54.9,36.1,fail,fail,False,ok,/home/pizza/TestRound2/results/project-Compress/Compress-38/round03
2026-10-02T00:50:27+00:00,Compress,39,nsga2,03,org.apache.commons.compress.utils.ArchiveUtils,87.303,54,66,36,42,81.8,85.7,pass,pass,False,ok,/home/pizza/TestRound2/results/project-Compress/Compress-39/round03
2026-10-02T00:52:54+00:00,Compress,40,nsga2,03,org.apache.commons.compress.utils.BitInputStream,123.302,,,,,,,,,,generation_failed,/home/pizza/TestRound2/results/project-Compress/Compress-40/round03
2026-10-02T00:55:34+00:00,Compress,41,nsga2,03,org.apache.commons.compress.archivers.zip.ZipArchiveInputStream,77.754,39,413,8,260,9.4,3.1,fail,fail,False,ok,/home/pizza/TestRound2/results/project-Compress/Compress-41/round03
2026-10-02T00:58:00+00:00,Compress,42,nsga2,03,org.apache.commons.compress.archivers.zip.UnixStat|org.apache.commons.compress.archivers.zip.ZipArchiveEntry,124.988,202,244,88,132,82.8,66.7,pass,fail,True,ok,/home/pizza/TestRound2/results/project-Compress/Compress-42/round03
2026-10-02T01:01:00+00:00,Compress,43,nsga2,03,org.apache.commons.compress.archivers.zip.ZipArchiveOutputStream,108.573,35,533,0,300,6.6,0.0,fail,fail,False,ok,/home/pizza/TestRound2/results/project-Compress/Compress-43/round03
2026-10-02T01:03:59+00:00,Compress,44,nsga2,03,org.apache.commons.compress.utils.ChecksumCalculatingInputStream,84.327,14,21,4,10,66.7,40.0,fail,fail,False,ok,/home/pizza/TestRound2/results/project-Compress/Compress-44/round03
2026-10-02T01:06:23+00:00,Compress,45,nsga2,03,org.apache.commons.compress.archivers.tar.TarUtils,84.52,103,171,50,108,60.2,46.3,pass,fail,True,ok,/home/pizza/TestRound2/results/project-Compress/Compress-45/round03
2026-10-02T01:09:01+00:00,Compress,46,nsga2,03,org.apache.commons.compress.archivers.zip.X5455_ExtendedTimestamp,94.173,111,118,79,98,94.1,80.6,pass,pass,False,ok,/home/pizza/TestRound2/results/project-Compress/Compress-46/round03
2026-10-02T01:11:40+00:00,Compress,47,nsga2,03,org.apache.commons.compress.archivers.zip.ZipArchiveInputStream,80.103,39,439,8,289,8.9,2.8,fail,fail,False,ok,/home/pizza/TestRound2/results/project-Compress/Compress-47/round03
2026-10-01T11:25:18+00:00,Csv,1,nsga2,03,org.apache.commons.csv.ExtendedBufferedReader,79.903,33,37,14,26,89.2,53.8,pass,pass,False,ok,/home/pizza/TestRound2/results/project-Csv/Csv-1/round03
2026-10-01T11:27:22+00:00,Csv,2,nsga2,03,org.apache.commons.csv.CSVRecord,80.916,25,25,15,16,100.0,93.8,pass,fail,True,ok,/home/pizza/TestRound2/results/project-Csv/Csv-2/round03
2026-10-01T11:29:35+00:00,Csv,3,nsga2,03,org.apache.commons.csv.Lexer,85.477,32,40,41,52,80.0,78.8,pass,fail,True,ok,/home/pizza/TestRound2/results/project-Csv/Csv-3/round03
2026-10-01T11:31:44+00:00,Csv,4,nsga2,03,org.apache.commons.csv.CSVParser,81.479,22,100,6,52,22.0,11.5,pass,fail,True,ok,/home/pizza/TestRound2/results/project-Csv/Csv-4/round03
2026-10-01T11:33:54+00:00,Csv,5,nsga2,03,org.apache.commons.csv.CSVPrinter,85.576,124,159,71,117,78.0,60.7,pass,pass,False,ok,/home/pizza/TestRound2/results/project-Csv/Csv-5/round03
2026-10-01T11:36:07+00:00,Csv,6,nsga2,03,org.apache.commons.csv.CSVRecord,77.776,31,36,18,20,86.1,90.0,pass,pass,False,ok,/home/pizza/TestRound2/results/project-Csv/Csv-6/round03
2026-10-01T11:38:15+00:00,Csv,7,nsga2,03,org.apache.commons.csv.CSVParser,86.753,83,103,34,52,80.6,65.4,pass,pass,False,ok,/home/pizza/TestRound2/results/project-Csv/Csv-7/round03
2026-10-01T11:40:38+00:00,Csv,8,nsga2,03,org.apache.commons.csv.CSVFormat,112.182,147,178,99,140,82.6,70.7,pass,pass,False,ok,/home/pizza/TestRound2/results/project-Csv/Csv-8/round03
2026-10-01T11:43:25+00:00,Csv,9,nsga2,03,org.apache.commons.csv.CSVRecord,86.25,36,38,23,24,94.7,95.8,pass,pass,False,ok,/home/pizza/TestRound2/results/project-Csv/Csv-9/round03
2026-10-01T11:45:40+00:00,Csv,10,nsga2,03,org.apache.commons.csv.CSVPrinter,122.812,,,,,,,,,,generation_failed,/home/pizza/TestRound2/results/project-Csv/Csv-10/round03
2026-10-01T11:48:08+00:00,Csv,11,nsga2,03,org.apache.commons.csv.CSVParser,85.207,76,106,31,62,71.7,50.0,pass,pass,False,ok,/home/pizza/TestRound2/results/project-Csv/Csv-11/round03
2026-10-01T11:50:23+00:00,Csv,12,nsga2,03,org.apache.commons.csv.CSVFormat,96.778,152,184,104,140,82.6,74.3,pass,fail,True,ok,/home/pizza/TestRound2/results/project-Csv/Csv-12/round03
2026-10-01T11:52:35+00:00,Csv,13,nsga2,03,org.apache.commons.csv.CSVFormat|org.apache.commons.csv.CSVPrinter,190.602,302,387,198,291,78.0,68.0,pass,fail,True,ok,/home/pizza/TestRound2/results/project-Csv/Csv-13/round03
2026-10-01T11:56:27+00:00,Csv,14,nsga2,03,org.apache.commons.csv.CSVFormat,116.352,289,356,178,272,81.2,65.4,pass,pass,False,ok,/home/pizza/TestRound2/results/project-Csv/Csv-14/round03
2026-10-01T11:59:02+00:00,Csv,15,nsga2,03,org.apache.commons.csv.CSVFormat,106.298,304,395,156,261,77.0,59.8,pass,pass,False,ok,/home/pizza/TestRound2/results/project-Csv/Csv-15/round03
2026-10-01T12:01:30+00:00,Csv,16,nsga2,03,org.apache.commons.csv.CSVParser,90.629,88,124,36,68,71.0,52.9,pass,pass,False,ok,/home/pizza/TestRound2/results/project-Csv/Csv-16/round03
2026-10-01T11:25:23+00:00,Gson,1,nsga2,03,com.google.gson.TypeInfoFactory,76.044,3,79,0,44,3.8,0.0,pass,pass,False,ok,/home/pizza/TestRound2/results/project-Gson/Gson-1/round03
2026-10-01T11:27:30+00:00,Gson,2,nsga2,03,com.google.gson.internal.bind.TypeAdapters,93.328,142,454,26,192,31.3,13.5,pass,pass,False,ok,/home/pizza/TestRound2/results/project-Gson/Gson-2/round03
2026-10-01T11:30:09+00:00,Gson,3,nsga2,03,com.google.gson.internal.ConstructorConstructor,69.245,0,94,0,36,0.0,0.0,pass,pass,False,ok,/home/pizza/TestRound2/results/project-Gson/Gson-3/round03
2026-10-01T11:32:03+00:00,Gson,4,nsga2,03,com.google.gson.stream.JsonReader|com.google.gson.stream.JsonWriter,178.21,339,876,149,557,38.7,26.8,pass,fail,True,ok,/home/pizza/TestRound2/results/project-Gson/Gson-4/round03
2026-10-01T11:36:02+00:00,Gson,5,nsga2,03,com.google.gson.internal.bind.util.ISO8601Utils,83.15,122,151,53,91,80.8,58.2,pass,pass,False,ok,/home/pizza/TestRound2/results/project-Gson/Gson-5/round03
2026-10-01T11:38:18+00:00,Gson,6,nsga2,03,com.google.gson.internal.bind.JsonAdapterAnnotationTypeAdapterFactory,81.73,9,21,3,8,42.9,37.5,pass,pass,False,ok,/home/pizza/TestRound2/results/project-Gson/Gson-6/round03
2026-10-01T11:40:40+00:00,Gson,7,nsga2,03,com.google.gson.stream.JsonReader,92.497,213,688,115,477,31.0,24.1,pass,pass,False,ok,/home/pizza/TestRound2/results/project-Gson/Gson-7/round03
2026-10-01T23:05:21+00:00,Gson,8,nsga2,03,com.google.gson.internal.UnsafeAllocator,7.403,,,,,,,,,,generation_failed,/home/pizza/TestRound2/results/project-Gson/Gson-8/round03
2026-10-01T11:43:55+00:00,Gson,9,nsga2,03,com.google.gson.internal.bind.JsonTreeWriter|com.google.gson.internal.bind.TypeAdapters|com.google.gson.stream.JsonWriter,275.761,399,784,127,338,50.9,37.6,pass,pass,False,ok,/home/pizza/TestRound2/results/project-Gson/Gson-9/round03
2026-10-01T11:49:38+00:00,Gson,10,nsga2,03,com.google.gson.internal.bind.ReflectiveTypeAdapterFactory,75.626,29,117,7,60,24.8,11.7,pass,pass,False,ok,/home/pizza/TestRound2/results/project-Gson/Gson-10/round03
2026-10-01T11:51:39+00:00,Gson,11,nsga2,03,com.google.gson.internal.bind.TypeAdapters,81.836,148,500,23,196,29.6,11.7,pass,pass,False,ok,/home/pizza/TestRound2/results/project-Gson/Gson-11/round03
2026-10-01T11:53:41+00:00,Gson,12,nsga2,03,com.google.gson.internal.bind.JsonTreeReader,77.635,120,170,61,90,70.6,67.8,pass,pass,False,ok,/home/pizza/TestRound2/results/project-Gson/Gson-12/round03
2026-10-01T11:55:38+00:00,Gson,13,nsga2,03,com.google.gson.stream.JsonReader,80.416,223,683,119,488,32.7,24.4,pass,pass,False,ok,/home/pizza/TestRound2/results/project-Gson/Gson-13/round03
2026-10-01T11:57:37+00:00,Gson,14,nsga2,03,com.google.gson.internal.$Gson$Types,83.523,0,247,0,194,0.0,0.0,pass,pass,False,ok,/home/pizza/TestRound2/results/project-Gson/Gson-14/round03
2026-10-01T11:59:39+00:00,Gson,15,nsga2,03,com.google.gson.stream.JsonWriter,81.726,175,198,68,94,88.4,72.3,pass,pass,False,ok,/home/pizza/TestRound2/results/project-Gson/Gson-15/round03
2026-10-01T12:01:39+00:00,Gson,16,nsga2,03,com.google.gson.internal.$Gson$Types,75.681,0,251,0,196,0.0,0.0,pass,pass,False,ok,/home/pizza/TestRound2/results/project-Gson/Gson-16/round03
2026-10-01T12:03:29+00:00,Gson,17,nsga2,03,com.google.gson.DefaultDateTypeAdapter,72.071,35,56,6,16,62.5,37.5,fail,fail,False,ok,/home/pizza/TestRound2/results/project-Gson/Gson-17/round03
2026-10-01T12:05:16+00:00,Gson,18,nsga2,03,com.google.gson.internal.$Gson$Types,76.674,0,253,0,198,0.0,0.0,pass,pass,False,ok,/home/pizza/TestRound2/results/project-Gson/Gson-18/round03
2026-10-01T12:25:21+00:00,JacksonCore,1,nsga2,03,com.fasterxml.jackson.core.io.NumberInput|com.fasterxml.jackson.core.util.TextBuffer,171.097,326,403,165,242,80.9,68.2,pass,fail,True,ok,/home/pizza/TestRound2/results/project-JacksonCore/JacksonCore-1/round03
2026-10-01T12:33:44+00:00,JacksonCore,2,nsga2,03,com.fasterxml.jackson.core.json.ReaderBasedJsonParser|com.fasterxml.jackson.core.json.UTF8StreamJsonParser,204.063,393,2491,198,1714,15.8,11.6,pass,fail,True,ok,/home/pizza/TestRound2/results/project-JacksonCore/JacksonCore-2/round03
2026-10-01T12:37:56+00:00,JacksonCore,3,nsga2,03,com.fasterxml.jackson.core.json.UTF8StreamJsonParser,88.901,152,1540,63,1016,9.9,6.2,pass,pass,False,ok,/home/pizza/TestRound2/results/project-JacksonCore/JacksonCore-3/round03
2026-10-01T12:40:14+00:00,JacksonCore,4,nsga2,03,com.fasterxml.jackson.core.util.TextBuffer,99.419,210,264,102,134,79.5,76.1,pass,pass,False,ok,/home/pizza/TestRound2/results/project-JacksonCore/JacksonCore-4/round03
2026-10-01T12:42:40+00:00,JacksonCore,5,nsga2,03,com.fasterxml.jackson.core.JsonPointer,95.752,77,84,52,62,91.7,83.9,pass,pass,False,ok,/home/pizza/TestRound2/results/project-JacksonCore/JacksonCore-5/round03
2026-10-01T12:45:34+00:00,JacksonCore,6,nsga2,03,com.fasterxml.jackson.core.JsonPointer,102.442,79,89,51,70,88.8,72.9,pass,pass,False,ok,/home/pizza/TestRound2/results/project-JacksonCore/JacksonCore-6/round03
2026-10-01T12:48:33+00:00,JacksonCore,7,nsga2,03,com.fasterxml.jackson.core.json.JsonWriteContext,86.824,44,72,3,34,61.1,8.8,pass,fail,True,ok,/home/pizza/TestRound2/results/project-JacksonCore/JacksonCore-7/round03
2026-10-01T12:51:11+00:00,JacksonCore,8,nsga2,03,com.fasterxml.jackson.core.util.TextBuffer,90.909,230,271,106,140,84.9,75.7,pass,pass,False,ok,/home/pizza/TestRound2/results/project-JacksonCore/JacksonCore-8/round03
2026-10-01T12:53:48+00:00,JacksonCore,9,nsga2,03,com.fasterxml.jackson.core.base.ParserMinimalBase|com.fasterxml.jackson.core.json.ReaderBasedJsonParser|com.fasterxml.jackson.core.json.UTF8StreamJsonParser,301.233,426,3128,199,2269,13.6,8.8,pass,pass,False,ok,/home/pizza/TestRound2/results/project-JacksonCore/JacksonCore-9/round03
2026-10-01T12:59:53+00:00,JacksonCore,10,nsga2,03,com.fasterxml.jackson.core.sym.ByteQuadsCanonicalizer,96.632,202,467,54,266,43.3,20.3,pass,fail,True,ok,/home/pizza/TestRound2/results/project-JacksonCore/JacksonCore-10/round03
2026-10-01T13:02:20+00:00,JacksonCore,11,nsga2,03,com.fasterxml.jackson.core.sym.ByteQuadsCanonicalizer,111.074,206,469,49,268,43.9,18.3,pass,pass,False,ok,/home/pizza/TestRound2/results/project-JacksonCore/JacksonCore-11/round03
2026-10-01T13:05:06+00:00,JacksonCore,12,nsga2,03,com.fasterxml.jackson.core.json.ReaderBasedJsonParser|com.fasterxml.jackson.core.json.UTF8StreamJsonParser,211.233,331,3192,162,2260,10.4,7.2,pass,pass,False,ok,/home/pizza/TestRound2/results/project-JacksonCore/JacksonCore-12/round03
2026-10-01T13:09:39+00:00,JacksonCore,13,nsga2,03,com.fasterxml.jackson.core.json.JsonGeneratorImpl,79.103,30,35,11,14,85.7,78.6,pass,pass,False,ok,/home/pizza/TestRound2/results/project-JacksonCore/JacksonCore-13/round03
2026-10-01T13:11:58+00:00,JacksonCore,14,nsga2,03,com.fasterxml.jackson.core.io.IOContext,87.607,68,68,19,22,100.0,86.4,pass,pass,False,ok,/home/pizza/TestRound2/results/project-JacksonCore/JacksonCore-14/round03
2026-10-01T13:14:35+00:00,JacksonCore,15,nsga2,03,com.fasterxml.jackson.core.filter.FilteringParserDelegate,102.337,50,378,15,269,13.2,5.6,pass,pass,False,ok,/home/pizza/TestRound2/results/project-JacksonCore/JacksonCore-15/round03
2026-10-01T23:05:54+00:00,JacksonCore,16,nsga2,03,com.fasterxml.jackson.core.util.JsonParserSequence,78.567,33,38,21,26,86.8,80.8,pass,fail,True,ok,/home/pizza/TestRound2/results/project-JacksonCore/JacksonCore-16/round03
2026-10-01T23:07:57+00:00,JacksonCore,17,nsga2,03,com.fasterxml.jackson.core.json.UTF8JsonGenerator,122.284,,,,,,,,,,generation_failed,/home/pizza/TestRound2/results/project-JacksonCore/JacksonCore-17/round03
2026-10-01T13:24:08+00:00,JacksonCore,18,nsga2,03,com.fasterxml.jackson.core.base.GeneratorBase|com.fasterxml.jackson.core.json.UTF8JsonGenerator|com.fasterxml.jackson.core.json.WriterBasedJsonGenerator,302.258,500,2113,190,1082,23.7,17.6,pass,pass,False,ok,/home/pizza/TestRound2/results/project-JacksonCore/JacksonCore-18/round03
2026-10-01T13:30:39+00:00,JacksonCore,19,nsga2,03,com.fasterxml.jackson.core.json.ReaderBasedJsonParser|com.fasterxml.jackson.core.json.UTF8StreamJsonParser,219.364,364,3203,163,2258,11.4,7.2,pass,pass,False,ok,/home/pizza/TestRound2/results/project-JacksonCore/JacksonCore-19/round03
2026-10-01T13:35:38+00:00,JacksonCore,20,nsga2,03,com.fasterxml.jackson.core.JsonGenerator,88.592,51,266,17,101,19.2,16.8,pass,pass,False,ok,/home/pizza/TestRound2/results/project-JacksonCore/JacksonCore-20/round03
2026-10-01T13:38:07+00:00,JacksonCore,21,nsga2,03,com.fasterxml.jackson.core.filter.FilteringParserDelegate,99.285,50,386,17,271,13.0,6.3,pass,pass,False,ok,/home/pizza/TestRound2/results/project-JacksonCore/JacksonCore-21/round03
2026-10-01T13:40:57+00:00,JacksonCore,22,nsga2,03,com.fasterxml.jackson.core.filter.FilteringParserDelegate,113.363,50,388,16,283,12.9,5.7,pass,pass,False,ok,/home/pizza/TestRound2/results/project-JacksonCore/JacksonCore-22/round03
2026-10-01T13:44:19+00:00,JacksonCore,23,nsga2,03,com.fasterxml.jackson.core.util.DefaultPrettyPrinter,113.82,95,108,33,42,88.0,78.6,pass,pass,False,ok,/home/pizza/TestRound2/results/project-JacksonCore/JacksonCore-23/round03
2026-10-01T13:47:57+00:00,JacksonCore,24,nsga2,03,com.fasterxml.jackson.core.base.ParserBase|com.fasterxml.jackson.core.base.ParserMinimalBase,203.887,120,611,47,411,19.6,11.4,pass,pass,False,ok,/home/pizza/TestRound2/results/project-JacksonCore/JacksonCore-24/round03
2026-10-01T13:52:55+00:00,JacksonCore,25,nsga2,03,com.fasterxml.jackson.core.json.ReaderBasedJsonParser,121.58,187,1438,91,1084,13.0,8.4,pass,pass,False,ok,/home/pizza/TestRound2/results/project-JacksonCore/JacksonCore-25/round03
2026-10-01T23:10:26+00:00,JacksonCore,26,nsga2,03,com.fasterxml.jackson.core.json.async.NonBlockingJsonParser,13.003,,,,,,,,,,generation_failed,/home/pizza/TestRound2/results/project-JacksonCore/JacksonCore-26/round03
2026-10-01T17:20:55+00:00,JacksonDatabind,1,nsga2,03,com.fasterxml.jackson.databind.ser.BeanPropertyWriter,101.858,19,196,3,104,9.7,2.9,pass,pass,False,ok,/home/pizza/TestRound2/results/project-JacksonDatabind/JacksonDatabind-1/round03
2026-10-01T17:26:07+00:00,JacksonDatabind,2,nsga2,03,com.fasterxml.jackson.databind.util.TokenBuffer,123.002,,,,,,,,,,generation_failed,/home/pizza/TestRound2/results/project-JacksonDatabind/JacksonDatabind-2/round03
2026-10-01T17:29:40+00:00,JacksonDatabind,3,nsga2,03,com.fasterxml.jackson.databind.deser.std.StringArrayDeserializer,124.012,,,,,,,,,,generation_failed,/home/pizza/TestRound2/results/project-JacksonDatabind/JacksonDatabind-3/round03
2026-10-01T17:33:07+00:00,JacksonDatabind,4,nsga2,03,com.fasterxml.jackson.databind.deser.std.StringArrayDeserializer,97.577,23,68,5,36,33.8,13.9,pass,fail,True,ok,/home/pizza/TestRound2/results/project-JacksonDatabind/JacksonDatabind-4/round03
2026-10-01T17:36:58+00:00,JacksonDatabind,5,nsga2,03,com.fasterxml.jackson.databind.introspect.AnnotatedClass,123.315,,,,,,,,,,generation_failed,/home/pizza/TestRound2/results/project-JacksonDatabind/JacksonDatabind-5/round03
2026-10-01T17:40:20+00:00,JacksonDatabind,6,nsga2,03,com.fasterxml.jackson.databind.util.StdDateFormat,88.502,129,163,66,106,79.1,62.3,pass,pass,False,ok,/home/pizza/TestRound2/results/project-JacksonDatabind/JacksonDatabind-6/round03
2026-10-01T17:43:43+00:00,JacksonDatabind,7,nsga2,03,com.fasterxml.jackson.databind.util.TokenBuffer,124.231,,,,,,,,,,generation_failed,/home/pizza/TestRound2/results/project-JacksonDatabind/JacksonDatabind-7/round03
2026-10-01T17:46:59+00:00,JacksonDatabind,8,nsga2,03,com.fasterxml.jackson.databind.deser.impl.CreatorCollector,122.85,,,,,,,,,,generation_failed,/home/pizza/TestRound2/results/project-JacksonDatabind/JacksonDatabind-8/round03
2026-10-01T17:50:21+00:00,JacksonDatabind,9,nsga2,03,com.fasterxml.jackson.databind.ser.std.StdKeySerializer,91.295,12,15,4,6,80.0,66.7,pass,pass,False,ok,/home/pizza/TestRound2/results/project-JacksonDatabind/JacksonDatabind-9/round03
2026-10-01T17:54:05+00:00,JacksonDatabind,10,nsga2,03,com.fasterxml.jackson.databind.ser.AnyGetterWriter|com.fasterxml.jackson.databind.ser.BeanSerializerFactory,207.306,38,285,11,172,13.3,6.4,pass,pass,False,ok,/home/pizza/TestRound2/results/project-JacksonDatabind/JacksonDatabind-10/round03
2026-10-01T17:59:45+00:00,JacksonDatabind,11,nsga2,03,com.fasterxml.jackson.databind.type.TypeFactory,122.829,,,,,,,,,,generation_failed,/home/pizza/TestRound2/results/project-JacksonDatabind/JacksonDatabind-11/round03
2026-10-01T18:03:10+00:00,JacksonDatabind,12,nsga2,03,com.fasterxml.jackson.databind.deser.std.MapDeserializer,123.074,,,,,,,,,,generation_failed,/home/pizza/TestRound2/results/project-JacksonDatabind/JacksonDatabind-12/round03
2026-10-01T18:06:30+00:00,JacksonDatabind,13,nsga2,03,com.fasterxml.jackson.databind.deser.DefaultDeserializationContext|com.fasterxml.jackson.databind.deser.impl.ObjectIdValueProperty,211.324,75,136,27,72,55.1,37.5,pass,pass,False,ok,/home/pizza/TestRound2/results/project-JacksonDatabind/JacksonDatabind-13/round03
2026-10-01T18:12:23+00:00,JacksonDatabind,14,nsga2,03,com.fasterxml.jackson.databind.ObjectReader,123.73,,,,,,,,,,generation_failed,/home/pizza/TestRound2/results/project-JacksonDatabind/JacksonDatabind-14/round03
2026-10-01T18:16:02+00:00,JacksonDatabind,15,nsga2,03,com.fasterxml.jackson.databind.JavaType|com.fasterxml.jackson.databind.ser.BeanSerializerFactory|com.fasterxml.jackson.databind.ser.std.BeanSerializerBase|com.fasterxml.jackson.databind.ser.std.StdDelegatingSerializer|com.fasterxml.jackson.databind.ser.std.StdSerializer,581.626,372,779,146,494,47.8,29.6,pass,fail,True,ok,/home/pizza/TestRound2/results/project-JacksonDatabind/JacksonDatabind-15/round03
2026-10-01T18:28:16+00:00,JacksonDatabind,16,nsga2,03,com.fasterxml.jackson.databind.introspect.AnnotationMap,83.633,18,35,10,36,51.4,27.8,pass,pass,False,ok,/home/pizza/TestRound2/results/project-JacksonDatabind/JacksonDatabind-16/round03
2026-10-01T18:31:43+00:00,JacksonDatabind,17,nsga2,03,com.fasterxml.jackson.databind.ObjectMapper,123.974,,,,,,,,,,generation_failed,/home/pizza/TestRound2/results/project-JacksonDatabind/JacksonDatabind-17/round03
2026-10-01T18:35:14+00:00,JacksonDatabind,18,nsga2,03,com.fasterxml.jackson.databind.MappingIterator,116.315,46,93,15,55,49.5,27.3,pass,fail,True,ok,/home/pizza/TestRound2/results/project-JacksonDatabind/JacksonDatabind-18/round03
2026-10-01T18:39:51+00:00,JacksonDatabind,19,nsga2,03,com.fasterxml.jackson.databind.type.TypeFactory,122.504,,,,,,,,,,generation_failed,/home/pizza/TestRound2/results/project-JacksonDatabind/JacksonDatabind-19/round03
2026-10-01T18:43:04+00:00,JacksonDatabind,20,nsga2,03,com.fasterxml.jackson.databind.node.ObjectNode,122.67,,,,,,,,,,generation_failed,/home/pizza/TestRound2/results/project-JacksonDatabind/JacksonDatabind-20/round03
2026-10-01T18:46:26+00:00,JacksonDatabind,21,nsga2,03,com.fasterxml.jackson.databind.introspect.JacksonAnnotationIntrospector,122.543,,,,,,,,,,generation_failed,/home/pizza/TestRound2/results/project-JacksonDatabind/JacksonDatabind-21/round03
2026-10-01T18:49:49+00:00,JacksonDatabind,22,nsga2,03,com.fasterxml.jackson.databind.ser.BasicSerializerFactory|com.fasterxml.jackson.databind.ser.BeanSerializerFactory,242.414,,,,,,,,,,generation_failed,/home/pizza/TestRound2/results/project-JacksonDatabind/JacksonDatabind-22/round03
2026-10-01T18:55:12+00:00,JacksonDatabind,23,nsga2,03,com.fasterxml.jackson.databind.ser.std.NumberSerializers,105.787,58,84,10,22,69.0,45.5,pass,pass,False,ok,/home/pizza/TestRound2/results/project-JacksonDatabind/JacksonDatabind-23/round03
2026-10-01T18:59:01+00:00,JacksonDatabind,24,nsga2,03,com.fasterxml.jackson.databind.cfg.BaseSettings,81.257,0,66,0,24,0.0,0.0,pass,pass,False,ok,/home/pizza/TestRound2/results/project-JacksonDatabind/JacksonDatabind-24/round03
2026-10-01T19:02:07+00:00,JacksonDatabind,25,nsga2,03,com.fasterxml.jackson.databind.deser.BasicDeserializerFactory|com.fasterxml.jackson.databind.deser.DeserializerCache|com.fasterxml.jackson.databind.jsontype.impl.TypeDeserializerBase|com.fasterxml.jackson.databind.module.SimpleAbstractTypeResolver,457.143,253,1058,86,770,23.9,11.2,pass,pass,False,ok,/home/pizza/TestRound2/results/project-JacksonDatabind/JacksonDatabind-25/round03
2026-10-01T19:12:06+00:00,JacksonDatabind,26,nsga2,03,com.fasterxml.jackson.databind.ser.BeanPropertyWriter,124.091,,,,,,,,,,generation_failed,/home/pizza/TestRound2/results/project-JacksonDatabind/JacksonDatabind-26/round03
2026-10-01T19:15:50+00:00,JacksonDatabind,27,nsga2,03,com.fasterxml.jackson.databind.deser.BeanDeserializer,92.848,5,392,0,222,1.3,0.0,pass,pass,False,ok,/home/pizza/TestRound2/results/project-JacksonDatabind/JacksonDatabind-27/round03
2026-10-01T19:19:43+00:00,JacksonDatabind,28,nsga2,03,com.fasterxml.jackson.databind.deser.std.JsonNodeDeserializer,102.029,21,30,7,15,70.0,46.7,pass,pass,False,ok,/home/pizza/TestRound2/results/project-JacksonDatabind/JacksonDatabind-28/round03
2026-10-01T19:23:27+00:00,JacksonDatabind,29,nsga2,03,com.fasterxml.jackson.databind.deser.impl.ExternalTypeHandler,104.844,52,146,9,66,35.6,13.6,pass,pass,False,ok,/home/pizza/TestRound2/results/project-JacksonDatabind/JacksonDatabind-29/round03
2026-10-01T19:27:06+00:00,JacksonDatabind,30,nsga2,03,com.fasterxml.jackson.databind.ObjectMapper|com.fasterxml.jackson.databind.util.TokenBuffer,242.802,,,,,,,,,,generation_failed,/home/pizza/TestRound2/results/project-JacksonDatabind/JacksonDatabind-30/round03
2026-10-01T17:21:09+00:00,JacksonDatabind,31,nsga2,03,com.fasterxml.jackson.databind.util.TokenBuffer,125.986,,,,,,,,,,generation_failed,/home/pizza/TestRound2/results/project-JacksonDatabind/JacksonDatabind-31/round03
2026-10-01T17:25:35+00:00,JacksonDatabind,32,nsga2,03,com.fasterxml.jackson.databind.deser.std.UntypedObjectDeserializer,118.558,68,263,22,146,25.9,15.1,pass,pass,False,ok,/home/pizza/TestRound2/results/project-JacksonDatabind/JacksonDatabind-32/round03
2026-10-01T17:30:15+00:00,JacksonDatabind,33,nsga2,03,com.fasterxml.jackson.databind.introspect.JacksonAnnotationIntrospector,122.414,127,371,59,282,34.2,20.9,pass,pass,False,ok,/home/pizza/TestRound2/results/project-JacksonDatabind/JacksonDatabind-33/round03
2026-10-01T17:34:45+00:00,JacksonDatabind,34,nsga2,03,com.fasterxml.jackson.databind.ser.std.NumberSerializer,111.626,26,29,21,24,89.7,87.5,pass,pass,False,ok,/home/pizza/TestRound2/results/project-JacksonDatabind/JacksonDatabind-34/round03
2026-10-01T17:38:49+00:00,JacksonDatabind,35,nsga2,03,com.fasterxml.jackson.databind.jsontype.impl.AsWrapperTypeDeserializer,95.119,16,36,5,18,44.4,27.8,pass,pass,False,ok,/home/pizza/TestRound2/results/project-JacksonDatabind/JacksonDatabind-35/round03
2026-10-01T17:42:23+00:00,JacksonDatabind,36,nsga2,03,com.fasterxml.jackson.databind.util.StdDateFormat,106.447,140,200,69,134,70.0,51.5,pass,pass,False,ok,/home/pizza/TestRound2/results/project-JacksonDatabind/JacksonDatabind-36/round03
2026-10-01T17:46:07+00:00,JacksonDatabind,37,nsga2,03,com.fasterxml.jackson.databind.type.SimpleType,123.24,,,,,,,,,,generation_failed,/home/pizza/TestRound2/results/project-JacksonDatabind/JacksonDatabind-37/round03
2026-10-01T17:49:38+00:00,JacksonDatabind,38,nsga2,03,com.fasterxml.jackson.databind.type.CollectionType|com.fasterxml.jackson.databind.type.MapType|com.fasterxml.jackson.databind.type.SimpleType,363.64,,,,,,,,,,generation_failed,/home/pizza/TestRound2/results/project-JacksonDatabind/JacksonDatabind-38/round03
2026-10-01T17:57:15+00:00,JacksonDatabind,39,nsga2,03,com.fasterxml.jackson.databind.deser.std.NullifyingDeserializer,87.553,7,13,2,8,53.8,25.0,pass,pass,False,ok,/home/pizza/TestRound2/results/project-JacksonDatabind/JacksonDatabind-39/round03
2026-10-01T18:01:12+00:00,JacksonDatabind,40,nsga2,03,com.fasterxml.jackson.databind.deser.std.NumberDeserializers,122.777,,,,,,,,,,generation_failed,/home/pizza/TestRound2/results/project-JacksonDatabind/JacksonDatabind-40/round03
2026-10-01T18:04:42+00:00,JacksonDatabind,41,nsga2,03,com.fasterxml.jackson.databind.type.TypeFactory,123.525,,,,,,,,,,generation_failed,/home/pizza/TestRound2/results/project-JacksonDatabind/JacksonDatabind-41/round03
2026-10-01T18:09:10+00:00,JacksonDatabind,42,nsga2,03,com.fasterxml.jackson.databind.deser.std.FromStringDeserializer,100.138,,,,,,,error,error,n/a,not_evaluable,/home/pizza/TestRound2/results/project-JacksonDatabind/JacksonDatabind-42/round03
2026-10-01T18:12:31+00:00,JacksonDatabind,43,nsga2,03,com.fasterxml.jackson.databind.deser.impl.ObjectIdValueProperty,97.716,16,32,1,6,50.0,16.7,pass,pass,False,ok,/home/pizza/TestRound2/results/project-JacksonDatabind/JacksonDatabind-43/round03
2026-10-01T18:16:23+00:00,JacksonDatabind,44,nsga2,03,com.fasterxml.jackson.databind.type.SimpleType,123.709,,,,,,,,,,generation_failed,/home/pizza/TestRound2/results/project-JacksonDatabind/JacksonDatabind-44/round03
2026-10-01T18:20:08+00:00,JacksonDatabind,45,nsga2,03,com.fasterxml.jackson.databind.ser.std.DateTimeSerializerBase,113.68,20,41,15,38,48.8,39.5,pass,pass,False,ok,/home/pizza/TestRound2/results/project-JacksonDatabind/JacksonDatabind-45/round03
2026-10-01T18:24:14+00:00,JacksonDatabind,46,nsga2,03,com.fasterxml.jackson.databind.type.ReferenceType,120.186,51,52,20,22,98.1,90.9,pass,fail,True,ok,/home/pizza/TestRound2/results/project-JacksonDatabind/JacksonDatabind-46/round03
2026-10-01T18:28:23+00:00,JacksonDatabind,47,nsga2,03,com.fasterxml.jackson.databind.AnnotationIntrospector,123.214,,,,,,,,,,generation_failed,/home/pizza/TestRound2/results/project-JacksonDatabind/JacksonDatabind-47/round03
2026-10-01T18:31:58+00:00,JacksonDatabind,48,nsga2,03,com.fasterxml.jackson.databind.DeserializationConfig|com.fasterxml.jackson.databind.SerializationConfig,245.847,,,,,,,,,,generation_failed,/home/pizza/TestRound2/results/project-JacksonDatabind/JacksonDatabind-48/round03
2026-10-01T18:37:36+00:00,JacksonDatabind,49,nsga2,03,com.fasterxml.jackson.databind.ser.impl.WritableObjectId,99.82,18,22,10,14,81.8,71.4,pass,pass,False,ok,/home/pizza/TestRound2/results/project-JacksonDatabind/JacksonDatabind-49/round03
2026-10-01T18:41:53+00:00,JacksonDatabind,50,nsga2,03,com.fasterxml.jackson.databind.deser.BeanDeserializer,94.922,7,432,0,237,1.6,0.0,pass,pass,False,ok,/home/pizza/TestRound2/results/project-JacksonDatabind/JacksonDatabind-50/round03
2026-10-01T18:45:28+00:00,JacksonDatabind,51,nsga2,03,com.fasterxml.jackson.databind.jsontype.impl.TypeDeserializerBase,122.316,,,,,,,,,,generation_failed,/home/pizza/TestRound2/results/project-JacksonDatabind/JacksonDatabind-51/round03
2026-10-01T18:48:48+00:00,JacksonDatabind,52,nsga2,03,com.fasterxml.jackson.databind.deser.BeanDeserializerBase|com.fasterxml.jackson.databind.deser.impl.ExternalTypeHandler,172.574,17,748,0,439,2.3,0.0,pass,pass,False,ok,/home/pizza/TestRound2/results/project-JacksonDatabind/JacksonDatabind-52/round03
2026-10-01T18:53:44+00:00,JacksonDatabind,53,nsga2,03,com.fasterxml.jackson.databind.type.TypeBindings|com.fasterxml.jackson.databind.type.TypeFactory,239.204,255,532,139,358,47.9,38.8,pass,pass,False,ok,/home/pizza/TestRound2/results/project-JacksonDatabind/JacksonDatabind-53/round03
2026-10-01T18:59:41+00:00,JacksonDatabind,54,nsga2,03,com.fasterxml.jackson.databind.ser.PropertyBuilder,81.949,6,97,0,67,6.2,0.0,pass,pass,False,ok,/home/pizza/TestRound2/results/project-JacksonDatabind/JacksonDatabind-54/round03
2026-10-01T19:03:17+00:00,JacksonDatabind,55,nsga2,03,com.fasterxml.jackson.databind.ser.std.StdKeySerializers,118.05,46,72,22,39,63.9,56.4,pass,fail,True,ok,/home/pizza/TestRound2/results/project-JacksonDatabind/JacksonDatabind-55/round03
2026-10-01T19:07:19+00:00,JacksonDatabind,56,nsga2,03,com.fasterxml.jackson.databind.deser.std.FromStringDeserializer,137.334,,,,,,,,,,generation_failed,/home/pizza/TestRound2/results/project-JacksonDatabind/JacksonDatabind-56/round03
2026-10-01T19:10:54+00:00,JacksonDatabind,57,nsga2,03,com.fasterxml.jackson.databind.ObjectReader,123.74,,,,,,,,,,generation_failed,/home/pizza/TestRound2/results/project-JacksonDatabind/JacksonDatabind-57/round03
2026-10-01T19:14:29+00:00,JacksonDatabind,58,nsga2,03,com.fasterxml.jackson.databind.deser.BeanDeserializerFactory,124.272,,,,,,,,,,generation_failed,/home/pizza/TestRound2/results/project-JacksonDatabind/JacksonDatabind-58/round03
2026-10-01T19:18:31+00:00,JacksonDatabind,59,nsga2,03,com.fasterxml.jackson.databind.JavaType|com.fasterxml.jackson.databind.type.CollectionLikeType|com.fasterxml.jackson.databind.type.MapLikeType|com.fasterxml.jackson.databind.type.TypeFactory,484.932,,,,,,,,,,generation_failed,/home/pizza/TestRound2/results/project-JacksonDatabind/JacksonDatabind-59/round03
2026-10-01T19:28:12+00:00,JacksonDatabind,60,nsga2,03,com.fasterxml.jackson.databind.ser.std.JsonValueSerializer,80.455,2,149,0,74,1.3,0.0,pass,pass,False,ok,/home/pizza/TestRound2/results/project-JacksonDatabind/JacksonDatabind-60/round03
2026-10-01T17:21:20+00:00,JacksonDatabind,61,nsga2,03,com.fasterxml.jackson.databind.ObjectMapper|com.fasterxml.jackson.databind.jsontype.impl.StdTypeResolverBuilder,244.734,,,,,,,,,,generation_failed,/home/pizza/TestRound2/results/project-JacksonDatabind/JacksonDatabind-61/round03
2026-10-01T17:27:42+00:00,JacksonDatabind,62,nsga2,03,com.fasterxml.jackson.databind.deser.std.CollectionDeserializer,120.477,57,137,21,74,41.6,28.4,pass,pass,False,ok,/home/pizza/TestRound2/results/project-JacksonDatabind/JacksonDatabind-62/round03
2026-10-01T17:32:23+00:00,JacksonDatabind,63,nsga2,03,com.fasterxml.jackson.databind.JsonMappingException,123.396,,,,,,,,,,generation_failed,/home/pizza/TestRound2/results/project-JacksonDatabind/JacksonDatabind-63/round03
2026-10-01T17:36:31+00:00,JacksonDatabind,64,nsga2,03,com.fasterxml.jackson.databind.ser.PropertyBuilder,90.173,8,110,0,73,7.3,0.0,pass,pass,False,ok,/home/pizza/TestRound2/results/project-JacksonDatabind/JacksonDatabind-64/round03
2026-10-01T17:40:12+00:00,JacksonDatabind,66,nsga2,03,com.fasterxml.jackson.databind.deser.std.StdKeyDeserializer,109.482,51,160,24,95,31.9,25.3,pass,pass,False,ok,/home/pizza/TestRound2/results/project-JacksonDatabind/JacksonDatabind-66/round03
2026-10-01T17:44:07+00:00,JacksonDatabind,67,nsga2,03,com.fasterxml.jackson.databind.deser.BasicDeserializerFactory,123.002,,,,,,,,,,generation_failed,/home/pizza/TestRound2/results/project-JacksonDatabind/JacksonDatabind-67/round03
2026-10-01T17:47:42+00:00,JacksonDatabind,68,nsga2,03,com.fasterxml.jackson.databind.deser.BeanDeserializerBase,85.196,0,593,0,369,0.0,0.0,pass,pass,False,ok,/home/pizza/TestRound2/results/project-JacksonDatabind/JacksonDatabind-68/round03
2026-10-01T17:51:10+00:00,JacksonDatabind,69,nsga2,03,com.fasterxml.jackson.databind.deser.impl.CreatorCollector,122.48,71,127,20,80,55.9,25.0,pass,pass,False,ok,/home/pizza/TestRound2/results/project-JacksonDatabind/JacksonDatabind-69/round03
2026-10-01T17:55:14+00:00,JacksonDatabind,70,nsga2,03,com.fasterxml.jackson.databind.deser.impl.BeanPropertyMap,123.517,,,,,,,,,,generation_failed,/home/pizza/TestRound2/results/project-JacksonDatabind/JacksonDatabind-70/round03
2026-10-01T17:58:39+00:00,JacksonDatabind,71,nsga2,03,com.fasterxml.jackson.databind.deser.std.StdKeyDeserializer,109.757,56,149,30,97,37.6,30.9,pass,pass,False,ok,/home/pizza/TestRound2/results/project-JacksonDatabind/JacksonDatabind-71/round03
2026-10-01T18:02:43+00:00,JacksonDatabind,72,nsga2,03,com.fasterxml.jackson.databind.deser.impl.InnerClassProperty,124.072,,,,,,,,,,generation_failed,/home/pizza/TestRound2/results/project-JacksonDatabind/JacksonDatabind-72/round03
2026-10-01T18:06:12+00:00,JacksonDatabind,73,nsga2,03,com.fasterxml.jackson.databind.introspect.POJOPropertiesCollector|com.fasterxml.jackson.databind.introspect.POJOPropertyBuilder,187.637,47,930,30,720,5.1,4.2,pass,pass,False,ok,/home/pizza/TestRound2/results/project-JacksonDatabind/JacksonDatabind-73/round03
2026-10-01T18:11:52+00:00,JacksonDatabind,74,nsga2,03,com.fasterxml.jackson.databind.jsontype.impl.AsPropertyTypeDeserializer,111.487,26,65,9,38,40.0,23.7,pass,pass,False,ok,/home/pizza/TestRound2/results/project-JacksonDatabind/JacksonDatabind-74/round03
2026-10-01T18:15:53+00:00,JacksonDatabind,75,nsga2,03,com.fasterxml.jackson.databind.ser.std.EnumSerializer,108.093,,,,,,,pass,error,n/a,not_evaluable,/home/pizza/TestRound2/results/project-JacksonDatabind/JacksonDatabind-75/round03
2026-10-01T18:19:58+00:00,JacksonDatabind,76,nsga2,03,com.fasterxml.jackson.databind.deser.BuilderBasedDeserializer,98.115,6,306,0,162,2.0,0.0,pass,pass,False,ok,/home/pizza/TestRound2/results/project-JacksonDatabind/JacksonDatabind-76/round03
2026-10-01T18:23:59+00:00,JacksonDatabind,77,nsga2,03,com.fasterxml.jackson.databind.deser.BeanDeserializerFactory,106.643,159,332,75,206,47.9,36.4,pass,pass,False,ok,/home/pizza/TestRound2/results/project-JacksonDatabind/JacksonDatabind-77/round03
2026-10-01T18:28:04+00:00,JacksonDatabind,78,nsga2,03,com.fasterxml.jackson.databind.deser.BeanDeserializerFactory,117.023,61,354,17,212,17.2,8.0,pass,pass,False,ok,/home/pizza/TestRound2/results/project-JacksonDatabind/JacksonDatabind-78/round03
2026-10-01T18:32:17+00:00,JacksonDatabind,79,nsga2,03,com.fasterxml.jackson.databind.introspect.JacksonAnnotationIntrospector|com.fasterxml.jackson.databind.introspect.ObjectIdInfo|com.fasterxml.jackson.databind.ser.std.BeanSerializerBase,356.058,158,834,56,562,18.9,10.0,pass,pass,False,ok,/home/pizza/TestRound2/results/project-JacksonDatabind/JacksonDatabind-79/round03
2026-10-01T18:40:34+00:00,JacksonDatabind,80,nsga2,03,com.fasterxml.jackson.databind.jsontype.impl.StdSubtypeResolver,80.427,11,126,6,82,8.7,7.3,pass,pass,False,ok,/home/pizza/TestRound2/results/project-JacksonDatabind/JacksonDatabind-80/round03
2026-10-01T18:44:01+00:00,JacksonDatabind,81,nsga2,03,com.fasterxml.jackson.databind.introspect.JacksonAnnotationIntrospector,122.484,,,,,,,,,,generation_failed,/home/pizza/TestRound2/results/project-JacksonDatabind/JacksonDatabind-81/round03
2026-10-01T18:47:35+00:00,JacksonDatabind,82,nsga2,03,com.fasterxml.jackson.databind.deser.BeanDeserializerFactory,118.353,109,355,39,212,30.7,18.4,pass,pass,False,ok,/home/pizza/TestRound2/results/project-JacksonDatabind/JacksonDatabind-82/round03
2026-10-01T18:51:50+00:00,JacksonDatabind,83,nsga2,03,com.fasterxml.jackson.databind.deser.std.FromStringDeserializer,114.661,56,121,35,86,46.3,40.7,pass,pass,False,ok,/home/pizza/TestRound2/results/project-JacksonDatabind/JacksonDatabind-83/round03
2026-10-01T18:55:45+00:00,JacksonDatabind,84,nsga2,03,com.fasterxml.jackson.databind.type.ResolvedRecursiveType,119.157,29,33,11,16,87.9,68.8,pass,pass,False,ok,/home/pizza/TestRound2/results/project-JacksonDatabind/JacksonDatabind-84/round03
2026-10-01T18:59:53+00:00,JacksonDatabind,85,nsga2,03,com.fasterxml.jackson.databind.ser.std.DateTimeSerializerBase,103.113,21,62,15,54,33.9,27.8,pass,pass,False,ok,/home/pizza/TestRound2/results/project-JacksonDatabind/JacksonDatabind-85/round03
2026-10-01T19:03:47+00:00,JacksonDatabind,86,nsga2,03,com.fasterxml.jackson.databind.type.ResolvedRecursiveType,114.724,29,33,11,16,87.9,68.8,pass,pass,False,ok,/home/pizza/TestRound2/results/project-JacksonDatabind/JacksonDatabind-86/round03
2026-10-01T19:07:48+00:00,JacksonDatabind,87,nsga2,03,com.fasterxml.jackson.databind.util.StdDateFormat,118.56,140,204,60,136,68.6,44.1,pass,pass,False,ok,/home/pizza/TestRound2/results/project-JacksonDatabind/JacksonDatabind-87/round03
2026-10-01T19:11:50+00:00,JacksonDatabind,88,nsga2,03,com.fasterxml.jackson.databind.jsontype.impl.ClassNameIdResolver,112.292,32,51,15,28,62.7,53.6,pass,pass,False,ok,/home/pizza/TestRound2/results/project-JacksonDatabind/JacksonDatabind-88/round03
2026-10-01T19:16:04+00:00,JacksonDatabind,90,nsga2,03,com.fasterxml.jackson.databind.deser.ValueInstantiator|com.fasterxml.jackson.databind.deser.std.StdValueInstantiator,245.267,,,,,,,,,,generation_failed,/home/pizza/TestRound2/results/project-JacksonDatabind/JacksonDatabind-90/round03
2026-10-01T17:21:35+00:00,JacksonDatabind,91,nsga2,03,com.fasterxml.jackson.databind.deser.DeserializerCache,124.51,,,,,,,,,,generation_failed,/home/pizza/TestRound2/results/project-JacksonDatabind/JacksonDatabind-91/round03
2026-10-01T17:25:47+00:00,JacksonDatabind,92,nsga2,03,com.fasterxml.jackson.databind.deser.BeanDeserializerFactory,122.572,65,349,22,204,18.6,10.8,pass,pass,False,ok,/home/pizza/TestRound2/results/project-JacksonDatabind/JacksonDatabind-92/round03
2026-10-01T17:30:25+00:00,JacksonDatabind,93,nsga2,03,com.fasterxml.jackson.databind.jsontype.impl.SubTypeValidator,109.37,28,36,3,14,77.8,21.4,pass,pass,False,ok,/home/pizza/TestRound2/results/project-JacksonDatabind/JacksonDatabind-93/round03
2026-10-01T17:34:42+00:00,JacksonDatabind,94,nsga2,03,com.fasterxml.jackson.databind.jsontype.impl.SubTypeValidator,84.953,28,38,5,18,73.7,27.8,pass,pass,False,ok,/home/pizza/TestRound2/results/project-JacksonDatabind/JacksonDatabind-94/round03
2026-10-01T17:38:19+00:00,JacksonDatabind,95,nsga2,03,com.fasterxml.jackson.databind.type.TypeFactory|com.fasterxml.jackson.databind.type.TypeParser,234.958,181,459,83,271,39.4,30.6,pass,pass,False,ok,/home/pizza/TestRound2/results/project-JacksonDatabind/JacksonDatabind-95/round03
2026-10-01T17:44:16+00:00,JacksonDatabind,96,nsga2,03,com.fasterxml.jackson.databind.deser.BasicDeserializerFactory,120.097,49,889,4,614,5.5,0.7,pass,pass,False,ok,/home/pizza/TestRound2/results/project-JacksonDatabind/JacksonDatabind-96/round03
2026-10-01T17:48:45+00:00,JacksonDatabind,97,nsga2,03,com.fasterxml.jackson.databind.node.POJONode,122.867,,,,,,,,,,generation_failed,/home/pizza/TestRound2/results/project-JacksonDatabind/JacksonDatabind-97/round03
2026-10-01T17:52:29+00:00,JacksonDatabind,98,nsga2,03,com.fasterxml.jackson.databind.deser.impl.ExternalTypeHandler,100.294,44,213,4,94,20.7,4.3,pass,pass,False,ok,/home/pizza/TestRound2/results/project-JacksonDatabind/JacksonDatabind-98/round03
2026-10-01T17:56:29+00:00,JacksonDatabind,99,nsga2,03,com.fasterxml.jackson.databind.type.ReferenceType,123.428,,,,,,,,,,generation_failed,/home/pizza/TestRound2/results/project-JacksonDatabind/JacksonDatabind-99/round03
2026-10-01T18:00:04+00:00,JacksonDatabind,100,nsga2,03,com.fasterxml.jackson.databind.node.TreeTraversingParser,122.757,,,,,,,,,,generation_failed,/home/pizza/TestRound2/results/project-JacksonDatabind/JacksonDatabind-100/round03
2026-10-01T18:03:44+00:00,JacksonDatabind,101,nsga2,03,com.fasterxml.jackson.databind.deser.BeanDeserializer,110.251,7,465,0,251,1.5,0.0,pass,pass,False,ok,/home/pizza/TestRound2/results/project-JacksonDatabind/JacksonDatabind-101/round03
2026-10-01T18:08:50+00:00,JacksonDatabind,102,nsga2,03,com.fasterxml.jackson.databind.ser.std.DateTimeSerializerBase,99.701,26,69,14,50,37.7,28.0,pass,fail,True,ok,/home/pizza/TestRound2/results/project-JacksonDatabind/JacksonDatabind-102/round03
2026-10-01T18:12:50+00:00,JacksonDatabind,103,nsga2,03,com.fasterxml.jackson.databind.DatabindContext|com.fasterxml.jackson.databind.DeserializationContext|com.fasterxml.jackson.databind.JsonMappingException|com.fasterxml.jackson.databind.SerializerProvider|com.fasterxml.jackson.databind.deser.BasicDeserializerFactory|com.fasterxml.jackson.databind.deser.BeanDeserializerFactory|com.fasterxml.jackson.databind.deser.DeserializerCache|com.fasterxml.jackson.databind.deser.SettableAnyProperty|com.fasterxml.jackson.databind.deser.SettableBeanProperty|com.fasterxml.jackson.databind.deser.std.StdDeserializer|com.fasterxml.jackson.databind.deser.std.StdKeyDeserializer|com.fasterxml.jackson.databind.deser.std.StdValueInstantiator|com.fasterxml.jackson.databind.introspect.BasicBeanDescription|com.fasterxml.jackson.databind.ser.DefaultSerializerProvider|com.fasterxml.jackson.databind.ser.PropertyBuilder|com.fasterxml.jackson.databind.util.ClassUtil,1821.186,1479,4259,572,2537,34.7,22.5,pass,pass,False,ok,/home/pizza/TestRound2/results/project-JacksonDatabind/JacksonDatabind-103/round03
2026-10-01T18:46:44+00:00,JacksonDatabind,104,nsga2,03,com.fasterxml.jackson.databind.util.StdDateFormat,105.401,221,285,78,131,77.5,59.5,fail,fail,False,ok,/home/pizza/TestRound2/results/project-JacksonDatabind/JacksonDatabind-104/round03
2026-10-01T18:50:46+00:00,JacksonDatabind,105,nsga2,03,com.fasterxml.jackson.databind.deser.std.JdkDeserializers,78.594,16,21,9,14,76.2,64.3,pass,pass,False,ok,/home/pizza/TestRound2/results/project-JacksonDatabind/JacksonDatabind-105/round03
2026-10-01T18:54:06+00:00,JacksonDatabind,106,nsga2,03,com.fasterxml.jackson.databind.node.TreeTraversingParser,122.802,,,,,,,,,,generation_failed,/home/pizza/TestRound2/results/project-JacksonDatabind/JacksonDatabind-106/round03
2026-10-01T18:57:40+00:00,JacksonDatabind,107,nsga2,03,com.fasterxml.jackson.databind.jsontype.impl.TypeDeserializerBase,122.469,,,,,,,,,,generation_failed,/home/pizza/TestRound2/results/project-JacksonDatabind/JacksonDatabind-107/round03
2026-10-01T19:01:26+00:00,JacksonDatabind,108,nsga2,03,com.fasterxml.jackson.databind.ObjectReader,122.813,,,,,,,,,,generation_failed,/home/pizza/TestRound2/results/project-JacksonDatabind/JacksonDatabind-108/round03
2026-10-01T19:04:57+00:00,JacksonDatabind,109,nsga2,03,com.fasterxml.jackson.databind.ser.std.NumberSerializer|com.fasterxml.jackson.databind.ser.std.NumberSerializers,250.588,61,116,27,52,52.6,51.9,pass,pass,False,ok,/home/pizza/TestRound2/results/project-JacksonDatabind/JacksonDatabind-109/round03
2026-10-01T19:11:39+00:00,JacksonDatabind,110,nsga2,03,com.fasterxml.jackson.databind.deser.impl.JavaUtilCollectionsDeserializers,92.431,21,59,8,27,35.6,29.6,pass,pass,False,ok,/home/pizza/TestRound2/results/project-JacksonDatabind/JacksonDatabind-110/round03
2026-10-01T19:15:37+00:00,JacksonDatabind,111,nsga2,03,com.fasterxml.jackson.databind.deser.CreatorProperty|com.fasterxml.jackson.databind.deser.impl.FieldProperty|com.fasterxml.jackson.databind.deser.impl.MethodProperty|com.fasterxml.jackson.databind.deser.impl.ObjectIdReferenceProperty|com.fasterxml.jackson.databind.deser.impl.ObjectIdValueProperty|com.fasterxml.jackson.databind.deser.impl.SetterlessProperty|com.fasterxml.jackson.databind.deser.std.AtomicReferenceDeserializer,665.698,131,351,18,106,37.3,17.0,pass,pass,False,ok,/home/pizza/TestRound2/results/project-JacksonDatabind/JacksonDatabind-111/round03
2026-10-01T19:29:29+00:00,JacksonDatabind,112,nsga2,03,com.fasterxml.jackson.databind.deser.std.StringCollectionDeserializer,98.711,35,91,20,60,38.5,33.3,pass,pass,False,ok,/home/pizza/TestRound2/results/project-JacksonDatabind/JacksonDatabind-112/round03
2026-10-01T09:53:05+00:00,JacksonXml,1,nsga2,03,com.fasterxml.jackson.dataformat.xml.deser.FromXmlParser,92.013,13,297,1,149,4.4,0.7,pass,pass,False,ok,/home/pizza/TestRound2/results/project-JacksonXml/JacksonXml-1/round03
2026-10-01T09:55:23+00:00,JacksonXml,2,nsga2,03,com.fasterxml.jackson.dataformat.xml.deser.XmlTokenStream,74.13,6,187,1,90,3.2,1.1,pass,pass,False,ok,/home/pizza/TestRound2/results/project-JacksonXml/JacksonXml-2/round03
2026-10-01T09:57:25+00:00,JacksonXml,3,nsga2,03,com.fasterxml.jackson.dataformat.xml.deser.FromXmlParser,86.709,13,294,1,151,4.4,0.7,pass,pass,False,ok,/home/pizza/TestRound2/results/project-JacksonXml/JacksonXml-3/round03
2026-10-01T09:59:46+00:00,JacksonXml,4,nsga2,03,com.fasterxml.jackson.dataformat.xml.ser.XmlSerializerProvider,109.247,38,122,14,60,31.1,23.3,pass,fail,True,ok,/home/pizza/TestRound2/results/project-JacksonXml/JacksonXml-4/round03
2026-10-01T12:25:38+00:00,JacksonXml,5,nsga2,03,com.fasterxml.jackson.dataformat.xml.ser.XmlSerializerProvider,114.302,53,96,20,48,55.2,41.7,pass,pass,False,ok,/home/pizza/TestRound2/results/project-JacksonXml/JacksonXml-5/round03
2026-10-01T12:28:31+00:00,JacksonXml,6,nsga2,03,com.fasterxml.jackson.dataformat.xml.ser.ToXmlGenerator,122.748,,,,,,,,,,generation_failed,/home/pizza/TestRound2/results/project-JacksonXml/JacksonXml-6/round03
2026-10-01T23:08:55+00:00,Jsoup,1,nsga2,03,org.jsoup.nodes.Document,75.394,46,46,17,18,100.0,94.4,pass,pass,False,ok,/home/pizza/TestRound2/results/project-Jsoup/Jsoup-1/round03
2026-10-01T23:10:52+00:00,Jsoup,2,nsga2,03,org.jsoup.parser.Parser,96.114,146,163,66,86,89.6,76.7,pass,pass,False,ok,/home/pizza/TestRound2/results/project-Jsoup/Jsoup-2/round03
2026-10-01T23:13:05+00:00,Jsoup,3,nsga2,03,org.jsoup.nodes.Element|org.jsoup.parser.Parser|org.jsoup.parser.Tag,296.628,400,606,156,304,66.0,51.3,pass,fail,True,ok,/home/pizza/TestRound2/results/project-Jsoup/Jsoup-3/round03
2026-10-01T23:18:36+00:00,Jsoup,4,nsga2,03,org.jsoup.nodes.Entities,71.219,,,,,,,pass,error,n/a,not_evaluable,/home/pizza/TestRound2/results/project-Jsoup/Jsoup-4/round03
2026-10-01T23:20:16+00:00,Jsoup,5,nsga2,03,org.jsoup.parser.Parser,106.923,135,173,57,94,78.0,60.6,pass,fail,True,ok,/home/pizza/TestRound2/results/project-Jsoup/Jsoup-5/round03
2026-10-01T23:22:34+00:00,Jsoup,6,nsga2,03,org.jsoup.nodes.Entities,72.88,,,,,,,pass,error,n/a,not_evaluable,/home/pizza/TestRound2/results/project-Jsoup/Jsoup-6/round03
2026-10-01T23:24:13+00:00,Jsoup,7,nsga2,03,org.jsoup.nodes.Document,96.243,86,96,27,36,89.6,75.0,pass,pass,False,ok,/home/pizza/TestRound2/results/project-Jsoup/Jsoup-7/round03
2026-10-01T23:26:25+00:00,Jsoup,8,nsga2,03,org.jsoup.nodes.Node,121.522,,,,,,,,,,generation_failed,/home/pizza/TestRound2/results/project-Jsoup/Jsoup-8/round03
2026-10-01T23:28:43+00:00,Jsoup,9,nsga2,03,org.jsoup.nodes.Entities,74.443,,,,,,,pass,error,n/a,not_evaluable,/home/pizza/TestRound2/results/project-Jsoup/Jsoup-9/round03
2026-10-01T23:30:30+00:00,Jsoup,10,nsga2,03,org.jsoup.nodes.Node,121.367,,,,,,,,,,generation_failed,/home/pizza/TestRound2/results/project-Jsoup/Jsoup-10/round03
2026-10-01T23:32:49+00:00,Jsoup,11,nsga2,03,org.jsoup.select.Selector,91.46,118,218,54,132,54.1,40.9,pass,pass,False,ok,/home/pizza/TestRound2/results/project-Jsoup/Jsoup-11/round03
2026-10-01T23:35:00+00:00,Jsoup,12,nsga2,03,org.jsoup.select.Selector,95.134,142,228,67,140,62.3,47.9,pass,pass,False,ok,/home/pizza/TestRound2/results/project-Jsoup/Jsoup-12/round03
2026-10-01T23:37:12+00:00,Jsoup,13,nsga2,03,org.jsoup.nodes.Node,121.355,,,,,,,,,,generation_failed,/home/pizza/TestRound2/results/project-Jsoup/Jsoup-13/round03
2026-10-01T23:39:30+00:00,Jsoup,14,nsga2,03,org.jsoup.parser.Tokeniser|org.jsoup.parser.TokeniserState,148.331,0,1319,0,434,0.0,0.0,pass,fail,True,ok,/home/pizza/TestRound2/results/project-Jsoup/Jsoup-14/round03
2026-10-01T23:42:33+00:00,Jsoup,15,nsga2,03,org.jsoup.parser.TreeBuilderState,74.756,48,1079,0,747,4.4,0.0,pass,pass,False,ok,/home/pizza/TestRound2/results/project-Jsoup/Jsoup-15/round03
2026-10-01T23:44:24+00:00,Jsoup,16,nsga2,03,org.jsoup.nodes.DocumentType,69.858,15,15,2,4,100.0,50.0,pass,fail,True,ok,/home/pizza/TestRound2/results/project-Jsoup/Jsoup-16/round03
2026-10-01T23:46:08+00:00,Jsoup,17,nsga2,03,org.jsoup.parser.TreeBuilderState,72.954,48,1079,0,747,4.4,0.0,pass,pass,False,ok,/home/pizza/TestRound2/results/project-Jsoup/Jsoup-17/round03
2026-10-01T23:47:54+00:00,Jsoup,18,nsga2,03,org.jsoup.parser.CharacterReader,84.462,97,98,79,82,99.0,96.3,pass,fail,True,ok,/home/pizza/TestRound2/results/project-Jsoup/Jsoup-18/round03
2026-10-01T23:49:49+00:00,Jsoup,19,nsga2,03,org.jsoup.safety.Whitelist,88.925,130,149,30,54,87.2,55.6,pass,pass,False,ok,/home/pizza/TestRound2/results/project-Jsoup/Jsoup-19/round03
2026-10-01T23:51:50+00:00,Jsoup,20,nsga2,03,org.jsoup.helper.DataUtil,74.54,31,46,8,24,67.4,33.3,pass,fail,True,ok,/home/pizza/TestRound2/results/project-Jsoup/Jsoup-20/round03
2026-10-01T23:53:39+00:00,Jsoup,21,nsga2,03,org.jsoup.select.CombiningEvaluator|org.jsoup.select.QueryParser,90.808,164,192,79,96,85.4,82.3,pass,pass,False,ok,/home/pizza/TestRound2/results/project-Jsoup/Jsoup-21/round03
2026-10-01T23:55:42+00:00,Jsoup,22,nsga2,03,org.jsoup.nodes.Element|org.jsoup.nodes.Node|org.jsoup.select.Elements,306.988,471,688,157,290,68.5,54.1,fail,fail,False,ok,/home/pizza/TestRound2/results/project-Jsoup/Jsoup-22/round03
2026-10-02T00:01:26+00:00,Jsoup,23,nsga2,03,org.jsoup.parser.CharacterReader|org.jsoup.parser.Tokeniser,156.07,203,229,137,168,88.6,81.5,pass,pass,False,ok,/home/pizza/TestRound2/results/project-Jsoup/Jsoup-23/round03
2026-10-02T00:04:34+00:00,Jsoup,24,nsga2,03,org.jsoup.parser.TokeniserState,71.643,0,1194,0,354,0.0,0.0,pass,pass,False,ok,/home/pizza/TestRound2/results/project-Jsoup/Jsoup-24/round03
2026-10-02T00:06:18+00:00,Jsoup,25,nsga2,03,org.jsoup.parser.Tag,86.516,89,90,38,46,98.9,82.6,pass,pass,False,ok,/home/pizza/TestRound2/results/project-Jsoup/Jsoup-25/round03
2026-10-02T00:08:27+00:00,Jsoup,26,nsga2,03,org.jsoup.safety.Cleaner,74.191,22,50,6,16,44.0,37.5,pass,pass,False,ok,/home/pizza/TestRound2/results/project-Jsoup/Jsoup-26/round03
2026-10-02T00:10:35+00:00,Jsoup,27,nsga2,03,org.jsoup.helper.DataUtil,83.025,34,49,10,28,69.4,35.7,pass,pass,False,ok,/home/pizza/TestRound2/results/project-Jsoup/Jsoup-27/round03
2026-10-02T00:13:02+00:00,Jsoup,28,nsga2,03,org.jsoup.nodes.Entities|org.jsoup.parser.Parser|org.jsoup.parser.Tokeniser,250.473,192,223,66,98,86.1,67.3,pass,fail,True,ok,/home/pizza/TestRound2/results/project-Jsoup/Jsoup-28/round03
2026-10-02T00:18:01+00:00,Jsoup,29,nsga2,03,org.jsoup.nodes.Document,95.73,104,117,28,36,88.9,77.8,pass,pass,False,ok,/home/pizza/TestRound2/results/project-Jsoup/Jsoup-29/round03
2026-10-02T00:20:20+00:00,Jsoup,30,nsga2,03,org.jsoup.safety.Cleaner,72.646,35,61,11,20,57.4,55.0,pass,pass,False,ok,/home/pizza/TestRound2/results/project-Jsoup/Jsoup-30/round03
2026-10-02T00:22:15+00:00,Jsoup,31,nsga2,03,org.jsoup.parser.Token|org.jsoup.parser.TokeniserState|org.jsoup.parser.XmlTreeBuilder,237.443,0,1364,0,417,0.0,0.0,pass,fail,True,ok,/home/pizza/TestRound2/results/project-Jsoup/Jsoup-31/round03
2026-10-02T00:27:08+00:00,Jsoup,32,nsga2,03,org.jsoup.nodes.Element,124.021,,,,,,,,,,generation_failed,/home/pizza/TestRound2/results/project-Jsoup/Jsoup-32/round03
2026-10-02T00:05:44+00:00,Jsoup,33,nsga2,03,org.jsoup.parser.HtmlTreeBuilder,116.847,198,394,79,202,50.3,39.1,pass,pass,False,ok,/home/pizza/TestRound2/results/project-Jsoup/Jsoup-33/round03
2026-10-02T00:08:28+00:00,Jsoup,34,nsga2,03,org.jsoup.parser.CharacterReader,109.713,123,136,113,132,90.4,85.6,pass,pass,False,ok,/home/pizza/TestRound2/results/project-Jsoup/Jsoup-34/round03
2026-10-02T00:11:09+00:00,Jsoup,35,nsga2,03,org.jsoup.parser.HtmlTreeBuilderState,82.733,0,1079,0,749,0.0,0.0,pass,fail,True,ok,/home/pizza/TestRound2/results/project-Jsoup/Jsoup-35/round03
2026-10-02T00:13:24+00:00,Jsoup,36,nsga2,03,org.jsoup.helper.DataUtil,122.322,,,,,,,,,,generation_failed,/home/pizza/TestRound2/results/project-Jsoup/Jsoup-36/round03
2026-10-02T00:15:53+00:00,Jsoup,37,nsga2,03,org.jsoup.nodes.Element,123.924,,,,,,,,,,generation_failed,/home/pizza/TestRound2/results/project-Jsoup/Jsoup-37/round03
2026-10-02T00:18:31+00:00,Jsoup,38,nsga2,03,org.jsoup.parser.HtmlTreeBuilderState,75.315,0,1099,0,751,0.0,0.0,pass,fail,True,ok,/home/pizza/TestRound2/results/project-Jsoup/Jsoup-38/round03
2026-10-02T00:20:28+00:00,Jsoup,39,nsga2,03,org.jsoup.helper.DataUtil,80.024,44,76,19,46,57.9,41.3,pass,pass,False,ok,/home/pizza/TestRound2/results/project-Jsoup/Jsoup-39/round03
2026-10-02T00:22:41+00:00,Jsoup,40,nsga2,03,org.jsoup.nodes.DocumentType,72.948,16,16,6,6,100.0,100.0,pass,pass,False,ok,/home/pizza/TestRound2/results/project-Jsoup/Jsoup-40/round03
2026-10-02T00:24:46+00:00,Jsoup,41,nsga2,03,org.jsoup.nodes.Element,124.654,,,,,,,,,,generation_failed,/home/pizza/TestRound2/results/project-Jsoup/Jsoup-41/round03
2026-10-02T00:27:29+00:00,Jsoup,42,nsga2,03,org.jsoup.nodes.FormElement,79.179,15,41,5,28,36.6,17.9,pass,pass,False,ok,/home/pizza/TestRound2/results/project-Jsoup/Jsoup-42/round03
2026-10-02T00:29:58+00:00,Jsoup,43,nsga2,03,org.jsoup.nodes.Element,123.681,,,,,,,,,,generation_failed,/home/pizza/TestRound2/results/project-Jsoup/Jsoup-43/round03
2026-10-02T00:32:32+00:00,Jsoup,44,nsga2,03,org.jsoup.parser.TreeBuilder,79.625,33,36,7,10,91.7,70.0,pass,pass,False,ok,/home/pizza/TestRound2/results/project-Jsoup/Jsoup-44/round03
2026-10-02T00:34:45+00:00,Jsoup,45,nsga2,03,org.jsoup.parser.HtmlTreeBuilder,107.961,203,376,81,202,54.0,40.1,pass,pass,False,ok,/home/pizza/TestRound2/results/project-Jsoup/Jsoup-45/round03
2026-10-02T00:37:26+00:00,Jsoup,46,nsga2,03,org.jsoup.nodes.Entities,84.465,99,118,36,51,83.9,70.6,pass,pass,False,ok,/home/pizza/TestRound2/results/project-Jsoup/Jsoup-46/round03
2026-10-02T00:39:38+00:00,Jsoup,47,nsga2,03,org.jsoup.nodes.Entities,77.971,91,118,27,53,77.1,50.9,pass,pass,False,ok,/home/pizza/TestRound2/results/project-Jsoup/Jsoup-47/round03
2026-10-02T00:41:46+00:00,Jsoup,48,nsga2,03,org.jsoup.helper.HttpConnection,89.781,154,477,25,176,32.3,14.2,pass,pass,False,ok,/home/pizza/TestRound2/results/project-Jsoup/Jsoup-48/round03
2026-10-02T00:44:09+00:00,Jsoup,49,nsga2,03,org.jsoup.nodes.Node,122.133,,,,,,,,,,generation_failed,/home/pizza/TestRound2/results/project-Jsoup/Jsoup-49/round03
2026-10-02T00:46:38+00:00,Jsoup,50,nsga2,03,org.jsoup.helper.DataUtil,84.017,48,95,19,76,50.5,25.0,pass,fail,True,ok,/home/pizza/TestRound2/results/project-Jsoup/Jsoup-50/round03
2026-10-02T00:48:49+00:00,Jsoup,51,nsga2,03,org.jsoup.parser.CharacterReader,116.994,178,195,151,188,91.3,80.3,pass,pass,False,ok,/home/pizza/TestRound2/results/project-Jsoup/Jsoup-51/round03
2026-10-02T00:51:36+00:00,Jsoup,52,nsga2,03,org.jsoup.helper.DataUtil|org.jsoup.nodes.XmlDeclaration|org.jsoup.parser.XmlTreeBuilder,250.431,133,186,49,115,71.5,42.6,fail,fail,False,ok,/home/pizza/TestRound2/results/project-Jsoup/Jsoup-52/round03
2026-10-02T00:56:37+00:00,Jsoup,53,nsga2,03,org.jsoup.parser.TokenQueue,112.245,119,135,90,118,88.1,76.3,pass,pass,False,ok,/home/pizza/TestRound2/results/project-Jsoup/Jsoup-53/round03
2026-10-02T00:59:17+00:00,Jsoup,54,nsga2,03,org.jsoup.helper.W3CDom,76.429,,,,,,,error,error,n/a,not_evaluable,/home/pizza/TestRound2/results/project-Jsoup/Jsoup-54/round03
2026-10-02T01:01:08+00:00,Jsoup,55,nsga2,03,org.jsoup.parser.TokeniserState,82.147,0,1149,0,325,0.0,0.0,pass,fail,True,ok,/home/pizza/TestRound2/results/project-Jsoup/Jsoup-55/round03
2026-10-02T01:03:25+00:00,Jsoup,56,nsga2,03,org.jsoup.nodes.DocumentType|org.jsoup.parser.HtmlTreeBuilderState|org.jsoup.parser.Token|org.jsoup.parser.TokeniserState|org.jsoup.parser.XmlTreeBuilder,397.05,0,2511,0,1175,0.0,0.0,pass,fail,True,ok,/home/pizza/TestRound2/results/project-Jsoup/Jsoup-56/round03
2026-10-02T01:11:03+00:00,Jsoup,57,nsga2,03,org.jsoup.nodes.Attributes,91.601,112,127,71,76,88.2,93.4,pass,pass,False,ok,/home/pizza/TestRound2/results/project-Jsoup/Jsoup-57/round03
2026-10-02T01:13:26+00:00,Jsoup,58,nsga2,03,org.jsoup.Jsoup|org.jsoup.parser.Parser|org.jsoup.safety.Cleaner,236.906,105,137,21,38,76.6,55.3,fail,fail,False,ok,/home/pizza/TestRound2/results/project-Jsoup/Jsoup-58/round03
2026-10-02T01:18:17+00:00,Jsoup,59,nsga2,03,org.jsoup.parser.Token,88.489,154,161,36,46,95.7,78.3,pass,pass,False,ok,/home/pizza/TestRound2/results/project-Jsoup/Jsoup-59/round03
2026-10-02T01:20:29+00:00,Jsoup,60,nsga2,03,org.jsoup.parser.TokenQueue|org.jsoup.select.QueryParser,171.992,297,369,196,260,80.5,75.4,pass,fail,True,ok,/home/pizza/TestRound2/results/project-Jsoup/Jsoup-60/round03
2026-10-02T01:24:16+00:00,Jsoup,61,nsga2,03,org.jsoup.nodes.Element,97.19,83,352,17,184,23.6,9.2,pass,pass,False,ok,/home/pizza/TestRound2/results/project-Jsoup/Jsoup-61/round03
2026-10-02T01:26:38+00:00,Jsoup,62,nsga2,03,org.jsoup.parser.HtmlTreeBuilderState,77.432,0,1103,0,757,0.0,0.0,pass,fail,True,ok,/home/pizza/TestRound2/results/project-Jsoup/Jsoup-62/round03
2026-10-02T01:28:42+00:00,Jsoup,63,nsga2,03,org.jsoup.parser.HtmlTreeBuilder|org.jsoup.parser.Tokeniser,188.362,,,,,,,pass,error,n/a,not_evaluable,/home/pizza/TestRound2/results/project-Jsoup/Jsoup-63/round03
2026-10-02T01:32:23+00:00,Jsoup,64,nsga2,03,org.jsoup.parser.HtmlTreeBuilderState,75.153,0,1100,0,783,0.0,0.0,pass,fail,True,ok,/home/pizza/TestRound2/results/project-Jsoup/Jsoup-64/round03
2026-10-02T00:05:56+00:00,Jsoup,65,nsga2,03,org.jsoup.parser.HtmlTreeBuilder|org.jsoup.parser.HtmlTreeBuilderState,186.482,0,1485,0,987,0.0,0.0,pass,fail,True,ok,/home/pizza/TestRound2/results/project-Jsoup/Jsoup-65/round03
2026-10-02T00:09:58+00:00,Jsoup,66,nsga2,03,org.jsoup.nodes.Element,122.639,,,,,,,,,,generation_failed,/home/pizza/TestRound2/results/project-Jsoup/Jsoup-66/round03
2026-10-02T00:12:37+00:00,Jsoup,67,nsga2,03,org.jsoup.parser.HtmlTreeBuilder,99.781,157,383,52,202,41.0,25.7,pass,pass,False,ok,/home/pizza/TestRound2/results/project-Jsoup/Jsoup-67/round03
2026-10-02T00:15:22+00:00,Jsoup,68,nsga2,03,org.jsoup.parser.HtmlTreeBuilder,101.392,174,380,60,202,45.8,29.7,pass,pass,False,ok,/home/pizza/TestRound2/results/project-Jsoup/Jsoup-68/round03
2026-10-02T00:18:06+00:00,Jsoup,69,nsga2,03,org.jsoup.nodes.FormElement,75.945,15,42,6,28,35.7,21.4,pass,pass,False,ok,/home/pizza/TestRound2/results/project-Jsoup/Jsoup-69/round03
2026-10-02T00:20:08+00:00,Jsoup,70,nsga2,03,org.jsoup.nodes.Element,121.738,,,,,,,,,,generation_failed,/home/pizza/TestRound2/results/project-Jsoup/Jsoup-70/round03
2026-10-02T00:22:34+00:00,Jsoup,71,nsga2,03,org.jsoup.nodes.PseudoTextElement|org.jsoup.select.Evaluator|org.jsoup.select.QueryParser,197.313,277,448,110,254,61.8,43.3,fail,fail,False,ok,/home/pizza/TestRound2/results/project-Jsoup/Jsoup-71/round03
2026-10-02T00:26:47+00:00,Jsoup,72,nsga2,03,org.jsoup.parser.CharacterReader,111.026,199,230,147,200,86.5,73.5,pass,fail,True,ok,/home/pizza/TestRound2/results/project-Jsoup/Jsoup-72/round03
2026-10-02T00:29:41+00:00,Jsoup,73,nsga2,03,org.jsoup.helper.W3CDom,78.823,62,74,25,28,83.8,89.3,fail,fail,False,ok,/home/pizza/TestRound2/results/project-Jsoup/Jsoup-73/round03
2026-10-02T00:31:50+00:00,Jsoup,74,nsga2,03,org.jsoup.helper.StringUtil,92.538,78,85,59,86,91.8,68.6,pass,pass,False,ok,/home/pizza/TestRound2/results/project-Jsoup/Jsoup-74/round03
2026-10-02T00:34:09+00:00,Jsoup,75,nsga2,03,org.jsoup.nodes.Attributes,113.516,146,167,63,78,87.4,80.8,pass,pass,False,ok,/home/pizza/TestRound2/results/project-Jsoup/Jsoup-75/round03
2026-10-02T00:36:53+00:00,Jsoup,76,nsga2,03,org.jsoup.parser.HtmlTreeBuilderState,76.205,0,1106,0,787,0.0,0.0,pass,pass,False,ok,/home/pizza/TestRound2/results/project-Jsoup/Jsoup-76/round03
2026-10-02T00:38:59+00:00,Jsoup,77,nsga2,03,org.jsoup.parser.XmlTreeBuilder,84.372,53,69,16,31,76.8,51.6,pass,pass,False,ok,/home/pizza/TestRound2/results/project-Jsoup/Jsoup-77/round03
2026-10-02T00:41:15+00:00,Jsoup,78,nsga2,03,org.jsoup.helper.DataUtil,94.535,41,112,20,88,36.6,22.7,pass,pass,False,ok,/home/pizza/TestRound2/results/project-Jsoup/Jsoup-78/round03
2026-10-02T00:43:45+00:00,Jsoup,79,nsga2,03,org.jsoup.nodes.LeafNode,85.919,34,34,13,14,100.0,92.9,pass,fail,True,ok,/home/pizza/TestRound2/results/project-Jsoup/Jsoup-79/round03
2026-10-02T00:46:05+00:00,Jsoup,80,nsga2,03,org.jsoup.parser.XmlTreeBuilder,85.618,61,70,20,33,87.1,60.6,pass,pass,False,ok,/home/pizza/TestRound2/results/project-Jsoup/Jsoup-80/round03
2026-10-02T00:48:21+00:00,Jsoup,81,nsga2,03,org.jsoup.helper.DataUtil,87.608,82,121,40,98,67.8,40.8,pass,pass,False,ok,/home/pizza/TestRound2/results/project-Jsoup/Jsoup-81/round03
2026-10-02T00:50:39+00:00,Jsoup,82,nsga2,03,org.jsoup.helper.DataUtil,86.189,68,115,36,98,59.1,36.7,pass,pass,False,ok,/home/pizza/TestRound2/results/project-Jsoup/Jsoup-82/round03
2026-10-02T00:52:58+00:00,Jsoup,83,nsga2,03,org.jsoup.parser.CharacterReader|org.jsoup.parser.TokeniserState,209.615,0,1397,0,537,0.0,0.0,pass,fail,True,ok,/home/pizza/TestRound2/results/project-Jsoup/Jsoup-83/round03
2026-10-02T00:57:18+00:00,Jsoup,84,nsga2,03,org.jsoup.helper.W3CDom,82.231,68,77,26,32,88.3,81.2,fail,fail,False,ok,/home/pizza/TestRound2/results/project-Jsoup/Jsoup-84/round03
2026-10-02T00:59:27+00:00,Jsoup,85,nsga2,03,org.jsoup.nodes.Attribute,94.947,61,66,37,50,92.4,74.0,pass,pass,False,ok,/home/pizza/TestRound2/results/project-Jsoup/Jsoup-85/round03
2026-10-02T01:02:04+00:00,Jsoup,86,nsga2,03,org.jsoup.nodes.Comment,85.117,27,27,9,10,100.0,90.0,pass,pass,False,ok,/home/pizza/TestRound2/results/project-Jsoup/Jsoup-86/round03
2026-10-02T01:04:15+00:00,Jsoup,87,nsga2,03,org.jsoup.nodes.Element|org.jsoup.parser.HtmlTreeBuilder|org.jsoup.parser.HtmlTreeBuilderState|org.jsoup.parser.Tag,397.4,0,2009,0,1259,0.0,0.0,pass,fail,True,ok,/home/pizza/TestRound2/results/project-Jsoup/Jsoup-87/round03
2026-10-02T01:11:50+00:00,Jsoup,88,nsga2,03,org.jsoup.nodes.Attribute,90.458,61,66,41,50,92.4,82.0,pass,fail,True,ok,/home/pizza/TestRound2/results/project-Jsoup/Jsoup-88/round03
2026-10-02T01:14:14+00:00,Jsoup,89,nsga2,03,org.jsoup.nodes.Attribute,83.463,62,67,41,50,92.5,82.0,pass,fail,True,ok,/home/pizza/TestRound2/results/project-Jsoup/Jsoup-89/round03
2026-10-02T01:16:22+00:00,Jsoup,90,nsga2,03,org.jsoup.helper.HttpConnection,108.215,186,598,26,236,31.1,11.0,pass,pass,False,ok,/home/pizza/TestRound2/results/project-Jsoup/Jsoup-90/round03
2026-10-02T01:18:54+00:00,Jsoup,91,nsga2,03,org.jsoup.UncheckedIOException|org.jsoup.parser.CharacterReader,119.664,226,258,156,198,87.6,78.8,pass,pass,False,ok,/home/pizza/TestRound2/results/project-Jsoup/Jsoup-91/round03
2026-10-02T01:21:32+00:00,Jsoup,92,nsga2,03,org.jsoup.nodes.Attributes|org.jsoup.parser.HtmlTreeBuilder|org.jsoup.parser.ParseSettings|org.jsoup.parser.Token|org.jsoup.parser.XmlTreeBuilder,474.225,560,819,200,385,68.4,51.9,pass,pass,False,ok,/home/pizza/TestRound2/results/project-Jsoup/Jsoup-92/round03
2026-10-02T01:30:15+00:00,Jsoup,93,nsga2,03,org.jsoup.nodes.FormElement,83.698,15,43,5,30,34.9,16.7,pass,pass,False,ok,/home/pizza/TestRound2/results/project-Jsoup/Jsoup-93/round03
2026-10-01T10:07:42+00:00,JxPath,1,nsga2,03,org.apache.commons.jxpath.ri.model.dom.DOMNodePointer|org.apache.commons.jxpath.ri.model.jdom.JDOMNodePointer,220.523,304,773,146,562,39.3,26.0,pass,pass,False,ok,/home/pizza/TestRound2/results/project-JxPath/JxPath-1/round03
2026-10-01T10:12:18+00:00,JxPath,2,nsga2,03,org.apache.commons.jxpath.ri.compiler.Expression,77.698,34,43,9,16,79.1,56.2,pass,pass,False,ok,/home/pizza/TestRound2/results/project-JxPath/JxPath-2/round03
2026-10-01T10:14:21+00:00,JxPath,3,nsga2,03,org.apache.commons.jxpath.ri.model.beans.NullPropertyPointer,88.736,60,83,20,34,72.3,58.8,pass,pass,False,ok,/home/pizza/TestRound2/results/project-JxPath/JxPath-3/round03
2026-10-01T12:30:58+00:00,JxPath,4,nsga2,03,org.apache.commons.jxpath.ri.model.dom.DOMNodePointer|org.apache.commons.jxpath.ri.model.jdom.JDOMNodePointer,210.35,,,,,,,error,error,n/a,not_evaluable,/home/pizza/TestRound2/results/project-JxPath/JxPath-4/round03
2026-10-01T12:35:04+00:00,JxPath,5,nsga2,03,org.apache.commons.jxpath.ri.model.NodePointer,121.58,121,179,56,130,67.6,43.1,pass,pass,False,ok,/home/pizza/TestRound2/results/project-JxPath/JxPath-5/round03
2026-10-01T10:23:17+00:00,JxPath,6,nsga2,03,org.apache.commons.jxpath.ri.compiler.CoreOperationCompare,90.797,42,53,50,66,79.2,75.8,pass,fail,True,ok,/home/pizza/TestRound2/results/project-JxPath/JxPath-6/round03
2026-10-01T10:25:51+00:00,JxPath,7,nsga2,03,org.apache.commons.jxpath.ri.compiler.CoreOperationGreaterThan|org.apache.commons.jxpath.ri.compiler.CoreOperationGreaterThanOrEqual|org.apache.commons.jxpath.ri.compiler.CoreOperationLessThan|org.apache.commons.jxpath.ri.compiler.CoreOperationLessThanOrEqual|org.apache.commons.jxpath.ri.compiler.CoreOperationRelationalExpression,379.991,36,56,18,40,64.3,45.0,pass,fail,True,ok,/home/pizza/TestRound2/results/project-JxPath/JxPath-7/round03
2026-10-01T10:33:09+00:00,JxPath,8,nsga2,03,org.apache.commons.jxpath.ri.compiler.CoreOperationRelationalExpression,72.003,22,43,15,36,51.2,41.7,pass,pass,False,ok,/home/pizza/TestRound2/results/project-JxPath/JxPath-8/round03
2026-10-01T10:35:03+00:00,JxPath,9,nsga2,03,org.apache.commons.jxpath.ri.compiler.CoreOperationCompare|org.apache.commons.jxpath.ri.compiler.CoreOperationEqual|org.apache.commons.jxpath.ri.compiler.CoreOperationNotEqual,220.822,60,68,52,64,88.2,81.2,pass,fail,True,ok,/home/pizza/TestRound2/results/project-JxPath/JxPath-9/round03
2026-10-01T10:39:24+00:00,JxPath,10,nsga2,03,org.apache.commons.jxpath.ri.compiler.CoreOperationRelationalExpression,74.151,23,43,17,36,53.5,47.2,pass,pass,False,ok,/home/pizza/TestRound2/results/project-JxPath/JxPath-10/round03
2026-10-01T10:41:16+00:00,JxPath,11,nsga2,03,org.apache.commons.jxpath.ri.model.dom.DOMAttributeIterator|org.apache.commons.jxpath.ri.model.jdom.JDOMAttributeIterator,152.175,39,119,22,94,32.8,23.4,fail,fail,False,ok,/home/pizza/TestRound2/results/project-JxPath/JxPath-11/round03
2026-10-01T12:37:47+00:00,JxPath,12,nsga2,03,org.apache.commons.jxpath.ri.model.dom.DOMNodePointer,107.953,,,,,,,error,error,n/a,not_evaluable,/home/pizza/TestRound2/results/project-JxPath/JxPath-12/round03
2026-10-01T12:39:57+00:00,JxPath,13,nsga2,03,org.apache.commons.jxpath.ri.NamespaceResolver|org.apache.commons.jxpath.ri.model.dom.DOMNodePointer,211.383,50,428,31,315,11.7,9.8,pass,fail,True,ok,/home/pizza/TestRound2/results/project-JxPath/JxPath-13/round03
2026-10-01T10:50:25+00:00,JxPath,14,nsga2,03,org.apache.commons.jxpath.ri.compiler.CoreFunction,94.138,71,361,32,224,19.7,14.3,pass,pass,False,ok,/home/pizza/TestRound2/results/project-JxPath/JxPath-14/round03
2026-10-01T10:52:39+00:00,JxPath,15,nsga2,03,org.apache.commons.jxpath.ri.axes.UnionContext,73.341,20,20,14,14,100.0,100.0,pass,pass,False,ok,/home/pizza/TestRound2/results/project-JxPath/JxPath-15/round03
2026-10-01T12:44:18+00:00,JxPath,16,nsga2,03,org.apache.commons.jxpath.ri.model.dom.DOMNodePointer|org.apache.commons.jxpath.ri.model.jdom.JDOMNodePointer,243.228,,,,,,,error,error,n/a,not_evaluable,/home/pizza/TestRound2/results/project-JxPath/JxPath-16/round03
2026-10-01T10:58:33+00:00,JxPath,17,nsga2,03,org.apache.commons.jxpath.ri.model.dom.DOMAttributeIterator|org.apache.commons.jxpath.ri.model.jdom.JDOMAttributeIterator,153.4,39,110,24,86,35.5,27.9,fail,fail,False,ok,/home/pizza/TestRound2/results/project-JxPath/JxPath-17/round03
2026-10-01T11:01:45+00:00,JxPath,18,nsga2,03,org.apache.commons.jxpath.ri.axes.AttributeContext,77.145,31,35,15,20,88.6,75.0,pass,pass,False,ok,/home/pizza/TestRound2/results/project-JxPath/JxPath-18/round03
2026-10-01T12:49:05+00:00,JxPath,19,nsga2,03,org.apache.commons.jxpath.ri.model.dom.DOMNodePointer|org.apache.commons.jxpath.ri.model.jdom.JDOMNodePointer,215.507,104,734,54,573,14.2,9.4,fail,fail,False,ok,/home/pizza/TestRound2/results/project-JxPath/JxPath-19/round03
2026-10-01T11:07:31+00:00,JxPath,20,nsga2,03,org.apache.commons.jxpath.ri.compiler.CoreOperationRelationalExpression,76.433,22,49,16,40,44.9,40.0,pass,pass,False,ok,/home/pizza/TestRound2/results/project-JxPath/JxPath-20/round03
2026-10-01T11:09:36+00:00,JxPath,21,nsga2,03,org.apache.commons.jxpath.ri.model.beans.PropertyPointer,81.9,45,71,18,54,63.4,33.3,pass,pass,False,ok,/home/pizza/TestRound2/results/project-JxPath/JxPath-21/round03
2026-10-01T12:53:31+00:00,JxPath,22,nsga2,03,org.apache.commons.jxpath.ri.model.dom.DOMNodePointer,122.219,,,,,,,,,,generation_failed,/home/pizza/TestRound2/results/project-JxPath/JxPath-22/round03
2026-10-01T15:29:54+00:00,Lang,1,nsga2,03,org.apache.commons.lang3.math.NumberUtils,94.409,252,380,152,350,66.3,43.4,pass,pass,False,ok,/home/pizza/TestRound2/results/project-Lang/Lang-1/round03
2026-10-01T15:32:33+00:00,Lang,3,nsga2,03,org.apache.commons.lang3.math.NumberUtils,95.235,246,375,144,338,65.6,42.6,pass,pass,False,ok,/home/pizza/TestRound2/results/project-Lang/Lang-3/round03
2026-10-01T15:35:18+00:00,Lang,4,nsga2,03,org.apache.commons.lang3.text.translate.LookupTranslator,76.127,25,25,14,14,100.0,100.0,pass,fail,True,ok,/home/pizza/TestRound2/results/project-Lang/Lang-4/round03
2026-10-01T15:37:39+00:00,Lang,5,nsga2,03,org.apache.commons.lang3.LocaleUtils,79.825,70,96,41,70,72.9,58.6,fail,fail,False,ok,/home/pizza/TestRound2/results/project-Lang/Lang-5/round03
2026-10-01T15:39:59+00:00,Lang,6,nsga2,03,org.apache.commons.lang3.text.translate.CharSequenceTranslator,79.989,28,30,12,12,93.3,100.0,pass,pass,False,ok,/home/pizza/TestRound2/results/project-Lang/Lang-6/round03
2026-10-01T15:42:26+00:00,Lang,7,nsga2,03,org.apache.commons.lang3.math.NumberUtils,106.732,244,380,175,366,64.2,47.8,pass,pass,False,ok,/home/pizza/TestRound2/results/project-Lang/Lang-7/round03
2026-10-01T15:45:16+00:00,Lang,8,nsga2,03,org.apache.commons.lang3.time.FastDatePrinter,121.962,,,,,,,,,,generation_failed,/home/pizza/TestRound2/results/project-Lang/Lang-8/round03
2026-10-01T15:47:57+00:00,Lang,9,nsga2,03,org.apache.commons.lang3.time.FastDateParser,97.996,200,275,78,125,72.7,62.4,pass,fail,True,ok,/home/pizza/TestRound2/results/project-Lang/Lang-9/round03
2026-10-01T15:50:42+00:00,Lang,10,nsga2,03,org.apache.commons.lang3.time.FastDateParser,91.148,202,273,71,123,74.0,57.7,pass,fail,True,ok,/home/pizza/TestRound2/results/project-Lang/Lang-10/round03
2026-10-01T15:53:17+00:00,Lang,11,nsga2,03,org.apache.commons.lang3.RandomStringUtils,109.348,43,58,41,56,74.1,73.2,pass,fail,True,ok,/home/pizza/TestRound2/results/project-Lang/Lang-11/round03
2026-10-01T15:56:11+00:00,Lang,12,nsga2,03,org.apache.commons.lang3.RandomStringUtils,122.142,,,,,,,,,,generation_failed,/home/pizza/TestRound2/results/project-Lang/Lang-12/round03
2026-10-01T15:58:52+00:00,Lang,13,nsga2,03,org.apache.commons.lang3.SerializationUtils,75.951,54,79,10,16,68.4,62.5,pass,pass,False,ok,/home/pizza/TestRound2/results/project-Lang/Lang-13/round03
2026-10-01T16:01:09+00:00,Lang,14,nsga2,03,org.apache.commons.lang3.StringUtils,122.274,,,,,,,,,,generation_failed,/home/pizza/TestRound2/results/project-Lang/Lang-14/round03
2026-10-01T16:03:49+00:00,Lang,15,nsga2,03,org.apache.commons.lang3.reflect.TypeUtils,81.353,87,299,73,282,29.1,25.9,pass,pass,False,ok,/home/pizza/TestRound2/results/project-Lang/Lang-15/round03
2026-10-01T16:06:15+00:00,Lang,16,nsga2,03,org.apache.commons.lang3.math.NumberUtils,110.098,241,375,164,362,64.3,45.3,pass,pass,False,ok,/home/pizza/TestRound2/results/project-Lang/Lang-16/round03
2026-10-01T16:09:14+00:00,Lang,17,nsga2,03,org.apache.commons.lang3.text.translate.CharSequenceTranslator,84.423,28,30,12,12,93.3,100.0,pass,pass,False,ok,/home/pizza/TestRound2/results/project-Lang/Lang-17/round03
2026-10-01T16:11:49+00:00,Lang,19,nsga2,03,org.apache.commons.lang3.text.translate.NumericEntityUnescaper,74.653,4,32,4,38,12.5,10.5,pass,pass,False,ok,/home/pizza/TestRound2/results/project-Lang/Lang-19/round03
2026-10-01T16:14:07+00:00,Lang,20,nsga2,03,org.apache.commons.lang3.StringUtils,123.999,,,,,,,,,,generation_failed,/home/pizza/TestRound2/results/project-Lang/Lang-20/round03
2026-10-01T16:17:16+00:00,Lang,21,nsga2,03,org.apache.commons.lang3.time.DateUtils,122.301,,,,,,,,,,generation_failed,/home/pizza/TestRound2/results/project-Lang/Lang-21/round03
2026-10-01T16:20:05+00:00,Lang,22,nsga2,03,org.apache.commons.lang3.math.Fraction,104.475,240,282,136,196,85.1,69.4,pass,pass,False,ok,/home/pizza/TestRound2/results/project-Lang/Lang-22/round03
2026-10-01T16:22:45+00:00,Lang,23,nsga2,03,org.apache.commons.lang3.text.ExtendedMessageFormat,73.303,70,185,23,111,37.8,20.7,pass,pass,False,ok,/home/pizza/TestRound2/results/project-Lang/Lang-23/round03
2026-10-01T16:24:48+00:00,Lang,24,nsga2,03,org.apache.commons.lang3.math.NumberUtils,90.5,231,376,143,358,61.4,39.9,pass,pass,False,ok,/home/pizza/TestRound2/results/project-Lang/Lang-24/round03
2026-10-01T16:27:20+00:00,Lang,26,nsga2,03,org.apache.commons.lang3.time.FastDateFormat,121.779,,,,,,,,,,generation_failed,/home/pizza/TestRound2/results/project-Lang/Lang-26/round03
2026-10-01T16:29:59+00:00,Lang,27,nsga2,03,org.apache.commons.lang3.math.NumberUtils,90.873,251,376,175,356,66.8,49.2,pass,pass,False,ok,/home/pizza/TestRound2/results/project-Lang/Lang-27/round03
2026-10-01T16:32:39+00:00,Lang,28,nsga2,03,org.apache.commons.lang3.text.translate.NumericEntityUnescaper,72.64,3,25,3,16,12.0,18.8,pass,pass,False,ok,/home/pizza/TestRound2/results/project-Lang/Lang-28/round03
2026-10-01T16:34:50+00:00,Lang,29,nsga2,03,org.apache.commons.lang3.SystemUtils,80.783,133,141,43,50,94.3,86.0,fail,fail,False,ok,/home/pizza/TestRound2/results/project-Lang/Lang-29/round03
2026-10-01T16:37:02+00:00,Lang,30,nsga2,03,org.apache.commons.lang3.StringUtils,123.083,,,,,,,,,,generation_failed,/home/pizza/TestRound2/results/project-Lang/Lang-30/round03
2026-10-01T15:30:14+00:00,Lang,31,nsga2,03,org.apache.commons.lang3.StringUtils,121.987,,,,,,,,,,generation_failed,/home/pizza/TestRound2/results/project-Lang/Lang-31/round03
2026-10-01T15:33:00+00:00,Lang,32,nsga2,03,org.apache.commons.lang3.builder.HashCodeBuilder,97.513,134,155,71,96,86.5,74.0,fail,fail,False,ok,/home/pizza/TestRound2/results/project-Lang/Lang-32/round03
2026-10-01T15:35:49+00:00,Lang,33,nsga2,03,org.apache.commons.lang3.ClassUtils,88.628,195,286,108,218,68.2,49.5,pass,fail,True,ok,/home/pizza/TestRound2/results/project-Lang/Lang-33/round03
2026-10-01T15:38:22+00:00,Lang,34,nsga2,03,org.apache.commons.lang3.builder.ToStringStyle,108.405,0,515,0,218,0.0,0.0,pass,fail,True,ok,/home/pizza/TestRound2/results/project-Lang/Lang-34/round03
2026-10-01T15:41:19+00:00,Lang,35,nsga2,03,org.apache.commons.lang3.ArrayUtils,102.382,278,964,181,806,28.8,22.5,pass,pass,False,ok,/home/pizza/TestRound2/results/project-Lang/Lang-35/round03
2026-10-01T15:44:08+00:00,Lang,36,nsga2,03,org.apache.commons.lang3.math.NumberUtils,95.443,234,374,155,352,62.6,44.0,pass,pass,False,ok,/home/pizza/TestRound2/results/project-Lang/Lang-36/round03
2026-10-01T15:46:49+00:00,Lang,37,nsga2,03,org.apache.commons.lang3.ArrayUtils,102.644,293,957,190,806,30.6,23.6,pass,pass,False,ok,/home/pizza/TestRound2/results/project-Lang/Lang-37/round03
2026-10-01T15:49:33+00:00,Lang,38,nsga2,03,org.apache.commons.lang3.time.FastDateFormat,117.345,325,465,119,228,69.9,52.2,fail,fail,False,ok,/home/pizza/TestRound2/results/project-Lang/Lang-38/round03
2026-10-01T15:52:37+00:00,Lang,39,nsga2,03,org.apache.commons.lang3.StringUtils,122.46,,,,,,,,,,generation_failed,/home/pizza/TestRound2/results/project-Lang/Lang-39/round03
2026-10-01T15:55:22+00:00,Lang,40,nsga2,03,org.apache.commons.lang.StringUtils,121.899,,,,,,,,,,generation_failed,/home/pizza/TestRound2/results/project-Lang/Lang-40/round03
2026-10-01T15:58:08+00:00,Lang,41,nsga2,03,org.apache.commons.lang.ClassUtils,86.631,191,286,96,216,66.8,44.4,pass,pass,False,ok,/home/pizza/TestRound2/results/project-Lang/Lang-41/round03
2026-10-01T16:00:30+00:00,Lang,42,nsga2,03,org.apache.commons.lang.Entities,80.908,173,212,42,68,81.6,61.8,pass,pass,False,ok,/home/pizza/TestRound2/results/project-Lang/Lang-42/round03
2026-10-01T16:02:44+00:00,Lang,43,nsga2,03,org.apache.commons.lang.text.ExtendedMessageFormat,118.709,70,167,23,99,41.9,23.2,pass,pass,False,ok,/home/pizza/TestRound2/results/project-Lang/Lang-43/round03
2026-10-01T16:05:43+00:00,Lang,44,nsga2,03,org.apache.commons.lang.NumberUtils,78.243,121,192,104,220,63.0,47.3,pass,pass,False,ok,/home/pizza/TestRound2/results/project-Lang/Lang-44/round03
2026-10-01T16:07:58+00:00,Lang,45,nsga2,03,org.apache.commons.lang.WordUtils,92.89,139,140,103,104,99.3,99.0,pass,fail,True,ok,/home/pizza/TestRound2/results/project-Lang/Lang-45/round03
2026-10-01T16:10:39+00:00,Lang,46,nsga2,03,org.apache.commons.lang.StringEscapeUtils,91.542,128,222,64,109,57.7,58.7,pass,fail,True,ok,/home/pizza/TestRound2/results/project-Lang/Lang-46/round03
2026-10-01T16:13:32+00:00,Lang,47,nsga2,03,org.apache.commons.lang.text.StrBuilder,123.094,,,,,,,,,,generation_failed,/home/pizza/TestRound2/results/project-Lang/Lang-47/round03
2026-10-01T16:16:27+00:00,Lang,49,nsga2,03,org.apache.commons.lang.math.Fraction,119.615,238,278,131,188,85.6,69.7,pass,pass,False,ok,/home/pizza/TestRound2/results/project-Lang/Lang-49/round03
2026-10-01T16:19:29+00:00,Lang,50,nsga2,03,org.apache.commons.lang.time.FastDateFormat,122.272,,,,,,,,,,generation_failed,/home/pizza/TestRound2/results/project-Lang/Lang-50/round03
2026-10-01T16:22:07+00:00,Lang,51,nsga2,03,org.apache.commons.lang.BooleanUtils,85.743,136,172,135,212,79.1,63.7,pass,pass,False,ok,/home/pizza/TestRound2/results/project-Lang/Lang-51/round03
2026-10-01T16:24:27+00:00,Lang,52,nsga2,03,org.apache.commons.lang.StringEscapeUtils,83.239,106,178,55,85,59.6,64.7,pass,pass,False,ok,/home/pizza/TestRound2/results/project-Lang/Lang-52/round03
2026-10-01T16:26:42+00:00,Lang,53,nsga2,03,org.apache.commons.lang.time.DateUtils,121.27,155,217,99,175,71.4,56.6,pass,pass,False,ok,/home/pizza/TestRound2/results/project-Lang/Lang-53/round03
2026-10-01T16:29:41+00:00,Lang,54,nsga2,03,org.apache.commons.lang.LocaleUtils,78.456,70,81,48,66,86.4,72.7,fail,fail,False,ok,/home/pizza/TestRound2/results/project-Lang/Lang-54/round03
2026-10-01T16:32:00+00:00,Lang,55,nsga2,03,org.apache.commons.lang.time.StopWatch,73.171,57,58,27,28,98.3,96.4,pass,pass,False,ok,/home/pizza/TestRound2/results/project-Lang/Lang-55/round03
2026-10-01T16:34:05+00:00,Lang,56,nsga2,03,org.apache.commons.lang.time.FastDateFormat,120.418,332,467,132,232,71.1,56.9,fail,fail,False,ok,/home/pizza/TestRound2/results/project-Lang/Lang-56/round03
2026-10-01T16:37:04+00:00,Lang,57,nsga2,03,org.apache.commons.lang.LocaleUtils,80.301,70,79,47,64,88.6,73.4,fail,fail,False,ok,/home/pizza/TestRound2/results/project-Lang/Lang-57/round03
2026-10-01T16:39:25+00:00,Lang,58,nsga2,03,org.apache.commons.lang.math.NumberUtils,92.29,272,434,199,420,62.7,47.4,pass,pass,False,ok,/home/pizza/TestRound2/results/project-Lang/Lang-58/round03
2026-10-01T16:41:48+00:00,Lang,59,nsga2,03,org.apache.commons.lang.text.StrBuilder,121.615,,,,,,,,,,generation_failed,/home/pizza/TestRound2/results/project-Lang/Lang-59/round03
2026-10-01T16:44:24+00:00,Lang,60,nsga2,03,org.apache.commons.lang.text.StrBuilder,121.499,,,,,,,,,,generation_failed,/home/pizza/TestRound2/results/project-Lang/Lang-60/round03
2026-10-01T16:47:03+00:00,Lang,61,nsga2,03,org.apache.commons.lang.text.StrBuilder,121.579,,,,,,,,,,generation_failed,/home/pizza/TestRound2/results/project-Lang/Lang-61/round03
2026-10-01T16:49:37+00:00,Lang,62,nsga2,03,org.apache.commons.lang.Entities,83.676,157,247,40,94,63.6,42.6,pass,pass,False,ok,/home/pizza/TestRound2/results/project-Lang/Lang-62/round03
2026-10-01T16:51:49+00:00,Lang,63,nsga2,03,org.apache.commons.lang.time.DurationFormatUtils,92.884,,,,,,,pass,error,n/a,not_evaluable,/home/pizza/TestRound2/results/project-Lang/Lang-63/round03
2026-10-01T16:54:04+00:00,Lang,64,nsga2,03,org.apache.commons.lang.enums.ValuedEnum,67.726,3,33,2,14,9.1,14.3,pass,pass,False,ok,/home/pizza/TestRound2/results/project-Lang/Lang-64/round03
2026-10-01T16:56:01+00:00,Lang,65,nsga2,03,org.apache.commons.lang.time.DateUtils,109.401,179,217,119,175,82.5,68.0,pass,pass,False,ok,/home/pizza/TestRound2/results/project-Lang/Lang-65/round03
2026-10-01T12:40:38+00:00,Math,1,nsga2,03,org.apache.commons.math3.fraction.BigFraction|org.apache.commons.math3.fraction.Fraction,225.281,164,429,54,200,38.2,27.0,pass,pass,False,ok,/home/pizza/TestRound2/results/project-Math/Math-1/round03
2026-10-01T12:46:21+00:00,Math,2,nsga2,03,org.apache.commons.math3.distribution.HypergeometricDistribution,126.285,,,,,,,,,,generation_failed,/home/pizza/TestRound2/results/project-Math/Math-2/round03
2026-10-01T12:50:32+00:00,Math,3,nsga2,03,org.apache.commons.math3.util.MathArrays,109.396,346,423,155,236,81.8,65.7,pass,pass,False,ok,/home/pizza/TestRound2/results/project-Math/Math-3/round03
2026-10-01T12:54:24+00:00,Math,4,nsga2,03,org.apache.commons.math3.geometry.euclidean.threed.SubLine|org.apache.commons.math3.geometry.euclidean.twod.SubLine,153.222,87,88,47,48,98.9,97.9,pass,fail,True,ok,/home/pizza/TestRound2/results/project-Math/Math-4/round03
2026-10-01T12:59:06+00:00,Math,5,nsga2,03,org.apache.commons.math3.complex.Complex,123.078,,,,,,,,,,generation_failed,/home/pizza/TestRound2/results/project-Math/Math-5/round03
2026-10-01T13:02:13+00:00,Math,6,nsga2,03,org.apache.commons.math3.optim.BaseOptimizer|org.apache.commons.math3.optim.nonlinear.scalar.gradient.NonLinearConjugateGradientOptimizer|org.apache.commons.math3.optim.nonlinear.scalar.noderiv.CMAESOptimizer|org.apache.commons.math3.optim.nonlinear.scalar.noderiv.PowellOptimizer|org.apache.commons.math3.optim.nonlinear.scalar.noderiv.SimplexOptimizer|org.apache.commons.math3.optim.nonlinear.vector.jacobian.GaussNewtonOptimizer|org.apache.commons.math3.optim.nonlinear.vector.jacobian.LevenbergMarquardtOptimizer,542.006,219,1201,56,587,18.2,9.5,pass,fail,True,ok,/home/pizza/TestRound2/results/project-Math/Math-6/round03
2026-10-01T13:13:09+00:00,Math,7,nsga2,03,org.apache.commons.math3.ode.AbstractIntegrator,125.378,,,,,,,,,,generation_failed,/home/pizza/TestRound2/results/project-Math/Math-7/round03
2026-10-01T13:16:47+00:00,Math,8,nsga2,03,org.apache.commons.math3.distribution.DiscreteDistribution,130.375,,,,,,,,,,generation_failed,/home/pizza/TestRound2/results/project-Math/Math-8/round03
2026-10-01T13:21:06+00:00,Math,9,nsga2,03,org.apache.commons.math3.geometry.euclidean.threed.Line,100.762,46,47,15,16,97.9,93.8,pass,fail,True,ok,/home/pizza/TestRound2/results/project-Math/Math-9/round03
2026-10-01T13:25:44+00:00,Math,10,nsga2,03,org.apache.commons.math3.analysis.differentiation.DSCompiler,122.908,,,,,,,,,,generation_failed,/home/pizza/TestRound2/results/project-Math/Math-10/round03
2026-10-01T13:29:12+00:00,Math,11,nsga2,03,org.apache.commons.math3.distribution.MultivariateNormalDistribution,89.521,59,59,28,28,100.0,100.0,pass,pass,False,ok,/home/pizza/TestRound2/results/project-Math/Math-11/round03
2026-10-01T13:32:45+00:00,Math,12,nsga2,03,org.apache.commons.math3.random.BitsStreamGenerator,86.662,48,48,14,14,100.0,100.0,pass,pass,False,ok,/home/pizza/TestRound2/results/project-Math/Math-12/round03
2026-10-01T13:36:12+00:00,Math,13,nsga2,03,org.apache.commons.math3.optimization.general.AbstractLeastSquaresOptimizer,74.048,0,87,0,22,0.0,0.0,pass,pass,False,ok,/home/pizza/TestRound2/results/project-Math/Math-13/round03
2026-10-01T13:39:12+00:00,Math,14,nsga2,03,org.apache.commons.math3.optim.nonlinear.vector.jacobian.AbstractLeastSquaresOptimizer|org.apache.commons.math3.optim.nonlinear.vector.Weight,167.351,35,55,9,16,63.6,56.2,pass,fail,True,ok,/home/pizza/TestRound2/results/project-Math/Math-14/round03
2026-10-01T13:44:17+00:00,Math,15,nsga2,03,org.apache.commons.math3.util.FastMath,126.119,,,,,,,,,,generation_failed,/home/pizza/TestRound2/results/project-Math/Math-15/round03
2026-10-01T13:48:23+00:00,Math,16,nsga2,03,org.apache.commons.math3.util.FastMath,124.24,,,,,,,,,,generation_failed,/home/pizza/TestRound2/results/project-Math/Math-16/round03
2026-10-01T13:52:04+00:00,Math,17,nsga2,03,org.apache.commons.math3.dfp.Dfp,124.222,,,,,,,,,,generation_failed,/home/pizza/TestRound2/results/project-Math/Math-17/round03
2026-10-01T13:55:28+00:00,Math,18,nsga2,03,org.apache.commons.math3.optimization.direct.CMAESOptimizer,86.186,34,512,2,276,6.6,0.7,pass,pass,False,ok,/home/pizza/TestRound2/results/project-Math/Math-18/round03
2026-10-01T13:58:42+00:00,Math,19,nsga2,03,org.apache.commons.math3.optimization.direct.CMAESOptimizer,81.509,33,510,2,276,6.5,0.7,pass,pass,False,ok,/home/pizza/TestRound2/results/project-Math/Math-19/round03
2026-10-01T14:02:13+00:00,Math,20,nsga2,03,org.apache.commons.math3.optimization.direct.CMAESOptimizer,84.261,312,501,113,272,62.3,41.5,pass,pass,False,ok,/home/pizza/TestRound2/results/project-Math/Math-20/round03
2026-10-01T14:05:17+00:00,Math,21,nsga2,03,org.apache.commons.math3.linear.RectangularCholeskyDecomposition,74.453,54,55,27,28,98.2,96.4,pass,fail,True,ok,/home/pizza/TestRound2/results/project-Math/Math-21/round03
2026-10-01T14:07:57+00:00,Math,22,nsga2,03,org.apache.commons.math3.distribution.FDistribution|org.apache.commons.math3.distribution.UniformRealDistribution,163.496,86,86,22,22,100.0,100.0,pass,fail,True,ok,/home/pizza/TestRound2/results/project-Math/Math-22/round03
2026-10-01T14:12:12+00:00,Math,23,nsga2,03,org.apache.commons.math3.optimization.univariate.BrentOptimizer,89.176,120,124,68,74,96.8,91.9,pass,fail,True,ok,/home/pizza/TestRound2/results/project-Math/Math-23/round03
2026-10-01T14:15:13+00:00,Math,24,nsga2,03,org.apache.commons.math3.optimization.univariate.BrentOptimizer,93.018,114,120,64,74,95.0,86.5,pass,pass,False,ok,/home/pizza/TestRound2/results/project-Math/Math-24/round03
2026-10-01T14:18:26+00:00,Math,25,nsga2,03,org.apache.commons.math3.optimization.fitting.HarmonicFitter,87.123,94,96,27,30,97.9,90.0,pass,pass,False,ok,/home/pizza/TestRound2/results/project-Math/Math-25/round03
2026-10-01T14:21:34+00:00,Math,26,nsga2,03,org.apache.commons.math3.fraction.Fraction,112.115,163,183,74,94,89.1,78.7,pass,pass,False,ok,/home/pizza/TestRound2/results/project-Math/Math-26/round03
2026-10-01T14:24:59+00:00,Math,27,nsga2,03,org.apache.commons.math3.fraction.Fraction,123.729,,,,,,,,,,generation_failed,/home/pizza/TestRound2/results/project-Math/Math-27/round03
2026-10-01T14:28:02+00:00,Math,28,nsga2,03,org.apache.commons.math3.optimization.linear.SimplexSolver,86.988,36,81,10,52,44.4,19.2,pass,pass,False,ok,/home/pizza/TestRound2/results/project-Math/Math-28/round03
2026-10-01T14:31:31+00:00,Math,29,nsga2,03,org.apache.commons.math3.linear.OpenMapRealVector,124.15,,,,,,,,,,generation_failed,/home/pizza/TestRound2/results/project-Math/Math-29/round03
2026-10-01T14:35:07+00:00,Math,30,nsga2,03,org.apache.commons.math3.stat.inference.MannWhitneyUTest,86.46,34,34,10,10,100.0,100.0,pass,pass,False,ok,/home/pizza/TestRound2/results/project-Math/Math-30/round03
2026-10-01T14:38:52+00:00,Math,31,nsga2,03,org.apache.commons.math3.util.ContinuedFraction,75.529,0,42,0,16,0.0,0.0,pass,pass,False,ok,/home/pizza/TestRound2/results/project-Math/Math-31/round03
2026-10-01T14:42:09+00:00,Math,32,nsga2,03,org.apache.commons.math3.geometry.euclidean.twod.PolygonsSet,83.201,137,169,57,82,81.1,69.5,pass,fail,True,ok,/home/pizza/TestRound2/results/project-Math/Math-32/round03
2026-10-01T14:45:27+00:00,Math,33,nsga2,03,org.apache.commons.math3.optimization.linear.SimplexTableau,126.555,,,,,,,,,,generation_failed,/home/pizza/TestRound2/results/project-Math/Math-33/round03
2026-10-01T14:49:28+00:00,Math,34,nsga2,03,org.apache.commons.math3.genetics.ListPopulation,105.388,46,50,18,22,92.0,81.8,fail,fail,False,ok,/home/pizza/TestRound2/results/project-Math/Math-34/round03
2026-10-01T14:53:35+00:00,Math,35,nsga2,03,org.apache.commons.math3.genetics.ElitisticListPopulation,94.607,11,19,4,6,57.9,66.7,pass,fail,True,ok,/home/pizza/TestRound2/results/project-Math/Math-35/round03
2026-10-01T13:03:35+00:00,Math,36,nsga2,03,org.apache.commons.math.fraction.BigFraction,123.418,,,,,,,,,,generation_failed,/home/pizza/TestRound2/results/project-Math/Math-36/round03
2026-10-01T13:06:48+00:00,Math,37,nsga2,03,org.apache.commons.math.complex.Complex,123.24,,,,,,,,,,generation_failed,/home/pizza/TestRound2/results/project-Math/Math-37/round03
2026-10-01T13:10:08+00:00,Math,38,nsga2,03,org.apache.commons.math.optimization.direct.BOBYQAOptimizer,111.358,21,1198,3,624,1.8,0.5,pass,pass,False,ok,/home/pizza/TestRound2/results/project-Math/Math-38/round03
2026-10-01T13:13:39+00:00,Math,39,nsga2,03,org.apache.commons.math.ode.nonstiff.EmbeddedRungeKuttaIntegrator,124.464,,,,,,,,,,generation_failed,/home/pizza/TestRound2/results/project-Math/Math-39/round03
2026-10-01T13:17:14+00:00,Math,40,nsga2,03,org.apache.commons.math.analysis.solvers.BracketingNthOrderBrentSolver,128.637,,,,,,,,,,generation_failed,/home/pizza/TestRound2/results/project-Math/Math-40/round03
2026-10-01T13:21:36+00:00,Math,41,nsga2,03,org.apache.commons.math.stat.descriptive.moment.Variance,95.401,105,112,34,46,93.8,73.9,pass,pass,False,ok,/home/pizza/TestRound2/results/project-Math/Math-41/round03
2026-10-01T13:25:48+00:00,Math,42,nsga2,03,org.apache.commons.math.optimization.linear.SimplexTableau,97.855,167,185,95,124,90.3,76.6,pass,pass,False,ok,/home/pizza/TestRound2/results/project-Math/Math-42/round03
2026-10-01T13:29:13+00:00,Math,43,nsga2,03,org.apache.commons.math.stat.descriptive.SummaryStatistics,97.413,189,192,48,58,98.4,82.8,pass,pass,False,ok,/home/pizza/TestRound2/results/project-Math/Math-43/round03
2026-10-01T13:32:45+00:00,Math,44,nsga2,03,org.apache.commons.math.ode.AbstractIntegrator,101.081,72,122,20,46,59.0,43.5,pass,pass,False,ok,/home/pizza/TestRound2/results/project-Math/Math-44/round03
2026-10-01T13:36:25+00:00,Math,45,nsga2,03,org.apache.commons.math.linear.OpenMapRealMatrix,123.373,,,,,,,,,,generation_failed,/home/pizza/TestRound2/results/project-Math/Math-45/round03
2026-10-01T13:39:47+00:00,Math,46,nsga2,03,org.apache.commons.math.complex.Complex,123.572,,,,,,,,,,generation_failed,/home/pizza/TestRound2/results/project-Math/Math-46/round03
2026-10-01T13:43:15+00:00,Math,47,nsga2,03,org.apache.commons.math.complex.Complex,130.421,,,,,,,,,,generation_failed,/home/pizza/TestRound2/results/project-Math/Math-47/round03
2026-10-01T13:47:01+00:00,Math,48,nsga2,03,org.apache.commons.math.analysis.solvers.BaseSecantSolver,112.486,58,74,24,48,78.4,50.0,pass,pass,False,ok,/home/pizza/TestRound2/results/project-Math/Math-48/round03
2026-10-01T13:51:00+00:00,Math,49,nsga2,03,org.apache.commons.math.linear.OpenMapRealVector,124.901,,,,,,,,,,generation_failed,/home/pizza/TestRound2/results/project-Math/Math-49/round03
2026-10-01T13:54:25+00:00,Math,50,nsga2,03,org.apache.commons.math.analysis.solvers.BaseSecantSolver,118.816,58,73,22,46,79.5,47.8,pass,pass,False,ok,/home/pizza/TestRound2/results/project-Math/Math-50/round03
2026-10-01T13:58:10+00:00,Math,51,nsga2,03,org.apache.commons.math.analysis.solvers.BaseSecantSolver,105.798,62,77,23,48,80.5,47.9,pass,pass,False,ok,/home/pizza/TestRound2/results/project-Math/Math-51/round03
2026-10-01T14:01:37+00:00,Math,52,nsga2,03,org.apache.commons.math.geometry.euclidean.threed.Rotation,123.678,,,,,,,,,,generation_failed,/home/pizza/TestRound2/results/project-Math/Math-52/round03
2026-10-01T14:04:47+00:00,Math,53,nsga2,03,org.apache.commons.math.complex.Complex,123.319,,,,,,,,,,generation_failed,/home/pizza/TestRound2/results/project-Math/Math-53/round03
2026-10-01T14:07:49+00:00,Math,54,nsga2,03,org.apache.commons.math.dfp.Dfp,108.831,254,1001,148,700,25.4,21.1,pass,pass,False,ok,/home/pizza/TestRound2/results/project-Math/Math-54/round03
2026-10-01T14:10:57+00:00,Math,55,nsga2,03,org.apache.commons.math.geometry.Vector3D,122.713,,,,,,,,,,generation_failed,/home/pizza/TestRound2/results/project-Math/Math-55/round03
2026-10-01T14:13:53+00:00,Math,56,nsga2,03,org.apache.commons.math.util.MultidimensionalCounter,122.837,,,,,,,,,,generation_failed,/home/pizza/TestRound2/results/project-Math/Math-56/round03
2026-10-01T14:16:47+00:00,Math,57,nsga2,03,org.apache.commons.math.stat.clustering.KMeansPlusPlusClusterer,107.298,85,120,33,54,70.8,61.1,fail,fail,False,ok,/home/pizza/TestRound2/results/project-Math/Math-57/round03
2026-10-01T14:20:07+00:00,Math,58,nsga2,03,org.apache.commons.math.optimization.fitting.GaussianFitter,89.72,83,96,56,58,86.5,96.6,pass,pass,False,ok,/home/pizza/TestRound2/results/project-Math/Math-58/round03
2026-10-01T14:23:27+00:00,Math,59,nsga2,03,org.apache.commons.math.util.FastMath,123.257,,,,,,,,,,generation_failed,/home/pizza/TestRound2/results/project-Math/Math-59/round03
2026-10-01T14:26:30+00:00,Math,60,nsga2,03,org.apache.commons.math.distribution.NormalDistributionImpl,124.237,,,,,,,,,,generation_failed,/home/pizza/TestRound2/results/project-Math/Math-60/round03
2026-10-01T14:30:18+00:00,Math,61,nsga2,03,org.apache.commons.math.distribution.PoissonDistributionImpl,110.975,34,34,12,12,100.0,100.0,pass,fail,True,ok,/home/pizza/TestRound2/results/project-Math/Math-61/round03
2026-10-01T14:34:23+00:00,Math,62,nsga2,03,org.apache.commons.math.optimization.univariate.MultiStartUnivariateRealOptimizer,125.908,,,,,,,,,,generation_failed,/home/pizza/TestRound2/results/project-Math/Math-62/round03
2026-10-01T14:38:05+00:00,Math,63,nsga2,03,org.apache.commons.math.util.MathUtils,125.651,,,,,,,,,,generation_failed,/home/pizza/TestRound2/results/project-Math/Math-63/round03
2026-10-01T14:41:27+00:00,Math,64,nsga2,03,org.apache.commons.math.optimization.general.LevenbergMarquardtOptimizer,88.363,44,355,2,204,12.4,1.0,pass,pass,False,ok,/home/pizza/TestRound2/results/project-Math/Math-64/round03
2026-10-01T14:44:32+00:00,Math,65,nsga2,03,org.apache.commons.math.optimization.general.AbstractLeastSquaresOptimizer,127.176,,,,,,,,,,generation_failed,/home/pizza/TestRound2/results/project-Math/Math-65/round03
2026-10-01T14:47:59+00:00,Math,66,nsga2,03,org.apache.commons.math.optimization.univariate.BrentOptimizer,94.642,97,97,56,56,100.0,100.0,pass,fail,True,ok,/home/pizza/TestRound2/results/project-Math/Math-66/round03
2026-10-01T14:51:46+00:00,Math,67,nsga2,03,org.apache.commons.math.optimization.MultiStartUnivariateRealOptimizer,124.541,,,,,,,,,,generation_failed,/home/pizza/TestRound2/results/project-Math/Math-67/round03
2026-10-01T14:55:23+00:00,Math,68,nsga2,03,org.apache.commons.math.optimization.general.LevenbergMarquardtOptimizer,85.205,92,339,33,200,27.1,16.5,pass,pass,False,ok,/home/pizza/TestRound2/results/project-Math/Math-68/round03
2026-10-01T14:58:55+00:00,Math,69,nsga2,03,org.apache.commons.math.stat.correlation.PearsonsCorrelation,88.775,74,75,30,30,98.7,100.0,pass,pass,False,ok,/home/pizza/TestRound2/results/project-Math/Math-69/round03
2026-10-01T15:01:57+00:00,Math,70,nsga2,03,org.apache.commons.math.analysis.solvers.BisectionSolver,86.676,23,23,6,6,100.0,100.0,pass,pass,False,ok,/home/pizza/TestRound2/results/project-Math/Math-70/round03
2026-10-01T14:25:48+00:00,Math,71,nsga2,03,org.apache.commons.math.ode.nonstiff.EmbeddedRungeKuttaIntegrator|org.apache.commons.math.ode.nonstiff.RungeKuttaIntegrator,223.726,55,204,26,98,27.0,26.5,pass,pass,False,ok,/home/pizza/TestRound2/results/project-Math/Math-71/round03
2026-10-01T14:31:51+00:00,Math,72,nsga2,03,org.apache.commons.math.analysis.solvers.BrentSolver,96.201,102,107,50,54,95.3,92.6,pass,pass,False,ok,/home/pizza/TestRound2/results/project-Math/Math-72/round03
2026-10-01T14:35:45+00:00,Math,73,nsga2,03,org.apache.commons.math.analysis.solvers.BrentSolver,86.191,92,107,41,54,86.0,75.9,pass,fail,True,ok,/home/pizza/TestRound2/results/project-Math/Math-73/round03
2026-10-01T14:39:20+00:00,Math,74,nsga2,03,org.apache.commons.math.ode.nonstiff.EmbeddedRungeKuttaIntegrator,125.242,,,,,,,,,,generation_failed,/home/pizza/TestRound2/results/project-Math/Math-74/round03
2026-10-01T14:42:53+00:00,Math,75,nsga2,03,org.apache.commons.math.stat.Frequency,129.196,,,,,,,,,,generation_failed,/home/pizza/TestRound2/results/project-Math/Math-75/round03
2026-10-01T14:46:17+00:00,Math,76,nsga2,03,org.apache.commons.math.linear.SingularValueDecompositionImpl,112.799,134,138,58,58,97.1,100.0,pass,pass,False,ok,/home/pizza/TestRound2/results/project-Math/Math-76/round03
2026-10-01T14:50:47+00:00,Math,77,nsga2,03,org.apache.commons.math.linear.ArrayRealVector|org.apache.commons.math.linear.OpenMapRealVector,242.548,253,793,97,336,31.9,28.9,pass,fail,True,ok,/home/pizza/TestRound2/results/project-Math/Math-77/round03
2026-10-01T14:57:02+00:00,Math,78,nsga2,03,org.apache.commons.math.ode.events.EventState,107.417,76,98,38,60,77.6,63.3,pass,pass,False,ok,/home/pizza/TestRound2/results/project-Math/Math-78/round03
2026-10-01T15:00:21+00:00,Math,79,nsga2,03,org.apache.commons.math.util.MathUtils,123.818,,,,,,,,,,generation_failed,/home/pizza/TestRound2/results/project-Math/Math-79/round03
2026-10-01T15:03:35+00:00,Math,80,nsga2,03,org.apache.commons.math.linear.EigenDecompositionImpl,123.892,,,,,,,,,,generation_failed,/home/pizza/TestRound2/results/project-Math/Math-80/round03
2026-10-01T15:06:55+00:00,Math,81,nsga2,03,org.apache.commons.math.linear.EigenDecompositionImpl,122.61,,,,,,,,,,generation_failed,/home/pizza/TestRound2/results/project-Math/Math-81/round03
2026-10-01T15:09:45+00:00,Math,82,nsga2,03,org.apache.commons.math.optimization.linear.SimplexSolver,77.616,48,60,27,36,80.0,75.0,pass,pass,False,ok,/home/pizza/TestRound2/results/project-Math/Math-82/round03
2026-10-01T15:12:14+00:00,Math,83,nsga2,03,org.apache.commons.math.optimization.linear.SimplexTableau,95.845,11,155,7,94,7.1,7.4,pass,pass,False,ok,/home/pizza/TestRound2/results/project-Math/Math-83/round03
2026-10-01T15:14:53+00:00,Math,84,nsga2,03,org.apache.commons.math.optimization.direct.MultiDirectional,82.792,29,41,6,14,70.7,42.9,pass,pass,False,ok,/home/pizza/TestRound2/results/project-Math/Math-84/round03
2026-10-01T15:17:19+00:00,Math,85,nsga2,03,org.apache.commons.math.analysis.solvers.UnivariateRealSolverUtils,77.469,36,38,22,22,94.7,100.0,pass,pass,False,ok,/home/pizza/TestRound2/results/project-Math/Math-85/round03
2026-10-01T15:19:37+00:00,Math,86,nsga2,03,org.apache.commons.math.linear.CholeskyDecompositionImpl,73.496,49,116,22,60,42.2,36.7,pass,pass,False,ok,/home/pizza/TestRound2/results/project-Math/Math-86/round03
2026-10-01T15:21:50+00:00,Math,87,nsga2,03,org.apache.commons.math.optimization.linear.SimplexTableau,87.101,11,152,9,92,7.2,9.8,pass,fail,True,ok,/home/pizza/TestRound2/results/project-Math/Math-87/round03
2026-10-01T15:24:18+00:00,Math,88,nsga2,03,org.apache.commons.math.optimization.linear.SimplexTableau,88.684,11,152,7,90,7.2,7.8,pass,pass,False,ok,/home/pizza/TestRound2/results/project-Math/Math-88/round03
2026-10-01T15:26:47+00:00,Math,89,nsga2,03,org.apache.commons.math.stat.Frequency,82.01,109,110,33,34,99.1,97.1,pass,pass,False,ok,/home/pizza/TestRound2/results/project-Math/Math-89/round03
2026-10-01T15:29:14+00:00,Math,90,nsga2,03,org.apache.commons.math.stat.Frequency,91.241,105,108,31,32,97.2,96.9,pass,fail,True,ok,/home/pizza/TestRound2/results/project-Math/Math-90/round03
2026-10-01T15:31:56+00:00,Math,91,nsga2,03,org.apache.commons.math.fraction.Fraction,95.417,148,163,74,90,90.8,82.2,pass,pass,False,ok,/home/pizza/TestRound2/results/project-Math/Math-91/round03
2026-10-01T15:34:45+00:00,Math,92,nsga2,03,org.apache.commons.math.util.MathUtils,119.502,168,260,156,255,64.6,61.2,pass,fail,True,ok,/home/pizza/TestRound2/results/project-Math/Math-92/round03
2026-10-01T15:37:55+00:00,Math,93,nsga2,03,org.apache.commons.math.util.MathUtils,123.393,,,,,,,,,,generation_failed,/home/pizza/TestRound2/results/project-Math/Math-93/round03
2026-10-01T15:40:47+00:00,Math,94,nsga2,03,org.apache.commons.math.util.MathUtils,106.971,160,225,137,217,71.1,63.1,pass,pass,False,ok,/home/pizza/TestRound2/results/project-Math/Math-94/round03
2026-10-01T15:43:55+00:00,Math,95,nsga2,03,org.apache.commons.math.distribution.FDistributionImpl,78.498,32,32,11,12,100.0,91.7,pass,pass,False,ok,/home/pizza/TestRound2/results/project-Math/Math-95/round03
2026-10-01T15:46:26+00:00,Math,96,nsga2,03,org.apache.commons.math.complex.Complex,118.171,138,142,93,102,97.2,91.2,pass,fail,True,ok,/home/pizza/TestRound2/results/project-Math/Math-96/round03
2026-10-01T15:49:31+00:00,Math,97,nsga2,03,org.apache.commons.math.analysis.BrentSolver,89.314,95,99,52,54,96.0,96.3,pass,fail,True,ok,/home/pizza/TestRound2/results/project-Math/Math-97/round03
2026-10-01T15:52:12+00:00,Math,98,nsga2,03,org.apache.commons.math.linear.BigMatrixImpl|org.apache.commons.math.linear.RealMatrixImpl,196.844,419,918,212,554,45.6,38.3,pass,pass,False,ok,/home/pizza/TestRound2/results/project-Math/Math-98/round03
2026-10-01T15:56:39+00:00,Math,99,nsga2,03,org.apache.commons.math.util.MathUtils,107.531,190,274,176,277,69.3,63.5,pass,pass,False,ok,/home/pizza/TestRound2/results/project-Math/Math-99/round03
2026-10-01T15:59:39+00:00,Math,100,nsga2,03,org.apache.commons.math.estimation.AbstractEstimator,93.678,70,73,20,22,95.9,90.9,pass,pass,False,ok,/home/pizza/TestRound2/results/project-Math/Math-100/round03
2026-10-01T16:02:23+00:00,Math,101,nsga2,03,org.apache.commons.math.complex.ComplexFormat,85.443,128,144,45,56,88.9,80.4,pass,pass,False,ok,/home/pizza/TestRound2/results/project-Math/Math-101/round03
2026-10-01T16:04:58+00:00,Math,102,nsga2,03,org.apache.commons.math.stat.inference.ChiSquareTestImpl,84.661,119,124,74,92,96.0,80.4,pass,fail,True,ok,/home/pizza/TestRound2/results/project-Math/Math-102/round03
2026-10-01T16:07:33+00:00,Math,103,nsga2,03,org.apache.commons.math.distribution.NormalDistributionImpl,85.627,37,43,14,18,86.0,77.8,pass,pass,False,ok,/home/pizza/TestRound2/results/project-Math/Math-103/round03
2026-10-01T16:10:11+00:00,Math,104,nsga2,03,org.apache.commons.math.special.Gamma,119.134,45,47,40,40,95.7,100.0,pass,pass,False,ok,/home/pizza/TestRound2/results/project-Math/Math-104/round03
2026-10-01T16:13:41+00:00,Math,105,nsga2,03,org.apache.commons.math.stat.regression.SimpleRegression,101.191,70,71,17,18,98.6,94.4,pass,pass,False,ok,/home/pizza/TestRound2/results/project-Math/Math-105/round03
2026-10-01T16:16:53+00:00,Math,106,nsga2,03,org.apache.commons.math.fraction.ProperFractionFormat,82.077,40,63,9,19,63.5,47.4,pass,pass,False,ok,/home/pizza/TestRound2/results/project-Math/Math-106/round03
2026-10-01T12:38:36+00:00,Mockito,1,nsga2,03,org.mockito.internal.invocation.InvocationMatcher,96.572,18,69,5,60,26.1,8.3,pass,pass,False,ok,/home/user/TestRound2/results/project-Mockito/Mockito-1/round03
2026-10-01T12:45:09+00:00,Mockito,2,nsga2,03,org.mockito.internal.util.Timer,88.636,13,13,4,8,100.0,50.0,pass,fail,True,ok,/home/user/TestRound2/results/project-Mockito/Mockito-2/round03
2026-10-01T12:51:49+00:00,Mockito,3,nsga2,03,org.mockito.internal.invocation.InvocationMatcher,94.061,17,70,4,56,24.3,7.1,pass,pass,False,ok,/home/user/TestRound2/results/project-Mockito/Mockito-3/round03
2026-10-01T12:58:10+00:00,Mockito,4,nsga2,03,org.mockito.exceptions.Reporter,92.181,55,159,3,20,34.6,15.0,pass,pass,False,ok,/home/user/TestRound2/results/project-Mockito/Mockito-4/round03
2026-10-01T13:04:20+00:00,Mockito,5,nsga2,03,org.mockito.internal.verification.VerificationOverTimeImpl,88.421,23,36,9,12,63.9,75.0,pass,pass,False,ok,/home/user/TestRound2/results/project-Mockito/Mockito-5/round03
2026-10-01T13:10:30+00:00,Mockito,6,nsga2,03,org.mockito.Matchers,98.163,55,55,0,0,100.0,,pass,pass,False,ok,/home/user/TestRound2/results/project-Mockito/Mockito-6/round03
2026-10-01T13:17:08+00:00,Mockito,7,nsga2,03,org.mockito.internal.util.reflection.GenericMetadataSupport,89.051,25,175,12,82,14.3,14.6,pass,pass,False,ok,/home/user/TestRound2/results/project-Mockito/Mockito-7/round03
2026-10-01T13:23:41+00:00,Mockito,8,nsga2,03,org.mockito.internal.util.reflection.GenericMetadataSupport,113.183,25,174,10,82,14.4,12.2,pass,pass,False,ok,/home/user/TestRound2/results/project-Mockito/Mockito-8/round03
2026-10-01T13:34:13+00:00,Mockito,9,nsga2,03,org.mockito.internal.stubbing.answers.CallsRealMethods,,,,,,,,,,,compile_failed_b,/home/user/TestRound2/results/project-Mockito/Mockito-9/round03
2026-10-01T13:34:59+00:00,Mockito,10,nsga2,03,org.mockito.internal.stubbing.defaultanswers.ReturnsDeepStubs,,,,,,,,,,,compile_failed_b,/home/user/TestRound2/results/project-Mockito/Mockito-10/round03
2026-10-01T13:35:44+00:00,Mockito,11,nsga2,03,org.mockito.internal.creation.DelegatingMethod,,,,,,,,,,,compile_failed_b,/home/user/TestRound2/results/project-Mockito/Mockito-11/round03
2026-10-01T13:36:59+00:00,Mockito,12,nsga2,03,org.mockito.internal.util.reflection.GenericMaster,70.63,2,9,0,8,22.2,0.0,pass,pass,False,ok,/home/user/TestRound2/results/project-Mockito/Mockito-12/round03
2026-10-01T13:39:15+00:00,Mockito,13,nsga2,03,org.mockito.internal.MockHandler,72.5,19,41,1,8,46.3,12.5,pass,pass,False,ok,/home/user/TestRound2/results/project-Mockito/Mockito-13/round03
2026-10-01T13:41:36+00:00,Mockito,14,nsga2,03,org.mockito.internal.MockHandler|org.mockito.internal.MockitoCore,157.158,73,107,22,36,68.2,61.1,pass,pass,False,ok,/home/user/TestRound2/results/project-Mockito/Mockito-14/round03
2026-10-01T13:45:25+00:00,Mockito,15,nsga2,03,org.mockito.internal.configuration.injection.FinalMockCandidateFilter,68.692,7,14,2,4,50.0,50.0,pass,pass,False,ok,/home/user/TestRound2/results/project-Mockito/Mockito-15/round03
2026-10-01T13:47:27+00:00,Mockito,16,nsga2,03,org.mockito.internal.MockitoCore|org.mockito.Mockito,149.255,,,,,,,pass,error,n/a,not_evaluable,/home/user/TestRound2/results/project-Mockito/Mockito-16/round03
2026-10-01T13:50:34+00:00,Mockito,17,nsga2,03,org.mockito.internal.creation.MockSettingsImpl|org.mockito.internal.util.MockUtil,144.3,49,64,19,32,76.6,59.4,pass,pass,False,ok,/home/user/TestRound2/results/project-Mockito/Mockito-17/round03
2026-10-01T13:53:52+00:00,Mockito,18,nsga2,03,org.mockito.internal.stubbing.defaultanswers.ReturnsEmptyValues,80.383,21,46,16,40,45.7,40.0,pass,pass,False,ok,/home/user/TestRound2/results/project-Mockito/Mockito-18/round03
2026-10-01T13:58:55+00:00,Mockito,19,nsga2,03,org.mockito.internal.configuration.injection.filter.FinalMockCandidateFilter|org.mockito.internal.configuration.injection.filter.MockCandidateFilter|org.mockito.internal.configuration.injection.filter.NameBasedCandidateFilter|org.mockito.internal.configuration.injection.filter.TypeBasedCandidateFilter|org.mockito.internal.configuration.injection.PropertyAndSetterInjection,271.765,,,,,,,pass,error,n/a,not_evaluable,/home/user/TestRound2/results/project-Mockito/Mockito-19/round03
2026-10-01T12:38:47+00:00,Mockito,20,nsga2,03,org.mockito.internal.creation.bytebuddy.ByteBuddyMockMaker,99.2,21,41,3,10,51.2,30.0,pass,pass,False,ok,/home/user/TestRound2/results/project-Mockito/Mockito-20/round03
2026-10-01T12:45:26+00:00,Mockito,21,nsga2,03,org.mockito.internal.creation.instance.ConstructorInstantiator,85.06,16,26,6,12,61.5,50.0,pass,pass,False,ok,/home/user/TestRound2/results/project-Mockito/Mockito-21/round03
2026-10-01T12:52:18+00:00,Mockito,22,nsga2,03,org.mockito.internal.matchers.Equality,80.484,7,15,8,26,46.7,30.8,pass,pass,False,ok,/home/user/TestRound2/results/project-Mockito/Mockito-22/round03
2026-10-01T12:58:19+00:00,Mockito,23,nsga2,03,org.mockito.internal.stubbing.defaultanswers.ReturnsDeepStubs,77.113,4,41,0,12,9.8,0.0,pass,pass,False,ok,/home/user/TestRound2/results/project-Mockito/Mockito-23/round03
2026-10-01T13:04:36+00:00,Mockito,24,nsga2,03,org.mockito.internal.stubbing.defaultanswers.ReturnsEmptyValues,77.115,20,44,15,38,45.5,39.5,pass,pass,False,ok,/home/user/TestRound2/results/project-Mockito/Mockito-24/round03
2026-10-01T13:10:40+00:00,Mockito,25,nsga2,03,org.mockito.internal.stubbing.defaultanswers.ReturnsDeepStubs,80.817,5,32,0,8,15.6,0.0,pass,pass,False,ok,/home/user/TestRound2/results/project-Mockito/Mockito-25/round03
2026-10-01T13:13:57+00:00,Mockito,26,nsga2,03,org.mockito.internal.util.Primitives,73.109,36,36,2,2,100.0,100.0,pass,pass,False,ok,/home/user/TestRound2/results/project-Mockito/Mockito-26/round03
2026-10-01T13:16:52+00:00,Mockito,27,nsga2,03,org.mockito.internal.util.MockUtil,78.809,29,41,12,22,70.7,54.5,pass,pass,False,ok,/home/user/TestRound2/results/project-Mockito/Mockito-27/round03
2026-10-01T13:19:15+00:00,Mockito,28,nsga2,03,org.mockito.internal.configuration.DefaultInjectionEngine,72.362,9,31,2,10,29.0,20.0,pass,pass,False,ok,/home/user/TestRound2/results/project-Mockito/Mockito-28/round03
2026-10-01T13:21:38+00:00,Mockito,29,nsga2,03,org.mockito.internal.matchers.Same,73.32,14,15,6,8,93.3,75.0,pass,pass,False,ok,/home/user/TestRound2/results/project-Mockito/Mockito-29/round03
2026-10-01T13:23:55+00:00,Mockito,30,nsga2,03,org.mockito.exceptions.Reporter|org.mockito.internal.stubbing.defaultanswers.ReturnsSmartNulls,147.999,,,,,,,pass,error,n/a,not_evaluable,/home/user/TestRound2/results/project-Mockito/Mockito-30/round03
2026-10-01T13:27:21+00:00,Mockito,31,nsga2,03,org.mockito.internal.stubbing.defaultanswers.ReturnsSmartNulls,70.767,3,20,0,6,15.0,0.0,pass,pass,False,ok,/home/user/TestRound2/results/project-Mockito/Mockito-31/round03
2026-10-01T13:29:35+00:00,Mockito,32,nsga2,03,org.mockito.internal.configuration.SpyAnnotationEngine,73.621,9,26,5,12,34.6,41.7,pass,pass,False,ok,/home/user/TestRound2/results/project-Mockito/Mockito-32/round03
2026-10-01T13:31:55+00:00,Mockito,33,nsga2,03,org.mockito.internal.invocation.InvocationMatcher,76.117,24,53,4,42,45.3,9.5,pass,pass,False,ok,/home/user/TestRound2/results/project-Mockito/Mockito-33/round03
2026-10-01T13:34:12+00:00,Mockito,34,nsga2,03,org.mockito.internal.invocation.InvocationMatcher,77.741,19,38,3,30,50.0,10.0,pass,pass,False,ok,/home/user/TestRound2/results/project-Mockito/Mockito-34/round03
2026-10-01T13:36:31+00:00,Mockito,35,nsga2,03,org.mockito.Matchers,78.113,51,51,0,0,100.0,,pass,fail,True,ok,/home/user/TestRound2/results/project-Mockito/Mockito-35/round03
2026-10-01T13:38:49+00:00,Mockito,36,nsga2,03,org.mockito.internal.invocation.Invocation,71.691,6,72,0,44,8.3,0.0,pass,pass,False,ok,/home/user/TestRound2/results/project-Mockito/Mockito-36/round03
2026-10-01T13:41:01+00:00,Mockito,37,nsga2,03,org.mockito.internal.stubbing.answers.AnswersValidator,72.369,18,32,13,30,56.2,43.3,pass,pass,False,ok,/home/user/TestRound2/results/project-Mockito/Mockito-37/round03
2026-10-01T13:43:17+00:00,Mockito,38,nsga2,03,org.mockito.internal.verification.argumentmatching.ArgumentMatchingTool,69.361,2,18,0,14,11.1,0.0,pass,pass,False,ok,/home/user/TestRound2/results/project-Mockito/Mockito-38/round03
2026-10-01T12:37:41+00:00,Time,1,nsga2,03,org.joda.time.field.UnsupportedDurationField|org.joda.time.Partial,184.058,216,305,66,122,70.8,54.1,pass,fail,True,ok,/home/user/TestRound2/results/project-Time/Time-1/round03
2026-10-01T12:41:44+00:00,Time,2,nsga2,03,org.joda.time.field.UnsupportedDurationField|org.joda.time.Partial,179.392,234,301,74,118,77.7,62.7,pass,pass,False,ok,/home/user/TestRound2/results/project-Time/Time-2/round03
2026-10-01T12:45:59+00:00,Time,3,nsga2,03,org.joda.time.MutableDateTime,110.003,131,248,27,63,52.8,42.9,pass,pass,False,ok,/home/user/TestRound2/results/project-Time/Time-3/round03
2026-10-01T12:49:05+00:00,Time,4,nsga2,03,org.joda.time.Partial,111.556,174,253,60,106,68.8,56.6,pass,pass,False,ok,/home/user/TestRound2/results/project-Time/Time-4/round03
2026-10-01T12:52:05+00:00,Time,5,nsga2,03,org.joda.time.Period,117.851,242,288,48,64,84.0,75.0,pass,fail,True,ok,/home/user/TestRound2/results/project-Time/Time-5/round03
2026-10-01T12:55:15+00:00,Time,6,nsga2,03,org.joda.time.chrono.GJChronology,101.405,231,380,65,182,60.8,35.7,pass,fail,True,ok,/home/user/TestRound2/results/project-Time/Time-6/round03
2026-10-01T12:58:11+00:00,Time,7,nsga2,03,org.joda.time.format.DateTimeFormatter,103.053,149,208,48,88,71.6,54.5,pass,pass,False,ok,/home/user/TestRound2/results/project-Time/Time-7/round03
2026-10-01T13:01:02+00:00,Time,8,nsga2,03,org.joda.time.DateTimeZone,109.216,264,357,98,182,73.9,53.8,pass,pass,False,ok,/home/user/TestRound2/results/project-Time/Time-8/round03
2026-10-01T13:04:02+00:00,Time,9,nsga2,03,org.joda.time.DateTimeZone,108.27,263,355,97,178,74.1,54.5,fail,fail,False,ok,/home/user/TestRound2/results/project-Time/Time-9/round03
2026-10-01T13:07:01+00:00,Time,10,nsga2,03,org.joda.time.base.BaseSingleFieldPeriod,87.257,64,71,39,46,90.1,84.8,pass,pass,False,ok,/home/user/TestRound2/results/project-Time/Time-10/round03
2026-10-01T13:09:33+00:00,Time,11,nsga2,03,org.joda.time.tz.ZoneInfoCompiler,89.193,110,393,50,193,28.0,25.9,fail,fail,False,ok,/home/user/TestRound2/results/project-Time/Time-11/round03
2026-10-01T13:12:21+00:00,Time,12,nsga2,03,org.joda.time.LocalDate|org.joda.time.LocalDateTime,243.156,,,,,,,,,,generation_failed,/home/user/TestRound2/results/project-Time/Time-12/round03
2026-10-01T13:17:14+00:00,Time,13,nsga2,03,org.joda.time.format.PeriodFormatterBuilder,117.554,347,675,121,458,51.4,26.4,pass,pass,False,ok,/home/user/TestRound2/results/project-Time/Time-13/round03
2026-10-01T13:20:37+00:00,Time,14,nsga2,03,org.joda.time.chrono.BasicMonthOfYearDateTimeField,114.198,106,118,37,52,89.8,71.2,pass,pass,False,ok,/home/user/TestRound2/results/project-Time/Time-14/round03
2026-10-01T13:23:48+00:00,Time,15,nsga2,03,org.joda.time.field.FieldUtils,92.513,65,77,55,72,84.4,76.4,pass,pass,False,ok,/home/user/TestRound2/results/project-Time/Time-15/round03
2026-10-01T13:26:33+00:00,Time,16,nsga2,03,org.joda.time.format.DateTimeFormatter,91.943,152,208,47,88,73.1,53.4,pass,pass,False,ok,/home/user/TestRound2/results/project-Time/Time-16/round03
2026-10-01T13:29:14+00:00,Time,17,nsga2,03,org.joda.time.DateTimeZone,105.456,271,353,97,170,76.8,57.1,pass,pass,False,ok,/home/user/TestRound2/results/project-Time/Time-17/round03
2026-10-01T13:32:13+00:00,Time,18,nsga2,03,org.joda.time.chrono.GJChronology,95.674,216,352,61,158,61.4,38.6,pass,pass,False,ok,/home/user/TestRound2/results/project-Time/Time-18/round03
2026-10-01T13:35:04+00:00,Time,19,nsga2,03,org.joda.time.DateTimeZone,113.297,269,343,96,162,78.4,59.3,pass,pass,False,ok,/home/user/TestRound2/results/project-Time/Time-19/round03
2026-10-01T13:38:05+00:00,Time,20,nsga2,03,org.joda.time.format.DateTimeFormatterBuilder,102.263,339,1037,143,595,32.7,24.0,pass,pass,False,ok,/home/user/TestRound2/results/project-Time/Time-20/round03
2026-10-01T13:40:59+00:00,Time,22,nsga2,03,org.joda.time.base.BasePeriod,93.373,169,176,42,58,96.0,72.4,pass,pass,False,ok,/home/user/TestRound2/results/project-Time/Time-22/round03
2026-10-01T13:43:52+00:00,Time,23,nsga2,03,org.joda.time.DateTimeZone,101.531,266,343,95,162,77.6,58.6,pass,fail,True,ok,/home/user/TestRound2/results/project-Time/Time-23/round03
2026-10-01T13:46:35+00:00,Time,24,nsga2,03,org.joda.time.format.DateTimeParserBucket,90.805,135,147,55,70,91.8,78.6,pass,pass,False,ok,/home/user/TestRound2/results/project-Time/Time-24/round03
2026-10-01T13:49:00+00:00,Time,25,nsga2,03,org.joda.time.DateTimeZone,110.595,262,336,97,158,78.0,61.4,fail,fail,False,ok,/home/user/TestRound2/results/project-Time/Time-25/round03
2026-10-01T13:51:49+00:00,Time,26,nsga2,03,org.joda.time.chrono.ZonedChronology|org.joda.time.DateTimeZone|org.joda.time.field.LenientDateTimeField,261.475,435,573,148,242,75.9,61.2,pass,pass,False,ok,/home/user/TestRound2/results/project-Time/Time-26/round03
2026-10-01T13:57:20+00:00,Time,27,nsga2,03,org.joda.time.format.PeriodFormatterBuilder,100.57,313,672,111,450,46.6,24.7,pass,pass,False,ok,/home/user/TestRound2/results/project-Time/Time-27/round03
