CMD: /usr/lib/jvm/java-8-openjdk-amd64/bin/java -Dtools_jar_location=/usr/lib/jvm/java-8-openjdk-amd64/lib/tools.jar -jar /home/pizza/evosuite/evosuite-1.2.0.jar -generateSuite -class org.mockito.internal.verification.argumentmatching.ArgumentMatchingTool -projectCP /home/pizza/evosuite/Test/Mockito-38b/target/classes:/home/pizza/defects4j/framework/projects/Mockito/lib/asm-all-5.0.4.jar:/home/pizza/defects4j/framework/projects/Mockito/lib/assertj-core-2.1.0.jar:/home/pizza/defects4j/framework/projects/Mockito/lib/cglib-and-asm-1.0.jar:/home/pizza/defects4j/framework/projects/Mockito/lib/cobertura-2.0.3.jar:/home/pizza/defects4j/framework/projects/Mockito/lib/fest-assert-1.3.jar:/home/pizza/defects4j/framework/projects/Mockito/lib/fest-util-1.1.4.jar:/home/pizza/defects4j/framework/projects/Mockito/lib/hamcrest-all-1.3.jar:/home/pizza/defects4j/framework/projects/Mockito/lib/hamcrest-core-1.1.jar:/home/pizza/defects4j/framework/projects/Mockito/lib/objenesis-2.1.jar:/home/pizza/defects4j/framework/projects/Mockito/lib/objenesis-2.2.jar:/home/pizza/defects4j/framework/projects/Mockito/lib/powermock-reflect-1.2.5.jar -base_dir /home/pizza/evosuite/results/project-Mockito/Mockito-38/round02/evosuite-work -seed 11 -Dalgorithm=NSGAII -Dsearch_budget=150 -Dtest_format=JUNIT4 -Dassertions=true

* EvoSuite 1.2.0
* Going to generate test cases for class: org.mockito.internal.verification.argumentmatching.ArgumentMatchingTool
* Starting Client-0
* Connecting to master process on port 8220
* Analyzing classpath: 
  - /home/pizza/evosuite/Test/Mockito-38b/target/classes
  - /home/pizza/defects4j/framework/projects/Mockito/lib/asm-all-5.0.4.jar
  - /home/pizza/defects4j/framework/projects/Mockito/lib/assertj-core-2.1.0.jar
  - /home/pizza/defects4j/framework/projects/Mockito/lib/cglib-and-asm-1.0.jar
  - /home/pizza/defects4j/framework/projects/Mockito/lib/cobertura-2.0.3.jar
  - /home/pizza/defects4j/framework/projects/Mockito/lib/fest-assert-1.3.jar
  - /home/pizza/defects4j/framework/projects/Mockito/lib/fest-util-1.1.4.jar
  - /home/pizza/defects4j/framework/projects/Mockito/lib/hamcrest-all-1.3.jar
  - /home/pizza/defects4j/framework/projects/Mockito/lib/hamcrest-core-1.1.jar
  - /home/pizza/defects4j/framework/projects/Mockito/lib/objenesis-2.1.jar
  - /home/pizza/defects4j/framework/projects/Mockito/lib/objenesis-2.2.jar
  - /home/pizza/defects4j/framework/projects/Mockito/lib/powermock-reflect-1.2.5.jar
* Finished analyzing classpath
* Generating tests for class org.mockito.internal.verification.argumentmatching.ArgumentMatchingTool
* Test criteria:
  - Line Coverage
  - Branch Coverage
  - Exception
  - Mutation testing (weak)
  - Method-Output Coverage
  - Top-Level Method Coverage
  - No-Exception Top-Level Method Coverage
  - Context Branch Coverage
* Setting up search algorithm for whole suite generation
* Total number of test goals: 
  - Line 18
  - Branch 15
  - Exception 0
  - MutationFactory 27
  - Output 3
  - Method 2
  - MethodNoException 2
  - CBranchFitnessFactory 15

[Progress:>                             0%] [Cov:>                                  0%]* Using seed 11
* Starting evolution

[Progress:>                             0%] [Cov:>                                  0%]
[Progress:>                             0%] [Cov:>                                  1%]
[Progress:>                             0%] [Cov:>                                  2%]
[Progress:>                             0%] [Cov:====>                              14%]
[Progress:>                             0%] [Cov:========>                          24%]
[Progress:>                             0%] [Cov:==========>                        30%]
[Progress:>                             0%] [Cov:==========>                        31%]
[Progress:>                             0%] [Cov:==========>                        31%]
[Progress:>                             0%] [Cov:==========>                        31%]
[Progress:>                             1%] [Cov:==========>                        31%]
[Progress:>                             1%] [Cov:==========>                        31%]
[Progress:>                             1%] [Cov:==========>                        31%]
[Progress:>                             1%] [Cov:==========>                        31%]
[Progress:>                             1%] [Cov:==========>                        31%]
[Progress:>                             1%] [Cov:==========>                        31%]
[Progress:>                             1%] [Cov:==========>                        31%]
[Progress:>                             1%] [Cov:==========>                        31%]
[Progress:>                             1%] [Cov:==========>                        31%]
[Progress:>                             1%] [Cov:==========>                        31%]
[Progress:>                             1%] [Cov:==========>                        31%]
[Progress:>                             1%] [Cov:==========>                        31%]
[Progress:>                             2%] [Cov:==========>                        31%]
[Progress:>                             2%] [Cov:==========>                        31%]
[Progress:>                             2%] [Cov:==========>                        31%]
[Progress:>                             2%] [Cov:==========>                        31%]
[Progress:>                             2%] [Cov:==========>                        31%]
[Progress:>                             2%] [Cov:==========>                        31%]
[Progress:>                             2%] [Cov:==========>                        31%]
[Progress:>                             2%] [Cov:==========>                        31%]
[Progress:>                             2%] [Cov:==========>                        31%]
[Progress:>                             2%] [Cov:==========>                        31%]
[Progress:>                             2%] [Cov:==========>                        31%]
[Progress:>                             2%] [Cov:==========>                        31%]
[Progress:>                             2%] [Cov:==========>                        31%]
[Progress:>                             2%] [Cov:==========>                        31%]
[Progress:>                             2%] [Cov:==========>                        31%]
[Progress:>                             2%] [Cov:==========>                        31%]
[Progress:>                             2%] [Cov:==========>                        31%]
[Progress:>                             2%] [Cov:==========>                        31%]
[Progress:>                             2%] [Cov:==========>                        31%]
[Progress:>                             2%] [Cov:==========>                        31%]
[Progress:>                             2%] [Cov:==========>                        31%]
[Progress:>                             2%] [Cov:==========>                        31%]
[Progress:>                             2%] [Cov:==========>                        31%]
[Progress:>                             2%] [Cov:==========>                        31%]
[Progress:>                             2%] [Cov:==========>                        31%]
[Progress:>                             2%] [Cov:==========>                        31%]
[Progress:>                             2%] [Cov:==========>                        31%]
[Progress:>                             2%] [Cov:==========>                        31%]
[Progress:>                             2%] [Cov:==========>                        31%]
[Progress:>                             2%] [Cov:==========>                        31%]
[Progress:>                             2%] [Cov:==========>                        31%]
[Progress:>                             2%] [Cov:==========>                        31%]
[Progress:>                             2%] [Cov:==========>                        31%]
[Progress:>                             2%] [Cov:==========>                        31%]
[Progress:>                             2%] [Cov:==========>                        31%]
[Progress:>                             2%] [Cov:==========>                        31%]
[Progress:>                             2%] [Cov:==========>                        31%]
[Progress:>                             2%] [Cov:==========>                        31%]
[Progress:>                             2%] [Cov:==========>                        31%]
[Progress:>                             3%] [Cov:==========>                        31%]
[Progress:>                             3%] [Cov:==========>                        31%]
[Progress:>                             3%] [Cov:==========>                        31%]
[Progress:>                             3%] [Cov:==========>                        31%]
[Progress:>                             3%] [Cov:==========>                        31%]
[Progress:>                             3%] [Cov:==========>                        31%]
[Progress:>                             3%] [Cov:==========>                        31%]
[Progress:>                             3%] [Cov:==========>                        31%]
[Progress:>                             3%] [Cov:==========>                        31%]
[Progress:>                             3%] [Cov:==========>                        31%]
[Progress:>                             3%] [Cov:==========>                        31%]
[Progress:>                             3%] [Cov:==========>                        31%]
[Progress:>                             3%] [Cov:==========>                        31%]
[Progress:>                             3%] [Cov:==========>                        31%]
[Progress:>                             3%] [Cov:==========>                        31%]
[Progress:>                             3%] [Cov:==========>                        31%]
[Progress:>                             3%] [Cov:==========>                        31%]
[Progress:>                             3%] [Cov:==========>                        31%]
[Progress:>                             3%] [Cov:==========>                        31%]
[Progress:>                             3%] [Cov:==========>                        31%]
[Progress:>                             3%] [Cov:==========>                        31%]
[Progress:>                             3%] [Cov:==========>                        31%]
[Progress:>                             3%] [Cov:==========>                        31%]
[Progress:>                             3%] [Cov:==========>                        31%]
[Progress:>                             3%] [Cov:==========>                        31%]
[Progress:=>                            4%] [Cov:==========>                        30%]
[Progress:=>                            4%] [Cov:==========>                        31%]
[Progress:=>                            4%] [Cov:==========>                        31%]
[Progress:=>                            4%] [Cov:==========>                        31%]
[Progress:=>                            4%] [Cov:==========>                        31%]
[Progress:=>                            4%] [Cov:==========>                        31%]
[Progress:=>                            4%] [Cov:==========>                        31%]
[Progress:=>                            4%] [Cov:==========>                        31%]
[Progress:=>                            4%] [Cov:==========>                        31%]
[Progress:=>                            4%] [Cov:==========>                        31%]
[Progress:=>                            4%] [Cov:==========>                        31%]
[Progress:=>                            4%] [Cov:==========>                        31%]
[Progress:=>                            4%] [Cov:==========>                        31%]
[Progress:=>                            4%] [Cov:==========>                        31%]
[Progress:=>                            4%] [Cov:==========>                        31%]
[Progress:=>                            4%] [Cov:==========>                        31%]
[Progress:=>                            4%] [Cov:==========>                        31%]
[Progress:=>                            4%] [Cov:==========>                        31%]
[Progress:=>                            4%] [Cov:==========>                        31%]
[Progress:=>                            4%] [Cov:==========>                        31%]
[Progress:=>                            4%] [Cov:==========>                        31%]
[Progress:=>                            4%] [Cov:==========>                        31%]
[Progress:=>                            4%] [Cov:==========>                        31%]
[Progress:=>                            4%] [Cov:==========>                        31%]
[Progress:=>                            4%] [Cov:==========>                        31%]
[Progress:=>                            4%] [Cov:==========>                        31%]
[Progress:=>                            4%] [Cov:==========>                        31%]
[Progress:=>                            4%] [Cov:==========>                        31%]
[Progress:=>                            4%] [Cov:==========>                        31%]
[Progress:=>                            4%] [Cov:==========>                        31%]
[Progress:=>                            4%] [Cov:==========>                        31%]
[Progress:=>                            4%] [Cov:==========>                        31%]
[Progress:=>                            4%] [Cov:==========>                        31%]
[Progress:=>                            4%] [Cov:==========>                        31%]
[Progress:=>                            4%] [Cov:==========>                        31%]
[Progress:=>                            4%] [Cov:==========>                        31%]
[Progress:=>                            4%] [Cov:==========>                        31%]
[Progress:=>                            4%] [Cov:==========>                        31%]
[Progress:=>                            4%] [Cov:==========>                        31%]
[Progress:=>                            4%] [Cov:==========>                        31%]
[Progress:=>                            4%] [Cov:==========>                        31%]
[Progress:=>                            4%] [Cov:==========>                        31%]
[Progress:=>                            4%] [Cov:==========>                        31%]
[Progress:=>                            4%] [Cov:==========>                        31%]
[Progress:=>                            4%] [Cov:==========>                        31%]
[Progress:=>                            4%] [Cov:==========>                        31%]
[Progress:=>                            4%] [Cov:==========>                        31%]
[Progress:=>                            4%] [Cov:==========>                        31%]
[Progress:=>                            4%] [Cov:==========>                        31%]
[Progress:=>                            4%] [Cov:==========>                        31%]
[Progress:=>                            4%] [Cov:==========>                        31%]
[Progress:=>                            4%] [Cov:==========>                        31%]
[Progress:=>                            4%] [Cov:==========>                        31%]
[Progress:=>                            5%] [Cov:==========>                        31%]
[Progress:=>                            5%] [Cov:==========>                        31%]
[Progress:=>                            5%] [Cov:==========>                        31%]
[Progress:=>                            5%] [Cov:==========>                        31%]
[Progress:=>                            5%] [Cov:==========>                        31%]
[Progress:=>                            5%] [Cov:==========>                        31%]
[Progress:=>                            5%] [Cov:==========>                        31%]
[Progress:=>                            5%] [Cov:==========>                        31%]
[Progress:=>                            5%] [Cov:==========>                        31%]
[Progress:=>                            5%] [Cov:==========>                        31%]
[Progress:=>                            5%] [Cov:==========>                        31%]
[Progress:=>                            5%] [Cov:==========>                        31%]
[Progress:=>                            5%] [Cov:==========>                        31%]
[Progress:=>                            5%] [Cov:==========>                        31%]
[Progress:=>                            5%] [Cov:==========>                        31%]
[Progress:=>                            5%] [Cov:==========>                        31%]
[Progress:=>                            5%] [Cov:==========>                        31%]
[Progress:=>                            5%] [Cov:==========>                        31%]
[Progress:=>                            5%] [Cov:==========>                        31%]
[Progress:=>                            5%] [Cov:==========>                        31%]
[Progress:=>                            5%] [Cov:==========>                        31%]
[Progress:=>                            5%] [Cov:==========>                        31%]
[Progress:=>                            5%] [Cov:==========>                        31%]
[Progress:=>                            5%] [Cov:==========>                        31%]
[Progress:=>                            5%] [Cov:==========>                        31%]
[Progress:=>                            6%] [Cov:==========>                        31%]
[Progress:=>                            6%] [Cov:==========>                        31%]
[Progress:=>                            6%] [Cov:==========>                        31%]
[Progress:=>                            6%] [Cov:==========>                        31%]
[Progress:=>                            6%] [Cov:==========>                        31%]
[Progress:=>                            6%] [Cov:==========>                        31%]
[Progress:=>                            6%] [Cov:==========>                        31%]
[Progress:=>                            6%] [Cov:==========>                        31%]
[Progress:=>                            6%] [Cov:==========>                        31%]
[Progress:=>                            6%] [Cov:==========>                        31%]
[Progress:=>                            6%] [Cov:==========>                        31%]
[Progress:=>                            6%] [Cov:==========>                        31%]
[Progress:=>                            6%] [Cov:==========>                        31%]
[Progress:=>                            6%] [Cov:==========>                        31%]
[Progress:=>                            6%] [Cov:==========>                        31%]
[Progress:=>                            6%] [Cov:==========>                        31%]
[Progress:=>                            6%] [Cov:==========>                        31%]
[Progress:=>                            6%] [Cov:==========>                        31%]
[Progress:=>                            6%] [Cov:==========>                        31%]
[Progress:=>                            6%] [Cov:==========>                        31%]
[Progress:=>                            6%] [Cov:==========>                        31%]
[Progress:=>                            6%] [Cov:==========>                        31%]
[Progress:=>                            6%] [Cov:==========>                        31%]
[Progress:=>                            6%] [Cov:==========>                        31%]
[Progress:=>                            6%] [Cov:==========>                        31%]
[Progress:=>                            6%] [Cov:==========>                        31%]
[Progress:=>                            6%] [Cov:==========>                        31%]
[Progress:=>                            6%] [Cov:==========>                        31%]
[Progress:=>                            6%] [Cov:==========>                        31%]
[Progress:=>                            6%] [Cov:==========>                        31%]
[Progress:=>                            6%] [Cov:==========>                        31%]
[Progress:=>                            6%] [Cov:==========>                        31%]
[Progress:=>                            6%] [Cov:==========>                        31%]
[Progress:=>                            6%] [Cov:==========>                        31%]
[Progress:=>                            6%] [Cov:==========>                        31%]
[Progress:=>                            6%] [Cov:==========>                        31%]
[Progress:=>                            6%] [Cov:==========>                        31%]
[Progress:=>                            6%] [Cov:==========>                        31%]
[Progress:=>                            6%] [Cov:==========>                        31%]
[Progress:=>                            6%] [Cov:==========>                        31%]
[Progress:=>                            6%] [Cov:==========>                        31%]
[Progress:=>                            6%] [Cov:==========>                        31%]
[Progress:=>                            6%] [Cov:==========>                        31%]
[Progress:=>                            6%] [Cov:==========>                        31%]
[Progress:=>                            6%] [Cov:==========>                        31%]
[Progress:=>                            6%] [Cov:==========>                        31%]
[Progress:=>                            6%] [Cov:==========>                        31%]
[Progress:=>                            6%] [Cov:==========>                        31%]
[Progress:=>                            6%] [Cov:==========>                        31%]
[Progress:=>                            6%] [Cov:==========>                        31%]
[Progress:=>                            6%] [Cov:==========>                        31%]
[Progress:=>                            6%] [Cov:==========>                        31%]
[Progress:==>                           7%] [Cov:==========>                        31%]
[Progress:==>                           7%] [Cov:==========>                        31%]
[Progress:==>                           7%] [Cov:==========>                        31%]
[Progress:==>                           7%] [Cov:==========>                        31%]
[Progress:==>                           7%] [Cov:==========>                        31%]
[Progress:==>                           7%] [Cov:==========>                        31%]
[Progress:==>                           7%] [Cov:==========>                        31%]
[Progress:==>                           7%] [Cov:==========>                        31%]
[Progress:==>                           7%] [Cov:==========>                        31%]
[Progress:==>                           7%] [Cov:==========>                        31%]
[Progress:==>                           7%] [Cov:==========>                        31%]
[Progress:==>                           7%] [Cov:==========>                        31%]
[Progress:==>                           7%] [Cov:==========>                        31%]
[Progress:==>                           7%] [Cov:==========>                        31%]
[Progress:==>                           7%] [Cov:==========>                        31%]
[Progress:==>                           7%] [Cov:==========>                        31%]
[Progress:==>                           7%] [Cov:==========>                        31%]
[Progress:==>                           7%] [Cov:==========>                        31%]
[Progress:==>                           7%] [Cov:==========>                        31%]
[Progress:==>                           7%] [Cov:==========>                        31%]
[Progress:==>                           7%] [Cov:==========>                        31%]
[Progress:==>                           7%] [Cov:==========>                        31%]
[Progress:==>                           7%] [Cov:==========>                        31%]
[Progress:==>                           7%] [Cov:==========>                        31%]
[Progress:==>                           7%] [Cov:==========>                        31%]
[Progress:==>                           7%] [Cov:==========>                        31%]
[Progress:==>                           7%] [Cov:==========>                        31%]
[Progress:==>                           7%] [Cov:==========>                        31%]
[Progress:==>                           7%] [Cov:==========>                        31%]
[Progress:==>                           7%] [Cov:==========>                        31%]
[Progress:==>                           8%] [Cov:==========>                        31%]
[Progress:==>                           8%] [Cov:==========>                        31%]
[Progress:==>                           8%] [Cov:==========>                        31%]
[Progress:==>                           8%] [Cov:==========>                        31%]
[Progress:==>                           8%] [Cov:==========>                        31%]
[Progress:==>                           8%] [Cov:==========>                        31%]
[Progress:==>                           8%] [Cov:==========>                        31%]
[Progress:==>                           8%] [Cov:==========>                        31%]
[Progress:==>                           8%] [Cov:==========>                        31%]
[Progress:==>                           8%] [Cov:==========>                        31%]
[Progress:==>                           8%] [Cov:==========>                        31%]
[Progress:==>                           8%] [Cov:==========>                        31%]
[Progress:==>                           8%] [Cov:==========>                        31%]
[Progress:==>                           8%] [Cov:==========>                        31%]
[Progress:==>                           8%] [Cov:==========>                        31%]
[Progress:==>                           8%] [Cov:==========>                        31%]
[Progress:==>                           8%] [Cov:==========>                        31%]
[Progress:==>                           8%] [Cov:==========>                        31%]
[Progress:==>                           8%] [Cov:==========>                        31%]
[Progress:==>                           8%] [Cov:==========>                        31%]
[Progress:==>                           8%] [Cov:==========>                        31%]
[Progress:==>                           8%] [Cov:==========>                        31%]
[Progress:==>                           8%] [Cov:==========>                        31%]
[Progress:==>                           8%] [Cov:==========>                        31%]
[Progress:==>                           8%] [Cov:==========>                        31%]
[Progress:==>                           8%] [Cov:==========>                        31%]
[Progress:==>                           8%] [Cov:==========>                        31%]
[Progress:==>                           8%] [Cov:==========>                        31%]
[Progress:==>                           8%] [Cov:==========>                        31%]
[Progress:==>                           8%] [Cov:==========>                        31%]
[Progress:==>                           8%] [Cov:==========>                        31%]
[Progress:==>                           8%] [Cov:==========>                        31%]
[Progress:==>                           8%] [Cov:==========>                        31%]
[Progress:==>                           8%] [Cov:==========>                        31%]
[Progress:==>                           8%] [Cov:==========>                        31%]
[Progress:==>                           8%] [Cov:==========>                        31%]
[Progress:==>                           8%] [Cov:==========>                        31%]
[Progress:==>                           8%] [Cov:==========>                        31%]
[Progress:==>                           8%] [Cov:==========>                        31%]
[Progress:==>                           8%] [Cov:==========>                        31%]
[Progress:==>                           8%] [Cov:==========>                        31%]
[Progress:==>                           8%] [Cov:==========>                        31%]
[Progress:==>                           8%] [Cov:==========>                        31%]
[Progress:==>                           8%] [Cov:==========>                        31%]
[Progress:==>                           8%] [Cov:==========>                        31%]
[Progress:==>                           8%] [Cov:==========>                        31%]
[Progress:==>                           8%] [Cov:==========>                        31%]
[Progress:==>                           8%] [Cov:==========>                        31%]
[Progress:==>                           8%] [Cov:==========>                        31%]
[Progress:==>                           8%] [Cov:==========>                        31%]
[Progress:==>                           8%] [Cov:==========>                        31%]
[Progress:==>                           8%] [Cov:==========>                        31%]
[Progress:==>                           8%] [Cov:==========>                        31%]
[Progress:==>                           8%] [Cov:==========>                        31%]
[Progress:==>                           8%] [Cov:==========>                        31%]
[Progress:==>                           8%] [Cov:==========>                        31%]
[Progress:==>                           8%] [Cov:==========>                        31%]
[Progress:==>                           8%] [Cov:==========>                        31%]
[Progress:==>                           8%] [Cov:==========>                        31%]
[Progress:==>                           9%] [Cov:========>                          25%]
[Progress:==>                           9%] [Cov:==========>                        31%]
[Progress:==>                           9%] [Cov:==========>                        31%]
[Progress:==>                           9%] [Cov:==========>                        31%]
[Progress:==>                           9%] [Cov:==========>                        31%]
[Progress:==>                           9%] [Cov:==========>                        31%]
[Progress:==>                           9%] [Cov:==========>                        31%]
[Progress:==>                           9%] [Cov:==========>                        31%]
[Progress:==>                           9%] [Cov:==========>                        31%]
[Progress:==>                           9%] [Cov:==========>                        31%]
[Progress:==>                           9%] [Cov:==========>                        31%]
[Progress:==>                           9%] [Cov:==========>                        31%]
[Progress:==>                           9%] [Cov:==========>                        31%]
[Progress:==>                           9%] [Cov:==========>                        31%]
[Progress:==>                           9%] [Cov:==========>                        31%]
[Progress:==>                           9%] [Cov:==========>                        31%]
[Progress:==>                           9%] [Cov:==========>                        31%]
[Progress:==>                           9%] [Cov:==========>                        31%]
[Progress:==>                           9%] [Cov:==========>                        31%]
[Progress:==>                           9%] [Cov:==========>                        31%]
[Progress:==>                           9%] [Cov:==========>                        31%]
[Progress:==>                           9%] [Cov:==========>                        31%]
[Progress:==>                           9%] [Cov:==========>                        31%]
[Progress:==>                           9%] [Cov:==========>                        31%]
[Progress:==>                           9%] [Cov:==========>                        31%]
[Progress:==>                           9%] [Cov:==========>                        31%]
[Progress:==>                           9%] [Cov:==========>                        31%]
[Progress:==>                           9%] [Cov:==========>                        31%]
[Progress:==>                           9%] [Cov:==========>                        31%]
[Progress:==>                           9%] [Cov:==========>                        31%]
[Progress:==>                           9%] [Cov:==========>                        31%]
[Progress:==>                           9%] [Cov:==========>                        31%]
[Progress:===>                          10%] [Cov:==========>                        31%]
[Progress:===>                          10%] [Cov:==========>                        31%]
[Progress:===>                          10%] [Cov:==========>                        31%]
[Progress:===>                          10%] [Cov:==========>                        31%]
[Progress:===>                          10%] [Cov:==========>                        31%]
[Progress:===>                          10%] [Cov:==========>                        31%]
[Progress:===>                          10%] [Cov:==========>                        31%]
[Progress:===>                          10%] [Cov:==========>                        31%]
[Progress:===>                          10%] [Cov:==========>                        31%]
[Progress:===>                          10%] [Cov:==========>                        31%]
[Progress:===>                          10%] [Cov:==========>                        31%]
[Progress:===>                          10%] [Cov:==========>                        31%]
[Progress:===>                          10%] [Cov:==========>                        31%]
[Progress:===>                          10%] [Cov:==========>                        31%]
[Progress:===>                          10%] [Cov:==========>                        31%]
[Progress:===>                          10%] [Cov:==========>                        31%]
[Progress:===>                          10%] [Cov:==========>                        31%]
[Progress:===>                          10%] [Cov:==========>                        31%]
[Progress:===>                          10%] [Cov:==========>                        31%]
[Progress:===>                          10%] [Cov:==========>                        31%]
[Progress:===>                          10%] [Cov:==========>                        31%]
[Progress:===>                          10%] [Cov:==========>                        31%]
[Progress:===>                          10%] [Cov:==========>                        31%]
[Progress:===>                          10%] [Cov:==========>                        31%]
[Progress:===>                          10%] [Cov:==========>                        31%]
[Progress:===>                          10%] [Cov:==========>                        31%]
[Progress:===>                          10%] [Cov:==========>                        31%]
[Progress:===>                          10%] [Cov:==========>                        31%]
[Progress:===>                          10%] [Cov:==========>                        31%]
[Progress:===>                          10%] [Cov:==========>                        31%]
[Progress:===>                          10%] [Cov:==========>                        31%]
[Progress:===>                          10%] [Cov:==========>                        31%]
[Progress:===>                          10%] [Cov:==========>                        31%]
[Progress:===>                          10%] [Cov:==========>                        31%]
[Progress:===>                          10%] [Cov:==========>                        31%]
[Progress:===>                          10%] [Cov:==========>                        31%]
[Progress:===>                          10%] [Cov:==========>                        31%]
[Progress:===>                          10%] [Cov:==========>                        31%]
[Progress:===>                          10%] [Cov:==========>                        31%]
[Progress:===>                          10%] [Cov:==========>                        31%]
[Progress:===>                          10%] [Cov:==========>                        31%]
[Progress:===>                          10%] [Cov:==========>                        31%]
[Progress:===>                          10%] [Cov:==========>                        31%]
[Progress:===>                          10%] [Cov:==========>                        31%]
[Progress:===>                          10%] [Cov:==========>                        31%]
[Progress:===>                          10%] [Cov:==========>                        31%]
[Progress:===>                          10%] [Cov:==========>                        31%]
[Progress:===>                          10%] [Cov:==========>                        31%]
[Progress:===>                          10%] [Cov:==========>                        31%]
[Progress:===>                          10%] [Cov:==========>                        31%]
[Progress:===>                          10%] [Cov:==========>                        31%]
[Progress:===>                          10%] [Cov:==========>                        31%]
[Progress:===>                          10%] [Cov:==========>                        31%]
[Progress:===>                          10%] [Cov:==========>                        31%]
[Progress:===>                          10%] [Cov:==========>                        31%]
[Progress:===>                          10%] [Cov:==========>                        31%]
[Progress:===>                          10%] [Cov:==========>                        31%]
[Progress:===>                          10%] [Cov:==========>                        31%]
[Progress:===>                          10%] [Cov:==========>                        31%]
[Progress:===>                          10%] [Cov:==========>                        31%]
[Progress:===>                          10%] [Cov:==========>                        31%]
[Progress:===>                          10%] [Cov:==========>                        31%]
[Progress:===>                          11%] [Cov:==========>                        30%]
[Progress:===>                          11%] [Cov:==========>                        31%]
[Progress:===>                          11%] [Cov:==========>                        31%]
[Progress:===>                          11%] [Cov:==========>                        31%]
[Progress:===>                          11%] [Cov:==========>                        31%]
[Progress:===>                          11%] [Cov:==========>                        31%]
[Progress:===>                          11%] [Cov:==========>                        31%]
[Progress:===>                          11%] [Cov:==========>                        31%]
[Progress:===>                          11%] [Cov:==========>                        31%]
[Progress:===>                          11%] [Cov:==========>                        31%]
[Progress:===>                          11%] [Cov:==========>                        31%]
[Progress:===>                          11%] [Cov:==========>                        31%]
[Progress:===>                          11%] [Cov:==========>                        31%]
[Progress:===>                          11%] [Cov:==========>                        31%]
[Progress:===>                          11%] [Cov:==========>                        31%]
[Progress:===>                          11%] [Cov:==========>                        31%]
[Progress:===>                          11%] [Cov:==========>                        31%]
[Progress:===>                          11%] [Cov:==========>                        31%]
[Progress:===>                          11%] [Cov:==========>                        31%]
[Progress:===>                          11%] [Cov:==========>                        31%]
[Progress:===>                          11%] [Cov:==========>                        31%]
[Progress:===>                          11%] [Cov:==========>                        31%]
[Progress:===>                          11%] [Cov:==========>                        31%]
[Progress:===>                          11%] [Cov:==========>                        31%]
[Progress:===>                          11%] [Cov:==========>                        31%]
[Progress:===>                          11%] [Cov:==========>                        31%]
[Progress:===>                          11%] [Cov:==========>                        31%]
[Progress:===>                          11%] [Cov:==========>                        31%]
[Progress:===>                          11%] [Cov:==========>                        31%]
[Progress:===>                          11%] [Cov:==========>                        31%]
[Progress:===>                          12%] [Cov:========>                          25%]
[Progress:===>                          12%] [Cov:==========>                        31%]
[Progress:===>                          12%] [Cov:==========>                        31%]
[Progress:===>                          12%] [Cov:==========>                        31%]
[Progress:===>                          12%] [Cov:==========>                        31%]
[Progress:===>                          12%] [Cov:==========>                        31%]
[Progress:===>                          12%] [Cov:==========>                        31%]
[Progress:===>                          12%] [Cov:==========>                        31%]
[Progress:===>                          12%] [Cov:==========>                        31%]
[Progress:===>                          12%] [Cov:==========>                        31%]
[Progress:===>                          12%] [Cov:==========>                        31%]
[Progress:===>                          12%] [Cov:==========>                        31%]
[Progress:===>                          12%] [Cov:==========>                        31%]
[Progress:===>                          12%] [Cov:==========>                        31%]
[Progress:===>                          12%] [Cov:==========>                        31%]
[Progress:===>                          12%] [Cov:==========>                        31%]
[Progress:===>                          12%] [Cov:==========>                        31%]
[Progress:===>                          12%] [Cov:==========>                        31%]
[Progress:===>                          12%] [Cov:==========>                        31%]
[Progress:===>                          12%] [Cov:==========>                        31%]
[Progress:===>                          12%] [Cov:==========>                        31%]
[Progress:===>                          12%] [Cov:==========>                        31%]
[Progress:===>                          12%] [Cov:==========>                        31%]
[Progress:===>                          12%] [Cov:==========>                        31%]
[Progress:===>                          12%] [Cov:==========>                        31%]
[Progress:===>                          12%] [Cov:==========>                        31%]
[Progress:===>                          12%] [Cov:==========>                        31%]
[Progress:===>                          12%] [Cov:==========>                        31%]
[Progress:===>                          12%] [Cov:==========>                        31%]
[Progress:===>                          12%] [Cov:==========>                        31%]
[Progress:===>                          12%] [Cov:==========>                        31%]
[Progress:===>                          12%] [Cov:==========>                        31%]
[Progress:===>                          12%] [Cov:==========>                        31%]
[Progress:===>                          12%] [Cov:==========>                        31%]
[Progress:===>                          12%] [Cov:==========>                        31%]
[Progress:===>                          12%] [Cov:==========>                        31%]
[Progress:===>                          12%] [Cov:==========>                        31%]
[Progress:===>                          12%] [Cov:==========>                        31%]
[Progress:===>                          12%] [Cov:==========>                        31%]
[Progress:===>                          12%] [Cov:==========>                        31%]
[Progress:===>                          12%] [Cov:==========>                        31%]
[Progress:===>                          12%] [Cov:==========>                        31%]
[Progress:===>                          12%] [Cov:==========>                        31%]
[Progress:===>                          12%] [Cov:==========>                        31%]
[Progress:===>                          12%] [Cov:==========>                        31%]
[Progress:===>                          12%] [Cov:==========>                        31%]
[Progress:===>                          12%] [Cov:==========>                        31%]
[Progress:===>                          12%] [Cov:==========>                        31%]
[Progress:===>                          12%] [Cov:==========>                        31%]
[Progress:===>                          12%] [Cov:==========>                        31%]
[Progress:===>                          12%] [Cov:==========>                        31%]
[Progress:===>                          12%] [Cov:==========>                        31%]
[Progress:===>                          12%] [Cov:==========>                        31%]
[Progress:===>                          12%] [Cov:==========>                        31%]
[Progress:===>                          12%] [Cov:==========>                        31%]
[Progress:===>                          12%] [Cov:==========>                        31%]
[Progress:===>                          12%] [Cov:==========>                        31%]
[Progress:===>                          12%] [Cov:==========>                        31%]
[Progress:===>                          12%] [Cov:==========>                        31%]
[Progress:===>                          12%] [Cov:==========>                        31%]
[Progress:===>                          12%] [Cov:==========>                        31%]
[Progress:===>                          12%] [Cov:==========>                        31%]
[Progress:===>                          12%] [Cov:==========>                        31%]
[Progress:===>                          13%] [Cov:==========>                        31%]
[Progress:===>                          13%] [Cov:==========>                        31%]
[Progress:===>                          13%] [Cov:==========>                        31%]
[Progress:===>                          13%] [Cov:==========>                        31%]
[Progress:===>                          13%] [Cov:==========>                        31%]
[Progress:===>                          13%] [Cov:==========>                        31%]
[Progress:===>                          13%] [Cov:==========>                        31%]
[Progress:===>                          13%] [Cov:==========>                        31%]
[Progress:===>                          13%] [Cov:==========>                        31%]
[Progress:===>                          13%] [Cov:==========>                        31%]
[Progress:===>                          13%] [Cov:==========>                        31%]
[Progress:===>                          13%] [Cov:==========>                        31%]
[Progress:===>                          13%] [Cov:==========>                        31%]
[Progress:===>                          13%] [Cov:==========>                        31%]
[Progress:===>                          13%] [Cov:==========>                        31%]
[Progress:===>                          13%] [Cov:==========>                        31%]
[Progress:===>                          13%] [Cov:==========>                        31%]
[Progress:===>                          13%] [Cov:==========>                        31%]
[Progress:===>                          13%] [Cov:==========>                        31%]
[Progress:===>                          13%] [Cov:==========>                        31%]
[Progress:===>                          13%] [Cov:==========>                        31%]
[Progress:===>                          13%] [Cov:==========>                        31%]
[Progress:===>                          13%] [Cov:==========>                        31%]
[Progress:===>                          13%] [Cov:==========>                        31%]
[Progress:===>                          13%] [Cov:==========>                        31%]
[Progress:===>                          13%] [Cov:==========>                        31%]
[Progress:===>                          13%] [Cov:==========>                        31%]
[Progress:===>                          13%] [Cov:==========>                        31%]
[Progress:===>                          13%] [Cov:==========>                        31%]
[Progress:===>                          13%] [Cov:==========>                        31%]
[Progress:===>                          13%] [Cov:==========>                        31%]
[Progress:===>                          13%] [Cov:==========>                        31%]
[Progress:====>                         14%] [Cov:==========>                        31%]
[Progress:====>                         14%] [Cov:==========>                        31%]
[Progress:====>                         14%] [Cov:==========>                        31%]
[Progress:====>                         14%] [Cov:==========>                        31%]
[Progress:====>                         14%] [Cov:==========>                        31%]
[Progress:====>                         14%] [Cov:==========>                        31%]
[Progress:====>                         14%] [Cov:==========>                        31%]
[Progress:====>                         14%] [Cov:==========>                        31%]
[Progress:====>                         14%] [Cov:==========>                        31%]
[Progress:====>                         14%] [Cov:==========>                        31%]
[Progress:====>                         14%] [Cov:==========>                        31%]
[Progress:====>                         14%] [Cov:==========>                        31%]
[Progress:====>                         14%] [Cov:==========>                        31%]
[Progress:====>                         14%] [Cov:==========>                        31%]
[Progress:====>                         14%] [Cov:==========>                        31%]
[Progress:====>                         14%] [Cov:==========>                        31%]
[Progress:====>                         14%] [Cov:==========>                        31%]
[Progress:====>                         14%] [Cov:==========>                        31%]
[Progress:====>                         14%] [Cov:==========>                        31%]
[Progress:====>                         14%] [Cov:==========>                        31%]
[Progress:====>                         14%] [Cov:==========>                        31%]
[Progress:====>                         14%] [Cov:==========>                        31%]
[Progress:====>                         14%] [Cov:==========>                        31%]
[Progress:====>                         14%] [Cov:==========>                        31%]
[Progress:====>                         14%] [Cov:==========>                        31%]
[Progress:====>                         14%] [Cov:==========>                        31%]
[Progress:====>                         14%] [Cov:==========>                        31%]
[Progress:====>                         14%] [Cov:==========>                        31%]
[Progress:====>                         14%] [Cov:==========>                        31%]
[Progress:====>                         14%] [Cov:==========>                        31%]
[Progress:====>                         14%] [Cov:==========>                        31%]
[Progress:====>                         14%] [Cov:==========>                        31%]
[Progress:====>                         14%] [Cov:==========>                        31%]
[Progress:====>                         14%] [Cov:==========>                        31%]
[Progress:====>                         14%] [Cov:==========>                        31%]
[Progress:====>                         14%] [Cov:==========>                        31%]
[Progress:====>                         14%] [Cov:==========>                        31%]
[Progress:====>                         14%] [Cov:==========>                        31%]
[Progress:====>                         14%] [Cov:==========>                        31%]
[Progress:====>                         14%] [Cov:==========>                        31%]
[Progress:====>                         14%] [Cov:==========>                        31%]
[Progress:====>                         14%] [Cov:==========>                        31%]
[Progress:====>                         14%] [Cov:==========>                        31%]
[Progress:====>                         14%] [Cov:==========>                        31%]
[Progress:====>                         14%] [Cov:==========>                        31%]
[Progress:====>                         14%] [Cov:==========>                        31%]
[Progress:====>                         14%] [Cov:==========>                        31%]
[Progress:====>                         14%] [Cov:==========>                        31%]
[Progress:====>                         14%] [Cov:==========>                        31%]
[Progress:====>                         14%] [Cov:==========>                        31%]
[Progress:====>                         14%] [Cov:==========>                        31%]
[Progress:====>                         14%] [Cov:==========>                        31%]
[Progress:====>                         14%] [Cov:==========>                        31%]
[Progress:====>                         14%] [Cov:==========>                        31%]
[Progress:====>                         14%] [Cov:==========>                        31%]
[Progress:====>                         14%] [Cov:==========>                        31%]
[Progress:====>                         14%] [Cov:==========>                        31%]
[Progress:====>                         14%] [Cov:==========>                        31%]
[Progress:====>                         14%] [Cov:==========>                        31%]
[Progress:====>                         14%] [Cov:==========>                        31%]
[Progress:====>                         14%] [Cov:==========>                        31%]
[Progress:====>                         14%] [Cov:==========>                        31%]
[Progress:====>                         14%] [Cov:==========>                        31%]
[Progress:====>                         14%] [Cov:==========>                        31%]
[Progress:====>                         14%] [Cov:==========>                        31%]
[Progress:====>                         14%] [Cov:==========>                        31%]
[Progress:====>                         15%] [Cov:==========>                        31%]
[Progress:====>                         15%] [Cov:==========>                        31%]
[Progress:====>                         15%] [Cov:==========>                        31%]
[Progress:====>                         15%] [Cov:==========>                        31%]
[Progress:====>                         15%] [Cov:==========>                        31%]
[Progress:====>                         15%] [Cov:==========>                        31%]
[Progress:====>                         15%] [Cov:==========>                        31%]
[Progress:====>                         15%] [Cov:==========>                        31%]
[Progress:====>                         15%] [Cov:==========>                        31%]
[Progress:====>                         15%] [Cov:==========>                        31%]
[Progress:====>                         15%] [Cov:==========>                        31%]
[Progress:====>                         15%] [Cov:==========>                        31%]
[Progress:====>                         15%] [Cov:==========>                        31%]
[Progress:====>                         15%] [Cov:==========>                        31%]
[Progress:====>                         15%] [Cov:==========>                        31%]
[Progress:====>                         15%] [Cov:==========>                        31%]
[Progress:====>                         15%] [Cov:==========>                        31%]
[Progress:====>                         15%] [Cov:==========>                        31%]
[Progress:====>                         15%] [Cov:==========>                        31%]
[Progress:====>                         15%] [Cov:==========>                        31%]
[Progress:====>                         15%] [Cov:==========>                        31%]
[Progress:====>                         15%] [Cov:==========>                        31%]
[Progress:====>                         15%] [Cov:==========>                        31%]
[Progress:====>                         15%] [Cov:==========>                        31%]
[Progress:====>                         15%] [Cov:==========>                        31%]
[Progress:====>                         15%] [Cov:==========>                        31%]
[Progress:====>                         15%] [Cov:==========>                        31%]
[Progress:====>                         15%] [Cov:==========>                        31%]
[Progress:====>                         15%] [Cov:==========>                        31%]
[Progress:====>                         15%] [Cov:==========>                        31%]
[Progress:====>                         15%] [Cov:==========>                        31%]
[Progress:====>                         15%] [Cov:==========>                        31%]
[Progress:====>                         15%] [Cov:==========>                        31%]
[Progress:====>                         16%] [Cov:==========>                        31%]
[Progress:====>                         16%] [Cov:==========>                        31%]
[Progress:====>                         16%] [Cov:==========>                        31%]
[Progress:====>                         16%] [Cov:==========>                        31%]
[Progress:====>                         16%] [Cov:==========>                        31%]
[Progress:====>                         16%] [Cov:==========>                        31%]
[Progress:====>                         16%] [Cov:==========>                        31%]
[Progress:====>                         16%] [Cov:==========>                        31%]
[Progress:====>                         16%] [Cov:==========>                        31%]
[Progress:====>                         16%] [Cov:==========>                        31%]
[Progress:====>                         16%] [Cov:==========>                        31%]
[Progress:====>                         16%] [Cov:==========>                        31%]
[Progress:====>                         16%] [Cov:==========>                        31%]
[Progress:====>                         16%] [Cov:==========>                        31%]
[Progress:====>                         16%] [Cov:==========>                        31%]
[Progress:====>                         16%] [Cov:==========>                        31%]
[Progress:====>                         16%] [Cov:==========>                        31%]
[Progress:====>                         16%] [Cov:==========>                        31%]
[Progress:====>                         16%] [Cov:==========>                        31%]
[Progress:====>                         16%] [Cov:==========>                        31%]
[Progress:====>                         16%] [Cov:==========>                        31%]
[Progress:====>                         16%] [Cov:==========>                        31%]
[Progress:====>                         16%] [Cov:==========>                        31%]
[Progress:====>                         16%] [Cov:==========>                        31%]
[Progress:====>                         16%] [Cov:==========>                        31%]
[Progress:====>                         16%] [Cov:==========>                        31%]
[Progress:====>                         16%] [Cov:==========>                        31%]
[Progress:====>                         16%] [Cov:==========>                        31%]
[Progress:====>                         16%] [Cov:==========>                        31%]
[Progress:====>                         16%] [Cov:==========>                        31%]
[Progress:====>                         16%] [Cov:==========>                        31%]
[Progress:====>                         16%] [Cov:==========>                        31%]
[Progress:====>                         16%] [Cov:==========>                        31%]
[Progress:====>                         16%] [Cov:==========>                        31%]
[Progress:====>                         16%] [Cov:==========>                        31%]
[Progress:====>                         16%] [Cov:==========>                        31%]
[Progress:====>                         16%] [Cov:==========>                        31%]
[Progress:====>                         16%] [Cov:==========>                        31%]
[Progress:====>                         16%] [Cov:==========>                        31%]
[Progress:====>                         16%] [Cov:==========>                        31%]
[Progress:====>                         16%] [Cov:==========>                        31%]
[Progress:====>                         16%] [Cov:==========>                        31%]
[Progress:====>                         16%] [Cov:==========>                        31%]
[Progress:====>                         16%] [Cov:==========>                        31%]
[Progress:====>                         16%] [Cov:==========>                        31%]
[Progress:====>                         16%] [Cov:==========>                        31%]
[Progress:====>                         16%] [Cov:==========>                        31%]
[Progress:====>                         16%] [Cov:==========>                        31%]
[Progress:====>                         16%] [Cov:==========>                        31%]
[Progress:====>                         16%] [Cov:==========>                        31%]
[Progress:====>                         16%] [Cov:==========>                        31%]
[Progress:====>                         16%] [Cov:==========>                        31%]
[Progress:====>                         16%] [Cov:==========>                        31%]
[Progress:====>                         16%] [Cov:==========>                        31%]
[Progress:====>                         16%] [Cov:==========>                        31%]
[Progress:====>                         16%] [Cov:==========>                        31%]
[Progress:====>                         16%] [Cov:==========>                        31%]
[Progress:====>                         16%] [Cov:==========>                        31%]
[Progress:====>                         16%] [Cov:==========>                        31%]
[Progress:====>                         16%] [Cov:==========>                        31%]
[Progress:====>                         16%] [Cov:==========>                        31%]
[Progress:====>                         16%] [Cov:==========>                        31%]
[Progress:====>                         16%] [Cov:==========>                        31%]
[Progress:====>                         16%] [Cov:==========>                        31%]
[Progress:====>                         16%] [Cov:==========>                        31%]
[Progress:====>                         16%] [Cov:==========>                        31%]
[Progress:=====>                        17%] [Cov:==========>                        31%]
[Progress:=====>                        17%] [Cov:==========>                        31%]
[Progress:=====>                        17%] [Cov:==========>                        31%]
[Progress:=====>                        17%] [Cov:==========>                        31%]
[Progress:=====>                        17%] [Cov:==========>                        31%]
[Progress:=====>                        17%] [Cov:==========>                        31%]
[Progress:=====>                        17%] [Cov:==========>                        31%]
[Progress:=====>                        17%] [Cov:==========>                        31%]
[Progress:=====>                        17%] [Cov:==========>                        31%]
[Progress:=====>                        17%] [Cov:==========>                        31%]
[Progress:=====>                        17%] [Cov:==========>                        31%]
[Progress:=====>                        17%] [Cov:==========>                        31%]
[Progress:=====>                        17%] [Cov:==========>                        31%]
[Progress:=====>                        17%] [Cov:==========>                        31%]
[Progress:=====>                        17%] [Cov:==========>                        31%]
[Progress:=====>                        17%] [Cov:==========>                        31%]
[Progress:=====>                        17%] [Cov:==========>                        31%]
[Progress:=====>                        17%] [Cov:==========>                        31%]
[Progress:=====>                        17%] [Cov:==========>                        31%]
[Progress:=====>                        17%] [Cov:==========>                        31%]
[Progress:=====>                        17%] [Cov:==========>                        31%]
[Progress:=====>                        17%] [Cov:==========>                        31%]
[Progress:=====>                        17%] [Cov:==========>                        31%]
[Progress:=====>                        17%] [Cov:==========>                        31%]
[Progress:=====>                        17%] [Cov:==========>                        31%]
[Progress:=====>                        17%] [Cov:==========>                        31%]
[Progress:=====>                        17%] [Cov:==========>                        31%]
[Progress:=====>                        17%] [Cov:==========>                        31%]
[Progress:=====>                        17%] [Cov:==========>                        31%]
[Progress:=====>                        17%] [Cov:==========>                        31%]
[Progress:=====>                        17%] [Cov:==========>                        31%]
[Progress:=====>                        17%] [Cov:==========>                        31%]
[Progress:=====>                        17%] [Cov:==========>                        31%]
[Progress:=====>                        18%] [Cov:==========>                        31%]
[Progress:=====>                        18%] [Cov:==========>                        31%]
[Progress:=====>                        18%] [Cov:==========>                        31%]
[Progress:=====>                        18%] [Cov:==========>                        31%]
[Progress:=====>                        18%] [Cov:==========>                        31%]
[Progress:=====>                        18%] [Cov:==========>                        31%]
[Progress:=====>                        18%] [Cov:==========>                        31%]
[Progress:=====>                        18%] [Cov:==========>                        31%]
[Progress:=====>                        18%] [Cov:==========>                        31%]
[Progress:=====>                        18%] [Cov:==========>                        31%]
[Progress:=====>                        18%] [Cov:==========>                        31%]
[Progress:=====>                        18%] [Cov:==========>                        31%]
[Progress:=====>                        18%] [Cov:==========>                        31%]
[Progress:=====>                        18%] [Cov:==========>                        31%]
[Progress:=====>                        18%] [Cov:==========>                        31%]
[Progress:=====>                        18%] [Cov:==========>                        31%]
[Progress:=====>                        18%] [Cov:==========>                        31%]
[Progress:=====>                        18%] [Cov:==========>                        31%]
[Progress:=====>                        18%] [Cov:==========>                        31%]
[Progress:=====>                        18%] [Cov:==========>                        31%]
[Progress:=====>                        18%] [Cov:==========>                        31%]
[Progress:=====>                        18%] [Cov:==========>                        31%]
[Progress:=====>                        18%] [Cov:==========>                        31%]
[Progress:=====>                        18%] [Cov:==========>                        31%]
[Progress:=====>                        18%] [Cov:==========>                        31%]
[Progress:=====>                        18%] [Cov:==========>                        31%]
[Progress:=====>                        18%] [Cov:==========>                        31%]
[Progress:=====>                        18%] [Cov:==========>                        31%]
[Progress:=====>                        18%] [Cov:==========>                        31%]
[Progress:=====>                        18%] [Cov:==========>                        31%]
[Progress:=====>                        18%] [Cov:==========>                        31%]
[Progress:=====>                        18%] [Cov:==========>                        31%]
[Progress:=====>                        18%] [Cov:==========>                        31%]
[Progress:=====>                        18%] [Cov:==========>                        31%]
[Progress:=====>                        18%] [Cov:==========>                        31%]
[Progress:=====>                        18%] [Cov:==========>                        31%]
[Progress:=====>                        18%] [Cov:==========>                        31%]
[Progress:=====>                        18%] [Cov:==========>                        31%]
[Progress:=====>                        18%] [Cov:==========>                        31%]
[Progress:=====>                        18%] [Cov:==========>                        31%]
[Progress:=====>                        18%] [Cov:==========>                        31%]
[Progress:=====>                        18%] [Cov:==========>                        31%]
[Progress:=====>                        18%] [Cov:==========>                        31%]
[Progress:=====>                        18%] [Cov:==========>                        31%]
[Progress:=====>                        18%] [Cov:==========>                        31%]
[Progress:=====>                        18%] [Cov:==========>                        31%]
[Progress:=====>                        18%] [Cov:==========>                        31%]
[Progress:=====>                        18%] [Cov:==========>                        31%]
[Progress:=====>                        18%] [Cov:==========>                        31%]
[Progress:=====>                        18%] [Cov:==========>                        31%]
[Progress:=====>                        18%] [Cov:==========>                        31%]
[Progress:=====>                        18%] [Cov:==========>                        31%]
[Progress:=====>                        18%] [Cov:==========>                        31%]
[Progress:=====>                        18%] [Cov:==========>                        31%]
[Progress:=====>                        18%] [Cov:==========>                        31%]
[Progress:=====>                        18%] [Cov:==========>                        31%]
[Progress:=====>                        18%] [Cov:==========>                        31%]
[Progress:=====>                        18%] [Cov:==========>                        31%]
[Progress:=====>                        18%] [Cov:==========>                        31%]
[Progress:=====>                        18%] [Cov:==========>                        31%]
[Progress:=====>                        18%] [Cov:==========>                        31%]
[Progress:=====>                        18%] [Cov:==========>                        31%]
[Progress:=====>                        18%] [Cov:==========>                        31%]
[Progress:=====>                        18%] [Cov:==========>                        31%]
[Progress:=====>                        19%] [Cov:==========>                        31%]
[Progress:=====>                        19%] [Cov:==========>                        31%]
[Progress:=====>                        19%] [Cov:==========>                        31%]
[Progress:=====>                        19%] [Cov:==========>                        31%]
[Progress:=====>                        19%] [Cov:==========>                        31%]
[Progress:=====>                        19%] [Cov:==========>                        31%]
[Progress:=====>                        19%] [Cov:==========>                        31%]
[Progress:=====>                        19%] [Cov:==========>                        31%]
[Progress:=====>                        19%] [Cov:==========>                        31%]
[Progress:=====>                        19%] [Cov:==========>                        31%]
[Progress:=====>                        19%] [Cov:==========>                        31%]
[Progress:=====>                        19%] [Cov:==========>                        31%]
[Progress:=====>                        19%] [Cov:==========>                        31%]
[Progress:=====>                        19%] [Cov:==========>                        31%]
[Progress:=====>                        19%] [Cov:==========>                        31%]
[Progress:=====>                        19%] [Cov:==========>                        31%]
[Progress:=====>                        19%] [Cov:==========>                        31%]
[Progress:=====>                        19%] [Cov:==========>                        31%]
[Progress:=====>                        19%] [Cov:==========>                        31%]
[Progress:=====>                        19%] [Cov:==========>                        31%]
[Progress:=====>                        19%] [Cov:==========>                        31%]
[Progress:=====>                        19%] [Cov:==========>                        31%]
[Progress:=====>                        19%] [Cov:==========>                        31%]
[Progress:=====>                        19%] [Cov:==========>                        31%]
[Progress:=====>                        19%] [Cov:==========>                        31%]
[Progress:=====>                        19%] [Cov:==========>                        31%]
[Progress:=====>                        19%] [Cov:==========>                        31%]
[Progress:=====>                        19%] [Cov:==========>                        31%]
[Progress:=====>                        19%] [Cov:==========>                        31%]
[Progress:=====>                        19%] [Cov:==========>                        31%]
[Progress:======>                       20%] [Cov:==========>                        31%]
[Progress:======>                       20%] [Cov:==========>                        31%]
[Progress:======>                       20%] [Cov:==========>                        31%]
[Progress:======>                       20%] [Cov:==========>                        31%]
[Progress:======>                       20%] [Cov:==========>                        31%]
[Progress:======>                       20%] [Cov:==========>                        31%]
[Progress:======>                       20%] [Cov:==========>                        31%]
[Progress:======>                       20%] [Cov:==========>                        31%]
[Progress:======>                       20%] [Cov:==========>                        31%]
[Progress:======>                       20%] [Cov:==========>                        31%]
[Progress:======>                       20%] [Cov:==========>                        31%]
[Progress:======>                       20%] [Cov:==========>                        31%]
[Progress:======>                       20%] [Cov:==========>                        31%]
[Progress:======>                       20%] [Cov:==========>                        31%]
[Progress:======>                       20%] [Cov:==========>                        31%]
[Progress:======>                       20%] [Cov:==========>                        31%]
[Progress:======>                       20%] [Cov:==========>                        31%]
[Progress:======>                       20%] [Cov:==========>                        31%]
[Progress:======>                       20%] [Cov:==========>                        31%]
[Progress:======>                       20%] [Cov:==========>                        31%]
[Progress:======>                       20%] [Cov:==========>                        31%]
[Progress:======>                       20%] [Cov:==========>                        31%]
[Progress:======>                       20%] [Cov:==========>                        31%]
[Progress:======>                       20%] [Cov:==========>                        31%]
[Progress:======>                       20%] [Cov:==========>                        31%]
[Progress:======>                       20%] [Cov:==========>                        31%]
[Progress:======>                       20%] [Cov:==========>                        31%]
[Progress:======>                       20%] [Cov:==========>                        31%]
[Progress:======>                       20%] [Cov:==========>                        31%]
[Progress:======>                       20%] [Cov:==========>                        31%]
[Progress:======>                       20%] [Cov:==========>                        31%]
[Progress:======>                       20%] [Cov:==========>                        31%]
[Progress:======>                       20%] [Cov:==========>                        31%]
[Progress:======>                       20%] [Cov:==========>                        31%]
[Progress:======>                       20%] [Cov:==========>                        31%]
[Progress:======>                       20%] [Cov:==========>                        31%]
[Progress:======>                       20%] [Cov:==========>                        31%]
[Progress:======>                       20%] [Cov:==========>                        31%]
[Progress:======>                       20%] [Cov:==========>                        31%]
[Progress:======>                       20%] [Cov:==========>                        31%]
[Progress:======>                       20%] [Cov:==========>                        31%]
[Progress:======>                       20%] [Cov:==========>                        31%]
[Progress:======>                       20%] [Cov:==========>                        31%]
[Progress:======>                       20%] [Cov:==========>                        31%]
[Progress:======>                       20%] [Cov:==========>                        31%]
[Progress:======>                       20%] [Cov:==========>                        31%]
[Progress:======>                       20%] [Cov:==========>                        31%]
[Progress:======>                       20%] [Cov:==========>                        31%]
[Progress:======>                       20%] [Cov:==========>                        31%]
[Progress:======>                       20%] [Cov:==========>                        31%]
[Progress:======>                       20%] [Cov:==========>                        31%]
[Progress:======>                       20%] [Cov:==========>                        31%]
[Progress:======>                       20%] [Cov:==========>                        31%]
[Progress:======>                       20%] [Cov:==========>                        31%]
[Progress:======>                       20%] [Cov:==========>                        31%]
[Progress:======>                       20%] [Cov:==========>                        31%]
[Progress:======>                       20%] [Cov:==========>                        31%]
[Progress:======>                       20%] [Cov:==========>                        31%]
[Progress:======>                       20%] [Cov:==========>                        31%]
[Progress:======>                       20%] [Cov:==========>                        31%]
[Progress:======>                       20%] [Cov:==========>                        31%]
[Progress:======>                       20%] [Cov:==========>                        31%]
[Progress:======>                       20%] [Cov:==========>                        31%]
[Progress:======>                       20%] [Cov:==========>                        31%]
[Progress:======>                       20%] [Cov:==========>                        31%]
[Progress:======>                       20%] [Cov:==========>                        31%]
[Progress:======>                       21%] [Cov:==========>                        31%]
[Progress:======>                       21%] [Cov:==========>                        31%]
[Progress:======>                       21%] [Cov:==========>                        31%]
[Progress:======>                       21%] [Cov:==========>                        31%]
[Progress:======>                       21%] [Cov:==========>                        31%]
[Progress:======>                       21%] [Cov:==========>                        31%]
[Progress:======>                       21%] [Cov:==========>                        31%]
[Progress:======>                       21%] [Cov:==========>                        31%]
[Progress:======>                       21%] [Cov:==========>                        31%]
[Progress:======>                       21%] [Cov:==========>                        31%]
[Progress:======>                       21%] [Cov:==========>                        31%]
[Progress:======>                       21%] [Cov:==========>                        31%]
[Progress:======>                       21%] [Cov:==========>                        31%]
[Progress:======>                       21%] [Cov:==========>                        31%]
[Progress:======>                       21%] [Cov:==========>                        31%]
[Progress:======>                       21%] [Cov:==========>                        31%]
[Progress:======>                       21%] [Cov:==========>                        31%]
[Progress:======>                       21%] [Cov:==========>                        31%]
[Progress:======>                       21%] [Cov:==========>                        31%]
[Progress:======>                       21%] [Cov:==========>                        31%]
[Progress:======>                       21%] [Cov:==========>                        31%]
[Progress:======>                       21%] [Cov:==========>                        31%]
[Progress:======>                       21%] [Cov:==========>                        31%]
[Progress:======>                       21%] [Cov:==========>                        31%]
[Progress:======>                       21%] [Cov:==========>                        31%]
[Progress:======>                       21%] [Cov:==========>                        31%]
[Progress:======>                       21%] [Cov:==========>                        31%]
[Progress:======>                       21%] [Cov:==========>                        31%]
[Progress:======>                       21%] [Cov:==========>                        31%]
[Progress:======>                       21%] [Cov:==========>                        31%]
[Progress:======>                       21%] [Cov:==========>                        31%]
[Progress:======>                       21%] [Cov:==========>                        31%]
[Progress:======>                       21%] [Cov:==========>                        31%]
[Progress:======>                       22%] [Cov:==========>                        31%]
[Progress:======>                       22%] [Cov:==========>                        31%]
[Progress:======>                       22%] [Cov:==========>                        31%]
[Progress:======>                       22%] [Cov:==========>                        31%]
[Progress:======>                       22%] [Cov:==========>                        31%]
[Progress:======>                       22%] [Cov:==========>                        31%]
[Progress:======>                       22%] [Cov:==========>                        31%]
[Progress:======>                       22%] [Cov:==========>                        31%]
[Progress:======>                       22%] [Cov:==========>                        31%]
[Progress:======>                       22%] [Cov:==========>                        31%]
[Progress:======>                       22%] [Cov:==========>                        31%]
[Progress:======>                       22%] [Cov:==========>                        31%]
[Progress:======>                       22%] [Cov:==========>                        31%]
[Progress:======>                       22%] [Cov:==========>                        31%]
[Progress:======>                       22%] [Cov:==========>                        31%]
[Progress:======>                       22%] [Cov:==========>                        31%]
[Progress:======>                       22%] [Cov:==========>                        31%]
[Progress:======>                       22%] [Cov:==========>                        31%]
[Progress:======>                       22%] [Cov:==========>                        31%]
[Progress:======>                       22%] [Cov:==========>                        31%]
[Progress:======>                       22%] [Cov:==========>                        31%]
[Progress:======>                       22%] [Cov:==========>                        31%]
[Progress:======>                       22%] [Cov:==========>                        31%]
[Progress:======>                       22%] [Cov:==========>                        31%]
[Progress:======>                       22%] [Cov:==========>                        31%]
[Progress:======>                       22%] [Cov:==========>                        31%]
[Progress:======>                       22%] [Cov:==========>                        31%]
[Progress:======>                       22%] [Cov:==========>                        31%]
[Progress:======>                       22%] [Cov:==========>                        31%]
[Progress:======>                       22%] [Cov:==========>                        31%]
[Progress:======>                       22%] [Cov:==========>                        31%]
[Progress:======>                       22%] [Cov:==========>                        31%]
[Progress:======>                       22%] [Cov:==========>                        31%]
[Progress:======>                       22%] [Cov:==========>                        31%]
[Progress:======>                       22%] [Cov:==========>                        31%]
[Progress:======>                       22%] [Cov:==========>                        31%]
[Progress:======>                       22%] [Cov:==========>                        31%]
[Progress:======>                       22%] [Cov:==========>                        31%]
[Progress:======>                       22%] [Cov:==========>                        31%]
[Progress:======>                       22%] [Cov:==========>                        31%]
[Progress:======>                       22%] [Cov:==========>                        31%]
[Progress:======>                       22%] [Cov:==========>                        31%]
[Progress:======>                       22%] [Cov:==========>                        31%]
[Progress:======>                       22%] [Cov:==========>                        31%]
[Progress:======>                       22%] [Cov:==========>                        31%]
[Progress:======>                       22%] [Cov:==========>                        31%]
[Progress:======>                       22%] [Cov:==========>                        31%]
[Progress:======>                       22%] [Cov:==========>                        31%]
[Progress:======>                       22%] [Cov:==========>                        31%]
[Progress:======>                       22%] [Cov:==========>                        31%]
[Progress:======>                       22%] [Cov:==========>                        31%]
[Progress:======>                       22%] [Cov:==========>                        31%]
[Progress:======>                       22%] [Cov:==========>                        31%]
[Progress:======>                       22%] [Cov:==========>                        31%]
[Progress:======>                       22%] [Cov:==========>                        31%]
[Progress:======>                       22%] [Cov:==========>                        31%]
[Progress:======>                       22%] [Cov:==========>                        31%]
[Progress:======>                       22%] [Cov:==========>                        31%]
[Progress:======>                       22%] [Cov:==========>                        31%]
[Progress:======>                       22%] [Cov:==========>                        31%]
[Progress:======>                       22%] [Cov:==========>                        31%]
[Progress:======>                       22%] [Cov:==========>                        31%]
[Progress:======>                       22%] [Cov:==========>                        31%]
[Progress:======>                       22%] [Cov:==========>                        31%]
[Progress:======>                       22%] [Cov:==========>                        31%]
[Progress:======>                       22%] [Cov:==========>                        31%]
[Progress:======>                       22%] [Cov:==========>                        31%]
[Progress:======>                       22%] [Cov:==========>                        31%]
[Progress:======>                       23%] [Cov:==========>                        31%]
[Progress:======>                       23%] [Cov:==========>                        31%]
[Progress:======>                       23%] [Cov:==========>                        31%]
[Progress:======>                       23%] [Cov:==========>                        31%]
[Progress:======>                       23%] [Cov:==========>                        31%]
[Progress:======>                       23%] [Cov:==========>                        31%]
[Progress:======>                       23%] [Cov:==========>                        31%]
[Progress:======>                       23%] [Cov:==========>                        31%]
[Progress:======>                       23%] [Cov:==========>                        31%]
[Progress:======>                       23%] [Cov:==========>                        31%]
[Progress:======>                       23%] [Cov:==========>                        31%]
[Progress:======>                       23%] [Cov:==========>                        31%]
[Progress:======>                       23%] [Cov:==========>                        31%]
[Progress:======>                       23%] [Cov:==========>                        31%]
[Progress:======>                       23%] [Cov:==========>                        31%]
[Progress:======>                       23%] [Cov:==========>                        31%]
[Progress:======>                       23%] [Cov:==========>                        31%]
[Progress:======>                       23%] [Cov:==========>                        31%]
[Progress:======>                       23%] [Cov:==========>                        31%]
[Progress:======>                       23%] [Cov:==========>                        31%]
[Progress:======>                       23%] [Cov:==========>                        31%]
[Progress:======>                       23%] [Cov:==========>                        31%]
[Progress:======>                       23%] [Cov:==========>                        31%]
[Progress:======>                       23%] [Cov:==========>                        31%]
[Progress:======>                       23%] [Cov:==========>                        31%]
[Progress:======>                       23%] [Cov:==========>                        31%]
[Progress:======>                       23%] [Cov:==========>                        31%]
[Progress:======>                       23%] [Cov:==========>                        31%]
[Progress:======>                       23%] [Cov:==========>                        31%]
[Progress:======>                       23%] [Cov:==========>                        31%]
[Progress:======>                       23%] [Cov:==========>                        31%]
[Progress:======>                       23%] [Cov:==========>                        31%]
[Progress:======>                       23%] [Cov:==========>                        31%]
[Progress:======>                       23%] [Cov:==========>                        31%]
[Progress:======>                       23%] [Cov:==========>                        31%]
[Progress:======>                       23%] [Cov:==========>                        31%]
[Progress:=======>                      24%] [Cov:==========>                        31%]
[Progress:=======>                      24%] [Cov:==========>                        31%]
[Progress:=======>                      24%] [Cov:==========>                        31%]
[Progress:=======>                      24%] [Cov:==========>                        31%]
[Progress:=======>                      24%] [Cov:==========>                        31%]
[Progress:=======>                      24%] [Cov:==========>                        31%]
[Progress:=======>                      24%] [Cov:==========>                        31%]
[Progress:=======>                      24%] [Cov:==========>                        31%]
[Progress:=======>                      24%] [Cov:==========>                        31%]
[Progress:=======>                      24%] [Cov:==========>                        31%]
[Progress:=======>                      24%] [Cov:==========>                        31%]
[Progress:=======>                      24%] [Cov:==========>                        31%]
[Progress:=======>                      24%] [Cov:==========>                        31%]
[Progress:=======>                      24%] [Cov:==========>                        31%]
[Progress:=======>                      24%] [Cov:==========>                        31%]
[Progress:=======>                      24%] [Cov:==========>                        31%]
[Progress:=======>                      24%] [Cov:==========>                        31%]
[Progress:=======>                      24%] [Cov:==========>                        31%]
[Progress:=======>                      24%] [Cov:==========>                        31%]
[Progress:=======>                      24%] [Cov:==========>                        31%]
[Progress:=======>                      24%] [Cov:==========>                        31%]
[Progress:=======>                      24%] [Cov:==========>                        31%]
[Progress:=======>                      24%] [Cov:==========>                        31%]
[Progress:=======>                      24%] [Cov:==========>                        31%]
[Progress:=======>                      24%] [Cov:==========>                        31%]
[Progress:=======>                      24%] [Cov:==========>                        31%]
[Progress:=======>                      24%] [Cov:==========>                        31%]
[Progress:=======>                      24%] [Cov:==========>                        31%]
[Progress:=======>                      24%] [Cov:==========>                        31%]
[Progress:=======>                      24%] [Cov:==========>                        31%]
[Progress:=======>                      24%] [Cov:==========>                        31%]
[Progress:=======>                      24%] [Cov:==========>                        31%]
[Progress:=======>                      24%] [Cov:==========>                        31%]
[Progress:=======>                      24%] [Cov:==========>                        31%]
[Progress:=======>                      24%] [Cov:==========>                        31%]
[Progress:=======>                      24%] [Cov:==========>                        31%]
[Progress:=======>                      24%] [Cov:==========>                        31%]
[Progress:=======>                      24%] [Cov:==========>                        31%]
[Progress:=======>                      24%] [Cov:==========>                        31%]
[Progress:=======>                      24%] [Cov:==========>                        31%]
[Progress:=======>                      24%] [Cov:==========>                        31%]
[Progress:=======>                      24%] [Cov:==========>                        31%]
[Progress:=======>                      24%] [Cov:==========>                        31%]
[Progress:=======>                      24%] [Cov:==========>                        31%]
[Progress:=======>                      24%] [Cov:==========>                        31%]
[Progress:=======>                      24%] [Cov:==========>                        31%]
[Progress:=======>                      24%] [Cov:==========>                        31%]
[Progress:=======>                      24%] [Cov:==========>                        31%]
[Progress:=======>                      24%] [Cov:==========>                        31%]
[Progress:=======>                      24%] [Cov:==========>                        31%]
[Progress:=======>                      24%] [Cov:==========>                        31%]
[Progress:=======>                      24%] [Cov:==========>                        31%]
[Progress:=======>                      24%] [Cov:==========>                        31%]
[Progress:=======>                      24%] [Cov:==========>                        31%]
[Progress:=======>                      24%] [Cov:==========>                        31%]
[Progress:=======>                      24%] [Cov:==========>                        31%]
[Progress:=======>                      24%] [Cov:==========>                        31%]
[Progress:=======>                      24%] [Cov:==========>                        31%]
[Progress:=======>                      24%] [Cov:==========>                        31%]
[Progress:=======>                      24%] [Cov:==========>                        31%]
[Progress:=======>                      24%] [Cov:==========>                        31%]
[Progress:=======>                      24%] [Cov:==========>                        31%]
[Progress:=======>                      24%] [Cov:==========>                        31%]
[Progress:=======>                      25%] [Cov:==========>                        31%]
[Progress:=======>                      25%] [Cov:==========>                        31%]
[Progress:=======>                      25%] [Cov:==========>                        31%]
[Progress:=======>                      25%] [Cov:==========>                        31%]
[Progress:=======>                      25%] [Cov:==========>                        31%]
[Progress:=======>                      25%] [Cov:==========>                        31%]
[Progress:=======>                      25%] [Cov:==========>                        31%]
[Progress:=======>                      25%] [Cov:==========>                        31%]
[Progress:=======>                      25%] [Cov:==========>                        31%]
[Progress:=======>                      25%] [Cov:==========>                        31%]
[Progress:=======>                      25%] [Cov:==========>                        31%]
[Progress:=======>                      25%] [Cov:==========>                        31%]
[Progress:=======>                      25%] [Cov:==========>                        31%]
[Progress:=======>                      25%] [Cov:==========>                        31%]
[Progress:=======>                      25%] [Cov:==========>                        31%]
[Progress:=======>                      25%] [Cov:==========>                        31%]
[Progress:=======>                      25%] [Cov:==========>                        31%]
[Progress:=======>                      25%] [Cov:==========>                        31%]
[Progress:=======>                      25%] [Cov:==========>                        31%]
[Progress:=======>                      25%] [Cov:==========>                        31%]
[Progress:=======>                      25%] [Cov:==========>                        31%]
[Progress:=======>                      25%] [Cov:==========>                        31%]
[Progress:=======>                      25%] [Cov:==========>                        31%]
[Progress:=======>                      25%] [Cov:==========>                        31%]
[Progress:=======>                      25%] [Cov:==========>                        31%]
[Progress:=======>                      25%] [Cov:==========>                        31%]
[Progress:=======>                      25%] [Cov:==========>                        31%]
[Progress:=======>                      25%] [Cov:==========>                        31%]
[Progress:=======>                      25%] [Cov:==========>                        31%]
[Progress:=======>                      25%] [Cov:==========>                        31%]
[Progress:=======>                      25%] [Cov:==========>                        31%]
[Progress:=======>                      25%] [Cov:==========>                        31%]
[Progress:=======>                      25%] [Cov:==========>                        31%]
[Progress:=======>                      26%] [Cov:==========>                        31%]
[Progress:=======>                      26%] [Cov:==========>                        31%]
[Progress:=======>                      26%] [Cov:==========>                        31%]
[Progress:=======>                      26%] [Cov:==========>                        31%]
[Progress:=======>                      26%] [Cov:==========>                        31%]
[Progress:=======>                      26%] [Cov:==========>                        31%]
[Progress:=======>                      26%] [Cov:==========>                        31%]
[Progress:=======>                      26%] [Cov:==========>                        31%]
[Progress:=======>                      26%] [Cov:==========>                        31%]
[Progress:=======>                      26%] [Cov:==========>                        31%]
[Progress:=======>                      26%] [Cov:==========>                        31%]
[Progress:=======>                      26%] [Cov:==========>                        31%]
[Progress:=======>                      26%] [Cov:==========>                        31%]
[Progress:=======>                      26%] [Cov:==========>                        31%]
[Progress:=======>                      26%] [Cov:==========>                        31%]
[Progress:=======>                      26%] [Cov:==========>                        31%]
[Progress:=======>                      26%] [Cov:==========>                        31%]
[Progress:=======>                      26%] [Cov:==========>                        31%]
[Progress:=======>                      26%] [Cov:==========>                        31%]
[Progress:=======>                      26%] [Cov:==========>                        31%]
[Progress:=======>                      26%] [Cov:==========>                        31%]
[Progress:=======>                      26%] [Cov:==========>                        31%]
[Progress:=======>                      26%] [Cov:==========>                        31%]
[Progress:=======>                      26%] [Cov:==========>                        31%]
[Progress:=======>                      26%] [Cov:==========>                        31%]
[Progress:=======>                      26%] [Cov:==========>                        31%]
[Progress:=======>                      26%] [Cov:==========>                        31%]
[Progress:=======>                      26%] [Cov:==========>                        31%]
[Progress:=======>                      26%] [Cov:==========>                        31%]
[Progress:=======>                      26%] [Cov:==========>                        31%]
[Progress:=======>                      26%] [Cov:==========>                        31%]
[Progress:=======>                      26%] [Cov:==========>                        31%]
[Progress:=======>                      26%] [Cov:==========>                        31%]
[Progress:=======>                      26%] [Cov:==========>                        31%]
[Progress:=======>                      26%] [Cov:==========>                        31%]
[Progress:=======>                      26%] [Cov:==========>                        31%]
[Progress:=======>                      26%] [Cov:==========>                        31%]
[Progress:=======>                      26%] [Cov:==========>                        31%]
[Progress:=======>                      26%] [Cov:==========>                        31%]
[Progress:=======>                      26%] [Cov:==========>                        31%]
[Progress:=======>                      26%] [Cov:==========>                        31%]
[Progress:=======>                      26%] [Cov:==========>                        31%]
[Progress:=======>                      26%] [Cov:==========>                        31%]
[Progress:=======>                      26%] [Cov:==========>                        31%]
[Progress:=======>                      26%] [Cov:==========>                        31%]
[Progress:=======>                      26%] [Cov:==========>                        31%]
[Progress:=======>                      26%] [Cov:==========>                        31%]
[Progress:=======>                      26%] [Cov:==========>                        31%]
[Progress:=======>                      26%] [Cov:==========>                        31%]
[Progress:=======>                      26%] [Cov:==========>                        31%]
[Progress:=======>                      26%] [Cov:==========>                        31%]
[Progress:=======>                      26%] [Cov:==========>                        31%]
[Progress:=======>                      26%] [Cov:==========>                        31%]
[Progress:=======>                      26%] [Cov:==========>                        31%]
[Progress:=======>                      26%] [Cov:==========>                        31%]
[Progress:=======>                      26%] [Cov:==========>                        31%]
[Progress:=======>                      26%] [Cov:==========>                        31%]
[Progress:=======>                      26%] [Cov:==========>                        31%]
[Progress:=======>                      26%] [Cov:==========>                        31%]
[Progress:=======>                      26%] [Cov:==========>                        31%]
[Progress:=======>                      26%] [Cov:==========>                        31%]
[Progress:=======>                      26%] [Cov:==========>                        31%]
[Progress:=======>                      26%] [Cov:==========>                        31%]
[Progress:=======>                      26%] [Cov:==========>                        31%]
[Progress:=======>                      26%] [Cov:==========>                        31%]
[Progress:========>                     27%] [Cov:==========>                        31%]
[Progress:========>                     27%] [Cov:==========>                        31%]
[Progress:========>                     27%] [Cov:==========>                        31%]
[Progress:========>                     27%] [Cov:==========>                        31%]
[Progress:========>                     27%] [Cov:==========>                        31%]
[Progress:========>                     27%] [Cov:==========>                        31%]
[Progress:========>                     27%] [Cov:==========>                        31%]
[Progress:========>                     27%] [Cov:==========>                        31%]
[Progress:========>                     27%] [Cov:==========>                        31%]
[Progress:========>                     27%] [Cov:==========>                        31%]
[Progress:========>                     27%] [Cov:==========>                        31%]
[Progress:========>                     27%] [Cov:==========>                        31%]
[Progress:========>                     27%] [Cov:==========>                        31%]
[Progress:========>                     27%] [Cov:==========>                        31%]
[Progress:========>                     27%] [Cov:==========>                        31%]
[Progress:========>                     27%] [Cov:==========>                        31%]
[Progress:========>                     27%] [Cov:==========>                        31%]
[Progress:========>                     27%] [Cov:==========>                        31%]
[Progress:========>                     27%] [Cov:==========>                        31%]
[Progress:========>                     27%] [Cov:==========>                        31%]
[Progress:========>                     27%] [Cov:==========>                        31%]
[Progress:========>                     27%] [Cov:==========>                        31%]
[Progress:========>                     27%] [Cov:==========>                        31%]
[Progress:========>                     27%] [Cov:==========>                        31%]
[Progress:========>                     27%] [Cov:==========>                        31%]
[Progress:========>                     27%] [Cov:==========>                        31%]
[Progress:========>                     27%] [Cov:==========>                        31%]
[Progress:========>                     27%] [Cov:==========>                        31%]
[Progress:========>                     27%] [Cov:==========>                        31%]
[Progress:========>                     27%] [Cov:==========>                        31%]
[Progress:========>                     27%] [Cov:==========>                        31%]
[Progress:========>                     28%] [Cov:==========>                        31%]
[Progress:========>                     28%] [Cov:==========>                        31%]
[Progress:========>                     28%] [Cov:==========>                        31%]
[Progress:========>                     28%] [Cov:==========>                        31%]
[Progress:========>                     28%] [Cov:==========>                        31%]
[Progress:========>                     28%] [Cov:==========>                        31%]
[Progress:========>                     28%] [Cov:==========>                        31%]
[Progress:========>                     28%] [Cov:==========>                        31%]
[Progress:========>                     28%] [Cov:==========>                        31%]
[Progress:========>                     28%] [Cov:==========>                        31%]
[Progress:========>                     28%] [Cov:==========>                        31%]
[Progress:========>                     28%] [Cov:==========>                        31%]
[Progress:========>                     28%] [Cov:==========>                        31%]
[Progress:========>                     28%] [Cov:==========>                        31%]
[Progress:========>                     28%] [Cov:==========>                        31%]
[Progress:========>                     28%] [Cov:==========>                        31%]
[Progress:========>                     28%] [Cov:==========>                        31%]
[Progress:========>                     28%] [Cov:==========>                        31%]
[Progress:========>                     28%] [Cov:==========>                        31%]
[Progress:========>                     28%] [Cov:==========>                        31%]
[Progress:========>                     28%] [Cov:==========>                        31%]
[Progress:========>                     28%] [Cov:==========>                        31%]
[Progress:========>                     28%] [Cov:==========>                        31%]
[Progress:========>                     28%] [Cov:==========>                        31%]
[Progress:========>                     28%] [Cov:==========>                        31%]
[Progress:========>                     28%] [Cov:==========>                        31%]
[Progress:========>                     28%] [Cov:==========>                        31%]
[Progress:========>                     28%] [Cov:==========>                        31%]
[Progress:========>                     28%] [Cov:==========>                        31%]
[Progress:========>                     28%] [Cov:==========>                        31%]
[Progress:========>                     28%] [Cov:==========>                        31%]
[Progress:========>                     28%] [Cov:==========>                        31%]
[Progress:========>                     28%] [Cov:==========>                        31%]
[Progress:========>                     28%] [Cov:==========>                        31%]
[Progress:========>                     28%] [Cov:==========>                        31%]
[Progress:========>                     28%] [Cov:==========>                        31%]
[Progress:========>                     28%] [Cov:==========>                        31%]
[Progress:========>                     28%] [Cov:==========>                        31%]
[Progress:========>                     28%] [Cov:==========>                        31%]
[Progress:========>                     28%] [Cov:==========>                        31%]
[Progress:========>                     28%] [Cov:==========>                        31%]
[Progress:========>                     28%] [Cov:==========>                        31%]
[Progress:========>                     28%] [Cov:==========>                        31%]
[Progress:========>                     28%] [Cov:==========>                        31%]
[Progress:========>                     28%] [Cov:==========>                        31%]
[Progress:========>                     28%] [Cov:==========>                        31%]
[Progress:========>                     28%] [Cov:==========>                        31%]
[Progress:========>                     28%] [Cov:==========>                        31%]
[Progress:========>                     28%] [Cov:==========>                        31%]
[Progress:========>                     28%] [Cov:==========>                        31%]
[Progress:========>                     28%] [Cov:==========>                        31%]
[Progress:========>                     28%] [Cov:==========>                        31%]
[Progress:========>                     28%] [Cov:==========>                        31%]
[Progress:========>                     28%] [Cov:==========>                        31%]
[Progress:========>                     28%] [Cov:==========>                        31%]
[Progress:========>                     28%] [Cov:==========>                        31%]
[Progress:========>                     28%] [Cov:==========>                        31%]
[Progress:========>                     28%] [Cov:==========>                        31%]
[Progress:========>                     28%] [Cov:==========>                        31%]
[Progress:========>                     28%] [Cov:==========>                        31%]
[Progress:========>                     28%] [Cov:==========>                        31%]
[Progress:========>                     28%] [Cov:==========>                        31%]
[Progress:========>                     28%] [Cov:==========>                        31%]
[Progress:========>                     28%] [Cov:==========>                        31%]
[Progress:========>                     28%] [Cov:==========>                        31%]
[Progress:========>                     28%] [Cov:==========>                        31%]
[Progress:========>                     29%] [Cov:========>                          25%]
[Progress:========>                     29%] [Cov:==========>                        31%]
[Progress:========>                     29%] [Cov:==========>                        31%]
[Progress:========>                     29%] [Cov:==========>                        31%]
[Progress:========>                     29%] [Cov:==========>                        31%]
[Progress:========>                     29%] [Cov:==========>                        31%]
[Progress:========>                     29%] [Cov:==========>                        31%]
[Progress:========>                     29%] [Cov:==========>                        31%]
[Progress:========>                     29%] [Cov:==========>                        31%]
[Progress:========>                     29%] [Cov:==========>                        31%]
[Progress:========>                     29%] [Cov:==========>                        31%]
[Progress:========>                     29%] [Cov:==========>                        31%]
[Progress:========>                     29%] [Cov:==========>                        31%]
[Progress:========>                     29%] [Cov:==========>                        31%]
[Progress:========>                     29%] [Cov:==========>                        31%]
[Progress:========>                     29%] [Cov:==========>                        31%]
[Progress:========>                     29%] [Cov:==========>                        31%]
[Progress:========>                     29%] [Cov:==========>                        31%]
[Progress:========>                     29%] [Cov:==========>                        31%]
[Progress:========>                     29%] [Cov:==========>                        31%]
[Progress:========>                     29%] [Cov:==========>                        31%]
[Progress:========>                     29%] [Cov:==========>                        31%]
[Progress:========>                     29%] [Cov:==========>                        31%]
[Progress:========>                     29%] [Cov:==========>                        31%]
[Progress:========>                     29%] [Cov:==========>                        31%]
[Progress:========>                     29%] [Cov:==========>                        31%]
[Progress:========>                     29%] [Cov:==========>                        31%]
[Progress:========>                     29%] [Cov:==========>                        31%]
[Progress:========>                     29%] [Cov:==========>                        31%]
[Progress:========>                     29%] [Cov:==========>                        31%]
[Progress:========>                     29%] [Cov:==========>                        31%]
[Progress:========>                     29%] [Cov:==========>                        31%]
[Progress:========>                     29%] [Cov:==========>                        31%]
[Progress:========>                     29%] [Cov:==========>                        31%]
[Progress:========>                     29%] [Cov:==========>                        31%]
[Progress:=========>                    30%] [Cov:==========>                        31%]
[Progress:=========>                    30%] [Cov:==========>                        31%]
[Progress:=========>                    30%] [Cov:==========>                        31%]
[Progress:=========>                    30%] [Cov:==========>                        31%]
[Progress:=========>                    30%] [Cov:==========>                        31%]
[Progress:=========>                    30%] [Cov:==========>                        31%]
[Progress:=========>                    30%] [Cov:==========>                        31%]
[Progress:=========>                    30%] [Cov:==========>                        31%]
[Progress:=========>                    30%] [Cov:==========>                        31%]
[Progress:=========>                    30%] [Cov:==========>                        31%]
[Progress:=========>                    30%] [Cov:==========>                        31%]
[Progress:=========>                    30%] [Cov:==========>                        31%]
[Progress:=========>                    30%] [Cov:==========>                        31%]
[Progress:=========>                    30%] [Cov:==========>                        31%]
[Progress:=========>                    30%] [Cov:==========>                        31%]
[Progress:=========>                    30%] [Cov:==========>                        31%]
[Progress:=========>                    30%] [Cov:==========>                        31%]
[Progress:=========>                    30%] [Cov:==========>                        31%]
[Progress:=========>                    30%] [Cov:==========>                        31%]
[Progress:=========>                    30%] [Cov:==========>                        31%]
[Progress:=========>                    30%] [Cov:==========>                        31%]
[Progress:=========>                    30%] [Cov:==========>                        31%]
[Progress:=========>                    30%] [Cov:==========>                        31%]
[Progress:=========>                    30%] [Cov:==========>                        31%]
[Progress:=========>                    30%] [Cov:==========>                        31%]
[Progress:=========>                    30%] [Cov:==========>                        31%]
[Progress:=========>                    30%] [Cov:==========>                        31%]
[Progress:=========>                    30%] [Cov:==========>                        31%]
[Progress:=========>                    30%] [Cov:==========>                        31%]
[Progress:=========>                    30%] [Cov:==========>                        31%]
[Progress:=========>                    30%] [Cov:==========>                        31%]
[Progress:=========>                    30%] [Cov:==========>                        31%]
[Progress:=========>                    30%] [Cov:==========>                        31%]
[Progress:=========>                    30%] [Cov:==========>                        31%]
[Progress:=========>                    30%] [Cov:==========>                        31%]
[Progress:=========>                    30%] [Cov:==========>                        31%]
[Progress:=========>                    30%] [Cov:==========>                        31%]
[Progress:=========>                    30%] [Cov:==========>                        31%]
[Progress:=========>                    30%] [Cov:==========>                        31%]
[Progress:=========>                    30%] [Cov:==========>                        31%]
[Progress:=========>                    30%] [Cov:==========>                        31%]
[Progress:=========>                    30%] [Cov:==========>                        31%]
[Progress:=========>                    30%] [Cov:==========>                        31%]
[Progress:=========>                    30%] [Cov:==========>                        31%]
[Progress:=========>                    30%] [Cov:==========>                        31%]
[Progress:=========>                    30%] [Cov:==========>                        31%]
[Progress:=========>                    30%] [Cov:==========>                        31%]
[Progress:=========>                    30%] [Cov:==========>                        31%]
[Progress:=========>                    30%] [Cov:==========>                        31%]
[Progress:=========>                    30%] [Cov:==========>                        31%]
[Progress:=========>                    30%] [Cov:==========>                        31%]
[Progress:=========>                    30%] [Cov:==========>                        31%]
[Progress:=========>                    30%] [Cov:==========>                        31%]
[Progress:=========>                    30%] [Cov:==========>                        31%]
[Progress:=========>                    30%] [Cov:==========>                        31%]
[Progress:=========>                    30%] [Cov:==========>                        31%]
[Progress:=========>                    30%] [Cov:==========>                        31%]
[Progress:=========>                    30%] [Cov:==========>                        31%]
[Progress:=========>                    30%] [Cov:==========>                        31%]
[Progress:=========>                    30%] [Cov:==========>                        31%]
[Progress:=========>                    30%] [Cov:==========>                        31%]
[Progress:=========>                    30%] [Cov:==========>                        31%]
[Progress:=========>                    30%] [Cov:==========>                        31%]
[Progress:=========>                    30%] [Cov:==========>                        31%]
[Progress:=========>                    30%] [Cov:==========>                        31%]
[Progress:=========>                    30%] [Cov:==========>                        31%]
[Progress:=========>                    31%] [Cov:==========>                        31%]
[Progress:=========>                    31%] [Cov:==========>                        31%]
[Progress:=========>                    31%] [Cov:==========>                        31%]
[Progress:=========>                    31%] [Cov:==========>                        31%]
[Progress:=========>                    31%] [Cov:==========>                        31%]
[Progress:=========>                    31%] [Cov:==========>                        31%]
[Progress:=========>                    31%] [Cov:==========>                        31%]
[Progress:=========>                    31%] [Cov:==========>                        31%]
[Progress:=========>                    31%] [Cov:==========>                        31%]
[Progress:=========>                    31%] [Cov:==========>                        31%]
[Progress:=========>                    31%] [Cov:==========>                        31%]
[Progress:=========>                    31%] [Cov:==========>                        31%]
[Progress:=========>                    31%] [Cov:==========>                        31%]
[Progress:=========>                    31%] [Cov:==========>                        31%]
[Progress:=========>                    31%] [Cov:==========>                        31%]
[Progress:=========>                    31%] [Cov:==========>                        31%]
[Progress:=========>                    31%] [Cov:==========>                        31%]
[Progress:=========>                    31%] [Cov:==========>                        31%]
[Progress:=========>                    31%] [Cov:==========>                        31%]
[Progress:=========>                    31%] [Cov:==========>                        31%]
[Progress:=========>                    31%] [Cov:==========>                        31%]
[Progress:=========>                    31%] [Cov:==========>                        31%]
[Progress:=========>                    31%] [Cov:==========>                        31%]
[Progress:=========>                    31%] [Cov:==========>                        31%]
[Progress:=========>                    31%] [Cov:==========>                        31%]
[Progress:=========>                    31%] [Cov:==========>                        31%]
[Progress:=========>                    31%] [Cov:==========>                        31%]
[Progress:=========>                    31%] [Cov:==========>                        31%]
[Progress:=========>                    31%] [Cov:==========>                        31%]
[Progress:=========>                    31%] [Cov:==========>                        31%]
[Progress:=========>                    31%] [Cov:==========>                        31%]
[Progress:=========>                    31%] [Cov:==========>                        31%]
[Progress:=========>                    32%] [Cov:==========>                        31%]
[Progress:=========>                    32%] [Cov:==========>                        31%]
[Progress:=========>                    32%] [Cov:==========>                        31%]
[Progress:=========>                    32%] [Cov:==========>                        31%]
[Progress:=========>                    32%] [Cov:==========>                        31%]
[Progress:=========>                    32%] [Cov:==========>                        31%]
[Progress:=========>                    32%] [Cov:==========>                        31%]
[Progress:=========>                    32%] [Cov:==========>                        31%]
[Progress:=========>                    32%] [Cov:==========>                        31%]
[Progress:=========>                    32%] [Cov:==========>                        31%]
[Progress:=========>                    32%] [Cov:==========>                        31%]
[Progress:=========>                    32%] [Cov:==========>                        31%]
[Progress:=========>                    32%] [Cov:==========>                        31%]
[Progress:=========>                    32%] [Cov:==========>                        31%]
[Progress:=========>                    32%] [Cov:==========>                        31%]
[Progress:=========>                    32%] [Cov:==========>                        31%]
[Progress:=========>                    32%] [Cov:==========>                        31%]
[Progress:=========>                    32%] [Cov:==========>                        31%]
[Progress:=========>                    32%] [Cov:==========>                        31%]
[Progress:=========>                    32%] [Cov:==========>                        31%]
[Progress:=========>                    32%] [Cov:==========>                        31%]
[Progress:=========>                    32%] [Cov:==========>                        31%]
[Progress:=========>                    32%] [Cov:==========>                        31%]
[Progress:=========>                    32%] [Cov:==========>                        31%]
[Progress:=========>                    32%] [Cov:==========>                        31%]
[Progress:=========>                    32%] [Cov:==========>                        31%]
[Progress:=========>                    32%] [Cov:==========>                        31%]
[Progress:=========>                    32%] [Cov:==========>                        31%]
[Progress:=========>                    32%] [Cov:==========>                        31%]
[Progress:=========>                    32%] [Cov:==========>                        31%]
[Progress:=========>                    32%] [Cov:==========>                        31%]
[Progress:=========>                    32%] [Cov:==========>                        31%]
[Progress:=========>                    32%] [Cov:==========>                        31%]
[Progress:=========>                    32%] [Cov:==========>                        31%]
[Progress:=========>                    32%] [Cov:==========>                        31%]
[Progress:=========>                    32%] [Cov:==========>                        31%]
[Progress:=========>                    32%] [Cov:==========>                        31%]
[Progress:=========>                    32%] [Cov:==========>                        31%]
[Progress:=========>                    32%] [Cov:==========>                        31%]
[Progress:=========>                    32%] [Cov:==========>                        31%]
[Progress:=========>                    32%] [Cov:==========>                        31%]
[Progress:=========>                    32%] [Cov:==========>                        31%]
[Progress:=========>                    32%] [Cov:==========>                        31%]
[Progress:=========>                    32%] [Cov:==========>                        31%]
[Progress:=========>                    32%] [Cov:==========>                        31%]
[Progress:=========>                    32%] [Cov:==========>                        31%]
[Progress:=========>                    32%] [Cov:==========>                        31%]
[Progress:=========>                    32%] [Cov:==========>                        31%]
[Progress:=========>                    32%] [Cov:==========>                        31%]
[Progress:=========>                    32%] [Cov:==========>                        31%]
[Progress:=========>                    32%] [Cov:==========>                        31%]
[Progress:=========>                    32%] [Cov:==========>                        31%]
[Progress:=========>                    32%] [Cov:==========>                        31%]
[Progress:=========>                    32%] [Cov:==========>                        31%]
[Progress:=========>                    32%] [Cov:==========>                        31%]
[Progress:=========>                    32%] [Cov:==========>                        31%]
[Progress:=========>                    32%] [Cov:==========>                        31%]
[Progress:=========>                    32%] [Cov:==========>                        31%]
[Progress:=========>                    32%] [Cov:==========>                        31%]
[Progress:=========>                    32%] [Cov:==========>                        31%]
[Progress:=========>                    32%] [Cov:==========>                        31%]
[Progress:=========>                    32%] [Cov:==========>                        31%]
[Progress:=========>                    32%] [Cov:==========>                        31%]
[Progress:=========>                    32%] [Cov:==========>                        31%]
[Progress:=========>                    32%] [Cov:==========>                        31%]
[Progress:=========>                    33%] [Cov:==========>                        31%]
[Progress:=========>                    33%] [Cov:==========>                        31%]
[Progress:=========>                    33%] [Cov:==========>                        31%]
[Progress:=========>                    33%] [Cov:==========>                        31%]
[Progress:=========>                    33%] [Cov:==========>                        31%]
[Progress:=========>                    33%] [Cov:==========>                        31%]
[Progress:=========>                    33%] [Cov:==========>                        31%]
[Progress:=========>                    33%] [Cov:==========>                        31%]
[Progress:=========>                    33%] [Cov:==========>                        31%]
[Progress:=========>                    33%] [Cov:==========>                        31%]
[Progress:=========>                    33%] [Cov:==========>                        31%]
[Progress:=========>                    33%] [Cov:==========>                        31%]
[Progress:=========>                    33%] [Cov:==========>                        31%]
[Progress:=========>                    33%] [Cov:==========>                        31%]
[Progress:=========>                    33%] [Cov:==========>                        31%]
[Progress:=========>                    33%] [Cov:==========>                        31%]
[Progress:=========>                    33%] [Cov:==========>                        31%]
[Progress:=========>                    33%] [Cov:==========>                        31%]
[Progress:=========>                    33%] [Cov:==========>                        31%]
[Progress:=========>                    33%] [Cov:==========>                        31%]
[Progress:=========>                    33%] [Cov:==========>                        31%]
[Progress:=========>                    33%] [Cov:==========>                        31%]
[Progress:=========>                    33%] [Cov:==========>                        31%]
[Progress:=========>                    33%] [Cov:==========>                        31%]
[Progress:=========>                    33%] [Cov:==========>                        31%]
[Progress:=========>                    33%] [Cov:==========>                        31%]
[Progress:=========>                    33%] [Cov:==========>                        31%]
[Progress:=========>                    33%] [Cov:==========>                        31%]
[Progress:=========>                    33%] [Cov:==========>                        31%]
[Progress:=========>                    33%] [Cov:==========>                        31%]
[Progress:=========>                    33%] [Cov:==========>                        31%]
[Progress:=========>                    33%] [Cov:==========>                        31%]
[Progress:==========>                   34%] [Cov:==========>                        31%]
[Progress:==========>                   34%] [Cov:==========>                        31%]
[Progress:==========>                   34%] [Cov:==========>                        31%]
[Progress:==========>                   34%] [Cov:==========>                        31%]
[Progress:==========>                   34%] [Cov:==========>                        31%]
[Progress:==========>                   34%] [Cov:==========>                        31%]
[Progress:==========>                   34%] [Cov:==========>                        31%]
[Progress:==========>                   34%] [Cov:==========>                        31%]
[Progress:==========>                   34%] [Cov:==========>                        31%]
[Progress:==========>                   34%] [Cov:==========>                        31%]
[Progress:==========>                   34%] [Cov:==========>                        31%]
[Progress:==========>                   34%] [Cov:==========>                        31%]
[Progress:==========>                   34%] [Cov:==========>                        31%]
[Progress:==========>                   34%] [Cov:==========>                        31%]
[Progress:==========>                   34%] [Cov:==========>                        31%]
[Progress:==========>                   34%] [Cov:==========>                        31%]
[Progress:==========>                   34%] [Cov:==========>                        31%]
[Progress:==========>                   34%] [Cov:==========>                        31%]
[Progress:==========>                   34%] [Cov:==========>                        31%]
[Progress:==========>                   34%] [Cov:==========>                        31%]
[Progress:==========>                   34%] [Cov:==========>                        31%]
[Progress:==========>                   34%] [Cov:==========>                        31%]
[Progress:==========>                   34%] [Cov:==========>                        31%]
[Progress:==========>                   34%] [Cov:==========>                        31%]
[Progress:==========>                   34%] [Cov:==========>                        31%]
[Progress:==========>                   34%] [Cov:==========>                        31%]
[Progress:==========>                   34%] [Cov:==========>                        31%]
[Progress:==========>                   34%] [Cov:==========>                        31%]
[Progress:==========>                   34%] [Cov:==========>                        31%]
[Progress:==========>                   34%] [Cov:==========>                        31%]
[Progress:==========>                   34%] [Cov:==========>                        31%]
[Progress:==========>                   34%] [Cov:==========>                        31%]
[Progress:==========>                   34%] [Cov:==========>                        31%]
[Progress:==========>                   34%] [Cov:==========>                        31%]
[Progress:==========>                   34%] [Cov:==========>                        31%]
[Progress:==========>                   34%] [Cov:==========>                        31%]
[Progress:==========>                   34%] [Cov:==========>                        31%]
[Progress:==========>                   34%] [Cov:==========>                        31%]
[Progress:==========>                   34%] [Cov:==========>                        31%]
[Progress:==========>                   34%] [Cov:==========>                        31%]
[Progress:==========>                   34%] [Cov:==========>                        31%]
[Progress:==========>                   34%] [Cov:==========>                        31%]
[Progress:==========>                   34%] [Cov:==========>                        31%]
[Progress:==========>                   34%] [Cov:==========>                        31%]
[Progress:==========>                   34%] [Cov:==========>                        31%]
[Progress:==========>                   34%] [Cov:==========>                        31%]
[Progress:==========>                   34%] [Cov:==========>                        31%]
[Progress:==========>                   34%] [Cov:==========>                        31%]
[Progress:==========>                   34%] [Cov:==========>                        31%]
[Progress:==========>                   34%] [Cov:==========>                        31%]
[Progress:==========>                   34%] [Cov:==========>                        31%]
[Progress:==========>                   34%] [Cov:==========>                        31%]
[Progress:==========>                   34%] [Cov:==========>                        31%]
[Progress:==========>                   34%] [Cov:==========>                        31%]
[Progress:==========>                   34%] [Cov:==========>                        31%]
[Progress:==========>                   34%] [Cov:==========>                        31%]
[Progress:==========>                   34%] [Cov:==========>                        31%]
[Progress:==========>                   34%] [Cov:==========>                        31%]
[Progress:==========>                   34%] [Cov:==========>                        31%]
[Progress:==========>                   34%] [Cov:==========>                        31%]
[Progress:==========>                   34%] [Cov:==========>                        31%]
[Progress:==========>                   34%] [Cov:==========>                        31%]
[Progress:==========>                   34%] [Cov:==========>                        31%]
[Progress:==========>                   34%] [Cov:==========>                        31%]
[Progress:==========>                   34%] [Cov:==========>                        31%]
[Progress:==========>                   34%] [Cov:==========>                        31%]
[Progress:==========>                   34%] [Cov:==========>                        31%]
[Progress:==========>                   34%] [Cov:==========>                        31%]
[Progress:==========>                   35%] [Cov:==========>                        30%]
[Progress:==========>                   35%] [Cov:==========>                        31%]
[Progress:==========>                   35%] [Cov:==========>                        31%]
[Progress:==========>                   35%] [Cov:==========>                        31%]
[Progress:==========>                   35%] [Cov:==========>                        31%]
[Progress:==========>                   35%] [Cov:==========>                        31%]
[Progress:==========>                   35%] [Cov:==========>                        31%]
[Progress:==========>                   35%] [Cov:==========>                        31%]
[Progress:==========>                   35%] [Cov:==========>                        31%]
[Progress:==========>                   35%] [Cov:==========>                        31%]
[Progress:==========>                   35%] [Cov:==========>                        31%]
[Progress:==========>                   35%] [Cov:==========>                        31%]
[Progress:==========>                   35%] [Cov:==========>                        31%]
[Progress:==========>                   35%] [Cov:==========>                        31%]
[Progress:==========>                   35%] [Cov:==========>                        31%]
[Progress:==========>                   35%] [Cov:==========>                        31%]
[Progress:==========>                   35%] [Cov:==========>                        31%]
[Progress:==========>                   35%] [Cov:==========>                        31%]
[Progress:==========>                   35%] [Cov:==========>                        31%]
[Progress:==========>                   35%] [Cov:==========>                        31%]
[Progress:==========>                   35%] [Cov:==========>                        31%]
[Progress:==========>                   35%] [Cov:==========>                        31%]
[Progress:==========>                   35%] [Cov:==========>                        31%]
[Progress:==========>                   35%] [Cov:==========>                        31%]
[Progress:==========>                   35%] [Cov:==========>                        31%]
[Progress:==========>                   35%] [Cov:==========>                        31%]
[Progress:==========>                   35%] [Cov:==========>                        31%]
[Progress:==========>                   35%] [Cov:==========>                        31%]
[Progress:==========>                   35%] [Cov:==========>                        31%]
[Progress:==========>                   35%] [Cov:==========>                        31%]
[Progress:==========>                   35%] [Cov:==========>                        31%]
[Progress:==========>                   35%] [Cov:==========>                        31%]
[Progress:==========>                   35%] [Cov:==========>                        31%]
[Progress:==========>                   35%] [Cov:==========>                        31%]
[Progress:==========>                   35%] [Cov:==========>                        31%]
[Progress:==========>                   36%] [Cov:==========>                        31%]
[Progress:==========>                   36%] [Cov:==========>                        31%]
[Progress:==========>                   36%] [Cov:==========>                        31%]
[Progress:==========>                   36%] [Cov:==========>                        31%]
[Progress:==========>                   36%] [Cov:==========>                        31%]
[Progress:==========>                   36%] [Cov:==========>                        31%]
[Progress:==========>                   36%] [Cov:==========>                        31%]
[Progress:==========>                   36%] [Cov:==========>                        31%]
[Progress:==========>                   36%] [Cov:==========>                        31%]
[Progress:==========>                   36%] [Cov:==========>                        31%]
[Progress:==========>                   36%] [Cov:==========>                        31%]
[Progress:==========>                   36%] [Cov:==========>                        31%]
[Progress:==========>                   36%] [Cov:==========>                        31%]
[Progress:==========>                   36%] [Cov:==========>                        31%]
[Progress:==========>                   36%] [Cov:==========>                        31%]
[Progress:==========>                   36%] [Cov:==========>                        31%]
[Progress:==========>                   36%] [Cov:==========>                        31%]
[Progress:==========>                   36%] [Cov:==========>                        31%]
[Progress:==========>                   36%] [Cov:==========>                        31%]
[Progress:==========>                   36%] [Cov:==========>                        31%]
[Progress:==========>                   36%] [Cov:==========>                        31%]
[Progress:==========>                   36%] [Cov:==========>                        31%]
[Progress:==========>                   36%] [Cov:==========>                        31%]
[Progress:==========>                   36%] [Cov:==========>                        31%]
[Progress:==========>                   36%] [Cov:==========>                        31%]
[Progress:==========>                   36%] [Cov:==========>                        31%]
[Progress:==========>                   36%] [Cov:==========>                        31%]
[Progress:==========>                   36%] [Cov:==========>                        31%]
[Progress:==========>                   36%] [Cov:==========>                        31%]
[Progress:==========>                   36%] [Cov:==========>                        31%]
[Progress:==========>                   36%] [Cov:==========>                        31%]
[Progress:==========>                   36%] [Cov:==========>                        31%]
[Progress:==========>                   36%] [Cov:==========>                        31%]
[Progress:==========>                   36%] [Cov:==========>                        31%]
[Progress:==========>                   36%] [Cov:==========>                        31%]
[Progress:==========>                   36%] [Cov:==========>                        31%]
[Progress:==========>                   36%] [Cov:==========>                        31%]
[Progress:==========>                   36%] [Cov:==========>                        31%]
[Progress:==========>                   36%] [Cov:==========>                        31%]
[Progress:==========>                   36%] [Cov:==========>                        31%]
[Progress:==========>                   36%] [Cov:==========>                        31%]
[Progress:==========>                   36%] [Cov:==========>                        31%]
[Progress:==========>                   36%] [Cov:==========>                        31%]
[Progress:==========>                   36%] [Cov:==========>                        31%]
[Progress:==========>                   36%] [Cov:==========>                        31%]
[Progress:==========>                   36%] [Cov:==========>                        31%]
[Progress:==========>                   36%] [Cov:==========>                        31%]
[Progress:==========>                   36%] [Cov:==========>                        31%]
[Progress:==========>                   36%] [Cov:==========>                        31%]
[Progress:==========>                   36%] [Cov:==========>                        31%]
[Progress:==========>                   36%] [Cov:==========>                        31%]
[Progress:==========>                   36%] [Cov:==========>                        31%]
[Progress:==========>                   36%] [Cov:==========>                        31%]
[Progress:==========>                   36%] [Cov:==========>                        31%]
[Progress:==========>                   36%] [Cov:==========>                        31%]
[Progress:==========>                   36%] [Cov:==========>                        31%]
[Progress:==========>                   36%] [Cov:==========>                        31%]
[Progress:==========>                   36%] [Cov:==========>                        31%]
[Progress:==========>                   36%] [Cov:==========>                        31%]
[Progress:==========>                   36%] [Cov:==========>                        31%]
[Progress:==========>                   36%] [Cov:==========>                        31%]
[Progress:==========>                   36%] [Cov:==========>                        31%]
[Progress:==========>                   36%] [Cov:==========>                        31%]
[Progress:==========>                   36%] [Cov:==========>                        31%]
[Progress:==========>                   36%] [Cov:==========>                        31%]
[Progress:==========>                   36%] [Cov:==========>                        31%]
[Progress:==========>                   36%] [Cov:==========>                        31%]
[Progress:==========>                   36%] [Cov:==========>                        31%]
[Progress:===========>                  37%] [Cov:==========>                        31%]
[Progress:===========>                  37%] [Cov:==========>                        31%]
[Progress:===========>                  37%] [Cov:==========>                        31%]
[Progress:===========>                  37%] [Cov:==========>                        31%]
[Progress:===========>                  37%] [Cov:==========>                        31%]
[Progress:===========>                  37%] [Cov:==========>                        31%]
[Progress:===========>                  37%] [Cov:==========>                        31%]
[Progress:===========>                  37%] [Cov:==========>                        31%]
[Progress:===========>                  37%] [Cov:==========>                        31%]
[Progress:===========>                  37%] [Cov:==========>                        31%]
[Progress:===========>                  37%] [Cov:==========>                        31%]
[Progress:===========>                  37%] [Cov:==========>                        31%]
[Progress:===========>                  37%] [Cov:==========>                        31%]
[Progress:===========>                  37%] [Cov:==========>                        31%]
[Progress:===========>                  37%] [Cov:==========>                        31%]
[Progress:===========>                  37%] [Cov:==========>                        31%]
[Progress:===========>                  37%] [Cov:==========>                        31%]
[Progress:===========>                  37%] [Cov:==========>                        31%]
[Progress:===========>                  37%] [Cov:==========>                        31%]
[Progress:===========>                  37%] [Cov:==========>                        31%]
[Progress:===========>                  37%] [Cov:==========>                        31%]
[Progress:===========>                  37%] [Cov:==========>                        31%]
[Progress:===========>                  37%] [Cov:==========>                        31%]
[Progress:===========>                  37%] [Cov:==========>                        31%]
[Progress:===========>                  37%] [Cov:==========>                        31%]
[Progress:===========>                  37%] [Cov:==========>                        31%]
[Progress:===========>                  37%] [Cov:==========>                        31%]
[Progress:===========>                  37%] [Cov:==========>                        31%]
[Progress:===========>                  37%] [Cov:==========>                        31%]
[Progress:===========>                  37%] [Cov:==========>                        31%]
[Progress:===========>                  37%] [Cov:==========>                        31%]
[Progress:===========>                  37%] [Cov:==========>                        31%]
[Progress:===========>                  37%] [Cov:==========>                        31%]
[Progress:===========>                  37%] [Cov:==========>                        31%]
[Progress:===========>                  38%] [Cov:==========>                        31%]
[Progress:===========>                  38%] [Cov:==========>                        31%]
[Progress:===========>                  38%] [Cov:==========>                        31%]
[Progress:===========>                  38%] [Cov:==========>                        31%]
[Progress:===========>                  38%] [Cov:==========>                        31%]
[Progress:===========>                  38%] [Cov:==========>                        31%]
[Progress:===========>                  38%] [Cov:==========>                        31%]
[Progress:===========>                  38%] [Cov:==========>                        31%]
[Progress:===========>                  38%] [Cov:==========>                        31%]
[Progress:===========>                  38%] [Cov:==========>                        31%]
[Progress:===========>                  38%] [Cov:==========>                        31%]
[Progress:===========>                  38%] [Cov:==========>                        31%]
[Progress:===========>                  38%] [Cov:==========>                        31%]
[Progress:===========>                  38%] [Cov:==========>                        31%]
[Progress:===========>                  38%] [Cov:==========>                        31%]
[Progress:===========>                  38%] [Cov:==========>                        31%]
[Progress:===========>                  38%] [Cov:==========>                        31%]
[Progress:===========>                  38%] [Cov:==========>                        31%]
[Progress:===========>                  38%] [Cov:==========>                        31%]
[Progress:===========>                  38%] [Cov:==========>                        31%]
[Progress:===========>                  38%] [Cov:==========>                        31%]
[Progress:===========>                  38%] [Cov:==========>                        31%]
[Progress:===========>                  38%] [Cov:==========>                        31%]
[Progress:===========>                  38%] [Cov:==========>                        31%]
[Progress:===========>                  38%] [Cov:==========>                        31%]
[Progress:===========>                  38%] [Cov:==========>                        31%]
[Progress:===========>                  38%] [Cov:==========>                        31%]
[Progress:===========>                  38%] [Cov:==========>                        31%]
[Progress:===========>                  38%] [Cov:==========>                        31%]
[Progress:===========>                  38%] [Cov:==========>                        31%]
[Progress:===========>                  38%] [Cov:==========>                        31%]
[Progress:===========>                  38%] [Cov:==========>                        31%]
[Progress:===========>                  38%] [Cov:==========>                        31%]
[Progress:===========>                  38%] [Cov:==========>                        31%]
[Progress:===========>                  38%] [Cov:==========>                        31%]
[Progress:===========>                  38%] [Cov:==========>                        31%]
[Progress:===========>                  38%] [Cov:==========>                        31%]
[Progress:===========>                  38%] [Cov:==========>                        31%]
[Progress:===========>                  38%] [Cov:==========>                        31%]
[Progress:===========>                  38%] [Cov:==========>                        31%]
[Progress:===========>                  38%] [Cov:==========>                        31%]
[Progress:===========>                  38%] [Cov:==========>                        31%]
[Progress:===========>                  38%] [Cov:==========>                        31%]
[Progress:===========>                  38%] [Cov:==========>                        31%]
[Progress:===========>                  38%] [Cov:==========>                        31%]
[Progress:===========>                  38%] [Cov:==========>                        31%]
[Progress:===========>                  38%] [Cov:==========>                        31%]
[Progress:===========>                  38%] [Cov:==========>                        31%]
[Progress:===========>                  38%] [Cov:==========>                        31%]
[Progress:===========>                  38%] [Cov:==========>                        31%]
[Progress:===========>                  38%] [Cov:==========>                        31%]
[Progress:===========>                  38%] [Cov:==========>                        31%]
[Progress:===========>                  38%] [Cov:==========>                        31%]
[Progress:===========>                  38%] [Cov:==========>                        31%]
[Progress:===========>                  38%] [Cov:==========>                        31%]
[Progress:===========>                  38%] [Cov:==========>                        31%]
[Progress:===========>                  38%] [Cov:==========>                        31%]
[Progress:===========>                  38%] [Cov:==========>                        31%]
[Progress:===========>                  38%] [Cov:==========>                        31%]
[Progress:===========>                  38%] [Cov:==========>                        31%]
[Progress:===========>                  38%] [Cov:==========>                        31%]
[Progress:===========>                  38%] [Cov:==========>                        31%]
[Progress:===========>                  38%] [Cov:==========>                        31%]
[Progress:===========>                  38%] [Cov:==========>                        31%]
[Progress:===========>                  38%] [Cov:==========>                        31%]
[Progress:===========>                  39%] [Cov:==========>                        29%]
[Progress:===========>                  39%] [Cov:==========>                        31%]
[Progress:===========>                  39%] [Cov:==========>                        31%]
[Progress:===========>                  39%] [Cov:==========>                        31%]
[Progress:===========>                  39%] [Cov:==========>                        31%]
[Progress:===========>                  39%] [Cov:==========>                        31%]
[Progress:===========>                  39%] [Cov:==========>                        31%]
[Progress:===========>                  39%] [Cov:==========>                        31%]
[Progress:===========>                  39%] [Cov:==========>                        31%]
[Progress:===========>                  39%] [Cov:==========>                        31%]
[Progress:===========>                  39%] [Cov:==========>                        31%]
[Progress:===========>                  39%] [Cov:==========>                        31%]
[Progress:===========>                  39%] [Cov:==========>                        31%]
[Progress:===========>                  39%] [Cov:==========>                        31%]
[Progress:===========>                  39%] [Cov:==========>                        31%]
[Progress:===========>                  39%] [Cov:==========>                        31%]
[Progress:===========>                  39%] [Cov:==========>                        31%]
[Progress:===========>                  39%] [Cov:==========>                        31%]
[Progress:===========>                  39%] [Cov:==========>                        31%]
[Progress:===========>                  39%] [Cov:==========>                        31%]
[Progress:===========>                  39%] [Cov:==========>                        31%]
[Progress:===========>                  39%] [Cov:==========>                        31%]
[Progress:===========>                  39%] [Cov:==========>                        31%]
[Progress:===========>                  39%] [Cov:==========>                        31%]
[Progress:===========>                  39%] [Cov:==========>                        31%]
[Progress:===========>                  39%] [Cov:==========>                        31%]
[Progress:===========>                  39%] [Cov:==========>                        31%]
[Progress:===========>                  39%] [Cov:==========>                        31%]
[Progress:===========>                  39%] [Cov:==========>                        31%]
[Progress:===========>                  39%] [Cov:==========>                        31%]
[Progress:===========>                  39%] [Cov:==========>                        31%]
[Progress:===========>                  39%] [Cov:==========>                        31%]
[Progress:============>                 40%] [Cov:==========>                        31%]
[Progress:============>                 40%] [Cov:==========>                        31%]
[Progress:============>                 40%] [Cov:==========>                        31%]
[Progress:============>                 40%] [Cov:==========>                        31%]
[Progress:============>                 40%] [Cov:==========>                        31%]
[Progress:============>                 40%] [Cov:==========>                        31%]
[Progress:============>                 40%] [Cov:==========>                        31%]
[Progress:============>                 40%] [Cov:==========>                        31%]
[Progress:============>                 40%] [Cov:==========>                        31%]
[Progress:============>                 40%] [Cov:==========>                        31%]
[Progress:============>                 40%] [Cov:==========>                        31%]
[Progress:============>                 40%] [Cov:==========>                        31%]
[Progress:============>                 40%] [Cov:==========>                        31%]
[Progress:============>                 40%] [Cov:==========>                        31%]
[Progress:============>                 40%] [Cov:==========>                        31%]
[Progress:============>                 40%] [Cov:==========>                        31%]
[Progress:============>                 40%] [Cov:==========>                        31%]
[Progress:============>                 40%] [Cov:==========>                        31%]
[Progress:============>                 40%] [Cov:==========>                        31%]
[Progress:============>                 40%] [Cov:==========>                        31%]
[Progress:============>                 40%] [Cov:==========>                        31%]
[Progress:============>                 40%] [Cov:==========>                        31%]
[Progress:============>                 40%] [Cov:==========>                        31%]
[Progress:============>                 40%] [Cov:==========>                        31%]
[Progress:============>                 40%] [Cov:==========>                        31%]
[Progress:============>                 40%] [Cov:==========>                        31%]
[Progress:============>                 40%] [Cov:==========>                        31%]
[Progress:============>                 40%] [Cov:==========>                        31%]
[Progress:============>                 40%] [Cov:==========>                        31%]
[Progress:============>                 40%] [Cov:==========>                        31%]
[Progress:============>                 40%] [Cov:==========>                        31%]
[Progress:============>                 40%] [Cov:==========>                        31%]
[Progress:============>                 40%] [Cov:==========>                        31%]
[Progress:============>                 40%] [Cov:==========>                        31%]
[Progress:============>                 40%] [Cov:==========>                        31%]
[Progress:============>                 40%] [Cov:==========>                        31%]
[Progress:============>                 40%] [Cov:==========>                        31%]
[Progress:============>                 40%] [Cov:==========>                        31%]
[Progress:============>                 40%] [Cov:==========>                        31%]
[Progress:============>                 40%] [Cov:==========>                        31%]
[Progress:============>                 40%] [Cov:==========>                        31%]
[Progress:============>                 40%] [Cov:==========>                        31%]
[Progress:============>                 40%] [Cov:==========>                        31%]
[Progress:============>                 40%] [Cov:==========>                        31%]
[Progress:============>                 40%] [Cov:==========>                        31%]
[Progress:============>                 40%] [Cov:==========>                        31%]
[Progress:============>                 40%] [Cov:==========>                        31%]
[Progress:============>                 40%] [Cov:==========>                        31%]
[Progress:============>                 40%] [Cov:==========>                        31%]
[Progress:============>                 40%] [Cov:==========>                        31%]
[Progress:============>                 40%] [Cov:==========>                        31%]
[Progress:============>                 40%] [Cov:==========>                        31%]
[Progress:============>                 40%] [Cov:==========>                        31%]
[Progress:============>                 40%] [Cov:==========>                        31%]
[Progress:============>                 40%] [Cov:==========>                        31%]
[Progress:============>                 40%] [Cov:==========>                        31%]
[Progress:============>                 40%] [Cov:==========>                        31%]
[Progress:============>                 40%] [Cov:==========>                        31%]
[Progress:============>                 40%] [Cov:==========>                        31%]
[Progress:============>                 40%] [Cov:==========>                        31%]
[Progress:============>                 41%] [Cov:==========>                        30%]
[Progress:============>                 41%] [Cov:==========>                        31%]
[Progress:============>                 41%] [Cov:==========>                        31%]
[Progress:============>                 41%] [Cov:==========>                        31%]
[Progress:============>                 41%] [Cov:==========>                        31%]
[Progress:============>                 41%] [Cov:==========>                        31%]
[Progress:============>                 41%] [Cov:==========>                        31%]
[Progress:============>                 41%] [Cov:==========>                        31%]
[Progress:============>                 41%] [Cov:==========>                        31%]
[Progress:============>                 41%] [Cov:==========>                        31%]
[Progress:============>                 41%] [Cov:==========>                        31%]
[Progress:============>                 41%] [Cov:==========>                        31%]
[Progress:============>                 41%] [Cov:==========>                        31%]
[Progress:============>                 41%] [Cov:==========>                        31%]
[Progress:============>                 41%] [Cov:==========>                        31%]
[Progress:============>                 41%] [Cov:==========>                        31%]
[Progress:============>                 41%] [Cov:==========>                        31%]
[Progress:============>                 41%] [Cov:==========>                        31%]
[Progress:============>                 41%] [Cov:==========>                        31%]
[Progress:============>                 41%] [Cov:==========>                        31%]
[Progress:============>                 41%] [Cov:==========>                        31%]
[Progress:============>                 41%] [Cov:==========>                        31%]
[Progress:============>                 41%] [Cov:==========>                        31%]
[Progress:============>                 41%] [Cov:==========>                        31%]
[Progress:============>                 41%] [Cov:==========>                        31%]
[Progress:============>                 41%] [Cov:==========>                        31%]
[Progress:============>                 41%] [Cov:==========>                        31%]
[Progress:============>                 41%] [Cov:==========>                        31%]
[Progress:============>                 41%] [Cov:==========>                        31%]
[Progress:============>                 41%] [Cov:==========>                        31%]
[Progress:============>                 41%] [Cov:==========>                        31%]
[Progress:============>                 41%] [Cov:==========>                        31%]
[Progress:============>                 41%] [Cov:==========>                        31%]
[Progress:============>                 41%] [Cov:==========>                        31%]
[Progress:============>                 41%] [Cov:==========>                        31%]
[Progress:============>                 42%] [Cov:==========>                        31%]
[Progress:============>                 42%] [Cov:==========>                        31%]
[Progress:============>                 42%] [Cov:==========>                        31%]
[Progress:============>                 42%] [Cov:==========>                        31%]
[Progress:============>                 42%] [Cov:==========>                        31%]
[Progress:============>                 42%] [Cov:==========>                        31%]
[Progress:============>                 42%] [Cov:==========>                        31%]
[Progress:============>                 42%] [Cov:==========>                        31%]
[Progress:============>                 42%] [Cov:==========>                        31%]
[Progress:============>                 42%] [Cov:==========>                        31%]
[Progress:============>                 42%] [Cov:==========>                        31%]
[Progress:============>                 42%] [Cov:==========>                        31%]
[Progress:============>                 42%] [Cov:==========>                        31%]
[Progress:============>                 42%] [Cov:==========>                        31%]
[Progress:============>                 42%] [Cov:==========>                        31%]
[Progress:============>                 42%] [Cov:==========>                        31%]
[Progress:============>                 42%] [Cov:==========>                        31%]
[Progress:============>                 42%] [Cov:==========>                        31%]
[Progress:============>                 42%] [Cov:==========>                        31%]
[Progress:============>                 42%] [Cov:==========>                        31%]
[Progress:============>                 42%] [Cov:==========>                        31%]
[Progress:============>                 42%] [Cov:==========>                        31%]
[Progress:============>                 42%] [Cov:==========>                        31%]
[Progress:============>                 42%] [Cov:==========>                        31%]
[Progress:============>                 42%] [Cov:==========>                        31%]
[Progress:============>                 42%] [Cov:==========>                        31%]
[Progress:============>                 42%] [Cov:==========>                        31%]
[Progress:============>                 42%] [Cov:==========>                        31%]
[Progress:============>                 42%] [Cov:==========>                        31%]
[Progress:============>                 42%] [Cov:==========>                        31%]
[Progress:============>                 42%] [Cov:==========>                        31%]
[Progress:============>                 42%] [Cov:==========>                        31%]
[Progress:============>                 42%] [Cov:==========>                        31%]
[Progress:============>                 42%] [Cov:==========>                        31%]
[Progress:============>                 42%] [Cov:==========>                        31%]
[Progress:============>                 42%] [Cov:==========>                        31%]
[Progress:============>                 42%] [Cov:==========>                        31%]
[Progress:============>                 42%] [Cov:==========>                        31%]
[Progress:============>                 42%] [Cov:==========>                        31%]
[Progress:============>                 42%] [Cov:==========>                        31%]
[Progress:============>                 42%] [Cov:==========>                        31%]
[Progress:============>                 42%] [Cov:==========>                        31%]
[Progress:============>                 42%] [Cov:==========>                        31%]
[Progress:============>                 42%] [Cov:==========>                        31%]
[Progress:============>                 42%] [Cov:==========>                        31%]
[Progress:============>                 42%] [Cov:==========>                        31%]
[Progress:============>                 42%] [Cov:==========>                        31%]
[Progress:============>                 42%] [Cov:==========>                        31%]
[Progress:============>                 42%] [Cov:==========>                        31%]
[Progress:============>                 42%] [Cov:==========>                        31%]
[Progress:============>                 42%] [Cov:==========>                        31%]
[Progress:============>                 42%] [Cov:==========>                        31%]
[Progress:============>                 42%] [Cov:==========>                        31%]
[Progress:============>                 42%] [Cov:==========>                        31%]
[Progress:============>                 42%] [Cov:==========>                        31%]
[Progress:============>                 42%] [Cov:==========>                        31%]
[Progress:============>                 42%] [Cov:==========>                        31%]
[Progress:============>                 42%] [Cov:==========>                        31%]
[Progress:============>                 42%] [Cov:==========>                        31%]
[Progress:============>                 42%] [Cov:==========>                        31%]
[Progress:============>                 42%] [Cov:==========>                        31%]
[Progress:============>                 42%] [Cov:==========>                        31%]
[Progress:============>                 42%] [Cov:==========>                        31%]
[Progress:============>                 42%] [Cov:==========>                        31%]
[Progress:============>                 42%] [Cov:==========>                        31%]
[Progress:============>                 43%] [Cov:==========>                        31%]
[Progress:============>                 43%] [Cov:==========>                        31%]
[Progress:============>                 43%] [Cov:==========>                        31%]
[Progress:============>                 43%] [Cov:==========>                        31%]
[Progress:============>                 43%] [Cov:==========>                        31%]
[Progress:============>                 43%] [Cov:==========>                        31%]
[Progress:============>                 43%] [Cov:==========>                        31%]
[Progress:============>                 43%] [Cov:==========>                        31%]
[Progress:============>                 43%] [Cov:==========>                        31%]
[Progress:============>                 43%] [Cov:==========>                        31%]
[Progress:============>                 43%] [Cov:==========>                        31%]
[Progress:============>                 43%] [Cov:==========>                        31%]
[Progress:============>                 43%] [Cov:==========>                        31%]
[Progress:============>                 43%] [Cov:==========>                        31%]
[Progress:============>                 43%] [Cov:==========>                        31%]
[Progress:============>                 43%] [Cov:==========>                        31%]
[Progress:============>                 43%] [Cov:==========>                        31%]
[Progress:============>                 43%] [Cov:==========>                        31%]
[Progress:============>                 43%] [Cov:==========>                        31%]
[Progress:============>                 43%] [Cov:==========>                        31%]
[Progress:============>                 43%] [Cov:==========>                        31%]
[Progress:============>                 43%] [Cov:==========>                        31%]
[Progress:============>                 43%] [Cov:==========>                        31%]
[Progress:============>                 43%] [Cov:==========>                        31%]
[Progress:============>                 43%] [Cov:==========>                        31%]
[Progress:============>                 43%] [Cov:==========>                        31%]
[Progress:============>                 43%] [Cov:==========>                        31%]
[Progress:============>                 43%] [Cov:==========>                        31%]
[Progress:============>                 43%] [Cov:==========>                        31%]
[Progress:============>                 43%] [Cov:==========>                        31%]
[Progress:============>                 43%] [Cov:==========>                        31%]
[Progress:============>                 43%] [Cov:==========>                        31%]
[Progress:============>                 43%] [Cov:==========>                        31%]
[Progress:============>                 43%] [Cov:==========>                        31%]
[Progress:=============>                44%] [Cov:==========>                        31%]
[Progress:=============>                44%] [Cov:==========>                        31%]
[Progress:=============>                44%] [Cov:==========>                        31%]
[Progress:=============>                44%] [Cov:==========>                        31%]
[Progress:=============>                44%] [Cov:==========>                        31%]
[Progress:=============>                44%] [Cov:==========>                        31%]
[Progress:=============>                44%] [Cov:==========>                        31%]
[Progress:=============>                44%] [Cov:==========>                        31%]
[Progress:=============>                44%] [Cov:==========>                        31%]
[Progress:=============>                44%] [Cov:==========>                        31%]
[Progress:=============>                44%] [Cov:==========>                        31%]
[Progress:=============>                44%] [Cov:==========>                        31%]
[Progress:=============>                44%] [Cov:==========>                        31%]
[Progress:=============>                44%] [Cov:==========>                        31%]
[Progress:=============>                44%] [Cov:==========>                        31%]
[Progress:=============>                44%] [Cov:==========>                        31%]
[Progress:=============>                44%] [Cov:==========>                        31%]
[Progress:=============>                44%] [Cov:==========>                        31%]
[Progress:=============>                44%] [Cov:==========>                        31%]
[Progress:=============>                44%] [Cov:==========>                        31%]
[Progress:=============>                44%] [Cov:==========>                        31%]
[Progress:=============>                44%] [Cov:==========>                        31%]
[Progress:=============>                44%] [Cov:==========>                        31%]
[Progress:=============>                44%] [Cov:==========>                        31%]
[Progress:=============>                44%] [Cov:==========>                        31%]
[Progress:=============>                44%] [Cov:==========>                        31%]
[Progress:=============>                44%] [Cov:==========>                        31%]
[Progress:=============>                44%] [Cov:==========>                        31%]
[Progress:=============>                44%] [Cov:==========>                        31%]
[Progress:=============>                44%] [Cov:==========>                        31%]
[Progress:=============>                44%] [Cov:==========>                        31%]
[Progress:=============>                44%] [Cov:==========>                        31%]
[Progress:=============>                44%] [Cov:==========>                        31%]
[Progress:=============>                44%] [Cov:==========>                        31%]
[Progress:=============>                44%] [Cov:==========>                        31%]
[Progress:=============>                44%] [Cov:==========>                        31%]
[Progress:=============>                44%] [Cov:==========>                        31%]
[Progress:=============>                44%] [Cov:==========>                        31%]
[Progress:=============>                44%] [Cov:==========>                        31%]
[Progress:=============>                44%] [Cov:==========>                        31%]
[Progress:=============>                44%] [Cov:==========>                        31%]
[Progress:=============>                44%] [Cov:==========>                        31%]
[Progress:=============>                44%] [Cov:==========>                        31%]
[Progress:=============>                44%] [Cov:==========>                        31%]
[Progress:=============>                44%] [Cov:==========>                        31%]
[Progress:=============>                44%] [Cov:==========>                        31%]
[Progress:=============>                44%] [Cov:==========>                        31%]
[Progress:=============>                44%] [Cov:==========>                        31%]
[Progress:=============>                44%] [Cov:==========>                        31%]
[Progress:=============>                44%] [Cov:==========>                        31%]
[Progress:=============>                44%] [Cov:==========>                        31%]
[Progress:=============>                44%] [Cov:==========>                        31%]
[Progress:=============>                44%] [Cov:==========>                        31%]
[Progress:=============>                44%] [Cov:==========>                        31%]
[Progress:=============>                44%] [Cov:==========>                        31%]
[Progress:=============>                44%] [Cov:==========>                        31%]
[Progress:=============>                44%] [Cov:==========>                        31%]
[Progress:=============>                44%] [Cov:==========>                        31%]
[Progress:=============>                44%] [Cov:==========>                        31%]
[Progress:=============>                44%] [Cov:==========>                        31%]
[Progress:=============>                44%] [Cov:==========>                        31%]
[Progress:=============>                44%] [Cov:==========>                        31%]
[Progress:=============>                44%] [Cov:==========>                        31%]
[Progress:=============>                44%] [Cov:==========>                        31%]
[Progress:=============>                44%] [Cov:==========>                        31%]
[Progress:=============>                45%] [Cov:==========>                        31%]
[Progress:=============>                45%] [Cov:==========>                        31%]
[Progress:=============>                45%] [Cov:==========>                        31%]
[Progress:=============>                45%] [Cov:==========>                        31%]
[Progress:=============>                45%] [Cov:==========>                        31%]
[Progress:=============>                45%] [Cov:==========>                        31%]
[Progress:=============>                45%] [Cov:==========>                        31%]
[Progress:=============>                45%] [Cov:==========>                        31%]
[Progress:=============>                45%] [Cov:==========>                        31%]
[Progress:=============>                45%] [Cov:==========>                        31%]
[Progress:=============>                45%] [Cov:==========>                        31%]
[Progress:=============>                45%] [Cov:==========>                        31%]
[Progress:=============>                45%] [Cov:==========>                        31%]
[Progress:=============>                45%] [Cov:==========>                        31%]
[Progress:=============>                45%] [Cov:==========>                        31%]
[Progress:=============>                45%] [Cov:==========>                        31%]
[Progress:=============>                45%] [Cov:==========>                        31%]
[Progress:=============>                45%] [Cov:==========>                        31%]
[Progress:=============>                45%] [Cov:==========>                        31%]
[Progress:=============>                45%] [Cov:==========>                        31%]
[Progress:=============>                45%] [Cov:==========>                        31%]
[Progress:=============>                45%] [Cov:==========>                        31%]
[Progress:=============>                45%] [Cov:==========>                        31%]
[Progress:=============>                45%] [Cov:==========>                        31%]
[Progress:=============>                45%] [Cov:==========>                        31%]
[Progress:=============>                45%] [Cov:==========>                        31%]
[Progress:=============>                45%] [Cov:==========>                        31%]
[Progress:=============>                45%] [Cov:==========>                        31%]
[Progress:=============>                45%] [Cov:==========>                        31%]
[Progress:=============>                45%] [Cov:==========>                        31%]
[Progress:=============>                45%] [Cov:==========>                        31%]
[Progress:=============>                45%] [Cov:==========>                        31%]
[Progress:=============>                46%] [Cov:==========>                        30%]
[Progress:=============>                46%] [Cov:==========>                        31%]
[Progress:=============>                46%] [Cov:==========>                        31%]
[Progress:=============>                46%] [Cov:==========>                        31%]
[Progress:=============>                46%] [Cov:==========>                        31%]
[Progress:=============>                46%] [Cov:==========>                        31%]
[Progress:=============>                46%] [Cov:==========>                        31%]
[Progress:=============>                46%] [Cov:==========>                        31%]
[Progress:=============>                46%] [Cov:==========>                        31%]
[Progress:=============>                46%] [Cov:==========>                        31%]
[Progress:=============>                46%] [Cov:==========>                        31%]
[Progress:=============>                46%] [Cov:==========>                        31%]
[Progress:=============>                46%] [Cov:==========>                        31%]
[Progress:=============>                46%] [Cov:==========>                        31%]
[Progress:=============>                46%] [Cov:==========>                        31%]
[Progress:=============>                46%] [Cov:==========>                        31%]
[Progress:=============>                46%] [Cov:==========>                        31%]
[Progress:=============>                46%] [Cov:==========>                        31%]
[Progress:=============>                46%] [Cov:==========>                        31%]
[Progress:=============>                46%] [Cov:==========>                        31%]
[Progress:=============>                46%] [Cov:==========>                        31%]
[Progress:=============>                46%] [Cov:==========>                        31%]
[Progress:=============>                46%] [Cov:==========>                        31%]
[Progress:=============>                46%] [Cov:==========>                        31%]
[Progress:=============>                46%] [Cov:==========>                        31%]
[Progress:=============>                46%] [Cov:==========>                        31%]
[Progress:=============>                46%] [Cov:==========>                        31%]
[Progress:=============>                46%] [Cov:==========>                        31%]
[Progress:=============>                46%] [Cov:==========>                        31%]
[Progress:=============>                46%] [Cov:==========>                        31%]
[Progress:=============>                46%] [Cov:==========>                        31%]
[Progress:=============>                46%] [Cov:==========>                        31%]
[Progress:=============>                46%] [Cov:==========>                        31%]
[Progress:=============>                46%] [Cov:==========>                        31%]
[Progress:=============>                46%] [Cov:==========>                        31%]
[Progress:=============>                46%] [Cov:==========>                        31%]
[Progress:=============>                46%] [Cov:==========>                        31%]
[Progress:=============>                46%] [Cov:==========>                        31%]
[Progress:=============>                46%] [Cov:==========>                        31%]
[Progress:=============>                46%] [Cov:==========>                        31%]
[Progress:=============>                46%] [Cov:==========>                        31%]
[Progress:=============>                46%] [Cov:==========>                        31%]
[Progress:=============>                46%] [Cov:==========>                        31%]
[Progress:=============>                46%] [Cov:==========>                        31%]
[Progress:=============>                46%] [Cov:==========>                        31%]
[Progress:=============>                46%] [Cov:==========>                        31%]
[Progress:=============>                46%] [Cov:==========>                        31%]
[Progress:=============>                46%] [Cov:==========>                        31%]
[Progress:=============>                46%] [Cov:==========>                        31%]
[Progress:=============>                46%] [Cov:==========>                        31%]
[Progress:=============>                46%] [Cov:==========>                        31%]
[Progress:=============>                46%] [Cov:==========>                        31%]
[Progress:=============>                46%] [Cov:==========>                        31%]
[Progress:=============>                46%] [Cov:==========>                        31%]
[Progress:=============>                46%] [Cov:==========>                        31%]
[Progress:=============>                46%] [Cov:==========>                        31%]
[Progress:=============>                46%] [Cov:==========>                        31%]
[Progress:=============>                46%] [Cov:==========>                        31%]
[Progress:=============>                46%] [Cov:==========>                        31%]
[Progress:=============>                46%] [Cov:==========>                        31%]
[Progress:=============>                46%] [Cov:==========>                        31%]
[Progress:=============>                46%] [Cov:==========>                        31%]
[Progress:=============>                46%] [Cov:==========>                        31%]
[Progress:=============>                46%] [Cov:==========>                        31%]
[Progress:=============>                46%] [Cov:==========>                        31%]
[Progress:==============>               47%] [Cov:==========>                        30%]
[Progress:==============>               47%] [Cov:==========>                        31%]
[Progress:==============>               47%] [Cov:==========>                        31%]
[Progress:==============>               47%] [Cov:==========>                        31%]
[Progress:==============>               47%] [Cov:==========>                        31%]
[Progress:==============>               47%] [Cov:==========>                        31%]
[Progress:==============>               47%] [Cov:==========>                        31%]
[Progress:==============>               47%] [Cov:==========>                        31%]
[Progress:==============>               47%] [Cov:==========>                        31%]
[Progress:==============>               47%] [Cov:==========>                        31%]
[Progress:==============>               47%] [Cov:==========>                        31%]
[Progress:==============>               47%] [Cov:==========>                        31%]
[Progress:==============>               47%] [Cov:==========>                        31%]
[Progress:==============>               47%] [Cov:==========>                        31%]
[Progress:==============>               47%] [Cov:==========>                        31%]
[Progress:==============>               47%] [Cov:==========>                        31%]
[Progress:==============>               47%] [Cov:==========>                        31%]
[Progress:==============>               47%] [Cov:==========>                        31%]
[Progress:==============>               47%] [Cov:==========>                        31%]
[Progress:==============>               47%] [Cov:==========>                        31%]
[Progress:==============>               47%] [Cov:==========>                        31%]
[Progress:==============>               47%] [Cov:==========>                        31%]
[Progress:==============>               47%] [Cov:==========>                        31%]
[Progress:==============>               47%] [Cov:==========>                        31%]
[Progress:==============>               47%] [Cov:==========>                        31%]
[Progress:==============>               47%] [Cov:==========>                        31%]
[Progress:==============>               47%] [Cov:==========>                        31%]
[Progress:==============>               47%] [Cov:==========>                        31%]
[Progress:==============>               47%] [Cov:==========>                        31%]
[Progress:==============>               47%] [Cov:==========>                        31%]
[Progress:==============>               47%] [Cov:==========>                        31%]
[Progress:==============>               47%] [Cov:==========>                        31%]
[Progress:==============>               47%] [Cov:==========>                        31%]
[Progress:==============>               48%] [Cov:==========>                        31%]
[Progress:==============>               48%] [Cov:==========>                        31%]
[Progress:==============>               48%] [Cov:==========>                        31%]
[Progress:==============>               48%] [Cov:==========>                        31%]
[Progress:==============>               48%] [Cov:==========>                        31%]
[Progress:==============>               48%] [Cov:==========>                        31%]
[Progress:==============>               48%] [Cov:==========>                        31%]
[Progress:==============>               48%] [Cov:==========>                        31%]
[Progress:==============>               48%] [Cov:==========>                        31%]
[Progress:==============>               48%] [Cov:==========>                        31%]
[Progress:==============>               48%] [Cov:==========>                        31%]
[Progress:==============>               48%] [Cov:==========>                        31%]
[Progress:==============>               48%] [Cov:==========>                        31%]
[Progress:==============>               48%] [Cov:==========>                        31%]
[Progress:==============>               48%] [Cov:==========>                        31%]
[Progress:==============>               48%] [Cov:==========>                        31%]
[Progress:==============>               48%] [Cov:==========>                        31%]
[Progress:==============>               48%] [Cov:==========>                        31%]
[Progress:==============>               48%] [Cov:==========>                        31%]
[Progress:==============>               48%] [Cov:==========>                        31%]
[Progress:==============>               48%] [Cov:==========>                        31%]
[Progress:==============>               48%] [Cov:==========>                        31%]
[Progress:==============>               48%] [Cov:==========>                        31%]
[Progress:==============>               48%] [Cov:==========>                        31%]
[Progress:==============>               48%] [Cov:==========>                        31%]
[Progress:==============>               48%] [Cov:==========>                        31%]
[Progress:==============>               48%] [Cov:==========>                        31%]
[Progress:==============>               48%] [Cov:==========>                        31%]
[Progress:==============>               48%] [Cov:==========>                        31%]
[Progress:==============>               48%] [Cov:==========>                        31%]
[Progress:==============>               48%] [Cov:==========>                        31%]
[Progress:==============>               48%] [Cov:==========>                        31%]
[Progress:==============>               48%] [Cov:==========>                        31%]
[Progress:==============>               48%] [Cov:==========>                        31%]
[Progress:==============>               48%] [Cov:==========>                        31%]
[Progress:==============>               48%] [Cov:==========>                        31%]
[Progress:==============>               48%] [Cov:==========>                        31%]
[Progress:==============>               48%] [Cov:==========>                        31%]
[Progress:==============>               48%] [Cov:==========>                        31%]
[Progress:==============>               48%] [Cov:==========>                        31%]
[Progress:==============>               48%] [Cov:==========>                        31%]
[Progress:==============>               48%] [Cov:==========>                        31%]
[Progress:==============>               48%] [Cov:==========>                        31%]
[Progress:==============>               48%] [Cov:==========>                        31%]
[Progress:==============>               48%] [Cov:==========>                        31%]
[Progress:==============>               48%] [Cov:==========>                        31%]
[Progress:==============>               48%] [Cov:==========>                        31%]
[Progress:==============>               48%] [Cov:==========>                        31%]
[Progress:==============>               48%] [Cov:==========>                        31%]
[Progress:==============>               48%] [Cov:==========>                        31%]
[Progress:==============>               48%] [Cov:==========>                        31%]
[Progress:==============>               48%] [Cov:==========>                        31%]
[Progress:==============>               48%] [Cov:==========>                        31%]
[Progress:==============>               48%] [Cov:==========>                        31%]
[Progress:==============>               48%] [Cov:==========>                        31%]
[Progress:==============>               48%] [Cov:==========>                        31%]
[Progress:==============>               48%] [Cov:==========>                        31%]
[Progress:==============>               48%] [Cov:==========>                        31%]
[Progress:==============>               48%] [Cov:==========>                        31%]
[Progress:==============>               48%] [Cov:==========>                        31%]
[Progress:==============>               48%] [Cov:==========>                        31%]
[Progress:==============>               48%] [Cov:==========>                        31%]
[Progress:==============>               48%] [Cov:==========>                        31%]
[Progress:==============>               48%] [Cov:==========>                        31%]
[Progress:==============>               48%] [Cov:==========>                        31%]
[Progress:==============>               48%] [Cov:==========>                        31%]
[Progress:==============>               48%] [Cov:==========>                        31%]
[Progress:==============>               49%] [Cov:==========>                        31%]
[Progress:==============>               49%] [Cov:==========>                        31%]
[Progress:==============>               49%] [Cov:==========>                        31%]
[Progress:==============>               49%] [Cov:==========>                        31%]
[Progress:==============>               49%] [Cov:==========>                        31%]
[Progress:==============>               49%] [Cov:==========>                        31%]
[Progress:==============>               49%] [Cov:==========>                        31%]
[Progress:==============>               49%] [Cov:==========>                        31%]
[Progress:==============>               49%] [Cov:==========>                        31%]
[Progress:==============>               49%] [Cov:==========>                        31%]
[Progress:==============>               49%] [Cov:==========>                        31%]
[Progress:==============>               49%] [Cov:==========>                        31%]
[Progress:==============>               49%] [Cov:==========>                        31%]
[Progress:==============>               49%] [Cov:==========>                        31%]
[Progress:==============>               49%] [Cov:==========>                        31%]
[Progress:==============>               49%] [Cov:==========>                        31%]
[Progress:==============>               49%] [Cov:==========>                        31%]
[Progress:==============>               49%] [Cov:==========>                        31%]
[Progress:==============>               49%] [Cov:==========>                        31%]
[Progress:==============>               49%] [Cov:==========>                        31%]
[Progress:==============>               49%] [Cov:==========>                        31%]
[Progress:==============>               49%] [Cov:==========>                        31%]
[Progress:==============>               49%] [Cov:==========>                        31%]
[Progress:==============>               49%] [Cov:==========>                        31%]
[Progress:==============>               49%] [Cov:==========>                        31%]
[Progress:==============>               49%] [Cov:==========>                        31%]
[Progress:==============>               49%] [Cov:==========>                        31%]
[Progress:==============>               49%] [Cov:==========>                        31%]
[Progress:==============>               49%] [Cov:==========>                        31%]
[Progress:==============>               49%] [Cov:==========>                        31%]
[Progress:==============>               49%] [Cov:==========>                        31%]
[Progress:==============>               49%] [Cov:==========>                        31%]
[Progress:==============>               49%] [Cov:==========>                        31%]
[Progress:===============>              50%] [Cov:==========>                        31%]
[Progress:===============>              50%] [Cov:==========>                        31%]
[Progress:===============>              50%] [Cov:==========>                        31%]
[Progress:===============>              50%] [Cov:==========>                        31%]
[Progress:===============>              50%] [Cov:==========>                        31%]
[Progress:===============>              50%] [Cov:==========>                        31%]
[Progress:===============>              50%] [Cov:==========>                        31%]
[Progress:===============>              50%] [Cov:==========>                        31%]
[Progress:===============>              50%] [Cov:==========>                        31%]
[Progress:===============>              50%] [Cov:==========>                        31%]
[Progress:===============>              50%] [Cov:==========>                        31%]
[Progress:===============>              50%] [Cov:==========>                        31%]
[Progress:===============>              50%] [Cov:==========>                        31%]
[Progress:===============>              50%] [Cov:==========>                        31%]
[Progress:===============>              50%] [Cov:==========>                        31%]
[Progress:===============>              50%] [Cov:==========>                        31%]
[Progress:===============>              50%] [Cov:==========>                        31%]
[Progress:===============>              50%] [Cov:==========>                        31%]
[Progress:===============>              50%] [Cov:==========>                        31%]
[Progress:===============>              50%] [Cov:==========>                        31%]
[Progress:===============>              50%] [Cov:==========>                        31%]
[Progress:===============>              50%] [Cov:==========>                        31%]
[Progress:===============>              50%] [Cov:==========>                        31%]
[Progress:===============>              50%] [Cov:==========>                        31%]
[Progress:===============>              50%] [Cov:==========>                        31%]
[Progress:===============>              50%] [Cov:==========>                        31%]
[Progress:===============>              50%] [Cov:==========>                        31%]
[Progress:===============>              50%] [Cov:==========>                        31%]
[Progress:===============>              50%] [Cov:==========>                        31%]
[Progress:===============>              50%] [Cov:==========>                        31%]
[Progress:===============>              50%] [Cov:==========>                        31%]
[Progress:===============>              50%] [Cov:==========>                        31%]
[Progress:===============>              50%] [Cov:==========>                        31%]
[Progress:===============>              50%] [Cov:==========>                        31%]
[Progress:===============>              50%] [Cov:==========>                        31%]
[Progress:===============>              50%] [Cov:==========>                        31%]
[Progress:===============>              50%] [Cov:==========>                        31%]
[Progress:===============>              50%] [Cov:==========>                        31%]
[Progress:===============>              50%] [Cov:==========>                        31%]
[Progress:===============>              50%] [Cov:==========>                        31%]
[Progress:===============>              50%] [Cov:==========>                        31%]
[Progress:===============>              50%] [Cov:==========>                        31%]
[Progress:===============>              50%] [Cov:==========>                        31%]
[Progress:===============>              50%] [Cov:==========>                        31%]
[Progress:===============>              50%] [Cov:==========>                        31%]
[Progress:===============>              50%] [Cov:==========>                        31%]
[Progress:===============>              50%] [Cov:==========>                        31%]
[Progress:===============>              50%] [Cov:==========>                        31%]
[Progress:===============>              50%] [Cov:==========>                        31%]
[Progress:===============>              50%] [Cov:==========>                        31%]
[Progress:===============>              50%] [Cov:==========>                        31%]
[Progress:===============>              50%] [Cov:==========>                        31%]
[Progress:===============>              50%] [Cov:==========>                        31%]
[Progress:===============>              50%] [Cov:==========>                        31%]
[Progress:===============>              50%] [Cov:==========>                        31%]
[Progress:===============>              50%] [Cov:==========>                        31%]
[Progress:===============>              50%] [Cov:==========>                        31%]
[Progress:===============>              50%] [Cov:==========>                        31%]
[Progress:===============>              50%] [Cov:==========>                        31%]
[Progress:===============>              50%] [Cov:==========>                        31%]
[Progress:===============>              50%] [Cov:==========>                        31%]
[Progress:===============>              50%] [Cov:==========>                        31%]
[Progress:===============>              50%] [Cov:==========>                        31%]
[Progress:===============>              50%] [Cov:==========>                        31%]
[Progress:===============>              50%] [Cov:==========>                        31%]
[Progress:===============>              50%] [Cov:==========>                        31%]
[Progress:===============>              50%] [Cov:==========>                        31%]
[Progress:===============>              51%] [Cov:==========>                        31%]
[Progress:===============>              51%] [Cov:==========>                        31%]
[Progress:===============>              51%] [Cov:==========>                        31%]
[Progress:===============>              51%] [Cov:==========>                        31%]
[Progress:===============>              51%] [Cov:==========>                        31%]
[Progress:===============>              51%] [Cov:==========>                        31%]
[Progress:===============>              51%] [Cov:==========>                        31%]
[Progress:===============>              51%] [Cov:==========>                        31%]
[Progress:===============>              51%] [Cov:==========>                        31%]
[Progress:===============>              51%] [Cov:==========>                        31%]
[Progress:===============>              51%] [Cov:==========>                        31%]
[Progress:===============>              51%] [Cov:==========>                        31%]
[Progress:===============>              51%] [Cov:==========>                        31%]
[Progress:===============>              51%] [Cov:==========>                        31%]
[Progress:===============>              51%] [Cov:==========>                        31%]
[Progress:===============>              51%] [Cov:==========>                        31%]
[Progress:===============>              51%] [Cov:==========>                        31%]
[Progress:===============>              51%] [Cov:==========>                        31%]
[Progress:===============>              51%] [Cov:==========>                        31%]
[Progress:===============>              51%] [Cov:==========>                        31%]
[Progress:===============>              51%] [Cov:==========>                        31%]
[Progress:===============>              51%] [Cov:==========>                        31%]
[Progress:===============>              51%] [Cov:==========>                        31%]
[Progress:===============>              51%] [Cov:==========>                        31%]
[Progress:===============>              51%] [Cov:==========>                        31%]
[Progress:===============>              51%] [Cov:==========>                        31%]
[Progress:===============>              51%] [Cov:==========>                        31%]
[Progress:===============>              51%] [Cov:==========>                        31%]
[Progress:===============>              51%] [Cov:==========>                        31%]
[Progress:===============>              51%] [Cov:==========>                        31%]
[Progress:===============>              51%] [Cov:==========>                        31%]
[Progress:===============>              51%] [Cov:==========>                        31%]
[Progress:===============>              52%] [Cov:==========>                        30%]
[Progress:===============>              52%] [Cov:==========>                        31%]
[Progress:===============>              52%] [Cov:==========>                        31%]
[Progress:===============>              52%] [Cov:==========>                        31%]
[Progress:===============>              52%] [Cov:==========>                        31%]
[Progress:===============>              52%] [Cov:==========>                        31%]
[Progress:===============>              52%] [Cov:==========>                        31%]
[Progress:===============>              52%] [Cov:==========>                        31%]
[Progress:===============>              52%] [Cov:==========>                        31%]
[Progress:===============>              52%] [Cov:==========>                        31%]
[Progress:===============>              52%] [Cov:==========>                        31%]
[Progress:===============>              52%] [Cov:==========>                        31%]
[Progress:===============>              52%] [Cov:==========>                        31%]
[Progress:===============>              52%] [Cov:==========>                        31%]
[Progress:===============>              52%] [Cov:==========>                        31%]
[Progress:===============>              52%] [Cov:==========>                        31%]
[Progress:===============>              52%] [Cov:==========>                        31%]
[Progress:===============>              52%] [Cov:==========>                        31%]
[Progress:===============>              52%] [Cov:==========>                        31%]
[Progress:===============>              52%] [Cov:==========>                        31%]
[Progress:===============>              52%] [Cov:==========>                        31%]
[Progress:===============>              52%] [Cov:==========>                        31%]
[Progress:===============>              52%] [Cov:==========>                        31%]
[Progress:===============>              52%] [Cov:==========>                        31%]
[Progress:===============>              52%] [Cov:==========>                        31%]
[Progress:===============>              52%] [Cov:==========>                        31%]
[Progress:===============>              52%] [Cov:==========>                        31%]
[Progress:===============>              52%] [Cov:==========>                        31%]
[Progress:===============>              52%] [Cov:==========>                        31%]
[Progress:===============>              52%] [Cov:==========>                        31%]
[Progress:===============>              52%] [Cov:==========>                        31%]
[Progress:===============>              52%] [Cov:==========>                        31%]
[Progress:===============>              52%] [Cov:==========>                        31%]
[Progress:===============>              52%] [Cov:==========>                        31%]
[Progress:===============>              52%] [Cov:==========>                        31%]
[Progress:===============>              52%] [Cov:==========>                        31%]
[Progress:===============>              52%] [Cov:==========>                        31%]
[Progress:===============>              52%] [Cov:==========>                        31%]
[Progress:===============>              52%] [Cov:==========>                        31%]
[Progress:===============>              52%] [Cov:==========>                        31%]
[Progress:===============>              52%] [Cov:==========>                        31%]
[Progress:===============>              52%] [Cov:==========>                        31%]
[Progress:===============>              52%] [Cov:==========>                        31%]
[Progress:===============>              52%] [Cov:==========>                        31%]
[Progress:===============>              52%] [Cov:==========>                        31%]
[Progress:===============>              52%] [Cov:==========>                        31%]
[Progress:===============>              52%] [Cov:==========>                        31%]
[Progress:===============>              52%] [Cov:==========>                        31%]
[Progress:===============>              52%] [Cov:==========>                        31%]
[Progress:===============>              52%] [Cov:==========>                        31%]
[Progress:===============>              52%] [Cov:==========>                        31%]
[Progress:===============>              52%] [Cov:==========>                        31%]
[Progress:===============>              52%] [Cov:==========>                        31%]
[Progress:===============>              52%] [Cov:==========>                        31%]
[Progress:===============>              52%] [Cov:==========>                        31%]
[Progress:===============>              52%] [Cov:==========>                        31%]
[Progress:===============>              52%] [Cov:==========>                        31%]
[Progress:===============>              52%] [Cov:==========>                        31%]
[Progress:===============>              52%] [Cov:==========>                        31%]
[Progress:===============>              52%] [Cov:==========>                        31%]
[Progress:===============>              52%] [Cov:==========>                        31%]
[Progress:===============>              52%] [Cov:==========>                        31%]
[Progress:===============>              52%] [Cov:==========>                        31%]
[Progress:===============>              52%] [Cov:==========>                        31%]
[Progress:===============>              52%] [Cov:==========>                        31%]
[Progress:===============>              53%] [Cov:==========>                        31%]
[Progress:===============>              53%] [Cov:==========>                        31%]
[Progress:===============>              53%] [Cov:==========>                        31%]
[Progress:===============>              53%] [Cov:==========>                        31%]
[Progress:===============>              53%] [Cov:==========>                        31%]
[Progress:===============>              53%] [Cov:==========>                        31%]
[Progress:===============>              53%] [Cov:==========>                        31%]
[Progress:===============>              53%] [Cov:==========>                        31%]
[Progress:===============>              53%] [Cov:==========>                        31%]
[Progress:===============>              53%] [Cov:==========>                        31%]
[Progress:===============>              53%] [Cov:==========>                        31%]
[Progress:===============>              53%] [Cov:==========>                        31%]
[Progress:===============>              53%] [Cov:==========>                        31%]
[Progress:===============>              53%] [Cov:==========>                        31%]
[Progress:===============>              53%] [Cov:==========>                        31%]
[Progress:===============>              53%] [Cov:==========>                        31%]
[Progress:===============>              53%] [Cov:==========>                        31%]
[Progress:===============>              53%] [Cov:==========>                        31%]
[Progress:===============>              53%] [Cov:==========>                        31%]
[Progress:===============>              53%] [Cov:==========>                        31%]
[Progress:===============>              53%] [Cov:==========>                        31%]
[Progress:===============>              53%] [Cov:==========>                        31%]
[Progress:===============>              53%] [Cov:==========>                        31%]
[Progress:===============>              53%] [Cov:==========>                        31%]
[Progress:===============>              53%] [Cov:==========>                        31%]
[Progress:===============>              53%] [Cov:==========>                        31%]
[Progress:===============>              53%] [Cov:==========>                        31%]
[Progress:===============>              53%] [Cov:==========>                        31%]
[Progress:===============>              53%] [Cov:==========>                        31%]
[Progress:===============>              53%] [Cov:==========>                        31%]
[Progress:===============>              53%] [Cov:==========>                        31%]
[Progress:================>             54%] [Cov:==========>                        31%]
[Progress:================>             54%] [Cov:==========>                        31%]
[Progress:================>             54%] [Cov:==========>                        31%]
[Progress:================>             54%] [Cov:==========>                        31%]
[Progress:================>             54%] [Cov:==========>                        31%]
[Progress:================>             54%] [Cov:==========>                        31%]
[Progress:================>             54%] [Cov:==========>                        31%]
[Progress:================>             54%] [Cov:==========>                        31%]
[Progress:================>             54%] [Cov:==========>                        31%]
[Progress:================>             54%] [Cov:==========>                        31%]
[Progress:================>             54%] [Cov:==========>                        31%]
[Progress:================>             54%] [Cov:==========>                        31%]
[Progress:================>             54%] [Cov:==========>                        31%]
[Progress:================>             54%] [Cov:==========>                        31%]
[Progress:================>             54%] [Cov:==========>                        31%]
[Progress:================>             54%] [Cov:==========>                        31%]
[Progress:================>             54%] [Cov:==========>                        31%]
[Progress:================>             54%] [Cov:==========>                        31%]
[Progress:================>             54%] [Cov:==========>                        31%]
[Progress:================>             54%] [Cov:==========>                        31%]
[Progress:================>             54%] [Cov:==========>                        31%]
[Progress:================>             54%] [Cov:==========>                        31%]
[Progress:================>             54%] [Cov:==========>                        31%]
[Progress:================>             54%] [Cov:==========>                        31%]
[Progress:================>             54%] [Cov:==========>                        31%]
[Progress:================>             54%] [Cov:==========>                        31%]
[Progress:================>             54%] [Cov:==========>                        31%]
[Progress:================>             54%] [Cov:==========>                        31%]
[Progress:================>             54%] [Cov:==========>                        31%]
[Progress:================>             54%] [Cov:==========>                        31%]
[Progress:================>             54%] [Cov:==========>                        31%]
[Progress:================>             54%] [Cov:==========>                        31%]
[Progress:================>             54%] [Cov:==========>                        31%]
[Progress:================>             54%] [Cov:==========>                        31%]
[Progress:================>             54%] [Cov:==========>                        31%]
[Progress:================>             54%] [Cov:==========>                        31%]
[Progress:================>             54%] [Cov:==========>                        31%]
[Progress:================>             54%] [Cov:==========>                        31%]
[Progress:================>             54%] [Cov:==========>                        31%]
[Progress:================>             54%] [Cov:==========>                        31%]
[Progress:================>             54%] [Cov:==========>                        31%]
[Progress:================>             54%] [Cov:==========>                        31%]
[Progress:================>             54%] [Cov:==========>                        31%]
[Progress:================>             54%] [Cov:==========>                        31%]
[Progress:================>             54%] [Cov:==========>                        31%]
[Progress:================>             54%] [Cov:==========>                        31%]
[Progress:================>             54%] [Cov:==========>                        31%]
[Progress:================>             54%] [Cov:==========>                        31%]
[Progress:================>             54%] [Cov:==========>                        31%]
[Progress:================>             54%] [Cov:==========>                        31%]
[Progress:================>             54%] [Cov:==========>                        31%]
[Progress:================>             54%] [Cov:==========>                        31%]
[Progress:================>             54%] [Cov:==========>                        31%]
[Progress:================>             54%] [Cov:==========>                        31%]
[Progress:================>             54%] [Cov:==========>                        31%]
[Progress:================>             54%] [Cov:==========>                        31%]
[Progress:================>             54%] [Cov:==========>                        31%]
[Progress:================>             54%] [Cov:==========>                        31%]
[Progress:================>             54%] [Cov:==========>                        31%]
[Progress:================>             54%] [Cov:==========>                        31%]
[Progress:================>             54%] [Cov:==========>                        31%]
[Progress:================>             54%] [Cov:==========>                        31%]
[Progress:================>             54%] [Cov:==========>                        31%]
[Progress:================>             54%] [Cov:==========>                        31%]
[Progress:================>             55%] [Cov:==========>                        31%]
[Progress:================>             55%] [Cov:==========>                        31%]
[Progress:================>             55%] [Cov:==========>                        31%]
[Progress:================>             55%] [Cov:==========>                        31%]
[Progress:================>             55%] [Cov:==========>                        31%]
[Progress:================>             55%] [Cov:==========>                        31%]
[Progress:================>             55%] [Cov:==========>                        31%]
[Progress:================>             55%] [Cov:==========>                        31%]
[Progress:================>             55%] [Cov:==========>                        31%]
[Progress:================>             55%] [Cov:==========>                        31%]
[Progress:================>             55%] [Cov:==========>                        31%]
[Progress:================>             55%] [Cov:==========>                        31%]
[Progress:================>             55%] [Cov:==========>                        31%]
[Progress:================>             55%] [Cov:==========>                        31%]
[Progress:================>             55%] [Cov:==========>                        31%]
[Progress:================>             55%] [Cov:==========>                        31%]
[Progress:================>             55%] [Cov:==========>                        31%]
[Progress:================>             55%] [Cov:==========>                        31%]
[Progress:================>             55%] [Cov:==========>                        31%]
[Progress:================>             55%] [Cov:==========>                        31%]
[Progress:================>             55%] [Cov:==========>                        31%]
[Progress:================>             55%] [Cov:==========>                        31%]
[Progress:================>             55%] [Cov:==========>                        31%]
[Progress:================>             55%] [Cov:==========>                        31%]
[Progress:================>             55%] [Cov:==========>                        31%]
[Progress:================>             55%] [Cov:==========>                        31%]
[Progress:================>             55%] [Cov:==========>                        31%]
[Progress:================>             55%] [Cov:==========>                        31%]
[Progress:================>             55%] [Cov:==========>                        31%]
[Progress:================>             55%] [Cov:==========>                        31%]
[Progress:================>             55%] [Cov:==========>                        31%]
[Progress:================>             55%] [Cov:==========>                        31%]
[Progress:================>             55%] [Cov:==========>                        31%]
[Progress:================>             56%] [Cov:==========>                        31%]
[Progress:================>             56%] [Cov:==========>                        31%]
[Progress:================>             56%] [Cov:==========>                        31%]
[Progress:================>             56%] [Cov:==========>                        31%]
[Progress:================>             56%] [Cov:==========>                        31%]
[Progress:================>             56%] [Cov:==========>                        31%]
[Progress:================>             56%] [Cov:==========>                        31%]
[Progress:================>             56%] [Cov:==========>                        31%]
[Progress:================>             56%] [Cov:==========>                        31%]
[Progress:================>             56%] [Cov:==========>                        31%]
[Progress:================>             56%] [Cov:==========>                        31%]
[Progress:================>             56%] [Cov:==========>                        31%]
[Progress:================>             56%] [Cov:==========>                        31%]
[Progress:================>             56%] [Cov:==========>                        31%]
[Progress:================>             56%] [Cov:==========>                        31%]
[Progress:================>             56%] [Cov:==========>                        31%]
[Progress:================>             56%] [Cov:==========>                        31%]
[Progress:================>             56%] [Cov:==========>                        31%]
[Progress:================>             56%] [Cov:==========>                        31%]
[Progress:================>             56%] [Cov:==========>                        31%]
[Progress:================>             56%] [Cov:==========>                        31%]
[Progress:================>             56%] [Cov:==========>                        31%]
[Progress:================>             56%] [Cov:==========>                        31%]
[Progress:================>             56%] [Cov:==========>                        31%]
[Progress:================>             56%] [Cov:==========>                        31%]
[Progress:================>             56%] [Cov:==========>                        31%]
[Progress:================>             56%] [Cov:==========>                        31%]
[Progress:================>             56%] [Cov:==========>                        31%]
[Progress:================>             56%] [Cov:==========>                        31%]
[Progress:================>             56%] [Cov:==========>                        31%]
[Progress:================>             56%] [Cov:==========>                        31%]
[Progress:================>             56%] [Cov:==========>                        31%]
[Progress:================>             56%] [Cov:==========>                        31%]
[Progress:================>             56%] [Cov:==========>                        31%]
[Progress:================>             56%] [Cov:==========>                        31%]
[Progress:================>             56%] [Cov:==========>                        31%]
[Progress:================>             56%] [Cov:==========>                        31%]
[Progress:================>             56%] [Cov:==========>                        31%]
[Progress:================>             56%] [Cov:==========>                        31%]
[Progress:================>             56%] [Cov:==========>                        31%]
[Progress:================>             56%] [Cov:==========>                        31%]
[Progress:================>             56%] [Cov:==========>                        31%]
[Progress:================>             56%] [Cov:==========>                        31%]
[Progress:================>             56%] [Cov:==========>                        31%]
[Progress:================>             56%] [Cov:==========>                        31%]
[Progress:================>             56%] [Cov:==========>                        31%]
[Progress:================>             56%] [Cov:==========>                        31%]
[Progress:================>             56%] [Cov:==========>                        31%]
[Progress:================>             56%] [Cov:==========>                        31%]
[Progress:================>             56%] [Cov:==========>                        31%]
[Progress:================>             56%] [Cov:==========>                        31%]
[Progress:================>             56%] [Cov:==========>                        31%]
[Progress:================>             56%] [Cov:==========>                        31%]
[Progress:================>             56%] [Cov:==========>                        31%]
[Progress:================>             56%] [Cov:==========>                        31%]
[Progress:================>             56%] [Cov:==========>                        31%]
[Progress:================>             56%] [Cov:==========>                        31%]
[Progress:================>             56%] [Cov:==========>                        31%]
[Progress:================>             56%] [Cov:==========>                        31%]
[Progress:================>             56%] [Cov:==========>                        31%]
[Progress:================>             56%] [Cov:==========>                        31%]
[Progress:================>             56%] [Cov:==========>                        31%]
[Progress:================>             56%] [Cov:==========>                        31%]
[Progress:================>             56%] [Cov:==========>                        31%]
[Progress:================>             56%] [Cov:==========>                        31%]
[Progress:================>             56%] [Cov:==========>                        31%]
[Progress:=================>            57%] [Cov:==========>                        30%]
[Progress:=================>            57%] [Cov:==========>                        31%]
[Progress:=================>            57%] [Cov:==========>                        31%]
[Progress:=================>            57%] [Cov:==========>                        31%]
[Progress:=================>            57%] [Cov:==========>                        31%]
[Progress:=================>            57%] [Cov:==========>                        31%]
[Progress:=================>            57%] [Cov:==========>                        31%]
[Progress:=================>            57%] [Cov:==========>                        31%]
[Progress:=================>            57%] [Cov:==========>                        31%]
[Progress:=================>            57%] [Cov:==========>                        31%]
[Progress:=================>            57%] [Cov:==========>                        31%]
[Progress:=================>            57%] [Cov:==========>                        31%]
[Progress:=================>            57%] [Cov:==========>                        31%]
[Progress:=================>            57%] [Cov:==========>                        31%]
[Progress:=================>            57%] [Cov:==========>                        31%]
[Progress:=================>            57%] [Cov:==========>                        31%]
[Progress:=================>            57%] [Cov:==========>                        31%]
[Progress:=================>            57%] [Cov:==========>                        31%]
[Progress:=================>            57%] [Cov:==========>                        31%]
[Progress:=================>            57%] [Cov:==========>                        31%]
[Progress:=================>            57%] [Cov:==========>                        31%]
[Progress:=================>            57%] [Cov:==========>                        31%]
[Progress:=================>            57%] [Cov:==========>                        31%]
[Progress:=================>            57%] [Cov:==========>                        31%]
[Progress:=================>            57%] [Cov:==========>                        31%]
[Progress:=================>            57%] [Cov:==========>                        31%]
[Progress:=================>            57%] [Cov:==========>                        31%]
[Progress:=================>            57%] [Cov:==========>                        31%]
[Progress:=================>            57%] [Cov:==========>                        31%]
[Progress:=================>            57%] [Cov:==========>                        31%]
[Progress:=================>            57%] [Cov:==========>                        31%]
[Progress:=================>            57%] [Cov:==========>                        31%]
[Progress:=================>            57%] [Cov:==========>                        31%]
[Progress:=================>            57%] [Cov:==========>                        31%]
[Progress:=================>            58%] [Cov:=====>                             17%]
[Progress:=================>            58%] [Cov:==========>                        31%]
[Progress:=================>            58%] [Cov:==========>                        31%]
[Progress:=================>            58%] [Cov:==========>                        31%]
[Progress:=================>            58%] [Cov:==========>                        31%]
[Progress:=================>            58%] [Cov:==========>                        31%]
[Progress:=================>            58%] [Cov:==========>                        31%]
[Progress:=================>            58%] [Cov:==========>                        31%]
[Progress:=================>            58%] [Cov:==========>                        31%]
[Progress:=================>            58%] [Cov:==========>                        31%]
[Progress:=================>            58%] [Cov:==========>                        31%]
[Progress:=================>            58%] [Cov:==========>                        31%]
[Progress:=================>            58%] [Cov:==========>                        31%]
[Progress:=================>            58%] [Cov:==========>                        31%]
[Progress:=================>            58%] [Cov:==========>                        31%]
[Progress:=================>            58%] [Cov:==========>                        31%]
[Progress:=================>            58%] [Cov:==========>                        31%]
[Progress:=================>            58%] [Cov:==========>                        31%]
[Progress:=================>            58%] [Cov:==========>                        31%]
[Progress:=================>            58%] [Cov:==========>                        31%]
[Progress:=================>            58%] [Cov:==========>                        31%]
[Progress:=================>            58%] [Cov:==========>                        31%]
[Progress:=================>            58%] [Cov:==========>                        31%]
[Progress:=================>            58%] [Cov:==========>                        31%]
[Progress:=================>            58%] [Cov:==========>                        31%]
[Progress:=================>            58%] [Cov:==========>                        31%]
[Progress:=================>            58%] [Cov:==========>                        31%]
[Progress:=================>            58%] [Cov:==========>                        31%]
[Progress:=================>            58%] [Cov:==========>                        31%]
[Progress:=================>            58%] [Cov:==========>                        31%]
[Progress:=================>            58%] [Cov:==========>                        31%]
[Progress:=================>            58%] [Cov:==========>                        31%]
[Progress:=================>            58%] [Cov:==========>                        31%]
[Progress:=================>            58%] [Cov:==========>                        31%]
[Progress:=================>            58%] [Cov:==========>                        31%]
[Progress:=================>            58%] [Cov:==========>                        31%]
[Progress:=================>            58%] [Cov:==========>                        31%]
[Progress:=================>            58%] [Cov:==========>                        31%]
[Progress:=================>            58%] [Cov:==========>                        31%]
[Progress:=================>            58%] [Cov:==========>                        31%]
[Progress:=================>            58%] [Cov:==========>                        31%]
[Progress:=================>            58%] [Cov:==========>                        31%]
[Progress:=================>            58%] [Cov:==========>                        31%]
[Progress:=================>            58%] [Cov:==========>                        31%]
[Progress:=================>            58%] [Cov:==========>                        31%]
[Progress:=================>            58%] [Cov:==========>                        31%]
[Progress:=================>            58%] [Cov:==========>                        31%]
[Progress:=================>            58%] [Cov:==========>                        31%]
[Progress:=================>            58%] [Cov:==========>                        31%]
[Progress:=================>            58%] [Cov:==========>                        31%]
[Progress:=================>            58%] [Cov:==========>                        31%]
[Progress:=================>            58%] [Cov:==========>                        31%]
[Progress:=================>            58%] [Cov:==========>                        31%]
[Progress:=================>            58%] [Cov:==========>                        31%]
[Progress:=================>            58%] [Cov:==========>                        31%]
[Progress:=================>            58%] [Cov:==========>                        31%]
[Progress:=================>            58%] [Cov:==========>                        31%]
[Progress:=================>            58%] [Cov:==========>                        31%]
[Progress:=================>            58%] [Cov:==========>                        31%]
[Progress:=================>            58%] [Cov:==========>                        31%]
[Progress:=================>            58%] [Cov:==========>                        31%]
[Progress:=================>            58%] [Cov:==========>                        31%]
[Progress:=================>            58%] [Cov:==========>                        31%]
[Progress:=================>            58%] [Cov:==========>                        31%]
[Progress:=================>            58%] [Cov:==========>                        31%]
[Progress:=================>            58%] [Cov:==========>                        31%]
[Progress:=================>            58%] [Cov:==========>                        31%]
[Progress:=================>            59%] [Cov:==========>                        31%]
[Progress:=================>            59%] [Cov:==========>                        31%]
[Progress:=================>            59%] [Cov:==========>                        31%]
[Progress:=================>            59%] [Cov:==========>                        31%]
[Progress:=================>            59%] [Cov:==========>                        31%]
[Progress:=================>            59%] [Cov:==========>                        31%]
[Progress:=================>            59%] [Cov:==========>                        31%]
[Progress:=================>            59%] [Cov:==========>                        31%]
[Progress:=================>            59%] [Cov:==========>                        31%]
[Progress:=================>            59%] [Cov:==========>                        31%]
[Progress:=================>            59%] [Cov:==========>                        31%]
[Progress:=================>            59%] [Cov:==========>                        31%]
[Progress:=================>            59%] [Cov:==========>                        31%]
[Progress:=================>            59%] [Cov:==========>                        31%]
[Progress:=================>            59%] [Cov:==========>                        31%]
[Progress:=================>            59%] [Cov:==========>                        31%]
[Progress:=================>            59%] [Cov:==========>                        31%]
[Progress:=================>            59%] [Cov:==========>                        31%]
[Progress:=================>            59%] [Cov:==========>                        31%]
[Progress:=================>            59%] [Cov:==========>                        31%]
[Progress:=================>            59%] [Cov:==========>                        31%]
[Progress:=================>            59%] [Cov:==========>                        31%]
[Progress:=================>            59%] [Cov:==========>                        31%]
[Progress:=================>            59%] [Cov:==========>                        31%]
[Progress:=================>            59%] [Cov:==========>                        31%]
[Progress:=================>            59%] [Cov:==========>                        31%]
[Progress:=================>            59%] [Cov:==========>                        31%]
[Progress:=================>            59%] [Cov:==========>                        31%]
[Progress:=================>            59%] [Cov:==========>                        31%]
[Progress:=================>            59%] [Cov:==========>                        31%]
[Progress:==================>           60%] [Cov:==========>                        31%]
[Progress:==================>           60%] [Cov:==========>                        31%]
[Progress:==================>           60%] [Cov:==========>                        31%]
[Progress:==================>           60%] [Cov:==========>                        31%]
[Progress:==================>           60%] [Cov:==========>                        31%]
[Progress:==================>           60%] [Cov:==========>                        31%]
[Progress:==================>           60%] [Cov:==========>                        31%]
[Progress:==================>           60%] [Cov:==========>                        31%]
[Progress:==================>           60%] [Cov:==========>                        31%]
[Progress:==================>           60%] [Cov:==========>                        31%]
[Progress:==================>           60%] [Cov:==========>                        31%]
[Progress:==================>           60%] [Cov:==========>                        31%]
[Progress:==================>           60%] [Cov:==========>                        31%]
[Progress:==================>           60%] [Cov:==========>                        31%]
[Progress:==================>           60%] [Cov:==========>                        31%]
[Progress:==================>           60%] [Cov:==========>                        31%]
[Progress:==================>           60%] [Cov:==========>                        31%]
[Progress:==================>           60%] [Cov:==========>                        31%]
[Progress:==================>           60%] [Cov:==========>                        31%]
[Progress:==================>           60%] [Cov:==========>                        31%]
[Progress:==================>           60%] [Cov:==========>                        31%]
[Progress:==================>           60%] [Cov:==========>                        31%]
[Progress:==================>           60%] [Cov:==========>                        31%]
[Progress:==================>           60%] [Cov:==========>                        31%]
[Progress:==================>           60%] [Cov:==========>                        31%]
[Progress:==================>           60%] [Cov:==========>                        31%]
[Progress:==================>           60%] [Cov:==========>                        31%]
[Progress:==================>           60%] [Cov:==========>                        31%]
[Progress:==================>           60%] [Cov:==========>                        31%]
[Progress:==================>           60%] [Cov:==========>                        31%]
[Progress:==================>           60%] [Cov:==========>                        31%]
[Progress:==================>           60%] [Cov:==========>                        31%]
[Progress:==================>           60%] [Cov:==========>                        31%]
[Progress:==================>           60%] [Cov:==========>                        31%]
[Progress:==================>           60%] [Cov:==========>                        31%]
[Progress:==================>           60%] [Cov:==========>                        31%]
[Progress:==================>           60%] [Cov:==========>                        31%]
[Progress:==================>           60%] [Cov:==========>                        31%]
[Progress:==================>           60%] [Cov:==========>                        31%]
[Progress:==================>           60%] [Cov:==========>                        31%]
[Progress:==================>           60%] [Cov:==========>                        31%]
[Progress:==================>           60%] [Cov:==========>                        31%]
[Progress:==================>           60%] [Cov:==========>                        31%]
[Progress:==================>           60%] [Cov:==========>                        31%]
[Progress:==================>           60%] [Cov:==========>                        31%]
[Progress:==================>           60%] [Cov:==========>                        31%]
[Progress:==================>           60%] [Cov:==========>                        31%]
[Progress:==================>           60%] [Cov:==========>                        31%]
[Progress:==================>           60%] [Cov:==========>                        31%]
[Progress:==================>           60%] [Cov:==========>                        31%]
[Progress:==================>           60%] [Cov:==========>                        31%]
[Progress:==================>           60%] [Cov:==========>                        31%]
[Progress:==================>           60%] [Cov:==========>                        31%]
[Progress:==================>           60%] [Cov:==========>                        31%]
[Progress:==================>           60%] [Cov:==========>                        31%]
[Progress:==================>           60%] [Cov:==========>                        31%]
[Progress:==================>           60%] [Cov:==========>                        31%]
[Progress:==================>           60%] [Cov:==========>                        31%]
[Progress:==================>           60%] [Cov:==========>                        31%]
[Progress:==================>           60%] [Cov:==========>                        31%]
[Progress:==================>           60%] [Cov:==========>                        31%]
[Progress:==================>           60%] [Cov:==========>                        31%]
[Progress:==================>           60%] [Cov:==========>                        31%]
[Progress:==================>           61%] [Cov:==========>                        31%]
[Progress:==================>           61%] [Cov:==========>                        31%]
[Progress:==================>           61%] [Cov:==========>                        31%]
[Progress:==================>           61%] [Cov:==========>                        31%]
[Progress:==================>           61%] [Cov:==========>                        31%]
[Progress:==================>           61%] [Cov:==========>                        31%]
[Progress:==================>           61%] [Cov:==========>                        31%]
[Progress:==================>           61%] [Cov:==========>                        31%]
[Progress:==================>           61%] [Cov:==========>                        31%]
[Progress:==================>           61%] [Cov:==========>                        31%]
[Progress:==================>           61%] [Cov:==========>                        31%]
[Progress:==================>           61%] [Cov:==========>                        31%]
[Progress:==================>           61%] [Cov:==========>                        31%]
[Progress:==================>           61%] [Cov:==========>                        31%]
[Progress:==================>           61%] [Cov:==========>                        31%]
[Progress:==================>           61%] [Cov:==========>                        31%]
[Progress:==================>           61%] [Cov:==========>                        31%]
[Progress:==================>           61%] [Cov:==========>                        31%]
[Progress:==================>           61%] [Cov:==========>                        31%]
[Progress:==================>           61%] [Cov:==========>                        31%]
[Progress:==================>           61%] [Cov:==========>                        31%]
[Progress:==================>           61%] [Cov:==========>                        31%]
[Progress:==================>           61%] [Cov:==========>                        31%]
[Progress:==================>           61%] [Cov:==========>                        31%]
[Progress:==================>           61%] [Cov:==========>                        31%]
[Progress:==================>           61%] [Cov:==========>                        31%]
[Progress:==================>           61%] [Cov:==========>                        31%]
[Progress:==================>           61%] [Cov:==========>                        31%]
[Progress:==================>           61%] [Cov:==========>                        31%]
[Progress:==================>           61%] [Cov:==========>                        31%]
[Progress:==================>           61%] [Cov:==========>                        31%]
[Progress:==================>           61%] [Cov:==========>                        31%]
[Progress:==================>           62%] [Cov:==========>                        30%]
[Progress:==================>           62%] [Cov:==========>                        31%]
[Progress:==================>           62%] [Cov:==========>                        31%]
[Progress:==================>           62%] [Cov:==========>                        31%]
[Progress:==================>           62%] [Cov:==========>                        31%]
[Progress:==================>           62%] [Cov:==========>                        31%]
[Progress:==================>           62%] [Cov:==========>                        31%]
[Progress:==================>           62%] [Cov:==========>                        31%]
[Progress:==================>           62%] [Cov:==========>                        31%]
[Progress:==================>           62%] [Cov:==========>                        31%]
[Progress:==================>           62%] [Cov:==========>                        31%]
[Progress:==================>           62%] [Cov:==========>                        31%]
[Progress:==================>           62%] [Cov:==========>                        31%]
[Progress:==================>           62%] [Cov:==========>                        31%]
[Progress:==================>           62%] [Cov:==========>                        31%]
[Progress:==================>           62%] [Cov:==========>                        31%]
[Progress:==================>           62%] [Cov:==========>                        31%]
[Progress:==================>           62%] [Cov:==========>                        31%]
[Progress:==================>           62%] [Cov:==========>                        31%]
[Progress:==================>           62%] [Cov:==========>                        31%]
[Progress:==================>           62%] [Cov:==========>                        31%]
[Progress:==================>           62%] [Cov:==========>                        31%]
[Progress:==================>           62%] [Cov:==========>                        31%]
[Progress:==================>           62%] [Cov:==========>                        31%]
[Progress:==================>           62%] [Cov:==========>                        31%]
[Progress:==================>           62%] [Cov:==========>                        31%]
[Progress:==================>           62%] [Cov:==========>                        31%]
[Progress:==================>           62%] [Cov:==========>                        31%]
[Progress:==================>           62%] [Cov:==========>                        31%]
[Progress:==================>           62%] [Cov:==========>                        31%]
[Progress:==================>           62%] [Cov:==========>                        31%]
[Progress:==================>           62%] [Cov:==========>                        31%]
[Progress:==================>           62%] [Cov:==========>                        31%]
[Progress:==================>           62%] [Cov:==========>                        31%]
[Progress:==================>           62%] [Cov:==========>                        31%]
[Progress:==================>           62%] [Cov:==========>                        31%]
[Progress:==================>           62%] [Cov:==========>                        31%]
[Progress:==================>           62%] [Cov:==========>                        31%]
[Progress:==================>           62%] [Cov:==========>                        31%]
[Progress:==================>           62%] [Cov:==========>                        31%]
[Progress:==================>           62%] [Cov:==========>                        31%]
[Progress:==================>           62%] [Cov:==========>                        31%]
[Progress:==================>           62%] [Cov:==========>                        31%]
[Progress:==================>           62%] [Cov:==========>                        31%]
[Progress:==================>           62%] [Cov:==========>                        31%]
[Progress:==================>           62%] [Cov:==========>                        31%]
[Progress:==================>           62%] [Cov:==========>                        31%]
[Progress:==================>           62%] [Cov:==========>                        31%]
[Progress:==================>           62%] [Cov:==========>                        31%]
[Progress:==================>           62%] [Cov:==========>                        31%]
[Progress:==================>           62%] [Cov:==========>                        31%]
[Progress:==================>           62%] [Cov:==========>                        31%]
[Progress:==================>           62%] [Cov:==========>                        31%]
[Progress:==================>           62%] [Cov:==========>                        31%]
[Progress:==================>           62%] [Cov:==========>                        31%]
[Progress:==================>           62%] [Cov:==========>                        31%]
[Progress:==================>           62%] [Cov:==========>                        31%]
[Progress:==================>           62%] [Cov:==========>                        31%]
[Progress:==================>           62%] [Cov:==========>                        31%]
[Progress:==================>           62%] [Cov:==========>                        31%]
[Progress:==================>           62%] [Cov:==========>                        31%]
[Progress:==================>           62%] [Cov:==========>                        31%]
[Progress:==================>           62%] [Cov:==========>                        31%]
[Progress:==================>           62%] [Cov:==========>                        31%]
[Progress:==================>           62%] [Cov:==========>                        31%]
[Progress:==================>           62%] [Cov:==========>                        31%]
[Progress:==================>           62%] [Cov:==========>                        31%]
[Progress:==================>           62%] [Cov:==========>                        31%]
[Progress:==================>           63%] [Cov:==========>                        31%]
[Progress:==================>           63%] [Cov:==========>                        31%]
[Progress:==================>           63%] [Cov:==========>                        31%]
[Progress:==================>           63%] [Cov:==========>                        31%]
[Progress:==================>           63%] [Cov:==========>                        31%]
[Progress:==================>           63%] [Cov:==========>                        31%]
[Progress:==================>           63%] [Cov:==========>                        31%]
[Progress:==================>           63%] [Cov:==========>                        31%]
[Progress:==================>           63%] [Cov:==========>                        31%]
[Progress:==================>           63%] [Cov:==========>                        31%]
[Progress:==================>           63%] [Cov:==========>                        31%]
[Progress:==================>           63%] [Cov:==========>                        31%]
[Progress:==================>           63%] [Cov:==========>                        31%]
[Progress:==================>           63%] [Cov:==========>                        31%]
[Progress:==================>           63%] [Cov:==========>                        31%]
[Progress:==================>           63%] [Cov:==========>                        31%]
[Progress:==================>           63%] [Cov:==========>                        31%]
[Progress:==================>           63%] [Cov:==========>                        31%]
[Progress:==================>           63%] [Cov:==========>                        31%]
[Progress:==================>           63%] [Cov:==========>                        31%]
[Progress:==================>           63%] [Cov:==========>                        31%]
[Progress:==================>           63%] [Cov:==========>                        31%]
[Progress:==================>           63%] [Cov:==========>                        31%]
[Progress:==================>           63%] [Cov:==========>                        31%]
[Progress:==================>           63%] [Cov:==========>                        31%]
[Progress:==================>           63%] [Cov:==========>                        31%]
[Progress:==================>           63%] [Cov:==========>                        31%]
[Progress:==================>           63%] [Cov:==========>                        31%]
[Progress:==================>           63%] [Cov:==========>                        31%]
[Progress:==================>           63%] [Cov:==========>                        31%]
[Progress:==================>           63%] [Cov:==========>                        31%]
[Progress:==================>           63%] [Cov:==========>                        31%]
[Progress:==================>           63%] [Cov:==========>                        31%]
[Progress:===================>          64%] [Cov:==========>                        31%]
[Progress:===================>          64%] [Cov:==========>                        31%]
[Progress:===================>          64%] [Cov:==========>                        31%]
[Progress:===================>          64%] [Cov:==========>                        31%]
[Progress:===================>          64%] [Cov:==========>                        31%]
[Progress:===================>          64%] [Cov:==========>                        31%]
[Progress:===================>          64%] [Cov:==========>                        31%]
[Progress:===================>          64%] [Cov:==========>                        31%]
[Progress:===================>          64%] [Cov:==========>                        31%]
[Progress:===================>          64%] [Cov:==========>                        31%]
[Progress:===================>          64%] [Cov:==========>                        31%]
[Progress:===================>          64%] [Cov:==========>                        31%]
[Progress:===================>          64%] [Cov:==========>                        31%]
[Progress:===================>          64%] [Cov:==========>                        31%]
[Progress:===================>          64%] [Cov:==========>                        31%]
[Progress:===================>          64%] [Cov:==========>                        31%]
[Progress:===================>          64%] [Cov:==========>                        31%]
[Progress:===================>          64%] [Cov:==========>                        31%]
[Progress:===================>          64%] [Cov:==========>                        31%]
[Progress:===================>          64%] [Cov:==========>                        31%]
[Progress:===================>          64%] [Cov:==========>                        31%]
[Progress:===================>          64%] [Cov:==========>                        31%]
[Progress:===================>          64%] [Cov:==========>                        31%]
[Progress:===================>          64%] [Cov:==========>                        31%]
[Progress:===================>          64%] [Cov:==========>                        31%]
[Progress:===================>          64%] [Cov:==========>                        31%]
[Progress:===================>          64%] [Cov:==========>                        31%]
[Progress:===================>          64%] [Cov:==========>                        31%]
[Progress:===================>          64%] [Cov:==========>                        31%]
[Progress:===================>          64%] [Cov:==========>                        31%]
[Progress:===================>          64%] [Cov:==========>                        31%]
[Progress:===================>          64%] [Cov:==========>                        31%]
[Progress:===================>          64%] [Cov:==========>                        31%]
[Progress:===================>          64%] [Cov:==========>                        31%]
[Progress:===================>          64%] [Cov:==========>                        31%]
[Progress:===================>          64%] [Cov:==========>                        31%]
[Progress:===================>          64%] [Cov:==========>                        31%]
[Progress:===================>          64%] [Cov:==========>                        31%]
[Progress:===================>          64%] [Cov:==========>                        31%]
[Progress:===================>          64%] [Cov:==========>                        31%]
[Progress:===================>          64%] [Cov:==========>                        31%]
[Progress:===================>          64%] [Cov:==========>                        31%]
[Progress:===================>          64%] [Cov:==========>                        31%]
[Progress:===================>          64%] [Cov:==========>                        31%]
[Progress:===================>          64%] [Cov:==========>                        31%]
[Progress:===================>          64%] [Cov:==========>                        31%]
[Progress:===================>          64%] [Cov:==========>                        31%]
[Progress:===================>          64%] [Cov:==========>                        31%]
[Progress:===================>          64%] [Cov:==========>                        31%]
[Progress:===================>          64%] [Cov:==========>                        31%]
[Progress:===================>          64%] [Cov:==========>                        31%]
[Progress:===================>          64%] [Cov:==========>                        31%]
[Progress:===================>          64%] [Cov:==========>                        31%]
[Progress:===================>          64%] [Cov:==========>                        31%]
[Progress:===================>          64%] [Cov:==========>                        31%]
[Progress:===================>          64%] [Cov:==========>                        31%]
[Progress:===================>          64%] [Cov:==========>                        31%]
[Progress:===================>          64%] [Cov:==========>                        31%]
[Progress:===================>          64%] [Cov:==========>                        31%]
[Progress:===================>          64%] [Cov:==========>                        31%]
[Progress:===================>          64%] [Cov:==========>                        31%]
[Progress:===================>          64%] [Cov:==========>                        31%]
[Progress:===================>          64%] [Cov:==========>                        31%]
[Progress:===================>          64%] [Cov:==========>                        31%]
[Progress:===================>          64%] [Cov:==========>                        31%]
[Progress:===================>          64%] [Cov:==========>                        31%]
[Progress:===================>          64%] [Cov:==========>                        31%]
[Progress:===================>          65%] [Cov:==========>                        30%]
[Progress:===================>          65%] [Cov:==========>                        31%]
[Progress:===================>          65%] [Cov:==========>                        31%]
[Progress:===================>          65%] [Cov:==========>                        31%]
[Progress:===================>          65%] [Cov:==========>                        31%]
[Progress:===================>          65%] [Cov:==========>                        31%]
[Progress:===================>          65%] [Cov:==========>                        31%]
[Progress:===================>          65%] [Cov:==========>                        31%]
[Progress:===================>          65%] [Cov:==========>                        31%]
[Progress:===================>          65%] [Cov:==========>                        31%]
[Progress:===================>          65%] [Cov:==========>                        31%]
[Progress:===================>          65%] [Cov:==========>                        31%]
[Progress:===================>          65%] [Cov:==========>                        31%]
[Progress:===================>          65%] [Cov:==========>                        31%]
[Progress:===================>          65%] [Cov:==========>                        31%]
[Progress:===================>          65%] [Cov:==========>                        31%]
[Progress:===================>          65%] [Cov:==========>                        31%]
[Progress:===================>          65%] [Cov:==========>                        31%]
[Progress:===================>          65%] [Cov:==========>                        31%]
[Progress:===================>          65%] [Cov:==========>                        31%]
[Progress:===================>          65%] [Cov:==========>                        31%]
[Progress:===================>          65%] [Cov:==========>                        31%]
[Progress:===================>          65%] [Cov:==========>                        31%]
[Progress:===================>          65%] [Cov:==========>                        31%]
[Progress:===================>          65%] [Cov:==========>                        31%]
[Progress:===================>          65%] [Cov:==========>                        31%]
[Progress:===================>          65%] [Cov:==========>                        31%]
[Progress:===================>          65%] [Cov:==========>                        31%]
[Progress:===================>          65%] [Cov:==========>                        31%]
[Progress:===================>          65%] [Cov:==========>                        31%]
[Progress:===================>          65%] [Cov:==========>                        31%]
[Progress:===================>          65%] [Cov:==========>                        31%]
[Progress:===================>          65%] [Cov:==========>                        31%]
[Progress:===================>          65%] [Cov:==========>                        31%]
[Progress:===================>          65%] [Cov:==========>                        31%]
[Progress:===================>          66%] [Cov:==========>                        31%]
[Progress:===================>          66%] [Cov:==========>                        31%]
[Progress:===================>          66%] [Cov:==========>                        31%]
[Progress:===================>          66%] [Cov:==========>                        31%]
[Progress:===================>          66%] [Cov:==========>                        31%]
[Progress:===================>          66%] [Cov:==========>                        31%]
[Progress:===================>          66%] [Cov:==========>                        31%]
[Progress:===================>          66%] [Cov:==========>                        31%]
[Progress:===================>          66%] [Cov:==========>                        31%]
[Progress:===================>          66%] [Cov:==========>                        31%]
[Progress:===================>          66%] [Cov:==========>                        31%]
[Progress:===================>          66%] [Cov:==========>                        31%]
[Progress:===================>          66%] [Cov:==========>                        31%]
[Progress:===================>          66%] [Cov:==========>                        31%]
[Progress:===================>          66%] [Cov:==========>                        31%]
[Progress:===================>          66%] [Cov:==========>                        31%]
[Progress:===================>          66%] [Cov:==========>                        31%]
[Progress:===================>          66%] [Cov:==========>                        31%]
[Progress:===================>          66%] [Cov:==========>                        31%]
[Progress:===================>          66%] [Cov:==========>                        31%]
[Progress:===================>          66%] [Cov:==========>                        31%]
[Progress:===================>          66%] [Cov:==========>                        31%]
[Progress:===================>          66%] [Cov:==========>                        31%]
[Progress:===================>          66%] [Cov:==========>                        31%]
[Progress:===================>          66%] [Cov:==========>                        31%]
[Progress:===================>          66%] [Cov:==========>                        31%]
[Progress:===================>          66%] [Cov:==========>                        31%]
[Progress:===================>          66%] [Cov:==========>                        31%]
[Progress:===================>          66%] [Cov:==========>                        31%]
[Progress:===================>          66%] [Cov:==========>                        31%]
[Progress:===================>          66%] [Cov:==========>                        31%]
[Progress:===================>          66%] [Cov:==========>                        31%]
[Progress:===================>          66%] [Cov:==========>                        31%]
[Progress:===================>          66%] [Cov:==========>                        31%]
[Progress:===================>          66%] [Cov:==========>                        31%]
[Progress:===================>          66%] [Cov:==========>                        31%]
[Progress:===================>          66%] [Cov:==========>                        31%]
[Progress:===================>          66%] [Cov:==========>                        31%]
[Progress:===================>          66%] [Cov:==========>                        31%]
[Progress:===================>          66%] [Cov:==========>                        31%]
[Progress:===================>          66%] [Cov:==========>                        31%]
[Progress:===================>          66%] [Cov:==========>                        31%]
[Progress:===================>          66%] [Cov:==========>                        31%]
[Progress:===================>          66%] [Cov:==========>                        31%]
[Progress:===================>          66%] [Cov:==========>                        31%]
[Progress:===================>          66%] [Cov:==========>                        31%]
[Progress:===================>          66%] [Cov:==========>                        31%]
[Progress:===================>          66%] [Cov:==========>                        31%]
[Progress:===================>          66%] [Cov:==========>                        31%]
[Progress:===================>          66%] [Cov:==========>                        31%]
[Progress:===================>          66%] [Cov:==========>                        31%]
[Progress:===================>          66%] [Cov:==========>                        31%]
[Progress:===================>          66%] [Cov:==========>                        31%]
[Progress:===================>          66%] [Cov:==========>                        31%]
[Progress:===================>          66%] [Cov:==========>                        31%]
[Progress:===================>          66%] [Cov:==========>                        31%]
[Progress:===================>          66%] [Cov:==========>                        31%]
[Progress:===================>          66%] [Cov:==========>                        31%]
[Progress:===================>          66%] [Cov:==========>                        31%]
[Progress:===================>          66%] [Cov:==========>                        31%]
[Progress:===================>          66%] [Cov:==========>                        31%]
[Progress:===================>          66%] [Cov:==========>                        31%]
[Progress:===================>          66%] [Cov:==========>                        31%]
[Progress:===================>          66%] [Cov:==========>                        31%]
[Progress:====================>         67%] [Cov:==========>                        31%]
[Progress:====================>         67%] [Cov:==========>                        31%]
[Progress:====================>         67%] [Cov:==========>                        31%]
[Progress:====================>         67%] [Cov:==========>                        31%]
[Progress:====================>         67%] [Cov:==========>                        31%]
[Progress:====================>         67%] [Cov:==========>                        31%]
[Progress:====================>         67%] [Cov:==========>                        31%]
[Progress:====================>         67%] [Cov:==========>                        31%]
[Progress:====================>         67%] [Cov:==========>                        31%]
[Progress:====================>         67%] [Cov:==========>                        31%]
[Progress:====================>         67%] [Cov:==========>                        31%]
[Progress:====================>         67%] [Cov:==========>                        31%]
[Progress:====================>         67%] [Cov:==========>                        31%]
[Progress:====================>         67%] [Cov:==========>                        31%]
[Progress:====================>         67%] [Cov:==========>                        31%]
[Progress:====================>         67%] [Cov:==========>                        31%]
[Progress:====================>         67%] [Cov:==========>                        31%]
[Progress:====================>         67%] [Cov:==========>                        31%]
[Progress:====================>         67%] [Cov:==========>                        31%]
[Progress:====================>         67%] [Cov:==========>                        31%]
[Progress:====================>         67%] [Cov:==========>                        31%]
[Progress:====================>         67%] [Cov:==========>                        31%]
[Progress:====================>         67%] [Cov:==========>                        31%]
[Progress:====================>         67%] [Cov:==========>                        31%]
[Progress:====================>         67%] [Cov:==========>                        31%]
[Progress:====================>         67%] [Cov:==========>                        31%]
[Progress:====================>         67%] [Cov:==========>                        31%]
[Progress:====================>         67%] [Cov:==========>                        31%]
[Progress:====================>         67%] [Cov:==========>                        31%]
[Progress:====================>         67%] [Cov:==========>                        31%]
[Progress:====================>         67%] [Cov:==========>                        31%]
[Progress:====================>         67%] [Cov:==========>                        31%]
[Progress:====================>         68%] [Cov:==========>                        30%]
[Progress:====================>         68%] [Cov:==========>                        31%]
[Progress:====================>         68%] [Cov:==========>                        31%]
[Progress:====================>         68%] [Cov:==========>                        31%]
[Progress:====================>         68%] [Cov:==========>                        31%]
[Progress:====================>         68%] [Cov:==========>                        31%]
[Progress:====================>         68%] [Cov:==========>                        31%]
[Progress:====================>         68%] [Cov:==========>                        31%]
[Progress:====================>         68%] [Cov:==========>                        31%]
[Progress:====================>         68%] [Cov:==========>                        31%]
[Progress:====================>         68%] [Cov:==========>                        31%]
[Progress:====================>         68%] [Cov:==========>                        31%]
[Progress:====================>         68%] [Cov:==========>                        31%]
[Progress:====================>         68%] [Cov:==========>                        31%]
[Progress:====================>         68%] [Cov:==========>                        31%]
[Progress:====================>         68%] [Cov:==========>                        31%]
[Progress:====================>         68%] [Cov:==========>                        31%]
[Progress:====================>         68%] [Cov:==========>                        31%]
[Progress:====================>         68%] [Cov:==========>                        31%]
[Progress:====================>         68%] [Cov:==========>                        31%]
[Progress:====================>         68%] [Cov:==========>                        31%]
[Progress:====================>         68%] [Cov:==========>                        31%]
[Progress:====================>         68%] [Cov:==========>                        31%]
[Progress:====================>         68%] [Cov:==========>                        31%]
[Progress:====================>         68%] [Cov:==========>                        31%]
[Progress:====================>         68%] [Cov:==========>                        31%]
[Progress:====================>         68%] [Cov:==========>                        31%]
[Progress:====================>         68%] [Cov:==========>                        31%]
[Progress:====================>         68%] [Cov:==========>                        31%]
[Progress:====================>         68%] [Cov:==========>                        31%]
[Progress:====================>         68%] [Cov:==========>                        31%]
[Progress:====================>         68%] [Cov:==========>                        31%]
[Progress:====================>         68%] [Cov:==========>                        31%]
[Progress:====================>         68%] [Cov:==========>                        31%]
[Progress:====================>         68%] [Cov:==========>                        31%]
[Progress:====================>         68%] [Cov:==========>                        31%]
[Progress:====================>         68%] [Cov:==========>                        31%]
[Progress:====================>         68%] [Cov:==========>                        31%]
[Progress:====================>         68%] [Cov:==========>                        31%]
[Progress:====================>         68%] [Cov:==========>                        31%]
[Progress:====================>         68%] [Cov:==========>                        31%]
[Progress:====================>         68%] [Cov:==========>                        31%]
[Progress:====================>         68%] [Cov:==========>                        31%]
[Progress:====================>         68%] [Cov:==========>                        31%]
[Progress:====================>         68%] [Cov:==========>                        31%]
[Progress:====================>         68%] [Cov:==========>                        31%]
[Progress:====================>         68%] [Cov:==========>                        31%]
[Progress:====================>         68%] [Cov:==========>                        31%]
[Progress:====================>         68%] [Cov:==========>                        31%]
[Progress:====================>         68%] [Cov:==========>                        31%]
[Progress:====================>         68%] [Cov:==========>                        31%]
[Progress:====================>         68%] [Cov:==========>                        31%]
[Progress:====================>         68%] [Cov:==========>                        31%]
[Progress:====================>         68%] [Cov:==========>                        31%]
[Progress:====================>         68%] [Cov:==========>                        31%]
[Progress:====================>         68%] [Cov:==========>                        31%]
[Progress:====================>         68%] [Cov:==========>                        31%]
[Progress:====================>         68%] [Cov:==========>                        31%]
[Progress:====================>         68%] [Cov:==========>                        31%]
[Progress:====================>         68%] [Cov:==========>                        31%]
[Progress:====================>         68%] [Cov:==========>                        31%]
[Progress:====================>         68%] [Cov:==========>                        31%]
[Progress:====================>         68%] [Cov:==========>                        31%]
[Progress:====================>         68%] [Cov:==========>                        31%]
[Progress:====================>         68%] [Cov:==========>                        31%]
[Progress:====================>         68%] [Cov:==========>                        31%]
[Progress:====================>         69%] [Cov:==========>                        31%]
[Progress:====================>         69%] [Cov:==========>                        31%]
[Progress:====================>         69%] [Cov:==========>                        31%]
[Progress:====================>         69%] [Cov:==========>                        31%]
[Progress:====================>         69%] [Cov:==========>                        31%]
[Progress:====================>         69%] [Cov:==========>                        31%]
[Progress:====================>         69%] [Cov:==========>                        31%]
[Progress:====================>         69%] [Cov:==========>                        31%]
[Progress:====================>         69%] [Cov:==========>                        31%]
[Progress:====================>         69%] [Cov:==========>                        31%]
[Progress:====================>         69%] [Cov:==========>                        31%]
[Progress:====================>         69%] [Cov:==========>                        31%]
[Progress:====================>         69%] [Cov:==========>                        31%]
[Progress:====================>         69%] [Cov:==========>                        31%]
[Progress:====================>         69%] [Cov:==========>                        31%]
[Progress:====================>         69%] [Cov:==========>                        31%]
[Progress:====================>         69%] [Cov:==========>                        31%]
[Progress:====================>         69%] [Cov:==========>                        31%]
[Progress:====================>         69%] [Cov:==========>                        31%]
[Progress:====================>         69%] [Cov:==========>                        31%]
[Progress:====================>         69%] [Cov:==========>                        31%]
[Progress:====================>         69%] [Cov:==========>                        31%]
[Progress:====================>         69%] [Cov:==========>                        31%]
[Progress:====================>         69%] [Cov:==========>                        31%]
[Progress:====================>         69%] [Cov:==========>                        31%]
[Progress:====================>         69%] [Cov:==========>                        31%]
[Progress:====================>         69%] [Cov:==========>                        31%]
[Progress:====================>         69%] [Cov:==========>                        31%]
[Progress:====================>         69%] [Cov:==========>                        31%]
[Progress:====================>         69%] [Cov:==========>                        31%]
[Progress:====================>         69%] [Cov:==========>                        31%]
[Progress:====================>         69%] [Cov:==========>                        31%]
[Progress:====================>         69%] [Cov:==========>                        31%]
[Progress:====================>         69%] [Cov:==========>                        31%]
[Progress:====================>         69%] [Cov:==========>                        31%]
[Progress:=====================>        70%] [Cov:==========>                        31%]
[Progress:=====================>        70%] [Cov:==========>                        31%]
[Progress:=====================>        70%] [Cov:==========>                        31%]
[Progress:=====================>        70%] [Cov:==========>                        31%]
[Progress:=====================>        70%] [Cov:==========>                        31%]
[Progress:=====================>        70%] [Cov:==========>                        31%]
[Progress:=====================>        70%] [Cov:==========>                        31%]
[Progress:=====================>        70%] [Cov:==========>                        31%]
[Progress:=====================>        70%] [Cov:==========>                        31%]
[Progress:=====================>        70%] [Cov:==========>                        31%]
[Progress:=====================>        70%] [Cov:==========>                        31%]
[Progress:=====================>        70%] [Cov:==========>                        31%]
[Progress:=====================>        70%] [Cov:==========>                        31%]
[Progress:=====================>        70%] [Cov:==========>                        31%]
[Progress:=====================>        70%] [Cov:==========>                        31%]
[Progress:=====================>        70%] [Cov:==========>                        31%]
[Progress:=====================>        70%] [Cov:==========>                        31%]
[Progress:=====================>        70%] [Cov:==========>                        31%]
[Progress:=====================>        70%] [Cov:==========>                        31%]
[Progress:=====================>        70%] [Cov:==========>                        31%]
[Progress:=====================>        70%] [Cov:==========>                        31%]
[Progress:=====================>        70%] [Cov:==========>                        31%]
[Progress:=====================>        70%] [Cov:==========>                        31%]
[Progress:=====================>        70%] [Cov:==========>                        31%]
[Progress:=====================>        70%] [Cov:==========>                        31%]
[Progress:=====================>        70%] [Cov:==========>                        31%]
[Progress:=====================>        70%] [Cov:==========>                        31%]
[Progress:=====================>        70%] [Cov:==========>                        31%]
[Progress:=====================>        70%] [Cov:==========>                        31%]
[Progress:=====================>        70%] [Cov:==========>                        31%]
[Progress:=====================>        70%] [Cov:==========>                        31%]
[Progress:=====================>        70%] [Cov:==========>                        31%]
[Progress:=====================>        70%] [Cov:==========>                        31%]
[Progress:=====================>        70%] [Cov:==========>                        31%]
[Progress:=====================>        70%] [Cov:==========>                        31%]
[Progress:=====================>        70%] [Cov:==========>                        31%]
[Progress:=====================>        70%] [Cov:==========>                        31%]
[Progress:=====================>        70%] [Cov:==========>                        31%]
[Progress:=====================>        70%] [Cov:==========>                        31%]
[Progress:=====================>        70%] [Cov:==========>                        31%]
[Progress:=====================>        70%] [Cov:==========>                        31%]
[Progress:=====================>        70%] [Cov:==========>                        31%]
[Progress:=====================>        70%] [Cov:==========>                        31%]
[Progress:=====================>        70%] [Cov:==========>                        31%]
[Progress:=====================>        70%] [Cov:==========>                        31%]
[Progress:=====================>        70%] [Cov:==========>                        31%]
[Progress:=====================>        70%] [Cov:==========>                        31%]
[Progress:=====================>        70%] [Cov:==========>                        31%]
[Progress:=====================>        70%] [Cov:==========>                        31%]
[Progress:=====================>        70%] [Cov:==========>                        31%]
[Progress:=====================>        70%] [Cov:==========>                        31%]
[Progress:=====================>        70%] [Cov:==========>                        31%]
[Progress:=====================>        70%] [Cov:==========>                        31%]
[Progress:=====================>        70%] [Cov:==========>                        31%]
[Progress:=====================>        70%] [Cov:==========>                        31%]
[Progress:=====================>        70%] [Cov:==========>                        31%]
[Progress:=====================>        70%] [Cov:==========>                        31%]
[Progress:=====================>        70%] [Cov:==========>                        31%]
[Progress:=====================>        70%] [Cov:==========>                        31%]
[Progress:=====================>        70%] [Cov:==========>                        31%]
[Progress:=====================>        70%] [Cov:==========>                        31%]
[Progress:=====================>        70%] [Cov:==========>                        31%]
[Progress:=====================>        70%] [Cov:==========>                        31%]
[Progress:=====================>        70%] [Cov:==========>                        31%]
[Progress:=====================>        70%] [Cov:==========>                        31%]
[Progress:=====================>        70%] [Cov:==========>                        31%]
[Progress:=====================>        71%] [Cov:==========>                        31%]
[Progress:=====================>        71%] [Cov:==========>                        31%]
[Progress:=====================>        71%] [Cov:==========>                        31%]
[Progress:=====================>        71%] [Cov:==========>                        31%]
[Progress:=====================>        71%] [Cov:==========>                        31%]
[Progress:=====================>        71%] [Cov:==========>                        31%]
[Progress:=====================>        71%] [Cov:==========>                        31%]
[Progress:=====================>        71%] [Cov:==========>                        31%]
[Progress:=====================>        71%] [Cov:==========>                        31%]
[Progress:=====================>        71%] [Cov:==========>                        31%]
[Progress:=====================>        71%] [Cov:==========>                        31%]
[Progress:=====================>        71%] [Cov:==========>                        31%]
[Progress:=====================>        71%] [Cov:==========>                        31%]
[Progress:=====================>        71%] [Cov:==========>                        31%]
[Progress:=====================>        71%] [Cov:==========>                        31%]
[Progress:=====================>        71%] [Cov:==========>                        31%]
[Progress:=====================>        71%] [Cov:==========>                        31%]
[Progress:=====================>        71%] [Cov:==========>                        31%]
[Progress:=====================>        71%] [Cov:==========>                        31%]
[Progress:=====================>        71%] [Cov:==========>                        31%]
[Progress:=====================>        71%] [Cov:==========>                        31%]
[Progress:=====================>        71%] [Cov:==========>                        31%]
[Progress:=====================>        71%] [Cov:==========>                        31%]
[Progress:=====================>        71%] [Cov:==========>                        31%]
[Progress:=====================>        71%] [Cov:==========>                        31%]
[Progress:=====================>        71%] [Cov:==========>                        31%]
[Progress:=====================>        71%] [Cov:==========>                        31%]
[Progress:=====================>        71%] [Cov:==========>                        31%]
[Progress:=====================>        71%] [Cov:==========>                        31%]
[Progress:=====================>        71%] [Cov:==========>                        31%]
[Progress:=====================>        71%] [Cov:==========>                        31%]
[Progress:=====================>        71%] [Cov:==========>                        31%]
[Progress:=====================>        72%] [Cov:==========>                        31%]
[Progress:=====================>        72%] [Cov:==========>                        31%]
[Progress:=====================>        72%] [Cov:==========>                        31%]
[Progress:=====================>        72%] [Cov:==========>                        31%]
[Progress:=====================>        72%] [Cov:==========>                        31%]
[Progress:=====================>        72%] [Cov:==========>                        31%]
[Progress:=====================>        72%] [Cov:==========>                        31%]
[Progress:=====================>        72%] [Cov:==========>                        31%]
[Progress:=====================>        72%] [Cov:==========>                        31%]
[Progress:=====================>        72%] [Cov:==========>                        31%]
[Progress:=====================>        72%] [Cov:==========>                        31%]
[Progress:=====================>        72%] [Cov:==========>                        31%]
[Progress:=====================>        72%] [Cov:==========>                        31%]
[Progress:=====================>        72%] [Cov:==========>                        31%]
[Progress:=====================>        72%] [Cov:==========>                        31%]
[Progress:=====================>        72%] [Cov:==========>                        31%]
[Progress:=====================>        72%] [Cov:==========>                        31%]
[Progress:=====================>        72%] [Cov:==========>                        31%]
[Progress:=====================>        72%] [Cov:==========>                        31%]
[Progress:=====================>        72%] [Cov:==========>                        31%]
[Progress:=====================>        72%] [Cov:==========>                        31%]
[Progress:=====================>        72%] [Cov:==========>                        31%]
[Progress:=====================>        72%] [Cov:==========>                        31%]
[Progress:=====================>        72%] [Cov:==========>                        31%]
[Progress:=====================>        72%] [Cov:==========>                        31%]
[Progress:=====================>        72%] [Cov:==========>                        31%]
[Progress:=====================>        72%] [Cov:==========>                        31%]
[Progress:=====================>        72%] [Cov:==========>                        31%]
[Progress:=====================>        72%] [Cov:==========>                        31%]
[Progress:=====================>        72%] [Cov:==========>                        31%]
[Progress:=====================>        72%] [Cov:==========>                        31%]
[Progress:=====================>        72%] [Cov:==========>                        31%]
[Progress:=====================>        72%] [Cov:==========>                        31%]
[Progress:=====================>        72%] [Cov:==========>                        31%]
[Progress:=====================>        72%] [Cov:==========>                        31%]
[Progress:=====================>        72%] [Cov:==========>                        31%]
[Progress:=====================>        72%] [Cov:==========>                        31%]
[Progress:=====================>        72%] [Cov:==========>                        31%]
[Progress:=====================>        72%] [Cov:==========>                        31%]
[Progress:=====================>        72%] [Cov:==========>                        31%]
[Progress:=====================>        72%] [Cov:==========>                        31%]
[Progress:=====================>        72%] [Cov:==========>                        31%]
[Progress:=====================>        72%] [Cov:==========>                        31%]
[Progress:=====================>        72%] [Cov:==========>                        31%]
[Progress:=====================>        72%] [Cov:==========>                        31%]
[Progress:=====================>        72%] [Cov:==========>                        31%]
[Progress:=====================>        72%] [Cov:==========>                        31%]
[Progress:=====================>        72%] [Cov:==========>                        31%]
[Progress:=====================>        72%] [Cov:==========>                        31%]
[Progress:=====================>        72%] [Cov:==========>                        31%]
[Progress:=====================>        72%] [Cov:==========>                        31%]
[Progress:=====================>        72%] [Cov:==========>                        31%]
[Progress:=====================>        72%] [Cov:==========>                        31%]
[Progress:=====================>        72%] [Cov:==========>                        31%]
[Progress:=====================>        72%] [Cov:==========>                        31%]
[Progress:=====================>        72%] [Cov:==========>                        31%]
[Progress:=====================>        72%] [Cov:==========>                        31%]
[Progress:=====================>        72%] [Cov:==========>                        31%]
[Progress:=====================>        72%] [Cov:==========>                        31%]
[Progress:=====================>        72%] [Cov:==========>                        31%]
[Progress:=====================>        72%] [Cov:==========>                        31%]
[Progress:=====================>        72%] [Cov:==========>                        31%]
[Progress:=====================>        72%] [Cov:==========>                        31%]
[Progress:=====================>        72%] [Cov:==========>                        31%]
[Progress:=====================>        73%] [Cov:==========>                        31%]
[Progress:=====================>        73%] [Cov:==========>                        31%]
[Progress:=====================>        73%] [Cov:==========>                        31%]
[Progress:=====================>        73%] [Cov:==========>                        31%]
[Progress:=====================>        73%] [Cov:==========>                        31%]
[Progress:=====================>        73%] [Cov:==========>                        31%]
[Progress:=====================>        73%] [Cov:==========>                        31%]
[Progress:=====================>        73%] [Cov:==========>                        31%]
[Progress:=====================>        73%] [Cov:==========>                        31%]
[Progress:=====================>        73%] [Cov:==========>                        31%]
[Progress:=====================>        73%] [Cov:==========>                        31%]
[Progress:=====================>        73%] [Cov:==========>                        31%]
[Progress:=====================>        73%] [Cov:==========>                        31%]
[Progress:=====================>        73%] [Cov:==========>                        31%]
[Progress:=====================>        73%] [Cov:==========>                        31%]
[Progress:=====================>        73%] [Cov:==========>                        31%]
[Progress:=====================>        73%] [Cov:==========>                        31%]
[Progress:=====================>        73%] [Cov:==========>                        31%]
[Progress:=====================>        73%] [Cov:==========>                        31%]
[Progress:=====================>        73%] [Cov:==========>                        31%]
[Progress:=====================>        73%] [Cov:==========>                        31%]
[Progress:=====================>        73%] [Cov:==========>                        31%]
[Progress:=====================>        73%] [Cov:==========>                        31%]
[Progress:=====================>        73%] [Cov:==========>                        31%]
[Progress:=====================>        73%] [Cov:==========>                        31%]
[Progress:=====================>        73%] [Cov:==========>                        31%]
[Progress:=====================>        73%] [Cov:==========>                        31%]
[Progress:=====================>        73%] [Cov:==========>                        31%]
[Progress:=====================>        73%] [Cov:==========>                        31%]
[Progress:=====================>        73%] [Cov:==========>                        31%]
[Progress:=====================>        73%] [Cov:==========>                        31%]
[Progress:======================>       74%] [Cov:==========>                        31%]
[Progress:======================>       74%] [Cov:==========>                        31%]
[Progress:======================>       74%] [Cov:==========>                        31%]
[Progress:======================>       74%] [Cov:==========>                        31%]
[Progress:======================>       74%] [Cov:==========>                        31%]
[Progress:======================>       74%] [Cov:==========>                        31%]
[Progress:======================>       74%] [Cov:==========>                        31%]
[Progress:======================>       74%] [Cov:==========>                        31%]
[Progress:======================>       74%] [Cov:==========>                        31%]
[Progress:======================>       74%] [Cov:==========>                        31%]
[Progress:======================>       74%] [Cov:==========>                        31%]
[Progress:======================>       74%] [Cov:==========>                        31%]
[Progress:======================>       74%] [Cov:==========>                        31%]
[Progress:======================>       74%] [Cov:==========>                        31%]
[Progress:======================>       74%] [Cov:==========>                        31%]
[Progress:======================>       74%] [Cov:==========>                        31%]
[Progress:======================>       74%] [Cov:==========>                        31%]
[Progress:======================>       74%] [Cov:==========>                        31%]
[Progress:======================>       74%] [Cov:==========>                        31%]
[Progress:======================>       74%] [Cov:==========>                        31%]
[Progress:======================>       74%] [Cov:==========>                        31%]
[Progress:======================>       74%] [Cov:==========>                        31%]
[Progress:======================>       74%] [Cov:==========>                        31%]
[Progress:======================>       74%] [Cov:==========>                        31%]
[Progress:======================>       74%] [Cov:==========>                        31%]
[Progress:======================>       74%] [Cov:==========>                        31%]
[Progress:======================>       74%] [Cov:==========>                        31%]
[Progress:======================>       74%] [Cov:==========>                        31%]
[Progress:======================>       74%] [Cov:==========>                        31%]
[Progress:======================>       74%] [Cov:==========>                        31%]
[Progress:======================>       74%] [Cov:==========>                        31%]
[Progress:======================>       74%] [Cov:==========>                        31%]
[Progress:======================>       74%] [Cov:==========>                        31%]
[Progress:======================>       74%] [Cov:==========>                        31%]
[Progress:======================>       74%] [Cov:==========>                        31%]
[Progress:======================>       74%] [Cov:==========>                        31%]
[Progress:======================>       74%] [Cov:==========>                        31%]
[Progress:======================>       74%] [Cov:==========>                        31%]
[Progress:======================>       74%] [Cov:==========>                        31%]
[Progress:======================>       74%] [Cov:==========>                        31%]
[Progress:======================>       74%] [Cov:==========>                        31%]
[Progress:======================>       74%] [Cov:==========>                        31%]
[Progress:======================>       74%] [Cov:==========>                        31%]
[Progress:======================>       74%] [Cov:==========>                        31%]
[Progress:======================>       74%] [Cov:==========>                        31%]
[Progress:======================>       74%] [Cov:==========>                        31%]
[Progress:======================>       74%] [Cov:==========>                        31%]
[Progress:======================>       74%] [Cov:==========>                        31%]
[Progress:======================>       74%] [Cov:==========>                        31%]
[Progress:======================>       74%] [Cov:==========>                        31%]
[Progress:======================>       74%] [Cov:==========>                        31%]
[Progress:======================>       74%] [Cov:==========>                        31%]
[Progress:======================>       74%] [Cov:==========>                        31%]
[Progress:======================>       74%] [Cov:==========>                        31%]
[Progress:======================>       74%] [Cov:==========>                        31%]
[Progress:======================>       74%] [Cov:==========>                        31%]
[Progress:======================>       74%] [Cov:==========>                        31%]
[Progress:======================>       74%] [Cov:==========>                        31%]
[Progress:======================>       74%] [Cov:==========>                        31%]
[Progress:======================>       74%] [Cov:==========>                        31%]
[Progress:======================>       74%] [Cov:==========>                        31%]
[Progress:======================>       74%] [Cov:==========>                        31%]
[Progress:======================>       74%] [Cov:==========>                        31%]
[Progress:======================>       74%] [Cov:==========>                        31%]
[Progress:======================>       74%] [Cov:==========>                        31%]
[Progress:======================>       75%] [Cov:==========>                        31%]
[Progress:======================>       75%] [Cov:==========>                        31%]
[Progress:======================>       75%] [Cov:==========>                        31%]
[Progress:======================>       75%] [Cov:==========>                        31%]
[Progress:======================>       75%] [Cov:==========>                        31%]
[Progress:======================>       75%] [Cov:==========>                        31%]
[Progress:======================>       75%] [Cov:==========>                        31%]
[Progress:======================>       75%] [Cov:==========>                        31%]
[Progress:======================>       75%] [Cov:==========>                        31%]
[Progress:======================>       75%] [Cov:==========>                        31%]
[Progress:======================>       75%] [Cov:==========>                        31%]
[Progress:======================>       75%] [Cov:==========>                        31%]
[Progress:======================>       75%] [Cov:==========>                        31%]
[Progress:======================>       75%] [Cov:==========>                        31%]
[Progress:======================>       75%] [Cov:==========>                        31%]
[Progress:======================>       75%] [Cov:==========>                        31%]
[Progress:======================>       75%] [Cov:==========>                        31%]
[Progress:======================>       75%] [Cov:==========>                        31%]
[Progress:======================>       75%] [Cov:==========>                        31%]
[Progress:======================>       75%] [Cov:==========>                        31%]
[Progress:======================>       75%] [Cov:==========>                        31%]
[Progress:======================>       75%] [Cov:==========>                        31%]
[Progress:======================>       75%] [Cov:==========>                        31%]
[Progress:======================>       75%] [Cov:==========>                        31%]
[Progress:======================>       75%] [Cov:==========>                        31%]
[Progress:======================>       75%] [Cov:==========>                        31%]
[Progress:======================>       75%] [Cov:==========>                        31%]
[Progress:======================>       75%] [Cov:==========>                        31%]
[Progress:======================>       75%] [Cov:==========>                        31%]
[Progress:======================>       75%] [Cov:==========>                        31%]
[Progress:======================>       75%] [Cov:==========>                        31%]
[Progress:======================>       75%] [Cov:==========>                        31%]
[Progress:======================>       75%] [Cov:==========>                        31%]
[Progress:======================>       75%] [Cov:==========>                        31%]
[Progress:======================>       75%] [Cov:==========>                        31%]
[Progress:======================>       76%] [Cov:==========>                        31%]
[Progress:======================>       76%] [Cov:==========>                        31%]
[Progress:======================>       76%] [Cov:==========>                        31%]
[Progress:======================>       76%] [Cov:==========>                        31%]
[Progress:======================>       76%] [Cov:==========>                        31%]
[Progress:======================>       76%] [Cov:==========>                        31%]
[Progress:======================>       76%] [Cov:==========>                        31%]
[Progress:======================>       76%] [Cov:==========>                        31%]
[Progress:======================>       76%] [Cov:==========>                        31%]
[Progress:======================>       76%] [Cov:==========>                        31%]
[Progress:======================>       76%] [Cov:==========>                        31%]
[Progress:======================>       76%] [Cov:==========>                        31%]
[Progress:======================>       76%] [Cov:==========>                        31%]
[Progress:======================>       76%] [Cov:==========>                        31%]
[Progress:======================>       76%] [Cov:==========>                        31%]
[Progress:======================>       76%] [Cov:==========>                        31%]
[Progress:======================>       76%] [Cov:==========>                        31%]
[Progress:======================>       76%] [Cov:==========>                        31%]
[Progress:======================>       76%] [Cov:==========>                        31%]
[Progress:======================>       76%] [Cov:==========>                        31%]
[Progress:======================>       76%] [Cov:==========>                        31%]
[Progress:======================>       76%] [Cov:==========>                        31%]
[Progress:======================>       76%] [Cov:==========>                        31%]
[Progress:======================>       76%] [Cov:==========>                        31%]
[Progress:======================>       76%] [Cov:==========>                        31%]
[Progress:======================>       76%] [Cov:==========>                        31%]
[Progress:======================>       76%] [Cov:==========>                        31%]
[Progress:======================>       76%] [Cov:==========>                        31%]
[Progress:======================>       76%] [Cov:==========>                        31%]
[Progress:======================>       76%] [Cov:==========>                        31%]
[Progress:======================>       76%] [Cov:==========>                        31%]
[Progress:======================>       76%] [Cov:==========>                        31%]
[Progress:======================>       76%] [Cov:==========>                        31%]
[Progress:======================>       76%] [Cov:==========>                        31%]
[Progress:======================>       76%] [Cov:==========>                        31%]
[Progress:======================>       76%] [Cov:==========>                        31%]
[Progress:======================>       76%] [Cov:==========>                        31%]
[Progress:======================>       76%] [Cov:==========>                        31%]
[Progress:======================>       76%] [Cov:==========>                        31%]
[Progress:======================>       76%] [Cov:==========>                        31%]
[Progress:======================>       76%] [Cov:==========>                        31%]
[Progress:======================>       76%] [Cov:==========>                        31%]
[Progress:======================>       76%] [Cov:==========>                        31%]
[Progress:======================>       76%] [Cov:==========>                        31%]
[Progress:======================>       76%] [Cov:==========>                        31%]
[Progress:======================>       76%] [Cov:==========>                        31%]
[Progress:======================>       76%] [Cov:==========>                        31%]
[Progress:======================>       76%] [Cov:==========>                        31%]
[Progress:======================>       76%] [Cov:==========>                        31%]
[Progress:======================>       76%] [Cov:==========>                        31%]
[Progress:======================>       76%] [Cov:==========>                        31%]
[Progress:======================>       76%] [Cov:==========>                        31%]
[Progress:======================>       76%] [Cov:==========>                        31%]
[Progress:======================>       76%] [Cov:==========>                        31%]
[Progress:======================>       76%] [Cov:==========>                        31%]
[Progress:======================>       76%] [Cov:==========>                        31%]
[Progress:======================>       76%] [Cov:==========>                        31%]
[Progress:======================>       76%] [Cov:==========>                        31%]
[Progress:======================>       76%] [Cov:==========>                        31%]
[Progress:======================>       76%] [Cov:==========>                        31%]
[Progress:======================>       76%] [Cov:==========>                        31%]
[Progress:======================>       76%] [Cov:==========>                        31%]
[Progress:======================>       76%] [Cov:==========>                        31%]
[Progress:======================>       76%] [Cov:==========>                        31%]
[Progress:======================>       76%] [Cov:==========>                        31%]
[Progress:=======================>      77%] [Cov:==========>                        31%]
[Progress:=======================>      77%] [Cov:==========>                        31%]
[Progress:=======================>      77%] [Cov:==========>                        31%]
[Progress:=======================>      77%] [Cov:==========>                        31%]
[Progress:=======================>      77%] [Cov:==========>                        31%]
[Progress:=======================>      77%] [Cov:==========>                        31%]
[Progress:=======================>      77%] [Cov:==========>                        31%]
[Progress:=======================>      77%] [Cov:==========>                        31%]
[Progress:=======================>      77%] [Cov:==========>                        31%]
[Progress:=======================>      77%] [Cov:==========>                        31%]
[Progress:=======================>      77%] [Cov:==========>                        31%]
[Progress:=======================>      77%] [Cov:==========>                        31%]
[Progress:=======================>      77%] [Cov:==========>                        31%]
[Progress:=======================>      77%] [Cov:==========>                        31%]
[Progress:=======================>      77%] [Cov:==========>                        31%]
[Progress:=======================>      77%] [Cov:==========>                        31%]
[Progress:=======================>      77%] [Cov:==========>                        31%]
[Progress:=======================>      77%] [Cov:==========>                        31%]
[Progress:=======================>      77%] [Cov:==========>                        31%]
[Progress:=======================>      77%] [Cov:==========>                        31%]
[Progress:=======================>      77%] [Cov:==========>                        31%]
[Progress:=======================>      77%] [Cov:==========>                        31%]
[Progress:=======================>      77%] [Cov:==========>                        31%]
[Progress:=======================>      77%] [Cov:==========>                        31%]
[Progress:=======================>      77%] [Cov:==========>                        31%]
[Progress:=======================>      77%] [Cov:==========>                        31%]
[Progress:=======================>      77%] [Cov:==========>                        31%]
[Progress:=======================>      77%] [Cov:==========>                        31%]
[Progress:=======================>      77%] [Cov:==========>                        31%]
[Progress:=======================>      77%] [Cov:==========>                        31%]
[Progress:=======================>      77%] [Cov:==========>                        31%]
[Progress:=======================>      77%] [Cov:==========>                        31%]
[Progress:=======================>      77%] [Cov:==========>                        31%]
[Progress:=======================>      77%] [Cov:==========>                        31%]
[Progress:=======================>      78%] [Cov:==========>                        31%]
[Progress:=======================>      78%] [Cov:==========>                        31%]
[Progress:=======================>      78%] [Cov:==========>                        31%]
[Progress:=======================>      78%] [Cov:==========>                        31%]
[Progress:=======================>      78%] [Cov:==========>                        31%]
[Progress:=======================>      78%] [Cov:==========>                        31%]
[Progress:=======================>      78%] [Cov:==========>                        31%]
[Progress:=======================>      78%] [Cov:==========>                        31%]
[Progress:=======================>      78%] [Cov:==========>                        31%]
[Progress:=======================>      78%] [Cov:==========>                        31%]
[Progress:=======================>      78%] [Cov:==========>                        31%]
[Progress:=======================>      78%] [Cov:==========>                        31%]
[Progress:=======================>      78%] [Cov:==========>                        31%]
[Progress:=======================>      78%] [Cov:==========>                        31%]
[Progress:=======================>      78%] [Cov:==========>                        31%]
[Progress:=======================>      78%] [Cov:==========>                        31%]
[Progress:=======================>      78%] [Cov:==========>                        31%]
[Progress:=======================>      78%] [Cov:==========>                        31%]
[Progress:=======================>      78%] [Cov:==========>                        31%]
[Progress:=======================>      78%] [Cov:==========>                        31%]
[Progress:=======================>      78%] [Cov:==========>                        31%]
[Progress:=======================>      78%] [Cov:==========>                        31%]
[Progress:=======================>      78%] [Cov:==========>                        31%]
[Progress:=======================>      78%] [Cov:==========>                        31%]
[Progress:=======================>      78%] [Cov:==========>                        31%]
[Progress:=======================>      78%] [Cov:==========>                        31%]
[Progress:=======================>      78%] [Cov:==========>                        31%]
[Progress:=======================>      78%] [Cov:==========>                        31%]
[Progress:=======================>      78%] [Cov:==========>                        31%]
[Progress:=======================>      78%] [Cov:==========>                        31%]
[Progress:=======================>      78%] [Cov:==========>                        31%]
[Progress:=======================>      78%] [Cov:==========>                        31%]
[Progress:=======================>      78%] [Cov:==========>                        31%]
[Progress:=======================>      78%] [Cov:==========>                        31%]
[Progress:=======================>      78%] [Cov:==========>                        31%]
[Progress:=======================>      78%] [Cov:==========>                        31%]
[Progress:=======================>      78%] [Cov:==========>                        31%]
[Progress:=======================>      78%] [Cov:==========>                        31%]
[Progress:=======================>      78%] [Cov:==========>                        31%]
[Progress:=======================>      78%] [Cov:==========>                        31%]
[Progress:=======================>      78%] [Cov:==========>                        31%]
[Progress:=======================>      78%] [Cov:==========>                        31%]
[Progress:=======================>      78%] [Cov:==========>                        31%]
[Progress:=======================>      78%] [Cov:==========>                        31%]
[Progress:=======================>      78%] [Cov:==========>                        31%]
[Progress:=======================>      78%] [Cov:==========>                        31%]
[Progress:=======================>      78%] [Cov:==========>                        31%]
[Progress:=======================>      78%] [Cov:==========>                        31%]
[Progress:=======================>      78%] [Cov:==========>                        31%]
[Progress:=======================>      78%] [Cov:==========>                        31%]
[Progress:=======================>      78%] [Cov:==========>                        31%]
[Progress:=======================>      78%] [Cov:==========>                        31%]
[Progress:=======================>      78%] [Cov:==========>                        31%]
[Progress:=======================>      78%] [Cov:==========>                        31%]
[Progress:=======================>      78%] [Cov:==========>                        31%]
[Progress:=======================>      78%] [Cov:==========>                        31%]
[Progress:=======================>      78%] [Cov:==========>                        31%]
[Progress:=======================>      78%] [Cov:==========>                        31%]
[Progress:=======================>      78%] [Cov:==========>                        31%]
[Progress:=======================>      78%] [Cov:==========>                        31%]
[Progress:=======================>      78%] [Cov:==========>                        31%]
[Progress:=======================>      78%] [Cov:==========>                        31%]
[Progress:=======================>      78%] [Cov:==========>                        31%]
[Progress:=======================>      79%] [Cov:==========>                        31%]
[Progress:=======================>      79%] [Cov:==========>                        31%]
[Progress:=======================>      79%] [Cov:==========>                        31%]
[Progress:=======================>      79%] [Cov:==========>                        31%]
[Progress:=======================>      79%] [Cov:==========>                        31%]
[Progress:=======================>      79%] [Cov:==========>                        31%]
[Progress:=======================>      79%] [Cov:==========>                        31%]
[Progress:=======================>      79%] [Cov:==========>                        31%]
[Progress:=======================>      79%] [Cov:==========>                        31%]
[Progress:=======================>      79%] [Cov:==========>                        31%]
[Progress:=======================>      79%] [Cov:==========>                        31%]
[Progress:=======================>      79%] [Cov:==========>                        31%]
[Progress:=======================>      79%] [Cov:==========>                        31%]
[Progress:=======================>      79%] [Cov:==========>                        31%]
[Progress:=======================>      79%] [Cov:==========>                        31%]
[Progress:=======================>      79%] [Cov:==========>                        31%]
[Progress:=======================>      79%] [Cov:==========>                        31%]
[Progress:=======================>      79%] [Cov:==========>                        31%]
[Progress:=======================>      79%] [Cov:==========>                        31%]
[Progress:=======================>      79%] [Cov:==========>                        31%]
[Progress:=======================>      79%] [Cov:==========>                        31%]
[Progress:=======================>      79%] [Cov:==========>                        31%]
[Progress:=======================>      79%] [Cov:==========>                        31%]
[Progress:=======================>      79%] [Cov:==========>                        31%]
[Progress:=======================>      79%] [Cov:==========>                        31%]
[Progress:=======================>      79%] [Cov:==========>                        31%]
[Progress:=======================>      79%] [Cov:==========>                        31%]
[Progress:=======================>      79%] [Cov:==========>                        31%]
[Progress:=======================>      79%] [Cov:==========>                        31%]
[Progress:=======================>      79%] [Cov:==========>                        31%]
[Progress:=======================>      79%] [Cov:==========>                        31%]
[Progress:=======================>      79%] [Cov:==========>                        31%]
[Progress:========================>     80%] [Cov:==========>                        31%]
[Progress:========================>     80%] [Cov:==========>                        31%]
[Progress:========================>     80%] [Cov:==========>                        31%]
[Progress:========================>     80%] [Cov:==========>                        31%]
[Progress:========================>     80%] [Cov:==========>                        31%]
[Progress:========================>     80%] [Cov:==========>                        31%]
[Progress:========================>     80%] [Cov:==========>                        31%]
[Progress:========================>     80%] [Cov:==========>                        31%]
[Progress:========================>     80%] [Cov:==========>                        31%]
[Progress:========================>     80%] [Cov:==========>                        31%]
[Progress:========================>     80%] [Cov:==========>                        31%]
[Progress:========================>     80%] [Cov:==========>                        31%]
[Progress:========================>     80%] [Cov:==========>                        31%]
[Progress:========================>     80%] [Cov:==========>                        31%]
[Progress:========================>     80%] [Cov:==========>                        31%]
[Progress:========================>     80%] [Cov:==========>                        31%]
[Progress:========================>     80%] [Cov:==========>                        31%]
[Progress:========================>     80%] [Cov:==========>                        31%]
[Progress:========================>     80%] [Cov:==========>                        31%]
[Progress:========================>     80%] [Cov:==========>                        31%]
[Progress:========================>     80%] [Cov:==========>                        31%]
[Progress:========================>     80%] [Cov:==========>                        31%]
[Progress:========================>     80%] [Cov:==========>                        31%]
[Progress:========================>     80%] [Cov:==========>                        31%]
[Progress:========================>     80%] [Cov:==========>                        31%]
[Progress:========================>     80%] [Cov:==========>                        31%]
[Progress:========================>     80%] [Cov:==========>                        31%]
[Progress:========================>     80%] [Cov:==========>                        31%]
[Progress:========================>     80%] [Cov:==========>                        31%]
[Progress:========================>     80%] [Cov:==========>                        31%]
[Progress:========================>     80%] [Cov:==========>                        31%]
[Progress:========================>     80%] [Cov:==========>                        31%]
[Progress:========================>     80%] [Cov:==========>                        31%]
[Progress:========================>     80%] [Cov:==========>                        31%]
[Progress:========================>     80%] [Cov:==========>                        31%]
[Progress:========================>     80%] [Cov:==========>                        31%]
[Progress:========================>     80%] [Cov:==========>                        31%]
[Progress:========================>     80%] [Cov:==========>                        31%]
[Progress:========================>     80%] [Cov:==========>                        31%]
[Progress:========================>     80%] [Cov:==========>                        31%]
[Progress:========================>     80%] [Cov:==========>                        31%]
[Progress:========================>     80%] [Cov:==========>                        31%]
[Progress:========================>     80%] [Cov:==========>                        31%]
[Progress:========================>     80%] [Cov:==========>                        31%]
[Progress:========================>     80%] [Cov:==========>                        31%]
[Progress:========================>     80%] [Cov:==========>                        31%]
[Progress:========================>     80%] [Cov:==========>                        31%]
[Progress:========================>     80%] [Cov:==========>                        31%]
[Progress:========================>     80%] [Cov:==========>                        31%]
[Progress:========================>     80%] [Cov:==========>                        31%]
[Progress:========================>     80%] [Cov:==========>                        31%]
[Progress:========================>     80%] [Cov:==========>                        31%]
[Progress:========================>     80%] [Cov:==========>                        31%]
[Progress:========================>     80%] [Cov:==========>                        31%]
[Progress:========================>     80%] [Cov:==========>                        31%]
[Progress:========================>     80%] [Cov:==========>                        31%]
[Progress:========================>     80%] [Cov:==========>                        31%]
[Progress:========================>     80%] [Cov:==========>                        31%]
[Progress:========================>     80%] [Cov:==========>                        31%]
[Progress:========================>     80%] [Cov:==========>                        31%]
[Progress:========================>     80%] [Cov:==========>                        31%]
[Progress:========================>     80%] [Cov:==========>                        31%]
[Progress:========================>     80%] [Cov:==========>                        31%]
[Progress:========================>     80%] [Cov:==========>                        31%]
[Progress:========================>     80%] [Cov:==========>                        31%]
[Progress:========================>     80%] [Cov:==========>                        31%]
[Progress:========================>     80%] [Cov:==========>                        31%]
[Progress:========================>     81%] [Cov:==========>                        31%]
[Progress:========================>     81%] [Cov:==========>                        31%]
[Progress:========================>     81%] [Cov:==========>                        31%]
[Progress:========================>     81%] [Cov:==========>                        31%]
[Progress:========================>     81%] [Cov:==========>                        31%]
[Progress:========================>     81%] [Cov:==========>                        31%]
[Progress:========================>     81%] [Cov:==========>                        31%]
[Progress:========================>     81%] [Cov:==========>                        31%]
[Progress:========================>     81%] [Cov:==========>                        31%]
[Progress:========================>     81%] [Cov:==========>                        31%]
[Progress:========================>     81%] [Cov:==========>                        31%]
[Progress:========================>     81%] [Cov:==========>                        31%]
[Progress:========================>     81%] [Cov:==========>                        31%]
[Progress:========================>     81%] [Cov:==========>                        31%]
[Progress:========================>     81%] [Cov:==========>                        31%]
[Progress:========================>     81%] [Cov:==========>                        31%]
[Progress:========================>     81%] [Cov:==========>                        31%]
[Progress:========================>     81%] [Cov:==========>                        31%]
[Progress:========================>     81%] [Cov:==========>                        31%]
[Progress:========================>     81%] [Cov:==========>                        31%]
[Progress:========================>     81%] [Cov:==========>                        31%]
[Progress:========================>     81%] [Cov:==========>                        31%]
[Progress:========================>     81%] [Cov:==========>                        31%]
[Progress:========================>     81%] [Cov:==========>                        31%]
[Progress:========================>     81%] [Cov:==========>                        31%]
[Progress:========================>     81%] [Cov:==========>                        31%]
[Progress:========================>     81%] [Cov:==========>                        31%]
[Progress:========================>     81%] [Cov:==========>                        31%]
[Progress:========================>     81%] [Cov:==========>                        31%]
[Progress:========================>     81%] [Cov:==========>                        31%]
[Progress:========================>     81%] [Cov:==========>                        31%]
[Progress:========================>     82%] [Cov:==========>                        31%]
[Progress:========================>     82%] [Cov:==========>                        31%]
[Progress:========================>     82%] [Cov:==========>                        31%]
[Progress:========================>     82%] [Cov:==========>                        31%]
[Progress:========================>     82%] [Cov:==========>                        31%]
[Progress:========================>     82%] [Cov:==========>                        31%]
[Progress:========================>     82%] [Cov:==========>                        31%]
[Progress:========================>     82%] [Cov:==========>                        31%]
[Progress:========================>     82%] [Cov:==========>                        31%]
[Progress:========================>     82%] [Cov:==========>                        31%]
[Progress:========================>     82%] [Cov:==========>                        31%]
[Progress:========================>     82%] [Cov:==========>                        31%]
[Progress:========================>     82%] [Cov:==========>                        31%]
[Progress:========================>     82%] [Cov:==========>                        31%]
[Progress:========================>     82%] [Cov:==========>                        31%]
[Progress:========================>     82%] [Cov:==========>                        31%]
[Progress:========================>     82%] [Cov:==========>                        31%]
[Progress:========================>     82%] [Cov:==========>                        31%]
[Progress:========================>     82%] [Cov:==========>                        31%]
[Progress:========================>     82%] [Cov:==========>                        31%]
[Progress:========================>     82%] [Cov:==========>                        31%]
[Progress:========================>     82%] [Cov:==========>                        31%]
[Progress:========================>     82%] [Cov:==========>                        31%]
[Progress:========================>     82%] [Cov:==========>                        31%]
[Progress:========================>     82%] [Cov:==========>                        31%]
[Progress:========================>     82%] [Cov:==========>                        31%]
[Progress:========================>     82%] [Cov:==========>                        31%]
[Progress:========================>     82%] [Cov:==========>                        31%]
[Progress:========================>     82%] [Cov:==========>                        31%]
[Progress:========================>     82%] [Cov:==========>                        31%]
[Progress:========================>     82%] [Cov:==========>                        31%]
[Progress:========================>     82%] [Cov:==========>                        31%]
[Progress:========================>     82%] [Cov:==========>                        31%]
[Progress:========================>     82%] [Cov:==========>                        31%]
[Progress:========================>     82%] [Cov:==========>                        31%]
[Progress:========================>     82%] [Cov:==========>                        31%]
[Progress:========================>     82%] [Cov:==========>                        31%]
[Progress:========================>     82%] [Cov:==========>                        31%]
[Progress:========================>     82%] [Cov:==========>                        31%]
[Progress:========================>     82%] [Cov:==========>                        31%]
[Progress:========================>     82%] [Cov:==========>                        31%]
[Progress:========================>     82%] [Cov:==========>                        31%]
[Progress:========================>     82%] [Cov:==========>                        31%]
[Progress:========================>     82%] [Cov:==========>                        31%]
[Progress:========================>     82%] [Cov:==========>                        31%]
[Progress:========================>     82%] [Cov:==========>                        31%]
[Progress:========================>     82%] [Cov:==========>                        31%]
[Progress:========================>     82%] [Cov:==========>                        31%]
[Progress:========================>     82%] [Cov:==========>                        31%]
[Progress:========================>     82%] [Cov:==========>                        31%]
[Progress:========================>     82%] [Cov:==========>                        31%]
[Progress:========================>     82%] [Cov:==========>                        31%]
[Progress:========================>     82%] [Cov:==========>                        31%]
[Progress:========================>     82%] [Cov:==========>                        31%]
[Progress:========================>     82%] [Cov:==========>                        31%]
[Progress:========================>     82%] [Cov:==========>                        31%]
[Progress:========================>     82%] [Cov:==========>                        31%]
[Progress:========================>     82%] [Cov:==========>                        31%]
[Progress:========================>     82%] [Cov:==========>                        31%]
[Progress:========================>     82%] [Cov:==========>                        31%]
[Progress:========================>     82%] [Cov:==========>                        31%]
[Progress:========================>     82%] [Cov:==========>                        31%]
[Progress:========================>     82%] [Cov:==========>                        31%]
[Progress:========================>     82%] [Cov:==========>                        31%]
[Progress:========================>     82%] [Cov:==========>                        31%]
[Progress:========================>     82%] [Cov:==========>                        31%]
[Progress:========================>     82%] [Cov:==========>                        31%]
[Progress:========================>     82%] [Cov:==========>                        31%]
[Progress:========================>     82%] [Cov:==========>                        31%]
[Progress:========================>     82%] [Cov:==========>                        31%]
[Progress:========================>     83%] [Cov:==========>                        31%]
[Progress:========================>     83%] [Cov:==========>                        31%]
[Progress:========================>     83%] [Cov:==========>                        31%]
[Progress:========================>     83%] [Cov:==========>                        31%]
[Progress:========================>     83%] [Cov:==========>                        31%]
[Progress:========================>     83%] [Cov:==========>                        31%]
[Progress:========================>     83%] [Cov:==========>                        31%]
[Progress:========================>     83%] [Cov:==========>                        31%]
[Progress:========================>     83%] [Cov:==========>                        31%]
[Progress:========================>     83%] [Cov:==========>                        31%]
[Progress:========================>     83%] [Cov:==========>                        31%]
[Progress:========================>     83%] [Cov:==========>                        31%]
[Progress:========================>     83%] [Cov:==========>                        31%]
[Progress:========================>     83%] [Cov:==========>                        31%]
[Progress:========================>     83%] [Cov:==========>                        31%]
[Progress:========================>     83%] [Cov:==========>                        31%]
[Progress:========================>     83%] [Cov:==========>                        31%]
[Progress:========================>     83%] [Cov:==========>                        31%]
[Progress:========================>     83%] [Cov:==========>                        31%]
[Progress:========================>     83%] [Cov:==========>                        31%]
[Progress:========================>     83%] [Cov:==========>                        31%]
[Progress:========================>     83%] [Cov:==========>                        31%]
[Progress:========================>     83%] [Cov:==========>                        31%]
[Progress:========================>     83%] [Cov:==========>                        31%]
[Progress:========================>     83%] [Cov:==========>                        31%]
[Progress:========================>     83%] [Cov:==========>                        31%]
[Progress:========================>     83%] [Cov:==========>                        31%]
[Progress:========================>     83%] [Cov:==========>                        31%]
[Progress:========================>     83%] [Cov:==========>                        31%]
[Progress:========================>     83%] [Cov:==========>                        31%]
[Progress:========================>     83%] [Cov:==========>                        31%]
[Progress:========================>     83%] [Cov:==========>                        31%]
[Progress:========================>     83%] [Cov:==========>                        31%]
[Progress:========================>     83%] [Cov:==========>                        31%]
[Progress:=========================>    84%] [Cov:==========>                        31%]
[Progress:=========================>    84%] [Cov:==========>                        31%]
[Progress:=========================>    84%] [Cov:==========>                        31%]
[Progress:=========================>    84%] [Cov:==========>                        31%]
[Progress:=========================>    84%] [Cov:==========>                        31%]
[Progress:=========================>    84%] [Cov:==========>                        31%]
[Progress:=========================>    84%] [Cov:==========>                        31%]
[Progress:=========================>    84%] [Cov:==========>                        31%]
[Progress:=========================>    84%] [Cov:==========>                        31%]
[Progress:=========================>    84%] [Cov:==========>                        31%]
[Progress:=========================>    84%] [Cov:==========>                        31%]
[Progress:=========================>    84%] [Cov:==========>                        31%]
[Progress:=========================>    84%] [Cov:==========>                        31%]
[Progress:=========================>    84%] [Cov:==========>                        31%]
[Progress:=========================>    84%] [Cov:==========>                        31%]
[Progress:=========================>    84%] [Cov:==========>                        31%]
[Progress:=========================>    84%] [Cov:==========>                        31%]
[Progress:=========================>    84%] [Cov:==========>                        31%]
[Progress:=========================>    84%] [Cov:==========>                        31%]
[Progress:=========================>    84%] [Cov:==========>                        31%]
[Progress:=========================>    84%] [Cov:==========>                        31%]
[Progress:=========================>    84%] [Cov:==========>                        31%]
[Progress:=========================>    84%] [Cov:==========>                        31%]
[Progress:=========================>    84%] [Cov:==========>                        31%]
[Progress:=========================>    84%] [Cov:==========>                        31%]
[Progress:=========================>    84%] [Cov:==========>                        31%]
[Progress:=========================>    84%] [Cov:==========>                        31%]
[Progress:=========================>    84%] [Cov:==========>                        31%]
[Progress:=========================>    84%] [Cov:==========>                        31%]
[Progress:=========================>    84%] [Cov:==========>                        31%]
[Progress:=========================>    84%] [Cov:==========>                        31%]
[Progress:=========================>    84%] [Cov:==========>                        31%]
[Progress:=========================>    84%] [Cov:==========>                        31%]
[Progress:=========================>    84%] [Cov:==========>                        31%]
[Progress:=========================>    84%] [Cov:==========>                        31%]
[Progress:=========================>    84%] [Cov:==========>                        31%]
[Progress:=========================>    84%] [Cov:==========>                        31%]
[Progress:=========================>    84%] [Cov:==========>                        31%]
[Progress:=========================>    84%] [Cov:==========>                        31%]
[Progress:=========================>    84%] [Cov:==========>                        31%]
[Progress:=========================>    84%] [Cov:==========>                        31%]
[Progress:=========================>    84%] [Cov:==========>                        31%]
[Progress:=========================>    84%] [Cov:==========>                        31%]
[Progress:=========================>    84%] [Cov:==========>                        31%]
[Progress:=========================>    84%] [Cov:==========>                        31%]
[Progress:=========================>    84%] [Cov:==========>                        31%]
[Progress:=========================>    84%] [Cov:==========>                        31%]
[Progress:=========================>    84%] [Cov:==========>                        31%]
[Progress:=========================>    84%] [Cov:==========>                        31%]
[Progress:=========================>    84%] [Cov:==========>                        31%]
[Progress:=========================>    84%] [Cov:==========>                        31%]
[Progress:=========================>    84%] [Cov:==========>                        31%]
[Progress:=========================>    84%] [Cov:==========>                        31%]
[Progress:=========================>    84%] [Cov:==========>                        31%]
[Progress:=========================>    84%] [Cov:==========>                        31%]
[Progress:=========================>    84%] [Cov:==========>                        31%]
[Progress:=========================>    84%] [Cov:==========>                        31%]
[Progress:=========================>    84%] [Cov:==========>                        31%]
[Progress:=========================>    84%] [Cov:==========>                        31%]
[Progress:=========================>    84%] [Cov:==========>                        31%]
[Progress:=========================>    84%] [Cov:==========>                        31%]
[Progress:=========================>    84%] [Cov:==========>                        31%]
[Progress:=========================>    84%] [Cov:==========>                        31%]
[Progress:=========================>    84%] [Cov:==========>                        31%]
[Progress:=========================>    84%] [Cov:==========>                        31%]
[Progress:=========================>    84%] [Cov:==========>                        31%]
[Progress:=========================>    84%] [Cov:==========>                        31%]
[Progress:=========================>    84%] [Cov:==========>                        31%]
[Progress:=========================>    84%] [Cov:==========>                        31%]
[Progress:=========================>    85%] [Cov:==========>                        31%]
[Progress:=========================>    85%] [Cov:==========>                        31%]
[Progress:=========================>    85%] [Cov:==========>                        31%]
[Progress:=========================>    85%] [Cov:==========>                        31%]
[Progress:=========================>    85%] [Cov:==========>                        31%]
[Progress:=========================>    85%] [Cov:==========>                        31%]
[Progress:=========================>    85%] [Cov:==========>                        31%]
[Progress:=========================>    85%] [Cov:==========>                        31%]
[Progress:=========================>    85%] [Cov:==========>                        31%]
[Progress:=========================>    85%] [Cov:==========>                        31%]
[Progress:=========================>    85%] [Cov:==========>                        31%]
[Progress:=========================>    85%] [Cov:==========>                        31%]
[Progress:=========================>    85%] [Cov:==========>                        31%]
[Progress:=========================>    85%] [Cov:==========>                        31%]
[Progress:=========================>    85%] [Cov:==========>                        31%]
[Progress:=========================>    85%] [Cov:==========>                        31%]
[Progress:=========================>    85%] [Cov:==========>                        31%]
[Progress:=========================>    85%] [Cov:==========>                        31%]
[Progress:=========================>    85%] [Cov:==========>                        31%]
[Progress:=========================>    85%] [Cov:==========>                        31%]
[Progress:=========================>    85%] [Cov:==========>                        31%]
[Progress:=========================>    85%] [Cov:==========>                        31%]
[Progress:=========================>    85%] [Cov:==========>                        31%]
[Progress:=========================>    85%] [Cov:==========>                        31%]
[Progress:=========================>    85%] [Cov:==========>                        31%]
[Progress:=========================>    85%] [Cov:==========>                        31%]
[Progress:=========================>    85%] [Cov:==========>                        31%]
[Progress:=========================>    85%] [Cov:==========>                        31%]
[Progress:=========================>    85%] [Cov:==========>                        31%]
[Progress:=========================>    85%] [Cov:==========>                        31%]
[Progress:=========================>    85%] [Cov:==========>                        31%]
[Progress:=========================>    85%] [Cov:==========>                        31%]
[Progress:=========================>    85%] [Cov:==========>                        31%]
[Progress:=========================>    85%] [Cov:==========>                        31%]
[Progress:=========================>    86%] [Cov:==========>                        31%]
[Progress:=========================>    86%] [Cov:==========>                        31%]
[Progress:=========================>    86%] [Cov:==========>                        31%]
[Progress:=========================>    86%] [Cov:==========>                        31%]
[Progress:=========================>    86%] [Cov:==========>                        31%]
[Progress:=========================>    86%] [Cov:==========>                        31%]
[Progress:=========================>    86%] [Cov:==========>                        31%]
[Progress:=========================>    86%] [Cov:==========>                        31%]
[Progress:=========================>    86%] [Cov:==========>                        31%]
[Progress:=========================>    86%] [Cov:==========>                        31%]
[Progress:=========================>    86%] [Cov:==========>                        31%]
[Progress:=========================>    86%] [Cov:==========>                        31%]
[Progress:=========================>    86%] [Cov:==========>                        31%]
[Progress:=========================>    86%] [Cov:==========>                        31%]
[Progress:=========================>    86%] [Cov:==========>                        31%]
[Progress:=========================>    86%] [Cov:==========>                        31%]
[Progress:=========================>    86%] [Cov:==========>                        31%]
[Progress:=========================>    86%] [Cov:==========>                        31%]
[Progress:=========================>    86%] [Cov:==========>                        31%]
[Progress:=========================>    86%] [Cov:==========>                        31%]
[Progress:=========================>    86%] [Cov:==========>                        31%]
[Progress:=========================>    86%] [Cov:==========>                        31%]
[Progress:=========================>    86%] [Cov:==========>                        31%]
[Progress:=========================>    86%] [Cov:==========>                        31%]
[Progress:=========================>    86%] [Cov:==========>                        31%]
[Progress:=========================>    86%] [Cov:==========>                        31%]
[Progress:=========================>    86%] [Cov:==========>                        31%]
[Progress:=========================>    86%] [Cov:==========>                        31%]
[Progress:=========================>    86%] [Cov:==========>                        31%]
[Progress:=========================>    86%] [Cov:==========>                        31%]
[Progress:=========================>    86%] [Cov:==========>                        31%]
[Progress:=========================>    86%] [Cov:==========>                        31%]
[Progress:=========================>    86%] [Cov:==========>                        31%]
[Progress:=========================>    86%] [Cov:==========>                        31%]
[Progress:=========================>    86%] [Cov:==========>                        31%]
[Progress:=========================>    86%] [Cov:==========>                        31%]
[Progress:=========================>    86%] [Cov:==========>                        31%]
[Progress:=========================>    86%] [Cov:==========>                        31%]
[Progress:=========================>    86%] [Cov:==========>                        31%]
[Progress:=========================>    86%] [Cov:==========>                        31%]
[Progress:=========================>    86%] [Cov:==========>                        31%]
[Progress:=========================>    86%] [Cov:==========>                        31%]
[Progress:=========================>    86%] [Cov:==========>                        31%]
[Progress:=========================>    86%] [Cov:==========>                        31%]
[Progress:=========================>    86%] [Cov:==========>                        31%]
[Progress:=========================>    86%] [Cov:==========>                        31%]
[Progress:=========================>    86%] [Cov:==========>                        31%]
[Progress:=========================>    86%] [Cov:==========>                        31%]
[Progress:=========================>    86%] [Cov:==========>                        31%]
[Progress:=========================>    86%] [Cov:==========>                        31%]
[Progress:=========================>    86%] [Cov:==========>                        31%]
[Progress:=========================>    86%] [Cov:==========>                        31%]
[Progress:=========================>    86%] [Cov:==========>                        31%]
[Progress:=========================>    86%] [Cov:==========>                        31%]
[Progress:=========================>    86%] [Cov:==========>                        31%]
[Progress:=========================>    86%] [Cov:==========>                        31%]
[Progress:=========================>    86%] [Cov:==========>                        31%]
[Progress:=========================>    86%] [Cov:==========>                        31%]
[Progress:=========================>    86%] [Cov:==========>                        31%]
[Progress:=========================>    86%] [Cov:==========>                        31%]
[Progress:=========================>    86%] [Cov:==========>                        31%]
[Progress:=========================>    86%] [Cov:==========>                        31%]
[Progress:=========================>    86%] [Cov:==========>                        31%]
[Progress:=========================>    86%] [Cov:==========>                        31%]
[Progress:=========================>    86%] [Cov:==========>                        31%]
[Progress:==========================>   87%] [Cov:========>                          25%]
[Progress:==========================>   87%] [Cov:==========>                        30%]
[Progress:==========================>   87%] [Cov:==========>                        31%]
[Progress:==========================>   87%] [Cov:==========>                        31%]
[Progress:==========================>   87%] [Cov:==========>                        31%]
[Progress:==========================>   87%] [Cov:==========>                        31%]
[Progress:==========================>   87%] [Cov:==========>                        31%]
[Progress:==========================>   87%] [Cov:==========>                        31%]
[Progress:==========================>   87%] [Cov:==========>                        31%]
[Progress:==========================>   87%] [Cov:==========>                        31%]
[Progress:==========================>   87%] [Cov:==========>                        31%]
[Progress:==========================>   87%] [Cov:==========>                        31%]
[Progress:==========================>   87%] [Cov:==========>                        31%]
[Progress:==========================>   87%] [Cov:==========>                        31%]
[Progress:==========================>   87%] [Cov:==========>                        31%]
[Progress:==========================>   87%] [Cov:==========>                        31%]
[Progress:==========================>   87%] [Cov:==========>                        31%]
[Progress:==========================>   87%] [Cov:==========>                        31%]
[Progress:==========================>   87%] [Cov:==========>                        31%]
[Progress:==========================>   87%] [Cov:==========>                        31%]
[Progress:==========================>   87%] [Cov:==========>                        31%]
[Progress:==========================>   87%] [Cov:==========>                        31%]
[Progress:==========================>   87%] [Cov:==========>                        31%]
[Progress:==========================>   87%] [Cov:==========>                        31%]
[Progress:==========================>   87%] [Cov:==========>                        31%]
[Progress:==========================>   87%] [Cov:==========>                        31%]
[Progress:==========================>   87%] [Cov:==========>                        31%]
[Progress:==========================>   87%] [Cov:==========>                        31%]
[Progress:==========================>   87%] [Cov:==========>                        31%]
[Progress:==========================>   87%] [Cov:==========>                        31%]
[Progress:==========================>   87%] [Cov:==========>                        31%]
[Progress:==========================>   87%] [Cov:==========>                        31%]
[Progress:==========================>   87%] [Cov:==========>                        31%]
[Progress:==========================>   88%] [Cov:==========>                        31%]
[Progress:==========================>   88%] [Cov:==========>                        31%]
[Progress:==========================>   88%] [Cov:==========>                        31%]
[Progress:==========================>   88%] [Cov:==========>                        31%]
[Progress:==========================>   88%] [Cov:==========>                        31%]
[Progress:==========================>   88%] [Cov:==========>                        31%]
[Progress:==========================>   88%] [Cov:==========>                        31%]
[Progress:==========================>   88%] [Cov:==========>                        31%]
[Progress:==========================>   88%] [Cov:==========>                        31%]
[Progress:==========================>   88%] [Cov:==========>                        31%]
[Progress:==========================>   88%] [Cov:==========>                        31%]
[Progress:==========================>   88%] [Cov:==========>                        31%]
[Progress:==========================>   88%] [Cov:==========>                        31%]
[Progress:==========================>   88%] [Cov:==========>                        31%]
[Progress:==========================>   88%] [Cov:==========>                        31%]
[Progress:==========================>   88%] [Cov:==========>                        31%]
[Progress:==========================>   88%] [Cov:==========>                        31%]
[Progress:==========================>   88%] [Cov:==========>                        31%]
[Progress:==========================>   88%] [Cov:==========>                        31%]
[Progress:==========================>   88%] [Cov:==========>                        31%]
[Progress:==========================>   88%] [Cov:==========>                        31%]
[Progress:==========================>   88%] [Cov:==========>                        31%]
[Progress:==========================>   88%] [Cov:==========>                        31%]
[Progress:==========================>   88%] [Cov:==========>                        31%]
[Progress:==========================>   88%] [Cov:==========>                        31%]
[Progress:==========================>   88%] [Cov:==========>                        31%]
[Progress:==========================>   88%] [Cov:==========>                        31%]
[Progress:==========================>   88%] [Cov:==========>                        31%]
[Progress:==========================>   88%] [Cov:==========>                        31%]
[Progress:==========================>   88%] [Cov:==========>                        31%]
[Progress:==========================>   88%] [Cov:==========>                        31%]
[Progress:==========================>   88%] [Cov:==========>                        31%]
[Progress:==========================>   88%] [Cov:==========>                        31%]
[Progress:==========================>   88%] [Cov:==========>                        31%]
[Progress:==========================>   88%] [Cov:==========>                        31%]
[Progress:==========================>   88%] [Cov:==========>                        31%]
[Progress:==========================>   88%] [Cov:==========>                        31%]
[Progress:==========================>   88%] [Cov:==========>                        31%]
[Progress:==========================>   88%] [Cov:==========>                        31%]
[Progress:==========================>   88%] [Cov:==========>                        31%]
[Progress:==========================>   88%] [Cov:==========>                        31%]
[Progress:==========================>   88%] [Cov:==========>                        31%]
[Progress:==========================>   88%] [Cov:==========>                        31%]
[Progress:==========================>   88%] [Cov:==========>                        31%]
[Progress:==========================>   88%] [Cov:==========>                        31%]
[Progress:==========================>   88%] [Cov:==========>                        31%]
[Progress:==========================>   88%] [Cov:==========>                        31%]
[Progress:==========================>   88%] [Cov:==========>                        31%]
[Progress:==========================>   88%] [Cov:==========>                        31%]
[Progress:==========================>   88%] [Cov:==========>                        31%]
[Progress:==========================>   88%] [Cov:==========>                        31%]
[Progress:==========================>   88%] [Cov:==========>                        31%]
[Progress:==========================>   88%] [Cov:==========>                        31%]
[Progress:==========================>   88%] [Cov:==========>                        31%]
[Progress:==========================>   88%] [Cov:==========>                        31%]
[Progress:==========================>   88%] [Cov:==========>                        31%]
[Progress:==========================>   88%] [Cov:==========>                        31%]
[Progress:==========================>   88%] [Cov:==========>                        31%]
[Progress:==========================>   88%] [Cov:==========>                        31%]
[Progress:==========================>   88%] [Cov:==========>                        31%]
[Progress:==========================>   88%] [Cov:==========>                        31%]
[Progress:==========================>   88%] [Cov:==========>                        31%]
[Progress:==========================>   88%] [Cov:==========>                        31%]
[Progress:==========================>   88%] [Cov:==========>                        31%]
[Progress:==========================>   88%] [Cov:==========>                        31%]
[Progress:==========================>   88%] [Cov:==========>                        31%]
[Progress:==========================>   88%] [Cov:==========>                        31%]
[Progress:==========================>   89%] [Cov:==========>                        31%]
[Progress:==========================>   89%] [Cov:==========>                        31%]
[Progress:==========================>   89%] [Cov:==========>                        31%]
[Progress:==========================>   89%] [Cov:==========>                        31%]
[Progress:==========================>   89%] [Cov:==========>                        31%]
[Progress:==========================>   89%] [Cov:==========>                        31%]
[Progress:==========================>   89%] [Cov:==========>                        31%]
[Progress:==========================>   89%] [Cov:==========>                        31%]
[Progress:==========================>   89%] [Cov:==========>                        31%]
[Progress:==========================>   89%] [Cov:==========>                        31%]
[Progress:==========================>   89%] [Cov:==========>                        31%]
[Progress:==========================>   89%] [Cov:==========>                        31%]
[Progress:==========================>   89%] [Cov:==========>                        31%]
[Progress:==========================>   89%] [Cov:==========>                        31%]
[Progress:==========================>   89%] [Cov:==========>                        31%]
[Progress:==========================>   89%] [Cov:==========>                        31%]
[Progress:==========================>   89%] [Cov:==========>                        31%]
[Progress:==========================>   89%] [Cov:==========>                        31%]
[Progress:==========================>   89%] [Cov:==========>                        31%]
[Progress:==========================>   89%] [Cov:==========>                        31%]
[Progress:==========================>   89%] [Cov:==========>                        31%]
[Progress:==========================>   89%] [Cov:==========>                        31%]
[Progress:==========================>   89%] [Cov:==========>                        31%]
[Progress:==========================>   89%] [Cov:==========>                        31%]
[Progress:==========================>   89%] [Cov:==========>                        31%]
[Progress:==========================>   89%] [Cov:==========>                        31%]
[Progress:==========================>   89%] [Cov:==========>                        31%]
[Progress:==========================>   89%] [Cov:==========>                        31%]
[Progress:==========================>   89%] [Cov:==========>                        31%]
[Progress:==========================>   89%] [Cov:==========>                        31%]
[Progress:==========================>   89%] [Cov:==========>                        31%]
[Progress:==========================>   89%] [Cov:==========>                        31%]
[Progress:==========================>   89%] [Cov:==========>                        31%]
[Progress:==========================>   89%] [Cov:==========>                        31%]
[Progress:===========================>  90%] [Cov:====>                              12%]
[Progress:===========================>  90%] [Cov:==========>                        31%]
[Progress:===========================>  90%] [Cov:==========>                        31%]
[Progress:===========================>  90%] [Cov:==========>                        31%]
[Progress:===========================>  90%] [Cov:==========>                        31%]
[Progress:===========================>  90%] [Cov:==========>                        31%]
[Progress:===========================>  90%] [Cov:==========>                        31%]
[Progress:===========================>  90%] [Cov:==========>                        31%]
[Progress:===========================>  90%] [Cov:==========>                        31%]
[Progress:===========================>  90%] [Cov:==========>                        31%]
[Progress:===========================>  90%] [Cov:==========>                        31%]
[Progress:===========================>  90%] [Cov:==========>                        31%]
[Progress:===========================>  90%] [Cov:==========>                        31%]
[Progress:===========================>  90%] [Cov:==========>                        31%]
[Progress:===========================>  90%] [Cov:==========>                        31%]
[Progress:===========================>  90%] [Cov:==========>                        31%]
[Progress:===========================>  90%] [Cov:==========>                        31%]
[Progress:===========================>  90%] [Cov:==========>                        31%]
[Progress:===========================>  90%] [Cov:==========>                        31%]
[Progress:===========================>  90%] [Cov:==========>                        31%]
[Progress:===========================>  90%] [Cov:==========>                        31%]
[Progress:===========================>  90%] [Cov:==========>                        31%]
[Progress:===========================>  90%] [Cov:==========>                        31%]
[Progress:===========================>  90%] [Cov:==========>                        31%]
[Progress:===========================>  90%] [Cov:==========>                        31%]
[Progress:===========================>  90%] [Cov:==========>                        31%]
[Progress:===========================>  90%] [Cov:==========>                        31%]
[Progress:===========================>  90%] [Cov:==========>                        31%]
[Progress:===========================>  90%] [Cov:==========>                        31%]
[Progress:===========================>  90%] [Cov:==========>                        31%]
[Progress:===========================>  90%] [Cov:==========>                        31%]
[Progress:===========================>  90%] [Cov:==========>                        31%]
[Progress:===========================>  90%] [Cov:==========>                        31%]
[Progress:===========================>  90%] [Cov:==========>                        31%]
[Progress:===========================>  90%] [Cov:==========>                        31%]
[Progress:===========================>  90%] [Cov:==========>                        31%]
[Progress:===========================>  90%] [Cov:==========>                        31%]
[Progress:===========================>  90%] [Cov:==========>                        31%]
[Progress:===========================>  90%] [Cov:==========>                        31%]
[Progress:===========================>  90%] [Cov:==========>                        31%]
[Progress:===========================>  90%] [Cov:==========>                        31%]
[Progress:===========================>  90%] [Cov:==========>                        31%]
[Progress:===========================>  90%] [Cov:==========>                        31%]
[Progress:===========================>  90%] [Cov:==========>                        31%]
[Progress:===========================>  90%] [Cov:==========>                        31%]
[Progress:===========================>  90%] [Cov:==========>                        31%]
[Progress:===========================>  90%] [Cov:==========>                        31%]
[Progress:===========================>  90%] [Cov:==========>                        31%]
[Progress:===========================>  90%] [Cov:==========>                        31%]
[Progress:===========================>  90%] [Cov:==========>                        31%]
[Progress:===========================>  90%] [Cov:==========>                        31%]
[Progress:===========================>  90%] [Cov:==========>                        31%]
[Progress:===========================>  90%] [Cov:==========>                        31%]
[Progress:===========================>  90%] [Cov:==========>                        31%]
[Progress:===========================>  90%] [Cov:==========>                        31%]
[Progress:===========================>  90%] [Cov:==========>                        31%]
[Progress:===========================>  90%] [Cov:==========>                        31%]
[Progress:===========================>  90%] [Cov:==========>                        31%]
[Progress:===========================>  90%] [Cov:==========>                        31%]
[Progress:===========================>  90%] [Cov:==========>                        31%]
[Progress:===========================>  90%] [Cov:==========>                        31%]
[Progress:===========================>  90%] [Cov:==========>                        31%]
[Progress:===========================>  90%] [Cov:==========>                        31%]
[Progress:===========================>  90%] [Cov:==========>                        31%]
[Progress:===========================>  90%] [Cov:==========>                        31%]
[Progress:===========================>  90%] [Cov:==========>                        31%]
[Progress:===========================>  90%] [Cov:==========>                        31%]
[Progress:===========================>  90%] [Cov:==========>                        31%]
[Progress:===========================>  90%] [Cov:==========>                        31%]
[Progress:===========================>  91%] [Cov:==========>                        30%]
[Progress:===========================>  91%] [Cov:==========>                        31%]
[Progress:===========================>  91%] [Cov:==========>                        31%]
[Progress:===========================>  91%] [Cov:==========>                        31%]
[Progress:===========================>  91%] [Cov:==========>                        31%]
[Progress:===========================>  91%] [Cov:==========>                        31%]
[Progress:===========================>  91%] [Cov:==========>                        31%]
[Progress:===========================>  91%] [Cov:==========>                        31%]
[Progress:===========================>  91%] [Cov:==========>                        31%]
[Progress:===========================>  91%] [Cov:==========>                        31%]
[Progress:===========================>  91%] [Cov:==========>                        31%]
[Progress:===========================>  91%] [Cov:==========>                        31%]
[Progress:===========================>  91%] [Cov:==========>                        31%]
[Progress:===========================>  91%] [Cov:==========>                        31%]
[Progress:===========================>  91%] [Cov:==========>                        31%]
[Progress:===========================>  91%] [Cov:==========>                        31%]
[Progress:===========================>  91%] [Cov:==========>                        31%]
[Progress:===========================>  91%] [Cov:==========>                        31%]
[Progress:===========================>  91%] [Cov:==========>                        31%]
[Progress:===========================>  91%] [Cov:==========>                        31%]
[Progress:===========================>  91%] [Cov:==========>                        31%]
[Progress:===========================>  91%] [Cov:==========>                        31%]
[Progress:===========================>  91%] [Cov:==========>                        31%]
[Progress:===========================>  91%] [Cov:==========>                        31%]
[Progress:===========================>  91%] [Cov:==========>                        31%]
[Progress:===========================>  91%] [Cov:==========>                        31%]
[Progress:===========================>  91%] [Cov:==========>                        31%]
[Progress:===========================>  91%] [Cov:==========>                        31%]
[Progress:===========================>  91%] [Cov:==========>                        31%]
[Progress:===========================>  91%] [Cov:==========>                        31%]
[Progress:===========================>  91%] [Cov:==========>                        31%]
[Progress:===========================>  91%] [Cov:==========>                        31%]
[Progress:===========================>  91%] [Cov:==========>                        31%]
[Progress:===========================>  91%] [Cov:==========>                        31%]
[Progress:===========================>  91%] [Cov:==========>                        31%]
[Progress:===========================>  92%] [Cov:==========>                        31%]
[Progress:===========================>  92%] [Cov:==========>                        31%]
[Progress:===========================>  92%] [Cov:==========>                        31%]
[Progress:===========================>  92%] [Cov:==========>                        31%]
[Progress:===========================>  92%] [Cov:==========>                        31%]
[Progress:===========================>  92%] [Cov:==========>                        31%]
[Progress:===========================>  92%] [Cov:==========>                        31%]
[Progress:===========================>  92%] [Cov:==========>                        31%]
[Progress:===========================>  92%] [Cov:==========>                        31%]
[Progress:===========================>  92%] [Cov:==========>                        31%]
[Progress:===========================>  92%] [Cov:==========>                        31%]
[Progress:===========================>  92%] [Cov:==========>                        31%]
[Progress:===========================>  92%] [Cov:==========>                        31%]
[Progress:===========================>  92%] [Cov:==========>                        31%]
[Progress:===========================>  92%] [Cov:==========>                        31%]
[Progress:===========================>  92%] [Cov:==========>                        31%]
[Progress:===========================>  92%] [Cov:==========>                        31%]
[Progress:===========================>  92%] [Cov:==========>                        31%]
[Progress:===========================>  92%] [Cov:==========>                        31%]
[Progress:===========================>  92%] [Cov:==========>                        31%]
[Progress:===========================>  92%] [Cov:==========>                        31%]
[Progress:===========================>  92%] [Cov:==========>                        31%]
[Progress:===========================>  92%] [Cov:==========>                        31%]
[Progress:===========================>  92%] [Cov:==========>                        31%]
[Progress:===========================>  92%] [Cov:==========>                        31%]
[Progress:===========================>  92%] [Cov:==========>                        31%]
[Progress:===========================>  92%] [Cov:==========>                        31%]
[Progress:===========================>  92%] [Cov:==========>                        31%]
[Progress:===========================>  92%] [Cov:==========>                        31%]
[Progress:===========================>  92%] [Cov:==========>                        31%]
[Progress:===========================>  92%] [Cov:==========>                        31%]
[Progress:===========================>  92%] [Cov:==========>                        31%]
[Progress:===========================>  92%] [Cov:==========>                        31%]
[Progress:===========================>  92%] [Cov:==========>                        31%]
[Progress:===========================>  92%] [Cov:==========>                        31%]
[Progress:===========================>  92%] [Cov:==========>                        31%]
[Progress:===========================>  92%] [Cov:==========>                        31%]
[Progress:===========================>  92%] [Cov:==========>                        31%]
[Progress:===========================>  92%] [Cov:==========>                        31%]
[Progress:===========================>  92%] [Cov:==========>                        31%]
[Progress:===========================>  92%] [Cov:==========>                        31%]
[Progress:===========================>  92%] [Cov:==========>                        31%]
[Progress:===========================>  92%] [Cov:==========>                        31%]
[Progress:===========================>  92%] [Cov:==========>                        31%]
[Progress:===========================>  92%] [Cov:==========>                        31%]
[Progress:===========================>  92%] [Cov:==========>                        31%]
[Progress:===========================>  92%] [Cov:==========>                        31%]
[Progress:===========================>  92%] [Cov:==========>                        31%]
[Progress:===========================>  92%] [Cov:==========>                        31%]
[Progress:===========================>  92%] [Cov:==========>                        31%]
[Progress:===========================>  92%] [Cov:==========>                        31%]
[Progress:===========================>  92%] [Cov:==========>                        31%]
[Progress:===========================>  92%] [Cov:==========>                        31%]
[Progress:===========================>  92%] [Cov:==========>                        31%]
[Progress:===========================>  92%] [Cov:==========>                        31%]
[Progress:===========================>  92%] [Cov:==========>                        31%]
[Progress:===========================>  92%] [Cov:==========>                        31%]
[Progress:===========================>  92%] [Cov:==========>                        31%]
[Progress:===========================>  92%] [Cov:==========>                        31%]
[Progress:===========================>  92%] [Cov:==========>                        31%]
[Progress:===========================>  92%] [Cov:==========>                        31%]
[Progress:===========================>  92%] [Cov:==========>                        31%]
[Progress:===========================>  92%] [Cov:==========>                        31%]
[Progress:===========================>  92%] [Cov:==========>                        31%]
[Progress:===========================>  92%] [Cov:==========>                        31%]
[Progress:===========================>  93%] [Cov:==========>                        31%]
[Progress:===========================>  93%] [Cov:==========>                        31%]
[Progress:===========================>  93%] [Cov:==========>                        31%]
[Progress:===========================>  93%] [Cov:==========>                        31%]
[Progress:===========================>  93%] [Cov:==========>                        31%]
[Progress:===========================>  93%] [Cov:==========>                        31%]
[Progress:===========================>  93%] [Cov:==========>                        31%]
[Progress:===========================>  93%] [Cov:==========>                        31%]
[Progress:===========================>  93%] [Cov:==========>                        31%]
[Progress:===========================>  93%] [Cov:==========>                        31%]
[Progress:===========================>  93%] [Cov:==========>                        31%]
[Progress:===========================>  93%] [Cov:==========>                        31%]
[Progress:===========================>  93%] [Cov:==========>                        31%]
[Progress:===========================>  93%] [Cov:==========>                        31%]
[Progress:===========================>  93%] [Cov:==========>                        31%]
[Progress:===========================>  93%] [Cov:==========>                        31%]
[Progress:===========================>  93%] [Cov:==========>                        31%]
[Progress:===========================>  93%] [Cov:==========>                        31%]
[Progress:===========================>  93%] [Cov:==========>                        31%]
[Progress:===========================>  93%] [Cov:==========>                        31%]
[Progress:===========================>  93%] [Cov:==========>                        31%]
[Progress:===========================>  93%] [Cov:==========>                        31%]
[Progress:===========================>  93%] [Cov:==========>                        31%]
[Progress:===========================>  93%] [Cov:==========>                        31%]
[Progress:===========================>  93%] [Cov:==========>                        31%]
[Progress:===========================>  93%] [Cov:==========>                        31%]
[Progress:===========================>  93%] [Cov:==========>                        31%]
[Progress:===========================>  93%] [Cov:==========>                        31%]
[Progress:===========================>  93%] [Cov:==========>                        31%]
[Progress:===========================>  93%] [Cov:==========>                        31%]
[Progress:===========================>  93%] [Cov:==========>                        31%]
[Progress:============================> 94%] [Cov:==========>                        31%]
[Progress:============================> 94%] [Cov:==========>                        31%]
[Progress:============================> 94%] [Cov:==========>                        31%]
[Progress:============================> 94%] [Cov:==========>                        31%]
[Progress:============================> 94%] [Cov:==========>                        31%]
[Progress:============================> 94%] [Cov:==========>                        31%]
[Progress:============================> 94%] [Cov:==========>                        31%]
[Progress:============================> 94%] [Cov:==========>                        31%]
[Progress:============================> 94%] [Cov:==========>                        31%]
[Progress:============================> 94%] [Cov:==========>                        31%]
[Progress:============================> 94%] [Cov:==========>                        31%]
[Progress:============================> 94%] [Cov:==========>                        31%]
[Progress:============================> 94%] [Cov:==========>                        31%]
[Progress:============================> 94%] [Cov:==========>                        31%]
[Progress:============================> 94%] [Cov:==========>                        31%]
[Progress:============================> 94%] [Cov:==========>                        31%]
[Progress:============================> 94%] [Cov:==========>                        31%]
[Progress:============================> 94%] [Cov:==========>                        31%]
[Progress:============================> 94%] [Cov:==========>                        31%]
[Progress:============================> 94%] [Cov:==========>                        31%]
[Progress:============================> 94%] [Cov:==========>                        31%]
[Progress:============================> 94%] [Cov:==========>                        31%]
[Progress:============================> 94%] [Cov:==========>                        31%]
[Progress:============================> 94%] [Cov:==========>                        31%]
[Progress:============================> 94%] [Cov:==========>                        31%]
[Progress:============================> 94%] [Cov:==========>                        31%]
[Progress:============================> 94%] [Cov:==========>                        31%]
[Progress:============================> 94%] [Cov:==========>                        31%]
[Progress:============================> 94%] [Cov:==========>                        31%]
[Progress:============================> 94%] [Cov:==========>                        31%]
[Progress:============================> 94%] [Cov:==========>                        31%]
[Progress:============================> 94%] [Cov:==========>                        31%]
[Progress:============================> 94%] [Cov:==========>                        31%]
[Progress:============================> 94%] [Cov:==========>                        31%]
[Progress:============================> 94%] [Cov:==========>                        31%]
[Progress:============================> 94%] [Cov:==========>                        31%]
[Progress:============================> 94%] [Cov:==========>                        31%]
[Progress:============================> 94%] [Cov:==========>                        31%]
[Progress:============================> 94%] [Cov:==========>                        31%]
[Progress:============================> 94%] [Cov:==========>                        31%]
[Progress:============================> 94%] [Cov:==========>                        31%]
[Progress:============================> 94%] [Cov:==========>                        31%]
[Progress:============================> 94%] [Cov:==========>                        31%]
[Progress:============================> 94%] [Cov:==========>                        31%]
[Progress:============================> 94%] [Cov:==========>                        31%]
[Progress:============================> 94%] [Cov:==========>                        31%]
[Progress:============================> 94%] [Cov:==========>                        31%]
[Progress:============================> 94%] [Cov:==========>                        31%]
[Progress:============================> 94%] [Cov:==========>                        31%]
[Progress:============================> 94%] [Cov:==========>                        31%]
[Progress:============================> 94%] [Cov:==========>                        31%]
[Progress:============================> 94%] [Cov:==========>                        31%]
[Progress:============================> 94%] [Cov:==========>                        31%]
[Progress:============================> 94%] [Cov:==========>                        31%]
[Progress:============================> 94%] [Cov:==========>                        31%]
[Progress:============================> 94%] [Cov:==========>                        31%]
[Progress:============================> 94%] [Cov:==========>                        31%]
[Progress:============================> 94%] [Cov:==========>                        31%]
[Progress:============================> 94%] [Cov:==========>                        31%]
[Progress:============================> 94%] [Cov:==========>                        31%]
[Progress:============================> 94%] [Cov:==========>                        31%]
[Progress:============================> 94%] [Cov:==========>                        31%]
[Progress:============================> 94%] [Cov:==========>                        31%]
[Progress:============================> 94%] [Cov:==========>                        31%]
[Progress:============================> 95%] [Cov:==========>                        31%]
[Progress:============================> 95%] [Cov:==========>                        31%]
[Progress:============================> 95%] [Cov:==========>                        31%]
[Progress:============================> 95%] [Cov:==========>                        31%]
[Progress:============================> 95%] [Cov:==========>                        31%]
[Progress:============================> 95%] [Cov:==========>                        31%]
[Progress:============================> 95%] [Cov:==========>                        31%]
[Progress:============================> 95%] [Cov:==========>                        31%]
[Progress:============================> 95%] [Cov:==========>                        31%]
[Progress:============================> 95%] [Cov:==========>                        31%]
[Progress:============================> 95%] [Cov:==========>                        31%]
[Progress:============================> 95%] [Cov:==========>                        31%]
[Progress:============================> 95%] [Cov:==========>                        31%]
[Progress:============================> 95%] [Cov:==========>                        31%]
[Progress:============================> 95%] [Cov:==========>                        31%]
[Progress:============================> 95%] [Cov:==========>                        31%]
[Progress:============================> 95%] [Cov:==========>                        31%]
[Progress:============================> 95%] [Cov:==========>                        31%]
[Progress:============================> 95%] [Cov:==========>                        31%]
[Progress:============================> 95%] [Cov:==========>                        31%]
[Progress:============================> 95%] [Cov:==========>                        31%]
[Progress:============================> 95%] [Cov:==========>                        31%]
[Progress:============================> 95%] [Cov:==========>                        31%]
[Progress:============================> 95%] [Cov:==========>                        31%]
[Progress:============================> 95%] [Cov:==========>                        31%]
[Progress:============================> 95%] [Cov:==========>                        31%]
[Progress:============================> 95%] [Cov:==========>                        31%]
[Progress:============================> 95%] [Cov:==========>                        31%]
[Progress:============================> 95%] [Cov:==========>                        31%]
[Progress:============================> 95%] [Cov:==========>                        31%]
[Progress:============================> 95%] [Cov:==========>                        31%]
[Progress:============================> 95%] [Cov:==========>                        31%]
[Progress:============================> 95%] [Cov:==========>                        31%]
[Progress:============================> 96%] [Cov:==========>                        31%]
[Progress:============================> 96%] [Cov:==========>                        31%]
[Progress:============================> 96%] [Cov:==========>                        31%]
[Progress:============================> 96%] [Cov:==========>                        31%]
[Progress:============================> 96%] [Cov:==========>                        31%]
[Progress:============================> 96%] [Cov:==========>                        31%]
[Progress:============================> 96%] [Cov:==========>                        31%]
[Progress:============================> 96%] [Cov:==========>                        31%]
[Progress:============================> 96%] [Cov:==========>                        31%]
[Progress:============================> 96%] [Cov:==========>                        31%]
[Progress:============================> 96%] [Cov:==========>                        31%]
[Progress:============================> 96%] [Cov:==========>                        31%]
[Progress:============================> 96%] [Cov:==========>                        31%]
[Progress:============================> 96%] [Cov:==========>                        31%]
[Progress:============================> 96%] [Cov:==========>                        31%]
[Progress:============================> 96%] [Cov:==========>                        31%]
[Progress:============================> 96%] [Cov:==========>                        31%]
[Progress:============================> 96%] [Cov:==========>                        31%]
[Progress:============================> 96%] [Cov:==========>                        31%]
[Progress:============================> 96%] [Cov:==========>                        31%]
[Progress:============================> 96%] [Cov:==========>                        31%]
[Progress:============================> 96%] [Cov:==========>                        31%]
[Progress:============================> 96%] [Cov:==========>                        31%]
[Progress:============================> 96%] [Cov:==========>                        31%]
[Progress:============================> 96%] [Cov:==========>                        31%]
[Progress:============================> 96%] [Cov:==========>                        31%]
[Progress:============================> 96%] [Cov:==========>                        31%]
[Progress:============================> 96%] [Cov:==========>                        31%]
[Progress:============================> 96%] [Cov:==========>                        31%]
[Progress:============================> 96%] [Cov:==========>                        31%]
[Progress:============================> 96%] [Cov:==========>                        31%]
[Progress:============================> 96%] [Cov:==========>                        31%]
[Progress:============================> 96%] [Cov:==========>                        31%]
[Progress:============================> 96%] [Cov:==========>                        31%]
[Progress:============================> 96%] [Cov:==========>                        31%]
[Progress:============================> 96%] [Cov:==========>                        31%]
[Progress:============================> 96%] [Cov:==========>                        31%]
[Progress:============================> 96%] [Cov:==========>                        31%]
[Progress:============================> 96%] [Cov:==========>                        31%]
[Progress:============================> 96%] [Cov:==========>                        31%]
[Progress:============================> 96%] [Cov:==========>                        31%]
[Progress:============================> 96%] [Cov:==========>                        31%]
[Progress:============================> 96%] [Cov:==========>                        31%]
[Progress:============================> 96%] [Cov:==========>                        31%]
[Progress:============================> 96%] [Cov:==========>                        31%]
[Progress:============================> 96%] [Cov:==========>                        31%]
[Progress:============================> 96%] [Cov:==========>                        31%]
[Progress:============================> 96%] [Cov:==========>                        31%]
[Progress:============================> 96%] [Cov:==========>                        31%]
[Progress:============================> 96%] [Cov:==========>                        31%]
[Progress:============================> 96%] [Cov:==========>                        31%]
[Progress:============================> 96%] [Cov:==========>                        31%]
[Progress:============================> 96%] [Cov:==========>                        31%]
[Progress:============================> 96%] [Cov:==========>                        31%]
[Progress:============================> 96%] [Cov:==========>                        31%]
[Progress:============================> 96%] [Cov:==========>                        31%]
[Progress:============================> 96%] [Cov:==========>                        31%]
[Progress:============================> 96%] [Cov:==========>                        31%]
[Progress:============================> 96%] [Cov:==========>                        31%]
[Progress:============================> 96%] [Cov:==========>                        31%]
[Progress:============================> 96%] [Cov:==========>                        31%]
[Progress:============================> 96%] [Cov:==========>                        31%]
[Progress:============================> 96%] [Cov:==========>                        31%]
[Progress:============================> 96%] [Cov:==========>                        31%]
[Progress:============================> 96%] [Cov:==========>                        31%]
[Progress:============================> 96%] [Cov:==========>                        31%]
[Progress:============================> 96%] [Cov:==========>                        31%]
[Progress:=============================>97%] [Cov:==========>                        31%]
[Progress:=============================>97%] [Cov:==========>                        31%]
[Progress:=============================>97%] [Cov:==========>                        31%]
[Progress:=============================>97%] [Cov:==========>                        31%]
[Progress:=============================>97%] [Cov:==========>                        31%]
[Progress:=============================>97%] [Cov:==========>                        31%]
[Progress:=============================>97%] [Cov:==========>                        31%]
[Progress:=============================>97%] [Cov:==========>                        31%]
[Progress:=============================>97%] [Cov:==========>                        31%]
[Progress:=============================>97%] [Cov:==========>                        31%]
[Progress:=============================>97%] [Cov:==========>                        31%]
[Progress:=============================>97%] [Cov:==========>                        31%]
[Progress:=============================>97%] [Cov:==========>                        31%]
[Progress:=============================>97%] [Cov:==========>                        31%]
[Progress:=============================>97%] [Cov:==========>                        31%]
[Progress:=============================>97%] [Cov:==========>                        31%]
[Progress:=============================>97%] [Cov:==========>                        31%]
[Progress:=============================>97%] [Cov:==========>                        31%]
[Progress:=============================>97%] [Cov:==========>                        31%]
[Progress:=============================>97%] [Cov:==========>                        31%]
[Progress:=============================>97%] [Cov:==========>                        31%]
[Progress:=============================>97%] [Cov:==========>                        31%]
[Progress:=============================>97%] [Cov:==========>                        31%]
[Progress:=============================>97%] [Cov:==========>                        31%]
[Progress:=============================>97%] [Cov:==========>                        31%]
[Progress:=============================>97%] [Cov:==========>                        31%]
[Progress:=============================>97%] [Cov:==========>                        31%]
[Progress:=============================>97%] [Cov:==========>                        31%]
[Progress:=============================>97%] [Cov:==========>                        31%]
[Progress:=============================>97%] [Cov:==========>                        31%]
[Progress:=============================>97%] [Cov:==========>                        31%]
[Progress:=============================>97%] [Cov:==========>                        31%]
[Progress:=============================>97%] [Cov:==========>                        31%]
[Progress:=============================>97%] [Cov:==========>                        31%]
[Progress:=============================>98%] [Cov:==========>                        31%]
[Progress:=============================>98%] [Cov:==========>                        31%]
[Progress:=============================>98%] [Cov:==========>                        31%]
[Progress:=============================>98%] [Cov:==========>                        31%]
[Progress:=============================>98%] [Cov:==========>                        31%]
[Progress:=============================>98%] [Cov:==========>                        31%]
[Progress:=============================>98%] [Cov:==========>                        31%]
[Progress:=============================>98%] [Cov:==========>                        31%]
[Progress:=============================>98%] [Cov:==========>                        31%]
[Progress:=============================>98%] [Cov:==========>                        31%]
[Progress:=============================>98%] [Cov:==========>                        31%]
[Progress:=============================>98%] [Cov:==========>                        31%]
[Progress:=============================>98%] [Cov:==========>                        31%]
[Progress:=============================>98%] [Cov:==========>                        31%]
[Progress:=============================>98%] [Cov:==========>                        31%]
[Progress:=============================>98%] [Cov:==========>                        31%]
[Progress:=============================>98%] [Cov:==========>                        31%]
[Progress:=============================>98%] [Cov:==========>                        31%]
[Progress:=============================>98%] [Cov:==========>                        31%]
[Progress:=============================>98%] [Cov:==========>                        31%]
[Progress:=============================>98%] [Cov:==========>                        31%]
[Progress:=============================>98%] [Cov:==========>                        31%]
[Progress:=============================>98%] [Cov:==========>                        31%]
[Progress:=============================>98%] [Cov:==========>                        31%]
[Progress:=============================>98%] [Cov:==========>                        31%]
[Progress:=============================>98%] [Cov:==========>                        31%]
[Progress:=============================>98%] [Cov:==========>                        31%]
[Progress:=============================>98%] [Cov:==========>                        31%]
[Progress:=============================>98%] [Cov:==========>                        31%]
[Progress:=============================>98%] [Cov:==========>                        31%]
[Progress:=============================>98%] [Cov:==========>                        31%]
[Progress:=============================>98%] [Cov:==========>                        31%]
[Progress:=============================>98%] [Cov:==========>                        31%]
[Progress:=============================>98%] [Cov:==========>                        31%]
[Progress:=============================>98%] [Cov:==========>                        31%]
[Progress:=============================>98%] [Cov:==========>                        31%]
[Progress:=============================>98%] [Cov:==========>                        31%]
[Progress:=============================>98%] [Cov:==========>                        31%]
[Progress:=============================>98%] [Cov:==========>                        31%]
[Progress:=============================>98%] [Cov:==========>                        31%]
[Progress:=============================>98%] [Cov:==========>                        31%]
[Progress:=============================>98%] [Cov:==========>                        31%]
[Progress:=============================>98%] [Cov:==========>                        31%]
[Progress:=============================>98%] [Cov:==========>                        31%]
[Progress:=============================>98%] [Cov:==========>                        31%]
[Progress:=============================>98%] [Cov:==========>                        31%]
[Progress:=============================>98%] [Cov:==========>                        31%]
[Progress:=============================>98%] [Cov:==========>                        31%]
[Progress:=============================>98%] [Cov:==========>                        31%]
[Progress:=============================>98%] [Cov:==========>                        31%]
[Progress:=============================>98%] [Cov:==========>                        31%]
[Progress:=============================>98%] [Cov:==========>                        31%]
[Progress:=============================>98%] [Cov:==========>                        31%]
[Progress:=============================>98%] [Cov:==========>                        31%]
[Progress:=============================>98%] [Cov:==========>                        31%]
[Progress:=============================>98%] [Cov:==========>                        31%]
[Progress:=============================>98%] [Cov:==========>                        31%]
[Progress:=============================>98%] [Cov:==========>                        31%]
[Progress:=============================>98%] [Cov:==========>                        31%]
[Progress:=============================>98%] [Cov:==========>                        31%]
[Progress:=============================>98%] [Cov:==========>                        31%]
[Progress:=============================>98%] [Cov:==========>                        31%]
[Progress:=============================>98%] [Cov:==========>                        31%]
[Progress:=============================>98%] [Cov:==========>                        31%]
[Progress:=============================>98%] [Cov:==========>                        31%]
[Progress:=============================>98%] [Cov:==========>                        31%]
[Progress:=============================>98%] [Cov:==========>                        31%]
[Progress:=============================>98%] [Cov:==========>                        31%]
[Progress:=============================>99%] [Cov:==========>                        31%]
[Progress:=============================>99%] [Cov:==========>                        31%]
[Progress:=============================>99%] [Cov:==========>                        31%]
[Progress:=============================>99%] [Cov:==========>                        31%]
[Progress:=============================>99%] [Cov:==========>                        31%]
[Progress:=============================>99%] [Cov:==========>                        31%]
[Progress:=============================>99%] [Cov:==========>                        31%]
[Progress:=============================>99%] [Cov:==========>                        31%]
[Progress:=============================>99%] [Cov:==========>                        31%]
[Progress:=============================>99%] [Cov:==========>                        31%]
[Progress:=============================>99%] [Cov:==========>                        31%]
[Progress:=============================>99%] [Cov:==========>                        31%]
[Progress:=============================>99%] [Cov:==========>                        31%]
[Progress:=============================>99%] [Cov:==========>                        31%]
[Progress:=============================>99%] [Cov:==========>                        31%]
[Progress:=============================>99%] [Cov:==========>                        31%]
[Progress:=============================>99%] [Cov:==========>                        31%]
[Progress:=============================>99%] [Cov:==========>                        31%]
[Progress:=============================>99%] [Cov:==========>                        31%]
[Progress:=============================>99%] [Cov:==========>                        31%]
[Progress:=============================>99%] [Cov:==========>                        31%]
[Progress:=============================>99%] [Cov:==========>                        31%]
[Progress:=============================>99%] [Cov:==========>                        31%]
[Progress:=============================>99%] [Cov:==========>                        31%]
[Progress:=============================>99%] [Cov:==========>                        31%]
[Progress:=============================>99%] [Cov:==========>                        31%]
[Progress:=============================>99%] [Cov:==========>                        31%]
[Progress:=============================>99%] [Cov:==========>                        31%]
[Progress:=============================>99%] [Cov:==========>                        31%]
[Progress:=============================>99%] [Cov:==========>                        31%]
[Progress:=============================>99%] [Cov:==========>                        31%]
[Progress:=============================>99%] [Cov:==========>                        31%]
[Progress:==============================100%] [Cov:==========>                        30%]
[Progress:==============================100%] [Cov:==========>                        31%]
[Progress:==============================100%] [Cov:==========>                        31%]
[Progress:==============================100%] [Cov:==========>                        31%]
[Progress:==============================100%] [Cov:==========>                        31%]
[Progress:==============================100%] [Cov:==========>                        31%]
[Progress:==============================100%] [Cov:==========>                        31%]
[Progress:==============================100%] [Cov:==========>                        31%]
[Progress:==============================100%] [Cov:==========>                        31%]
[Progress:==============================100%] [Cov:==========>                        31%]
[Progress:==============================100%] [Cov:==========>                        31%]
[Progress:==============================100%] [Cov:==========>                        31%]
[Progress:==============================100%] [Cov:==========>                        31%]
[Progress:==============================100%] [Cov:==========>                        31%]
[Progress:==============================100%] [Cov:==========>                        31%]
[Progress:==============================100%] [Cov:==========>                        31%]
[Progress:==============================100%] [Cov:==========>                        31%]
[Progress:==============================100%] [Cov:==========>                        31%]
[Progress:==============================100%] [Cov:==========>                        31%]
[Progress:==============================100%] [Cov:==========>                        31%]
[Progress:==============================100%] [Cov:==========>                        31%]
[Progress:==============================100%] [Cov:==========>                        31%]
[Progress:==============================100%] [Cov:==========>                        31%]
[Progress:==============================100%] [Cov:==========>                        31%]
[Progress:==============================100%] [Cov:==========>                        31%]
[Progress:==============================100%] [Cov:==========>                        31%]
[Progress:==============================100%] [Cov:==========>                        31%]
[Progress:==============================100%] [Cov:==========>                        31%]
[Progress:==============================100%] [Cov:==========>                        31%]
[Progress:==============================100%] [Cov:==========>                        31%]
[Progress:==============================100%] [Cov:==========>                        31%]
[Progress:==============================100%] [Cov:==========>                        31%]
[Progress:==============================100%] [Cov:==========>                        31%]
[Progress:==============================100%] [Cov:==========>                        31%]
* Search finished after 151s and 4679 generations, 398236 statements, best individual has fitness: 94.94117647058823
* Minimizing test suite
* Going to analyze the coverage criteria
* Coverage analysis for criterion LINE
* Coverage of criterion LINE: 11%
* Total number of goals: 18
* Number of covered goals: 2
* Coverage analysis for criterion BRANCH
* Coverage of criterion BRANCH: 7%
* Total number of goals: 15
* Number of covered goals: 1
* Coverage analysis for criterion EXCEPTION
* Coverage of criterion EXCEPTION: 100%
* Total number of goals: 1
* Number of covered goals: 1
* Coverage analysis for criterion WEAKMUTATION
* Coverage of criterion WEAKMUTATION: 0%
* Total number of goals: 27
* Number of covered goals: 0
* Coverage analysis for criterion OUTPUT
* Coverage of criterion OUTPUT: 0%
* Total number of goals: 3
* Number of covered goals: 0
* Coverage analysis for criterion METHOD
* Coverage of criterion METHOD: 100%
* Total number of goals: 2
* Number of covered goals: 2
* Coverage analysis for criterion METHODNOEXCEPTION
* Coverage of criterion METHODNOEXCEPTION: 50%
* Total number of goals: 2
* Number of covered goals: 1
* Coverage analysis for criterion CBRANCH
* Coverage of criterion CBRANCH: 7%
* Total number of goals: 15
* Number of covered goals: 1
* Generated 1 tests with total length 3
* Resulting test suite's coverage: 31% (average coverage for all fitness functions)
* Generating assertions
* Resulting test suite's mutation score: 0%
* Compiling and checking tests
* Writing tests to file
* Writing JUnit test case 'ArgumentMatchingTool_ESTest' to evosuite-tests
* Done!

* Computation finished

