CMD: /usr/lib/jvm/java-8-openjdk-amd64/bin/java -Dtools_jar_location=/usr/lib/jvm/java-8-openjdk-amd64/lib/tools.jar -jar /home/user/TestRound2/evosuite-1.2.0.jar -generateSuite -class org.mockito.internal.invocation.InvocationMatcher -projectCP /home/user/TestRound2/Test/Mockito-34b/target/classes:/home/user/defects4j/framework/projects/Mockito/lib/asm-all-5.0.4.jar:/home/user/defects4j/framework/projects/Mockito/lib/assertj-core-2.1.0.jar:/home/user/defects4j/framework/projects/Mockito/lib/cglib-and-asm-1.0.jar:/home/user/defects4j/framework/projects/Mockito/lib/cobertura-2.0.3.jar:/home/user/defects4j/framework/projects/Mockito/lib/fest-assert-1.3.jar:/home/user/defects4j/framework/projects/Mockito/lib/fest-util-1.1.4.jar:/home/user/defects4j/framework/projects/Mockito/lib/hamcrest-all-1.3.jar:/home/user/defects4j/framework/projects/Mockito/lib/hamcrest-core-1.1.jar:/home/user/defects4j/framework/projects/Mockito/lib/objenesis-2.1.jar:/home/user/defects4j/framework/projects/Mockito/lib/objenesis-2.2.jar:/home/user/defects4j/framework/projects/Mockito/lib/powermock-reflect-1.2.5.jar -base_dir /home/user/TestRound2/results/project-Mockito/Mockito-34/round03/evosuite-work -seed 11 -Dalgorithm=NSGAII -Dsearch_budget=60 -Dtest_format=JUNIT4 -Dassertions=true

* EvoSuite 1.2.0
* Going to generate test cases for class: org.mockito.internal.invocation.InvocationMatcher
* Starting Client-0
* Connecting to master process on port 8220
* Analyzing classpath: 
  - /home/user/TestRound2/Test/Mockito-34b/target/classes
  - /home/user/defects4j/framework/projects/Mockito/lib/asm-all-5.0.4.jar
  - /home/user/defects4j/framework/projects/Mockito/lib/assertj-core-2.1.0.jar
  - /home/user/defects4j/framework/projects/Mockito/lib/cglib-and-asm-1.0.jar
  - /home/user/defects4j/framework/projects/Mockito/lib/cobertura-2.0.3.jar
  - /home/user/defects4j/framework/projects/Mockito/lib/fest-assert-1.3.jar
  - /home/user/defects4j/framework/projects/Mockito/lib/fest-util-1.1.4.jar
  - /home/user/defects4j/framework/projects/Mockito/lib/hamcrest-all-1.3.jar
  - /home/user/defects4j/framework/projects/Mockito/lib/hamcrest-core-1.1.jar
  - /home/user/defects4j/framework/projects/Mockito/lib/objenesis-2.1.jar
  - /home/user/defects4j/framework/projects/Mockito/lib/objenesis-2.2.jar
  - /home/user/defects4j/framework/projects/Mockito/lib/powermock-reflect-1.2.5.jar
* Finished analyzing classpath
* Generating tests for class org.mockito.internal.invocation.InvocationMatcher
* Test criteria:
  - Line Coverage
  - Branch Coverage
  - Exception
  - Mutation testing (weak)
  - Method-Output Coverage
  - Top-Level Method Coverage
  - No-Exception Top-Level Method Coverage
  - Context Branch Coverage
* Setting up search algorithm for whole suite generation
* Total number of test goals: 
  - Line 38
  - Branch 39
  - Exception 0
  - MutationFactory 68
  - Output 44
  - Method 12
  - MethodNoException 12
  - CBranchFitnessFactory 39

[Progress:>                             0%] [Cov:>                                  0%]* Using seed 11
* Starting evolution
[MASTER] 20:34:53.986 [logback-1] WARN  TestCluster - Failed to check cache for org.mockito.internal.matchers.CapturingMatcher<T> : Type points to itself
[MASTER] 20:34:53.986 [logback-1] WARN  TestCluster - Failed to check cache for org.hamcrest.collection.IsMapContaining<K, V> : Type points to itself

[Progress:>                             3%] [Cov:>                                  0%]
[Progress:=>                            5%] [Cov:>                                  2%]
[Progress:=>                            5%] [Cov:=>                                 3%]
[Progress:=>                            5%] [Cov:=====>                             16%]
[Progress:=>                            5%] [Cov:======>                            18%]
[Progress:=>                            5%] [Cov:======>                            19%]
[Progress:=>                            5%] [Cov:=======>                           20%]
[Progress:=>                            5%] [Cov:=======>                           21%]
[Progress:=>                            5%] [Cov:========>                          24%]
[Progress:=>                            5%] [Cov:=========>                         26%]
[Progress:=>                            6%] [Cov:>                                  0%]
[Progress:=>                            6%] [Cov:>                                  2%]
[Progress:=>                            6%] [Cov:=>                                 4%]
[Progress:=>                            6%] [Cov:====>                              12%]
[Progress:=>                            6%] [Cov:=====>                             17%]
[Progress:=>                            6%] [Cov:=======>                           21%]
[Progress:=>                            6%] [Cov:========>                          24%]
[Progress:=>                            6%] [Cov:=========>                         26%]
[Progress:=>                            6%] [Cov:=========>                         26%][MASTER] 20:34:58.433 [logback-1] WARN  TestChromosome - Functional mock problem: org.evosuite.ga.ConstructionFailedException: Failed to add constructor for org.mockito.internal.stubbing.StubbedInvocationMatcher due to org.evosuite.ga.ConstructionFailedException: Failed to add constructor for org.mockito.internal.invocation.InvocationMatcher due to org.evosuite.ga.ConstructionFailedException: Have no generator for class org.mockito.internal.invocation.Invocation canUseFunctionalMocks=false, canBeMocked: true
[MASTER] 20:34:58.462 [logback-1] WARN  TestChromosome - Functional mock problem: org.evosuite.ga.ConstructionFailedException: Failed to add constructor for org.mockito.internal.stubbing.StubbedInvocationMatcher due to org.evosuite.ga.ConstructionFailedException: Failed to add constructor for org.mockito.internal.invocation.InvocationMatcher due to org.evosuite.ga.ConstructionFailedException: Failed to add constructor for org.mockito.internal.invocation.Invocation due to org.evosuite.ga.ConstructionFailedException: Failed to add constructor for org.mockito.internal.invocation.SerializableMethod due to org.evosuite.ga.ConstructionFailedException: Have no generator for class org.mockito.internal.invocation.Invocation canUseFunctionalMocks=false, canBeMocked: true

[Progress:=>                            6%] [Cov:=========>                         27%]
[Progress:=>                            6%] [Cov:==========>                        30%]
[Progress:=>                            6%] [Cov:==========>                        31%]
[Progress:=>                            6%] [Cov:===========>                       32%]
[Progress:=>                            6%] [Cov:===========>                       33%][MASTER] 20:34:58.655 [logback-1] WARN  TestChromosome - Functional mock problem: org.evosuite.ga.ConstructionFailedException: Have no generator for class org.mockito.internal.invocation.Invocation canUseFunctionalMocks=false, canBeMocked: true

[Progress:=>                            6%] [Cov:===========>                       33%][MASTER] 20:34:58.835 [logback-1] WARN  TestChromosome - Functional mock problem: org.evosuite.ga.ConstructionFailedException: Failed to add constructor for org.mockito.internal.invocation.InvocationMatcher due to org.evosuite.ga.ConstructionFailedException: Failed to add constructor for org.mockito.internal.invocation.Invocation due to org.evosuite.ga.ConstructionFailedException: Have no generator for class org.mockito.internal.invocation.Invocation canUseFunctionalMocks=false, canBeMocked: true

[Progress:==>                           8%] [Cov:=========>                         26%]
[Progress:==>                           8%] [Cov:==========>                        31%]
[Progress:==>                           8%] [Cov:===========>                       33%][MASTER] 20:34:59.337 [logback-1] WARN  TestChromosome - Functional mock problem: org.evosuite.ga.ConstructionFailedException: Failed to add constructor for org.mockito.internal.invocation.Invocation due to org.evosuite.ga.ConstructionFailedException: Failed to add constructor for org.mockito.internal.invocation.SerializableMethod due to org.evosuite.ga.ConstructionFailedException: Failed to add constructor for org.mockito.internal.stubbing.StubbedInvocationMatcher due to org.evosuite.ga.ConstructionFailedException: Failed to add constructor for org.mockito.internal.invocation.InvocationMatcher due to org.evosuite.ga.ConstructionFailedException: Max recursion depth reached
[MASTER] 20:34:59.435 [logback-1] WARN  TestChromosome - Functional mock problem: org.evosuite.ga.ConstructionFailedException: Failed to add constructor for org.mockito.internal.stubbing.StubbedInvocationMatcher due to org.evosuite.ga.ConstructionFailedException: Failed to add constructor for org.mockito.internal.invocation.InvocationMatcher due to org.evosuite.ga.ConstructionFailedException: Failed to add constructor for org.mockito.internal.invocation.Invocation due to org.evosuite.ga.ConstructionFailedException: Failed to add constructor for org.mockito.internal.invocation.SerializableMethod due to org.evosuite.ga.ConstructionFailedException: Max recursion depth reached

[Progress:==>                           8%] [Cov:===========>                       33%]
[Progress:==>                           8%] [Cov:===========>                       34%][MASTER] 20:34:59.608 [logback-1] WARN  TestChromosome - Functional mock problem: org.evosuite.ga.ConstructionFailedException: Have no generator for class org.mockito.internal.invocation.InvocationMatcher canUseFunctionalMocks=false, canBeMocked: false
[MASTER] 20:34:59.814 [logback-1] WARN  TestChromosome - Functional mock problem: org.evosuite.ga.ConstructionFailedException: Failed to add constructor for org.mockito.internal.invocation.Invocation due to org.evosuite.ga.ConstructionFailedException: Have no generator for class org.mockito.internal.invocation.Invocation canUseFunctionalMocks=false, canBeMocked: true

[Progress:==>                           8%] [Cov:===========>                       33%][MASTER] 20:34:59.922 [logback-1] WARN  TestChromosome - Functional mock problem: org.evosuite.ga.ConstructionFailedException: Failed to add constructor for org.mockito.internal.invocation.InvocationMatcher due to org.evosuite.ga.ConstructionFailedException: Have no generator for class org.mockito.internal.invocation.Invocation canUseFunctionalMocks=false, canBeMocked: true

[Progress:==>                           8%] [Cov:===========>                       34%]
[Progress:==>                           8%] [Cov:============>                      35%][MASTER] 20:34:59.968 [logback-1] WARN  TestChromosome - Functional mock problem: org.evosuite.ga.ConstructionFailedException: Failed to add constructor for org.mockito.internal.invocation.InvocationMatcher due to org.evosuite.ga.ConstructionFailedException: Failed to add constructor for org.mockito.internal.stubbing.StubbedInvocationMatcher due to org.evosuite.ga.ConstructionFailedException: Have no generator for class org.mockito.internal.invocation.InvocationMatcher canUseFunctionalMocks=true, canBeMocked: false

[Progress:===>                          10%] [Cov:===========>                       34%]
[Progress:===>                          10%] [Cov:============>                      35%][MASTER] 20:35:00.175 [logback-1] WARN  TestChromosome - Functional mock problem: org.evosuite.ga.ConstructionFailedException: Failed to add constructor for org.mockito.internal.invocation.Invocation due to org.evosuite.ga.ConstructionFailedException: Failed to add constructor for org.mockito.internal.invocation.SerializableMethod due to org.evosuite.ga.ConstructionFailedException: Have no generator for class org.mockito.internal.invocation.Invocation canUseFunctionalMocks=false, canBeMocked: true

[Progress:===>                          10%] [Cov:============>                      35%][MASTER] 20:35:00.298 [logback-1] WARN  TestChromosome - Functional mock problem: org.evosuite.ga.ConstructionFailedException: Failed to add constructor for org.mockito.internal.invocation.InvocationMatcher due to org.evosuite.ga.ConstructionFailedException: Failed to add constructor for org.mockito.internal.invocation.Invocation due to org.evosuite.ga.ConstructionFailedException: Failed to add constructor for org.mockito.internal.invocation.realmethod.FilteredCGLIBProxyRealMethod due to org.evosuite.ga.ConstructionFailedException: Failed to add constructor for org.mockito.internal.invocation.realmethod.CGLIBProxyRealMethod due to org.evosuite.ga.ConstructionFailedException: Failed to add constructor for org.mockito.internal.creation.DelegatingMockitoMethodProxy due to org.evosuite.ga.ConstructionFailedException: Max recursion depth reached

[Progress:===>                          10%] [Cov:============>                      36%][MASTER] 20:35:00.487 [logback-1] WARN  TestChromosome - Functional mock problem: org.evosuite.ga.ConstructionFailedException: Failed to add constructor for org.mockito.internal.matchers.LocalizedMatcher due to org.evosuite.ga.ConstructionFailedException: Failed to add constructor for org.hamcrest.core.AllOf due to org.evosuite.ga.ConstructionFailedException: Error: VariableReference: Statement 1, type java.lang.Class<org.hamcrest.Matcher> is not assignable to java.lang.Class<org.hamcrest.Matcher<java.lang.Object>>
[MASTER] 20:35:00.509 [logback-1] WARN  TestChromosome - Functional mock problem: org.evosuite.ga.ConstructionFailedException: Failed to add constructor for org.mockito.internal.invocation.Invocation due to org.evosuite.ga.ConstructionFailedException: Failed to add constructor for org.mockito.internal.invocation.SerializableMethod due to org.evosuite.ga.ConstructionFailedException: Failed to add constructor for org.mockito.internal.invocation.InvocationMatcher due to org.evosuite.ga.ConstructionFailedException: Have no generator for class org.mockito.internal.invocation.Invocation canUseFunctionalMocks=false, canBeMocked: true

[Progress:===>                          10%] [Cov:============>                      35%]
[Progress:===>                          10%] [Cov:============>                      36%]
[Progress:===>                          10%] [Cov:============>                      36%]
[Progress:===>                          11%] [Cov:============>                      35%]
[Progress:===>                          11%] [Cov:============>                      36%][MASTER] 20:35:01.095 [logback-1] WARN  TestChromosome - Functional mock problem: org.evosuite.ga.ConstructionFailedException: Failed to add constructor for org.mockito.internal.invocation.InvocationMatcher due to org.evosuite.ga.ConstructionFailedException: Failed to add constructor for org.mockito.internal.invocation.Invocation due to org.evosuite.ga.ConstructionFailedException: Failed to add constructor for org.mockito.internal.invocation.SerializableMethod due to org.evosuite.ga.ConstructionFailedException: Failed to add constructor for org.mockito.internal.invocation.InvocationMatcher due to org.evosuite.ga.ConstructionFailedException: Max recursion depth reached

[Progress:===>                          11%] [Cov:============>                      37%][MASTER] 20:35:01.130 [logback-1] WARN  TestChromosome - Functional mock problem: org.evosuite.ga.ConstructionFailedException: Failed to add constructor for org.mockito.internal.matchers.LocalizedMatcher due to org.evosuite.ga.ConstructionFailedException: Failed to add constructor for org.hamcrest.core.DescribedAs due to org.evosuite.ga.ConstructionFailedException: Failed to add constructor for org.hamcrest.core.AnyOf due to org.evosuite.ga.ConstructionFailedException: Error: VariableReference: Statement 2, type java.util.PriorityQueue<org.hamcrest.Matcher<java.lang.Object>> is not assignable to java.lang.Iterable<org.hamcrest.Matcher<? super java.lang.Object>>
[MASTER] 20:35:01.206 [logback-1] WARN  TestChromosome - Functional mock problem: org.evosuite.ga.ConstructionFailedException: Failed to add constructor for org.mockito.internal.stubbing.StubbedInvocationMatcher due to org.evosuite.ga.ConstructionFailedException: Failed to add constructor for org.mockito.internal.invocation.InvocationMatcher due to org.evosuite.ga.ConstructionFailedException: Failed to add constructor for org.mockito.internal.invocation.Invocation due to org.evosuite.ga.ConstructionFailedException: Have no generator for class org.mockito.internal.invocation.Invocation canUseFunctionalMocks=false, canBeMocked: true

[Progress:===>                          11%] [Cov:============>                      36%][MASTER] 20:35:01.349 [logback-1] WARN  TestChromosome - Functional mock problem: org.evosuite.ga.ConstructionFailedException: Failed to add constructor for org.mockito.internal.invocation.InvocationMatcher due to org.evosuite.ga.ConstructionFailedException: Failed to add constructor for org.mockito.internal.invocation.Invocation due to org.evosuite.ga.ConstructionFailedException: Failed to add constructor for org.mockito.internal.invocation.SerializableMethod due to org.evosuite.ga.ConstructionFailedException: Have no generator for class org.mockito.internal.invocation.Invocation canUseFunctionalMocks=false, canBeMocked: true

[Progress:===>                          11%] [Cov:============>                      36%]
[Progress:===>                          11%] [Cov:============>                      37%]
[Progress:===>                          11%] [Cov:============>                      36%]
[Progress:===>                          11%] [Cov:============>                      37%][MASTER] 20:35:01.725 [logback-1] WARN  TestChromosome - Functional mock problem: org.evosuite.ga.ConstructionFailedException: Failed to add constructor for org.mockito.internal.invocation.InvocationMatcher due to org.evosuite.ga.ConstructionFailedException: Failed to add constructor for org.mockito.internal.invocation.Invocation due to org.evosuite.ga.ConstructionFailedException: Failed to add constructor for org.mockito.internal.invocation.realmethod.CGLIBProxyRealMethod due to org.evosuite.ga.ConstructionFailedException: Failed to add constructor for org.mockito.internal.creation.SerializableMockitoMethodProxy due to org.evosuite.ga.ConstructionFailedException: Max recursion depth reached
[MASTER] 20:35:01.782 [logback-1] WARN  TestChromosome - Functional mock problem: org.evosuite.ga.ConstructionFailedException: Failed to add constructor for org.mockito.internal.stubbing.StubbedInvocationMatcher due to org.evosuite.ga.ConstructionFailedException: Failed to add constructor for org.mockito.internal.invocation.InvocationMatcher due to org.evosuite.ga.ConstructionFailedException: Failed to add constructor for org.mockito.internal.invocation.Invocation due to org.evosuite.ga.ConstructionFailedException: Failed to add constructor for org.mockito.internal.invocation.realmethod.FilteredCGLIBProxyRealMethod due to org.evosuite.ga.ConstructionFailedException: Failed to add constructor for org.mockito.internal.invocation.realmethod.FilteredCGLIBProxyRealMethod due to org.evosuite.ga.ConstructionFailedException: Max recursion depth reached

[Progress:===>                          11%] [Cov:============>                      36%]
[Progress:===>                          13%] [Cov:============>                      35%]
[Progress:===>                          13%] [Cov:============>                      36%][MASTER] 20:35:01.993 [logback-1] WARN  TestChromosome - Functional mock problem: org.evosuite.ga.ConstructionFailedException: Failed to add constructor for org.mockito.internal.invocation.InvocationMatcher due to org.evosuite.ga.ConstructionFailedException: Have no generator for class org.mockito.internal.invocation.InvocationMatcher canUseFunctionalMocks=false, canBeMocked: false

[Progress:===>                          13%] [Cov:============>                      37%][MASTER] 20:35:02.044 [logback-1] WARN  TestChromosome - Functional mock problem: org.evosuite.ga.ConstructionFailedException: Failed to add constructor for org.mockito.internal.stubbing.StubbedInvocationMatcher due to org.evosuite.ga.ConstructionFailedException: Failed to add constructor for org.mockito.internal.invocation.InvocationMatcher due to org.evosuite.ga.ConstructionFailedException: Failed to add constructor for org.mockito.internal.invocation.Invocation due to org.evosuite.ga.ConstructionFailedException: Failed to add constructor for org.mockito.internal.matchers.LocalizedMatcher due to org.evosuite.ga.ConstructionFailedException: Max recursion depth reached

[Progress:===>                          13%] [Cov:=============>                     38%]
[Progress:===>                          13%] [Cov:=============>                     39%][MASTER] 20:35:02.142 [logback-1] WARN  TestChromosome - Functional mock problem: org.evosuite.ga.ConstructionFailedException: Have no generator for class java.lang.reflect.Method canUseFunctionalMocks=true, canBeMocked: false

[Progress:===>                          13%] [Cov:==============>                    40%]
[Progress:===>                          13%] [Cov:=============>                     39%]
[Progress:===>                          13%] [Cov:==============>                    40%]
[Progress:===>                          13%] [Cov:==============>                    41%]
[Progress:===>                          13%] [Cov:==============>                    40%]
[Progress:===>                          13%] [Cov:==============>                    41%]
[Progress:===>                          13%] [Cov:==============>                    42%][MASTER] 20:35:02.929 [logback-1] WARN  TestChromosome - Functional mock problem: org.evosuite.ga.ConstructionFailedException: Failed to add constructor for org.mockito.internal.stubbing.StubbedInvocationMatcher due to org.evosuite.ga.ConstructionFailedException: Have no generator for class org.mockito.internal.invocation.InvocationMatcher canUseFunctionalMocks=true, canBeMocked: false

[Progress:====>                         15%] [Cov:==============>                    41%][MASTER] 20:35:03.037 [logback-1] WARN  TestChromosome - Functional mock problem: org.evosuite.ga.ConstructionFailedException: Failed to add constructor for org.mockito.internal.invocation.Invocation due to org.evosuite.ga.ConstructionFailedException: Failed to add constructor for org.mockito.internal.invocation.SerializableMethod due to org.evosuite.ga.ConstructionFailedException: Failed to add constructor for org.mockito.internal.invocation.InvocationMatcher due to org.evosuite.ga.ConstructionFailedException: Failed to add constructor for org.mockito.internal.stubbing.StubbedInvocationMatcher due to org.evosuite.ga.ConstructionFailedException: Max recursion depth reached

[Progress:====>                         15%] [Cov:==============>                    40%]
[Progress:====>                         15%] [Cov:==============>                    41%]
[Progress:====>                         15%] [Cov:==============>                    42%][MASTER] 20:35:03.322 [logback-1] WARN  TestChromosome - Functional mock problem: org.evosuite.ga.ConstructionFailedException: Failed to add constructor for org.mockito.internal.invocation.Invocation due to org.evosuite.ga.ConstructionFailedException: Failed to add constructor for org.mockito.internal.invocation.SerializableMethod due to org.evosuite.ga.ConstructionFailedException: Have no generator for class java.lang.reflect.Method canUseFunctionalMocks=true, canBeMocked: false

[Progress:====>                         15%] [Cov:==============>                    41%]
[Progress:====>                         15%] [Cov:==============>                    42%]
[Progress:====>                         15%] [Cov:===============>                   43%][MASTER] 20:35:03.495 [logback-1] WARN  TestChromosome - Functional mock problem: org.evosuite.ga.ConstructionFailedException: Failed to add constructor for org.mockito.internal.invocation.InvocationMatcher due to org.evosuite.ga.ConstructionFailedException: Failed to add constructor for org.mockito.internal.invocation.Invocation due to org.evosuite.ga.ConstructionFailedException: Failed to add constructor for org.mockito.internal.invocation.SerializableMethod due to org.evosuite.ga.ConstructionFailedException: Failed to add constructor for org.mockito.internal.stubbing.StubbedInvocationMatcher due to org.evosuite.ga.ConstructionFailedException: Max recursion depth reached

[Progress:====>                         15%] [Cov:===============>                   44%]
[Progress:====>                         15%] [Cov:===============>                   44%]
[Progress:====>                         15%] [Cov:===============>                   44%]
[Progress:====>                         16%] [Cov:===============>                   44%]
[Progress:====>                         16%] [Cov:===============>                   45%]
[Progress:====>                         16%] [Cov:================>                  46%]
[Progress:====>                         16%] [Cov:================>                  46%][MASTER] 20:35:04.252 [logback-1] WARN  TestChromosome - Functional mock problem: org.evosuite.ga.ConstructionFailedException: Failed to add constructor for org.mockito.internal.invocation.Invocation due to org.evosuite.ga.ConstructionFailedException: Failed to add constructor for org.mockito.internal.invocation.realmethod.FilteredCGLIBProxyRealMethod due to org.evosuite.ga.ConstructionFailedException: Failed to add constructor for org.mockito.internal.creation.DelegatingMockitoMethodProxy due to org.evosuite.ga.ConstructionFailedException: Failed to add constructor for org.mockito.cglib.core.Signature due to org.evosuite.ga.ConstructionFailedException: Max recursion depth reached

[Progress:====>                         16%] [Cov:================>                  46%]
[Progress:====>                         16%] [Cov:================>                  46%][MASTER] 20:35:04.758 [logback-1] WARN  TestChromosome - Functional mock problem: org.evosuite.ga.ConstructionFailedException: Failed to add constructor for org.mockito.internal.invocation.InvocationMatcher due to org.evosuite.ga.ConstructionFailedException: Failed to add constructor for org.mockito.internal.invocation.Invocation due to org.evosuite.ga.ConstructionFailedException: Failed to add constructor for org.mockito.internal.invocation.realmethod.FilteredCGLIBProxyRealMethod due to org.evosuite.ga.ConstructionFailedException: Failed to add constructor for org.mockito.internal.invocation.realmethod.FilteredCGLIBProxyRealMethod due to org.evosuite.ga.ConstructionFailedException: Failed to add constructor for org.mockito.internal.creation.SerializableMockitoMethodProxy due to org.evosuite.ga.ConstructionFailedException: Max recursion depth reached
[MASTER] 20:35:04.830 [logback-1] WARN  TestChromosome - Functional mock problem: org.evosuite.ga.ConstructionFailedException: Failed to add constructor for org.mockito.internal.stubbing.StubbedInvocationMatcher due to org.evosuite.ga.ConstructionFailedException: Failed to add constructor for org.mockito.internal.invocation.InvocationMatcher due to org.evosuite.ga.ConstructionFailedException: Failed to add constructor for org.mockito.internal.invocation.Invocation due to org.evosuite.ga.ConstructionFailedException: Failed to add constructor for org.mockito.internal.invocation.InvocationMatcher due to org.evosuite.ga.ConstructionFailedException: Max recursion depth reached

[Progress:====>                         16%] [Cov:===============>                   44%]
[Progress:====>                         16%] [Cov:================>                  46%]
[Progress:=====>                        18%] [Cov:================>                  46%][MASTER] 20:35:05.085 [logback-1] WARN  TestChromosome - Functional mock problem: org.evosuite.ga.ConstructionFailedException: Failed to add constructor for org.mockito.internal.invocation.InvocationMatcher due to org.evosuite.ga.ConstructionFailedException: Failed to add constructor for org.mockito.internal.invocation.Invocation due to org.evosuite.ga.ConstructionFailedException: Failed to add constructor for org.mockito.internal.invocation.realmethod.FilteredCGLIBProxyRealMethod due to org.evosuite.ga.ConstructionFailedException: Failed to add constructor for org.mockito.internal.invocation.realmethod.CGLIBProxyRealMethod due to org.evosuite.ga.ConstructionFailedException: Max recursion depth reached
[MASTER] 20:35:05.151 [logback-1] WARN  TestChromosome - Functional mock problem: org.evosuite.ga.ConstructionFailedException: Failed to add constructor for org.mockito.internal.matchers.LocalizedMatcher due to org.evosuite.ga.ConstructionFailedException: Failed to add constructor for org.hamcrest.object.HasToString due to org.evosuite.ga.ConstructionFailedException: Error: VariableReference: Statement 5, type java.lang.Class<org.hamcrest.Matcher> is not assignable to java.lang.Class<org.hamcrest.Matcher<java.lang.Object>>

[Progress:=====>                        18%] [Cov:================>                  46%][MASTER] 20:35:05.392 [logback-1] WARN  TestChromosome - Functional mock problem: org.evosuite.ga.ConstructionFailedException: Failed to add constructor for org.mockito.internal.invocation.InvocationMatcher due to org.evosuite.ga.ConstructionFailedException: Failed to add constructor for org.mockito.internal.invocation.Invocation due to org.evosuite.ga.ConstructionFailedException: Failed to add constructor for org.mockito.internal.invocation.SerializableMethod due to org.evosuite.ga.ConstructionFailedException: Have no generator for class org.mockito.internal.invocation.InvocationMatcher canUseFunctionalMocks=false, canBeMocked: false

[Progress:=====>                        18%] [Cov:===============>                   44%]
[Progress:=====>                        18%] [Cov:===============>                   45%]
[Progress:=====>                        18%] [Cov:================>                  46%]
[Progress:=====>                        18%] [Cov:================>                  47%]
[Progress:=====>                        18%] [Cov:===============>                   44%]
[Progress:=====>                        18%] [Cov:===============>                   45%]
[Progress:=====>                        18%] [Cov:================>                  46%][MASTER] 20:35:05.598 [logback-1] WARN  TestChromosome - Functional mock problem: org.evosuite.ga.ConstructionFailedException: Failed to add constructor for org.mockito.internal.invocation.Invocation due to org.evosuite.ga.ConstructionFailedException: Failed to add constructor for org.mockito.internal.invocation.realmethod.FilteredCGLIBProxyRealMethod due to org.evosuite.ga.ConstructionFailedException: Failed to add constructor for org.mockito.internal.invocation.realmethod.CGLIBProxyRealMethod due to org.evosuite.ga.ConstructionFailedException: Failed to add constructor for org.mockito.internal.creation.SerializableMockitoMethodProxy due to org.evosuite.ga.ConstructionFailedException: Max recursion depth reached

[Progress:=====>                        18%] [Cov:================>                  47%]
[Progress:=====>                        18%] [Cov:==============>                    42%]
[Progress:=====>                        18%] [Cov:===============>                   45%]
[Progress:=====>                        18%] [Cov:================>                  46%][MASTER] 20:35:05.739 [logback-1] WARN  TestChromosome - Functional mock problem: org.evosuite.ga.ConstructionFailedException: Failed to add constructor for org.mockito.internal.invocation.InvocationMatcher due to org.evosuite.ga.ConstructionFailedException: Failed to add constructor for org.mockito.internal.invocation.Invocation due to org.evosuite.ga.ConstructionFailedException: Failed to add constructor for org.mockito.internal.stubbing.StubbedInvocationMatcher due to org.evosuite.ga.ConstructionFailedException: Failed to add constructor for org.mockito.internal.invocation.InvocationMatcher due to org.evosuite.ga.ConstructionFailedException: Max recursion depth reached

[Progress:=====>                        18%] [Cov:================>                  47%]
[Progress:=====>                        18%] [Cov:==============>                    42%]
[Progress:=====>                        18%] [Cov:===============>                   44%]
[Progress:=====>                        18%] [Cov:===============>                   45%]
[Progress:=====>                        18%] [Cov:================>                  46%]
[Progress:=====>                        18%] [Cov:================>                  47%][MASTER] 20:35:05.975 [logback-1] WARN  TestChromosome - Functional mock problem: org.evosuite.ga.ConstructionFailedException: Failed to add constructor for org.mockito.internal.invocation.Invocation due to org.evosuite.ga.ConstructionFailedException: Failed to add constructor for org.mockito.internal.matchers.LocalizedMatcher due to org.evosuite.ga.ConstructionFailedException: Error: VariableReference: Statement 9, type java.lang.Iterable<org.hamcrest.Matcher<java.lang.Object>> is not assignable to java.lang.Iterable<org.hamcrest.Matcher<? super java.lang.Object>>

[Progress:======>                       20%] [Cov:================>                  47%]
[Progress:======>                       20%] [Cov:================>                  46%]
[Progress:======>                       20%] [Cov:================>                  47%]
[Progress:======>                       20%] [Cov:================>                  46%]
[Progress:======>                       20%] [Cov:================>                  47%][MASTER] 20:35:06.327 [logback-1] WARN  TestChromosome - Functional mock problem: org.evosuite.ga.ConstructionFailedException: Failed to add constructor for org.mockito.internal.invocation.Invocation due to org.evosuite.ga.ConstructionFailedException: Failed to add constructor for org.mockito.internal.invocation.SerializableMethod due to org.evosuite.ga.ConstructionFailedException: Failed to add constructor for org.mockito.internal.stubbing.StubbedInvocationMatcher due to org.evosuite.ga.ConstructionFailedException: Have no generator for class org.mockito.internal.invocation.InvocationMatcher canUseFunctionalMocks=true, canBeMocked: false

[Progress:======>                       20%] [Cov:================>                  46%]
[Progress:======>                       20%] [Cov:================>                  47%][MASTER] 20:35:06.486 [logback-1] WARN  TestChromosome - Functional mock problem: org.evosuite.ga.ConstructionFailedException: Failed to add constructor for org.mockito.internal.invocation.Invocation due to org.evosuite.ga.ConstructionFailedException: Failed to add constructor for org.mockito.internal.stubbing.StubbedInvocationMatcher due to org.evosuite.ga.ConstructionFailedException: Failed to add constructor for org.mockito.internal.invocation.InvocationMatcher due to org.evosuite.ga.ConstructionFailedException: Have no generator for class org.mockito.internal.invocation.Invocation canUseFunctionalMocks=false, canBeMocked: true

[Progress:======>                       20%] [Cov:================>                  46%]
[Progress:======>                       20%] [Cov:================>                  47%]
[Progress:======>                       20%] [Cov:================>                  48%]
[Progress:======>                       20%] [Cov:================>                  46%]
[Progress:======>                       20%] [Cov:================>                  48%][MASTER] 20:35:06.938 [logback-1] WARN  TestChromosome - Functional mock problem: org.evosuite.ga.ConstructionFailedException: Failed to add constructor for org.mockito.internal.invocation.Invocation due to org.evosuite.ga.ConstructionFailedException: Failed to add constructor for org.mockito.internal.invocation.realmethod.FilteredCGLIBProxyRealMethod due to org.evosuite.ga.ConstructionFailedException: Failed to add constructor for org.mockito.internal.invocation.realmethod.FilteredCGLIBProxyRealMethod due to org.evosuite.ga.ConstructionFailedException: Failed to add constructor for org.mockito.internal.creation.DelegatingMockitoMethodProxy due to org.evosuite.ga.ConstructionFailedException: Max recursion depth reached

[Progress:======>                       21%] [Cov:================>                  46%]
[Progress:======>                       21%] [Cov:================>                  47%]
[Progress:======>                       21%] [Cov:================>                  48%]
[Progress:======>                       21%] [Cov:=================>                 49%][MASTER] 20:35:07.136 [logback-1] WARN  TestChromosome - Functional mock problem: org.evosuite.ga.ConstructionFailedException: Failed to add constructor for org.mockito.internal.invocation.Invocation due to org.evosuite.ga.ConstructionFailedException: Failed to add constructor for org.mockito.internal.matchers.LocalizedMatcher due to org.evosuite.ga.ConstructionFailedException: Error: VariableReference: Statement 6, type java.util.TreeSet<org.hamcrest.Matcher<java.lang.Object>> is not assignable to java.lang.Iterable<org.hamcrest.Matcher<? super java.lang.Object>>

[Progress:======>                       21%] [Cov:================>                  46%]
[Progress:======>                       21%] [Cov:================>                  47%]
[Progress:======>                       21%] [Cov:================>                  48%]
[Progress:======>                       21%] [Cov:=================>                 49%][MASTER] 20:35:07.333 [logback-1] WARN  TestChromosome - Functional mock problem: org.evosuite.ga.ConstructionFailedException: Failed to add constructor for org.mockito.internal.invocation.Invocation due to org.evosuite.ga.ConstructionFailedException: Failed to add constructor for org.mockito.internal.invocation.realmethod.FilteredCGLIBProxyRealMethod due to org.evosuite.ga.ConstructionFailedException: Failed to add constructor for org.mockito.internal.invocation.realmethod.FilteredCGLIBProxyRealMethod due to org.evosuite.ga.ConstructionFailedException: Failed to add constructor for org.mockito.internal.creation.SerializableMockitoMethodProxy due to org.evosuite.ga.ConstructionFailedException: Max recursion depth reached

[Progress:======>                       21%] [Cov:================>                  46%]
[Progress:======>                       21%] [Cov:================>                  48%]
[Progress:======>                       21%] [Cov:=================>                 49%][MASTER] 20:35:07.401 [logback-1] WARN  TestChromosome - Functional mock problem: org.evosuite.ga.ConstructionFailedException: Failed to add constructor for org.mockito.internal.invocation.Invocation due to org.evosuite.ga.ConstructionFailedException: Failed to add constructor for org.mockito.internal.invocation.SerializableMethod due to org.evosuite.ga.ConstructionFailedException: Failed to add constructor for org.mockito.internal.invocation.InvocationMatcher due to org.evosuite.ga.ConstructionFailedException: Failed to add constructor for org.mockito.internal.invocation.InvocationMatcher due to org.evosuite.ga.ConstructionFailedException: Max recursion depth reached
[MASTER] 20:35:07.457 [logback-1] WARN  TestChromosome - Functional mock problem: org.evosuite.ga.ConstructionFailedException: Failed to add constructor for org.mockito.internal.invocation.Invocation due to org.evosuite.ga.ConstructionFailedException: Failed to add constructor for org.mockito.internal.invocation.realmethod.CGLIBProxyRealMethod due to org.evosuite.ga.ConstructionFailedException: Failed to add constructor for org.mockito.internal.creation.SerializableMockitoMethodProxy due to org.evosuite.ga.ConstructionFailedException: Failed to add constructor for org.mockito.cglib.core.Signature due to org.evosuite.ga.ConstructionFailedException: Max recursion depth reached
[MASTER] 20:35:07.468 [logback-1] WARN  TestChromosome - Functional mock problem: org.evosuite.ga.ConstructionFailedException: Failed to add constructor for org.mockito.internal.invocation.InvocationMatcher due to org.evosuite.ga.ConstructionFailedException: Failed to add constructor for org.mockito.internal.invocation.Invocation due to org.evosuite.ga.ConstructionFailedException: Failed to add constructor for org.mockito.internal.matchers.LocalizedMatcher due to org.evosuite.ga.ConstructionFailedException: Max recursion depth reached

[Progress:======>                       21%] [Cov:================>                  46%]
[Progress:======>                       21%] [Cov:================>                  47%]
[Progress:======>                       21%] [Cov:================>                  48%]
[Progress:======>                       21%] [Cov:=================>                 49%]
[Progress:======>                       21%] [Cov:================>                  46%]
[Progress:======>                       21%] [Cov:================>                  47%]
[Progress:======>                       21%] [Cov:================>                  48%]
[Progress:======>                       21%] [Cov:=================>                 49%]
[Progress:======>                       21%] [Cov:================>                  46%]
[Progress:======>                       21%] [Cov:================>                  48%]
[Progress:======>                       21%] [Cov:=================>                 49%]
[Progress:======>                       23%] [Cov:================>                  48%]
[Progress:======>                       23%] [Cov:=================>                 49%]
[Progress:======>                       23%] [Cov:================>                  46%]
[Progress:======>                       23%] [Cov:================>                  48%]
[Progress:======>                       23%] [Cov:=================>                 49%][MASTER] 20:35:08.112 [logback-1] WARN  TestChromosome - Functional mock problem: org.evosuite.ga.ConstructionFailedException: Failed to add constructor for org.mockito.internal.invocation.Invocation due to org.evosuite.ga.ConstructionFailedException: Failed to add constructor for org.mockito.internal.invocation.realmethod.FilteredCGLIBProxyRealMethod due to org.evosuite.ga.ConstructionFailedException: Failed to add constructor for org.mockito.internal.creation.SerializableMockitoMethodProxy due to org.evosuite.ga.ConstructionFailedException: Failed to add constructor for org.mockito.cglib.core.Signature due to org.evosuite.ga.ConstructionFailedException: Max recursion depth reached
[MASTER] 20:35:08.186 [logback-1] WARN  TestChromosome - Functional mock problem: org.evosuite.ga.ConstructionFailedException: Failed to add constructor for org.mockito.internal.invocation.Invocation due to org.evosuite.ga.ConstructionFailedException: Failed to add constructor for org.mockito.internal.matchers.LocalizedMatcher due to org.evosuite.ga.ConstructionFailedException: Failed to add constructor for org.hamcrest.core.AllOf due to org.evosuite.ga.ConstructionFailedException: Max recursion depth reached

[Progress:======>                       23%] [Cov:================>                  46%]
[Progress:======>                       23%] [Cov:================>                  48%]
[Progress:======>                       23%] [Cov:=================>                 49%][MASTER] 20:35:08.420 [logback-1] WARN  TestChromosome - Functional mock problem: org.evosuite.ga.ConstructionFailedException: Failed to add constructor for org.mockito.internal.stubbing.StubbedInvocationMatcher due to org.evosuite.ga.ConstructionFailedException: Failed to add constructor for org.mockito.internal.invocation.InvocationMatcher due to org.evosuite.ga.ConstructionFailedException: Failed to add constructor for org.mockito.internal.invocation.Invocation due to org.evosuite.ga.ConstructionFailedException: Failed to add constructor for org.mockito.internal.matchers.LocalizedMatcher due to org.evosuite.ga.ConstructionFailedException: Failed to add constructor for org.hamcrest.core.IsNot due to org.evosuite.ga.ConstructionFailedException: Max recursion depth reached

[Progress:======>                       23%] [Cov:================>                  46%]
[Progress:======>                       23%] [Cov:=================>                 49%]
[Progress:======>                       23%] [Cov:================>                  46%]
[Progress:======>                       23%] [Cov:=================>                 49%]
[Progress:======>                       23%] [Cov:===============>                   45%]
[Progress:======>                       23%] [Cov:=================>                 49%]
[Progress:=======>                      25%] [Cov:=================>                 49%]
[Progress:=======>                      25%] [Cov:===============>                   45%]
[Progress:=======>                      25%] [Cov:=================>                 49%][MASTER] 20:35:09.351 [logback-1] WARN  TestChromosome - Functional mock problem: org.evosuite.ga.ConstructionFailedException: Failed to add constructor for org.mockito.internal.matchers.LocalizedMatcher due to org.evosuite.ga.ConstructionFailedException: Failed to add constructor for org.hamcrest.core.AllOf due to org.evosuite.ga.ConstructionFailedException: Error: VariableReference: Statement 3, type java.util.PriorityQueue<org.hamcrest.Matcher<java.lang.Object>> is not assignable to java.lang.Iterable<org.hamcrest.Matcher<? super java.lang.Object>>

[Progress:=======>                      25%] [Cov:===============>                   45%]
[Progress:=======>                      25%] [Cov:=================>                 49%][MASTER] 20:35:09.570 [logback-1] WARN  TestChromosome - Functional mock problem: org.evosuite.ga.ConstructionFailedException: Failed to add constructor for org.mockito.internal.stubbing.StubbedInvocationMatcher due to org.evosuite.ga.ConstructionFailedException: Failed to add constructor for org.mockito.internal.invocation.InvocationMatcher due to org.evosuite.ga.ConstructionFailedException: Failed to add constructor for org.mockito.internal.invocation.Invocation due to org.evosuite.ga.ConstructionFailedException: Failed to add constructor for org.mockito.internal.invocation.realmethod.FilteredCGLIBProxyRealMethod due to org.evosuite.ga.ConstructionFailedException: Failed to add constructor for org.mockito.internal.invocation.realmethod.CGLIBProxyRealMethod due to org.evosuite.ga.ConstructionFailedException: Max recursion depth reached

[Progress:=======>                      25%] [Cov:===============>                   45%]
[Progress:=======>                      25%] [Cov:=================>                 49%]
[Progress:=======>                      26%] [Cov:================>                  48%]
[Progress:=======>                      26%] [Cov:=================>                 49%]
[Progress:=======>                      26%] [Cov:===============>                   45%]
[Progress:=======>                      26%] [Cov:=================>                 49%]
[Progress:=======>                      26%] [Cov:===============>                   45%]
[Progress:=======>                      26%] [Cov:================>                  48%]
[Progress:=======>                      26%] [Cov:=================>                 49%]
[Progress:=======>                      26%] [Cov:===============>                   45%]
[Progress:=======>                      26%] [Cov:=================>                 49%][MASTER] 20:35:10.593 [logback-1] WARN  TestChromosome - Functional mock problem: org.evosuite.ga.ConstructionFailedException: Failed to add constructor for org.mockito.internal.invocation.Invocation due to org.evosuite.ga.ConstructionFailedException: Failed to add constructor for org.mockito.internal.matchers.LocalizedMatcher due to org.evosuite.ga.ConstructionFailedException: Error: VariableReference: Statement 17, type java.util.HashSet<org.hamcrest.Matcher<java.lang.Object>> is not assignable to java.lang.Iterable<org.hamcrest.Matcher<? super java.lang.Object>>

[Progress:=======>                      26%] [Cov:===============>                   45%]
[Progress:=======>                      26%] [Cov:=================>                 49%][MASTER] 20:35:10.729 [logback-1] WARN  TestChromosome - Functional mock problem: org.evosuite.ga.ConstructionFailedException: Failed to add constructor for org.mockito.internal.invocation.Invocation due to org.evosuite.ga.ConstructionFailedException: Failed to add constructor for org.mockito.internal.invocation.realmethod.CGLIBProxyRealMethod due to org.evosuite.ga.ConstructionFailedException: Failed to add constructor for org.mockito.internal.creation.DelegatingMockitoMethodProxy due to org.evosuite.ga.ConstructionFailedException: Failed to add constructor for org.mockito.cglib.core.Signature due to org.evosuite.ga.ConstructionFailedException: Max recursion depth reached

[Progress:=======>                      26%] [Cov:===============>                   45%]
[Progress:=======>                      26%] [Cov:================>                  48%]
[Progress:=======>                      26%] [Cov:=================>                 49%]
[Progress:========>                     28%] [Cov:=================>                 49%]
[Progress:========>                     28%] [Cov:===============>                   45%]
[Progress:========>                     28%] [Cov:=================>                 49%][MASTER] 20:35:11.413 [logback-1] WARN  TestChromosome - Functional mock problem: org.evosuite.ga.ConstructionFailedException: Failed to add constructor for org.mockito.internal.stubbing.StubbedInvocationMatcher due to org.evosuite.ga.ConstructionFailedException: Failed to add constructor for org.mockito.internal.invocation.InvocationMatcher due to org.evosuite.ga.ConstructionFailedException: Have no generator for class org.mockito.internal.invocation.InvocationMatcher canUseFunctionalMocks=false, canBeMocked: false

[Progress:========>                     28%] [Cov:===============>                   45%]
[Progress:========>                     28%] [Cov:=================>                 49%][MASTER] 20:35:11.711 [logback-1] WARN  TestChromosome - Functional mock problem: org.evosuite.ga.ConstructionFailedException: Failed to add constructor for org.mockito.internal.invocation.InvocationMatcher due to org.evosuite.ga.ConstructionFailedException: Failed to add constructor for org.mockito.internal.invocation.Invocation due to org.evosuite.ga.ConstructionFailedException: Failed to add constructor for org.mockito.internal.invocation.realmethod.FilteredCGLIBProxyRealMethod due to org.evosuite.ga.ConstructionFailedException: Failed to add constructor for org.mockito.internal.creation.SerializableMockitoMethodProxy due to org.evosuite.ga.ConstructionFailedException: Max recursion depth reached

[Progress:========>                     28%] [Cov:===============>                   45%]
[Progress:========>                     28%] [Cov:=================>                 49%][MASTER] 20:35:11.868 [logback-1] WARN  TestChromosome - Functional mock problem: org.evosuite.ga.ConstructionFailedException: Failed to add constructor for org.mockito.internal.invocation.InvocationMatcher due to org.evosuite.ga.ConstructionFailedException: Failed to add constructor for org.mockito.internal.invocation.Invocation due to org.evosuite.ga.ConstructionFailedException: Failed to add constructor for org.mockito.internal.invocation.realmethod.FilteredCGLIBProxyRealMethod due to org.evosuite.ga.ConstructionFailedException: Failed to add constructor for org.mockito.internal.creation.DelegatingMockitoMethodProxy due to org.evosuite.ga.ConstructionFailedException: Max recursion depth reached
[MASTER] 20:35:11.946 [logback-1] WARN  TestChromosome - Functional mock problem: org.evosuite.ga.ConstructionFailedException: Failed to add constructor for org.mockito.internal.stubbing.StubbedInvocationMatcher due to org.evosuite.ga.ConstructionFailedException: Failed to add constructor for org.mockito.internal.invocation.InvocationMatcher due to org.evosuite.ga.ConstructionFailedException: Failed to add constructor for org.mockito.internal.invocation.Invocation due to org.evosuite.ga.ConstructionFailedException: Failed to add constructor for org.mockito.internal.invocation.realmethod.FilteredCGLIBProxyRealMethod due to org.evosuite.ga.ConstructionFailedException: Failed to add constructor for org.mockito.internal.creation.SerializableMockitoMethodProxy due to org.evosuite.ga.ConstructionFailedException: Max recursion depth reached

[Progress:=========>                    30%] [Cov:=================>                 49%]
[Progress:=========>                    30%] [Cov:===============>                   45%]
[Progress:=========>                    30%] [Cov:=================>                 49%]
[Progress:=========>                    30%] [Cov:===============>                   45%]
[Progress:=========>                    30%] [Cov:=================>                 49%]
[Progress:=========>                    30%] [Cov:===============>                   45%]
[Progress:=========>                    30%] [Cov:=================>                 49%]
[Progress:=========>                    31%] [Cov:=================>                 49%]
[Progress:=========>                    31%] [Cov:===============>                   45%]
[Progress:=========>                    31%] [Cov:=================>                 49%]
[Progress:=========>                    31%] [Cov:===============>                   45%]
[Progress:=========>                    31%] [Cov:=================>                 49%]
[Progress:=========>                    31%] [Cov:=================>                 49%]
[Progress:=========>                    33%] [Cov:=================>                 49%]
[Progress:=========>                    33%] [Cov:=================>                 49%]
[Progress:=========>                    33%] [Cov:=================>                 49%][MASTER] 20:35:14.715 [logback-1] WARN  TestChromosome - Functional mock problem: org.evosuite.ga.ConstructionFailedException: Failed to add constructor for org.mockito.internal.invocation.InvocationMatcher due to org.evosuite.ga.ConstructionFailedException: Failed to add constructor for org.mockito.internal.invocation.Invocation due to org.evosuite.ga.ConstructionFailedException: Failed to add constructor for org.mockito.internal.matchers.LocalizedMatcher due to org.evosuite.ga.ConstructionFailedException: Error: VariableReference: Statement 5, type java.lang.Iterable<org.hamcrest.Matcher<org.mockito.internal.matchers.LocalizedMatcher>> is not assignable to java.lang.Iterable<org.hamcrest.Matcher<? super org.mockito.internal.matchers.LocalizedMatcher>>
[MASTER] 20:35:14.716 [logback-1] WARN  TestChromosome - Functional mock problem: org.evosuite.ga.ConstructionFailedException: Have no generator for class org.mockito.internal.matchers.LocalizedMatcher canUseFunctionalMocks=false, canBeMocked: true

[Progress:=========>                    33%] [Cov:=================>                 49%]
[Progress:==========>                   35%] [Cov:===============>                   45%]
[Progress:==========>                   35%] [Cov:=================>                 49%][MASTER] 20:35:15.211 [logback-1] WARN  TestChromosome - Functional mock problem: org.evosuite.ga.ConstructionFailedException: Failed to add constructor for org.mockito.internal.invocation.Invocation due to org.evosuite.ga.ConstructionFailedException: Failed to add constructor for org.mockito.internal.stubbing.StubbedInvocationMatcher due to org.evosuite.ga.ConstructionFailedException: Failed to add constructor for org.mockito.internal.invocation.InvocationMatcher due to org.evosuite.ga.ConstructionFailedException: Max recursion depth reached

[Progress:==========>                   35%] [Cov:================>                  47%]
[Progress:==========>                   35%] [Cov:=================>                 49%]
[Progress:==========>                   35%] [Cov:================>                  47%]
[Progress:==========>                   35%] [Cov:=================>                 49%]
[Progress:==========>                   36%] [Cov:=================>                 49%][MASTER] 20:35:16.102 [logback-1] WARN  TestChromosome - Functional mock problem: org.evosuite.ga.ConstructionFailedException: Failed to add constructor for org.mockito.internal.matchers.LocalizedMatcher due to org.evosuite.ga.ConstructionFailedException: Failed to add constructor for org.hamcrest.core.AnyOf due to org.evosuite.ga.ConstructionFailedException: Error: VariableReference: Statement 9, type java.util.ArrayDeque<org.hamcrest.Matcher<org.mockito.internal.matchers.LocalizedMatcher>> is not assignable to java.lang.Iterable<org.hamcrest.Matcher<? super org.mockito.internal.matchers.LocalizedMatcher>>

[Progress:==========>                   36%] [Cov:================>                  47%]
[Progress:==========>                   36%] [Cov:=================>                 49%]
[Progress:==========>                   36%] [Cov:=================>                 49%]
[Progress:===========>                  38%] [Cov:=================>                 49%]
[Progress:===========>                  38%] [Cov:=================>                 49%]
[Progress:===========>                  38%] [Cov:=================>                 49%]
[Progress:============>                 40%] [Cov:=================>                 49%][MASTER] 20:35:17.989 [logback-1] WARN  TestChromosome - Functional mock problem: org.evosuite.ga.ConstructionFailedException: Failed to add constructor for org.mockito.internal.matchers.LocalizedMatcher due to org.evosuite.ga.ConstructionFailedException: Error: VariableReference: Statement 10, type java.lang.Iterable<org.hamcrest.Matcher<java.lang.Object>> is not assignable to java.lang.Iterable<org.hamcrest.Matcher<? super org.mockito.internal.matchers.LocalizedMatcher>>

[Progress:============>                 40%] [Cov:=================>                 49%]
[Progress:============>                 40%] [Cov:=================>                 49%]
[Progress:============>                 41%] [Cov:=================>                 49%]
[Progress:============>                 41%] [Cov:=================>                 49%][MASTER] 20:35:19.685 [logback-1] WARN  TestChromosome - Functional mock problem: org.evosuite.ga.ConstructionFailedException: Failed to add constructor for org.mockito.internal.invocation.Invocation due to org.evosuite.ga.ConstructionFailedException: Failed to add constructor for org.mockito.internal.invocation.realmethod.FilteredCGLIBProxyRealMethod due to org.evosuite.ga.ConstructionFailedException: Failed to add constructor for org.mockito.internal.creation.SerializableMockitoMethodProxy due to org.evosuite.ga.ConstructionFailedException: Max recursion depth reached

[Progress:============>                 41%] [Cov:=================>                 49%]
[Progress:============>                 43%] [Cov:===============>                   44%]
[Progress:============>                 43%] [Cov:=================>                 49%]
[Progress:============>                 43%] [Cov:=================>                 49%]
[Progress:============>                 43%] [Cov:================>                  47%]
[Progress:============>                 43%] [Cov:=================>                 49%][MASTER] 20:35:20.708 [logback-1] WARN  TestChromosome - Functional mock problem: org.evosuite.ga.ConstructionFailedException: Failed to add constructor for org.mockito.internal.invocation.Invocation due to org.evosuite.ga.ConstructionFailedException: Failed to add constructor for org.mockito.internal.matchers.LocalizedMatcher due to org.evosuite.ga.ConstructionFailedException: Failed to add constructor for org.hamcrest.core.AllOf due to org.evosuite.ga.ConstructionFailedException: Error: VariableReference: Statement 2, type java.util.Vector<org.hamcrest.Matcher<java.lang.Object>> is not assignable to java.lang.Iterable<org.hamcrest.Matcher<? super java.lang.Object>>

[Progress:=============>                45%] [Cov:=================>                 49%]
[Progress:=============>                45%] [Cov:================>                  48%]
[Progress:=============>                45%] [Cov:=================>                 49%][MASTER] 20:35:21.312 [logback-1] WARN  TestChromosome - Functional mock problem: org.evosuite.ga.ConstructionFailedException: Failed to add constructor for org.mockito.internal.matchers.LocalizedMatcher due to org.evosuite.ga.ConstructionFailedException: Failed to add constructor for org.mockito.internal.invocation.Invocation due to org.evosuite.ga.ConstructionFailedException: Max recursion depth reached
[MASTER] 20:35:21.418 [logback-1] WARN  TestChromosome - Functional mock problem: org.evosuite.ga.ConstructionFailedException: Failed to add constructor for org.mockito.internal.matchers.LocalizedMatcher due to org.evosuite.ga.ConstructionFailedException: Failed to add constructor for org.hamcrest.core.AllOf due to org.evosuite.ga.ConstructionFailedException: Error: VariableReference: Statement 8, type java.lang.Iterable<org.hamcrest.Matcher<java.lang.Object>> is not assignable to java.lang.Iterable<org.hamcrest.Matcher<? super java.lang.Object>>

[Progress:=============>                45%] [Cov:================>                  48%]
[Progress:=============>                45%] [Cov:=================>                 49%]
[Progress:=============>                46%] [Cov:=================>                 49%]
[Progress:=============>                46%] [Cov:================>                  48%]
[Progress:=============>                46%] [Cov:=================>                 49%]
[Progress:=============>                46%] [Cov:================>                  48%]
[Progress:=============>                46%] [Cov:=================>                 49%]
[Progress:==============>               48%] [Cov:=================>                 49%][MASTER] 20:35:23.174 [logback-1] WARN  TestChromosome - Functional mock problem: org.evosuite.ga.ConstructionFailedException: Failed to add constructor for org.mockito.internal.invocation.InvocationMatcher due to org.evosuite.ga.ConstructionFailedException: Failed to add constructor for org.mockito.internal.invocation.Invocation due to org.evosuite.ga.ConstructionFailedException: Failed to add constructor for org.mockito.internal.invocation.realmethod.FilteredCGLIBProxyRealMethod due to org.evosuite.ga.ConstructionFailedException: Failed to add constructor for org.mockito.internal.invocation.realmethod.FilteredCGLIBProxyRealMethod due to org.evosuite.ga.ConstructionFailedException: Failed to add constructor for org.mockito.internal.creation.DelegatingMockitoMethodProxy due to org.evosuite.ga.ConstructionFailedException: Max recursion depth reached

[Progress:==============>               48%] [Cov:================>                  48%]
[Progress:==============>               48%] [Cov:=================>                 49%]
[Progress:==============>               48%] [Cov:================>                  48%]
[Progress:==============>               48%] [Cov:=================>                 49%]
[Progress:===============>              50%] [Cov:================>                  48%]
[Progress:===============>              50%] [Cov:=================>                 49%][MASTER] 20:35:24.254 [logback-1] WARN  TestChromosome - Functional mock problem: org.evosuite.ga.ConstructionFailedException: Failed to add constructor for org.mockito.internal.matchers.LocalizedMatcher due to org.evosuite.ga.ConstructionFailedException: Error: VariableReference: Statement 16, type java.util.ArrayList<org.hamcrest.Matcher<java.lang.Object>> is not assignable to java.lang.Iterable<org.hamcrest.Matcher<? super java.lang.Object>>

[Progress:===============>              50%] [Cov:================>                  48%]
[Progress:===============>              50%] [Cov:=================>                 49%]
[Progress:===============>              50%] [Cov:================>                  48%]
[Progress:===============>              50%] [Cov:=================>                 49%]
[Progress:===============>              51%] [Cov:=================>                 49%]
[Progress:===============>              51%] [Cov:================>                  48%]
[Progress:===============>              51%] [Cov:=================>                 49%]
[Progress:===============>              51%] [Cov:================>                  47%]
[Progress:===============>              51%] [Cov:=================>                 49%][MASTER] 20:35:25.929 [logback-1] WARN  TestChromosome - Functional mock problem: org.evosuite.ga.ConstructionFailedException: Failed to add constructor for org.mockito.internal.stubbing.StubbedInvocationMatcher due to org.evosuite.ga.ConstructionFailedException: Failed to add constructor for org.mockito.internal.invocation.InvocationMatcher due to org.evosuite.ga.ConstructionFailedException: Failed to add constructor for org.mockito.internal.invocation.Invocation due to org.evosuite.ga.ConstructionFailedException: Failed to add constructor for org.mockito.internal.invocation.realmethod.FilteredCGLIBProxyRealMethod due to org.evosuite.ga.ConstructionFailedException: Failed to add constructor for org.mockito.internal.creation.DelegatingMockitoMethodProxy due to org.evosuite.ga.ConstructionFailedException: Max recursion depth reached

[Progress:===============>              53%] [Cov:=================>                 49%][MASTER] 20:35:25.985 [logback-1] WARN  TestChromosome - Functional mock problem: org.evosuite.ga.ConstructionFailedException: Failed to add constructor for org.mockito.internal.matchers.LocalizedMatcher due to org.evosuite.ga.ConstructionFailedException: Failed to add constructor for org.mockito.internal.invocation.Invocation due to org.evosuite.ga.ConstructionFailedException: Failed to add constructor for org.mockito.internal.invocation.realmethod.FilteredCGLIBProxyRealMethod due to org.evosuite.ga.ConstructionFailedException: Max recursion depth reached
[MASTER] 20:35:26.058 [logback-1] WARN  TestChromosome - Functional mock problem: org.evosuite.ga.ConstructionFailedException: Failed to add constructor for org.mockito.internal.matchers.LocalizedMatcher due to org.evosuite.ga.ConstructionFailedException: Error: VariableReference: Statement 9, type java.util.HashSet<org.hamcrest.Matcher<org.mockito.internal.matchers.LocalizedMatcher>> is not assignable to java.lang.Iterable<org.hamcrest.Matcher<? super org.mockito.internal.matchers.LocalizedMatcher>>

[Progress:===============>              53%] [Cov:================>                  47%]
[Progress:===============>              53%] [Cov:=================>                 49%]
[Progress:===============>              53%] [Cov:================>                  47%]
[Progress:===============>              53%] [Cov:=================>                 49%]
[Progress:===============>              53%] [Cov:=================>                 50%]
[Progress:===============>              53%] [Cov:=================>                 51%][MASTER] 20:35:26.859 [logback-1] WARN  TestChromosome - Functional mock problem: org.evosuite.ga.ConstructionFailedException: Failed to add constructor for org.mockito.internal.matchers.LocalizedMatcher due to org.evosuite.ga.ConstructionFailedException: Failed to add constructor for org.hamcrest.core.AnyOf due to org.evosuite.ga.ConstructionFailedException: Error: VariableReference: Statement 11, type java.lang.Class<org.hamcrest.Matcher> is not assignable to java.lang.Class<org.hamcrest.Matcher<java.lang.Object>>

[Progress:===============>              53%] [Cov:=================>                 50%]
[Progress:================>             55%] [Cov:=================>                 49%]
[Progress:================>             55%] [Cov:=================>                 50%]
[Progress:================>             55%] [Cov:=================>                 51%]
[Progress:================>             55%] [Cov:=================>                 50%]
[Progress:================>             55%] [Cov:=================>                 51%]
[Progress:================>             55%] [Cov:=================>                 51%]
[Progress:================>             56%] [Cov:================>                  47%]
[Progress:================>             56%] [Cov:=================>                 51%][MASTER] 20:35:28.204 [logback-1] WARN  TestChromosome - Functional mock problem: org.evosuite.ga.ConstructionFailedException: Failed to add constructor for org.mockito.internal.stubbing.StubbedInvocationMatcher due to org.evosuite.ga.ConstructionFailedException: Failed to add constructor for org.mockito.internal.invocation.InvocationMatcher due to org.evosuite.ga.ConstructionFailedException: Failed to add constructor for org.mockito.internal.invocation.Invocation due to org.evosuite.ga.ConstructionFailedException: Failed to add constructor for org.mockito.internal.invocation.realmethod.CGLIBProxyRealMethod due to org.evosuite.ga.ConstructionFailedException: Failed to add constructor for org.mockito.internal.creation.SerializableMockitoMethodProxy due to org.evosuite.ga.ConstructionFailedException: Max recursion depth reached

[Progress:================>             56%] [Cov:=================>                 51%][MASTER] 20:35:28.562 [logback-1] WARN  TestChromosome - Functional mock problem: org.evosuite.ga.ConstructionFailedException: Failed to add constructor for org.mockito.internal.stubbing.StubbedInvocationMatcher due to org.evosuite.ga.ConstructionFailedException: Failed to add constructor for org.mockito.internal.invocation.InvocationMatcher due to org.evosuite.ga.ConstructionFailedException: Failed to add constructor for org.mockito.internal.invocation.Invocation due to org.evosuite.ga.ConstructionFailedException: Failed to add constructor for org.mockito.internal.matchers.LocalizedMatcher due to org.evosuite.ga.ConstructionFailedException: Failed to add constructor for org.hamcrest.core.Is due to org.evosuite.ga.ConstructionFailedException: Max recursion depth reached

[Progress:================>             56%] [Cov:=================>                 51%]
[Progress:================>             56%] [Cov:=================>                 51%]
[Progress:=================>            58%] [Cov:=================>                 49%]
[Progress:=================>            58%] [Cov:=================>                 51%]
[Progress:=================>            58%] [Cov:=================>                 51%]
[Progress:=================>            58%] [Cov:=================>                 51%]
[Progress:==================>           60%] [Cov:=================>                 50%]
[Progress:==================>           60%] [Cov:=================>                 51%]
[Progress:==================>           60%] [Cov:=================>                 51%]
[Progress:==================>           60%] [Cov:=================>                 49%]
[Progress:==================>           60%] [Cov:=================>                 51%][MASTER] 20:35:30.860 [logback-1] WARN  TestChromosome - Functional mock problem: org.evosuite.ga.ConstructionFailedException: Failed to add constructor for org.mockito.internal.invocation.InvocationMatcher due to org.evosuite.ga.ConstructionFailedException: Failed to add constructor for org.mockito.internal.invocation.Invocation due to org.evosuite.ga.ConstructionFailedException: Failed to add constructor for org.mockito.internal.invocation.realmethod.FilteredCGLIBProxyRealMethod due to org.evosuite.ga.ConstructionFailedException: Failed to add constructor for org.mockito.internal.invocation.realmethod.FilteredCGLIBProxyRealMethod due to org.evosuite.ga.ConstructionFailedException: Max recursion depth reached

[Progress:==================>           61%] [Cov:=================>                 51%]
[Progress:==================>           61%] [Cov:=================>                 49%]
[Progress:==================>           61%] [Cov:=================>                 51%]
[Progress:==================>           61%] [Cov:=================>                 49%]
[Progress:==================>           61%] [Cov:=================>                 51%]
[Progress:==================>           63%] [Cov:=================>                 51%]
[Progress:==================>           63%] [Cov:=================>                 49%]
[Progress:==================>           63%] [Cov:=================>                 51%]
[Progress:==================>           63%] [Cov:==================>                52%]
[Progress:==================>           63%] [Cov:==================>                52%]
[Progress:===================>          65%] [Cov:================>                  48%]
[Progress:===================>          65%] [Cov:=================>                 51%]
[Progress:===================>          65%] [Cov:==================>                52%]
[Progress:===================>          65%] [Cov:==================>                52%]
[Progress:===================>          65%] [Cov:==================>                52%][MASTER] 20:35:33.753 [logback-1] WARN  TestChromosome - Functional mock problem: org.evosuite.ga.ConstructionFailedException: Failed to add constructor for org.mockito.internal.stubbing.StubbedInvocationMatcher due to org.evosuite.ga.ConstructionFailedException: Failed to add constructor for org.mockito.internal.invocation.InvocationMatcher due to org.evosuite.ga.ConstructionFailedException: Failed to add constructor for org.mockito.internal.invocation.Invocation due to org.evosuite.ga.ConstructionFailedException: Failed to add constructor for org.mockito.internal.invocation.realmethod.CGLIBProxyRealMethod due to org.evosuite.ga.ConstructionFailedException: Failed to add constructor for org.mockito.internal.creation.DelegatingMockitoMethodProxy due to org.evosuite.ga.ConstructionFailedException: Max recursion depth reached

[Progress:===================>          66%] [Cov:=================>                 51%]
[Progress:===================>          66%] [Cov:==================>                52%]
[Progress:===================>          66%] [Cov:================>                  48%]
[Progress:===================>          66%] [Cov:=================>                 51%]
[Progress:===================>          66%] [Cov:==================>                52%]
[Progress:===================>          66%] [Cov:==================>                52%][MASTER] 20:35:34.838 [logback-1] WARN  TestChromosome - Functional mock problem: org.evosuite.ga.ConstructionFailedException: Failed to add constructor for org.mockito.internal.invocation.Invocation due to org.evosuite.ga.ConstructionFailedException: Failed to add constructor for org.mockito.internal.invocation.InvocationMatcher due to org.evosuite.ga.ConstructionFailedException: Have no generator for class org.mockito.internal.invocation.Invocation canUseFunctionalMocks=false, canBeMocked: true

[Progress:====================>         68%] [Cov:==================>                52%]
[Progress:====================>         68%] [Cov:=================>                 49%]
[Progress:====================>         68%] [Cov:==================>                52%][MASTER] 20:35:35.226 [logback-1] WARN  TestChromosome - Functional mock problem: org.evosuite.ga.ConstructionFailedException: Failed to add constructor for org.mockito.internal.invocation.Invocation due to org.evosuite.ga.ConstructionFailedException: Failed to add constructor for org.mockito.internal.invocation.realmethod.FilteredCGLIBProxyRealMethod due to org.evosuite.ga.ConstructionFailedException: Failed to add constructor for org.mockito.internal.invocation.realmethod.CGLIBProxyRealMethod due to org.evosuite.ga.ConstructionFailedException: Failed to add constructor for org.mockito.internal.creation.DelegatingMockitoMethodProxy due to org.evosuite.ga.ConstructionFailedException: Max recursion depth reached

[Progress:====================>         68%] [Cov:=================>                 49%]
[Progress:====================>         68%] [Cov:==================>                52%][MASTER] 20:35:35.846 [logback-1] WARN  TestChromosome - Functional mock problem: org.evosuite.ga.ConstructionFailedException: Failed to add constructor for org.mockito.internal.matchers.LocalizedMatcher due to org.evosuite.ga.ConstructionFailedException: Failed to add constructor for org.hamcrest.core.AllOf due to org.evosuite.ga.ConstructionFailedException: Error: VariableReference: Statement 9, type java.util.PriorityQueue<org.hamcrest.Matcher<java.lang.Object>> is not assignable to java.lang.Iterable<org.hamcrest.Matcher<? super java.lang.Object>>

[Progress:=====================>        70%] [Cov:==================>                52%]
[Progress:=====================>        70%] [Cov:=================>                 49%]
[Progress:=====================>        70%] [Cov:==================>                52%][MASTER] 20:35:36.067 [logback-1] WARN  TestChromosome - Functional mock problem: org.evosuite.ga.ConstructionFailedException: Failed to add constructor for org.mockito.internal.invocation.Invocation due to org.evosuite.ga.ConstructionFailedException: Failed to add constructor for org.mockito.internal.matchers.LocalizedMatcher due to org.evosuite.ga.ConstructionFailedException: Error: VariableReference: Statement 12, type java.util.TreeSet<org.hamcrest.Matcher<java.lang.Object>> is not assignable to java.lang.Iterable<org.hamcrest.Matcher<? super java.lang.Object>>
[MASTER] 20:35:36.072 [logback-1] WARN  TestCluster - Failed to check cache for java.util.Comparator<T> : Type points to itself

[Progress:=====================>        70%] [Cov:=================>                 49%]
[Progress:=====================>        70%] [Cov:=================>                 51%]
[Progress:=====================>        70%] [Cov:==================>                52%]
[Progress:=====================>        70%] [Cov:=================>                 49%]
[Progress:=====================>        70%] [Cov:==================>                52%]
[Progress:=====================>        71%] [Cov:==================>                52%]
[Progress:=====================>        71%] [Cov:=================>                 49%]
[Progress:=====================>        71%] [Cov:==================>                52%]
[Progress:=====================>        71%] [Cov:=================>                 49%]
[Progress:=====================>        71%] [Cov:==================>                52%][MASTER] 20:35:37.690 [logback-1] WARN  TestChromosome - Functional mock problem: org.evosuite.ga.ConstructionFailedException: Failed to add constructor for org.mockito.internal.invocation.Invocation due to org.evosuite.ga.ConstructionFailedException: Failed to add constructor for org.mockito.internal.matchers.LocalizedMatcher due to org.evosuite.ga.ConstructionFailedException: Failed to add constructor for org.hamcrest.core.DescribedAs due to org.evosuite.ga.ConstructionFailedException: Max recursion depth reached

[Progress:=====================>        71%] [Cov:=================>                 49%]
[Progress:=====================>        71%] [Cov:==================>                52%]
[Progress:=====================>        73%] [Cov:==================>                52%]
[Progress:=====================>        73%] [Cov:=================>                 49%]
[Progress:=====================>        73%] [Cov:==================>                52%][MASTER] 20:35:38.298 [logback-1] WARN  TestChromosome - Functional mock problem: org.evosuite.ga.ConstructionFailedException: Failed to add constructor for org.mockito.internal.invocation.InvocationMatcher due to org.evosuite.ga.ConstructionFailedException: Failed to add constructor for org.mockito.internal.invocation.Invocation due to org.evosuite.ga.ConstructionFailedException: Failed to add constructor for org.mockito.internal.invocation.InvocationMatcher due to org.evosuite.ga.ConstructionFailedException: Max recursion depth reached

[Progress:=====================>        73%] [Cov:=================>                 49%]
[Progress:=====================>        73%] [Cov:==================>                52%]
[Progress:=====================>        73%] [Cov:=================>                 49%]
[Progress:=====================>        73%] [Cov:==================>                52%]
[Progress:=====================>        73%] [Cov:=================>                 49%]
[Progress:=====================>        73%] [Cov:==================>                52%]
[Progress:======================>       75%] [Cov:==================>                52%]
[Progress:======================>       75%] [Cov:=================>                 49%]
[Progress:======================>       75%] [Cov:==================>                52%]
[Progress:======================>       75%] [Cov:=================>                 49%]
[Progress:======================>       75%] [Cov:==================>                52%][MASTER] 20:35:39.595 [logback-1] WARN  TestChromosome - Functional mock problem: org.evosuite.ga.ConstructionFailedException: Failed to add constructor for org.mockito.internal.invocation.Invocation due to org.evosuite.ga.ConstructionFailedException: Failed to add constructor for org.mockito.internal.matchers.LocalizedMatcher due to org.evosuite.ga.ConstructionFailedException: Failed to add constructor for org.hamcrest.core.AnyOf due to org.evosuite.ga.ConstructionFailedException: Error: VariableReference: Statement 6, type java.util.PriorityQueue<org.hamcrest.Matcher<org.mockito.internal.matchers.LocalizedMatcher>> is not assignable to java.lang.Iterable<org.hamcrest.Matcher<? super org.mockito.internal.matchers.LocalizedMatcher>>

[Progress:======================>       75%] [Cov:=================>                 49%]
[Progress:======================>       75%] [Cov:==================>                52%]
[Progress:======================>       76%] [Cov:==================>                52%]
[Progress:======================>       76%] [Cov:=================>                 49%]
[Progress:======================>       76%] [Cov:==================>                52%]
[Progress:======================>       76%] [Cov:=================>                 49%]
[Progress:======================>       76%] [Cov:==================>                52%]
[Progress:======================>       76%] [Cov:================>                  48%]
[Progress:======================>       76%] [Cov:=================>                 51%]
[Progress:======================>       76%] [Cov:==================>                52%]
[Progress:=======================>      78%] [Cov:==================>                52%]
[Progress:=======================>      78%] [Cov:================>                  48%]
[Progress:=======================>      78%] [Cov:=================>                 51%]
[Progress:=======================>      78%] [Cov:==================>                52%]
[Progress:=======================>      78%] [Cov:=================>                 49%]
[Progress:=======================>      78%] [Cov:==================>                52%][MASTER] 20:35:41.688 [logback-1] WARN  TestChromosome - Functional mock problem: org.evosuite.ga.ConstructionFailedException: Failed to add constructor for org.mockito.internal.stubbing.StubbedInvocationMatcher due to org.evosuite.ga.ConstructionFailedException: Failed to add constructor for org.mockito.internal.invocation.InvocationMatcher due to org.evosuite.ga.ConstructionFailedException: Failed to add constructor for org.mockito.internal.invocation.Invocation due to org.evosuite.ga.ConstructionFailedException: Failed to add constructor for org.mockito.internal.matchers.LocalizedMatcher due to org.evosuite.ga.ConstructionFailedException: Failed to add constructor for org.hamcrest.core.CombinableMatcher due to org.evosuite.ga.ConstructionFailedException: Max recursion depth reached
[MASTER] 20:35:41.722 [logback-1] WARN  TestChromosome - Functional mock problem: org.evosuite.ga.ConstructionFailedException: Failed to add constructor for org.mockito.internal.invocation.Invocation due to org.evosuite.ga.ConstructionFailedException: Failed to add constructor for org.mockito.internal.matchers.LocalizedMatcher due to org.evosuite.ga.ConstructionFailedException: Error: VariableReference: Statement 1, type java.lang.Class<org.hamcrest.Matcher> is not assignable to java.lang.Class<org.hamcrest.Matcher<java.lang.Object>>

[Progress:=======================>      78%] [Cov:=================>                 49%]
[Progress:=======================>      78%] [Cov:==================>                52%][MASTER] 20:35:41.972 [logback-1] WARN  TestChromosome - Functional mock problem: org.evosuite.ga.ConstructionFailedException: Failed to add constructor for org.mockito.internal.stubbing.StubbedInvocationMatcher due to org.evosuite.ga.ConstructionFailedException: Failed to add constructor for org.mockito.internal.invocation.InvocationMatcher due to org.evosuite.ga.ConstructionFailedException: Failed to add constructor for org.mockito.internal.invocation.Invocation due to org.evosuite.ga.ConstructionFailedException: Failed to add constructor for org.mockito.internal.matchers.LocalizedMatcher due to org.evosuite.ga.ConstructionFailedException: Failed to add constructor for org.hamcrest.beans.SamePropertyValuesAs$PropertyMatcher due to org.evosuite.ga.ConstructionFailedException: Max recursion depth reached

[Progress:========================>     80%] [Cov:==================>                52%]
[Progress:========================>     80%] [Cov:=================>                 49%]
[Progress:========================>     80%] [Cov:==================>                52%][MASTER] 20:35:42.338 [logback-1] WARN  TestChromosome - Functional mock problem: org.evosuite.ga.ConstructionFailedException: Failed to add constructor for org.mockito.internal.invocation.InvocationMatcher due to org.evosuite.ga.ConstructionFailedException: Failed to add constructor for org.mockito.internal.invocation.Invocation due to org.evosuite.ga.ConstructionFailedException: Failed to add constructor for org.mockito.internal.invocation.InvocationMatcher due to org.evosuite.ga.ConstructionFailedException: Have no generator for class org.mockito.internal.invocation.Invocation canUseFunctionalMocks=false, canBeMocked: true
[MASTER] 20:35:42.402 [logback-1] WARN  TestChromosome - Functional mock problem: org.evosuite.ga.ConstructionFailedException: Failed to add constructor for org.mockito.internal.matchers.LocalizedMatcher due to org.evosuite.ga.ConstructionFailedException: Failed to add constructor for org.hamcrest.core.AllOf due to org.evosuite.ga.ConstructionFailedException: Error: VariableReference: Statement 9, type java.util.Vector<org.hamcrest.Matcher<java.lang.Object>> is not assignable to java.lang.Iterable<org.hamcrest.Matcher<? super java.lang.Object>>

[Progress:========================>     80%] [Cov:=================>                 49%]
[Progress:========================>     80%] [Cov:==================>                52%]
[Progress:========================>     80%] [Cov:=================>                 49%]
[Progress:========================>     80%] [Cov:==================>                52%]
[Progress:========================>     81%] [Cov:=================>                 51%]
[Progress:========================>     81%] [Cov:==================>                52%]
[Progress:========================>     81%] [Cov:=================>                 49%]
[Progress:========================>     81%] [Cov:==================>                52%][MASTER] 20:35:43.037 [logback-1] WARN  TestChromosome - Functional mock problem: org.evosuite.ga.ConstructionFailedException: Failed to add constructor for org.mockito.internal.invocation.Invocation due to org.evosuite.ga.ConstructionFailedException: Failed to add constructor for org.mockito.internal.matchers.LocalizedMatcher due to org.evosuite.ga.ConstructionFailedException: Failed to add constructor for org.hamcrest.core.AllOf due to org.evosuite.ga.ConstructionFailedException: Error: VariableReference: Statement 3, type java.util.PriorityQueue<org.hamcrest.Matcher<java.lang.Object>> is not assignable to java.lang.Iterable<org.hamcrest.Matcher<? super java.lang.Object>>

[Progress:========================>     81%] [Cov:=================>                 49%]
[Progress:========================>     81%] [Cov:==================>                52%][MASTER] 20:35:43.581 [logback-1] WARN  TestChromosome - Functional mock problem: org.evosuite.ga.ConstructionFailedException: Failed to add constructor for org.mockito.internal.matchers.LocalizedMatcher due to org.evosuite.ga.ConstructionFailedException: Failed to add constructor for org.hamcrest.core.CombinableMatcher due to org.evosuite.ga.ConstructionFailedException: Failed to add constructor for org.hamcrest.core.AllOf due to org.evosuite.ga.ConstructionFailedException: Error: VariableReference: Statement 5, type java.util.LinkedHashSet<org.hamcrest.Matcher<java.lang.Object>> is not assignable to java.lang.Iterable<org.hamcrest.Matcher<? super java.lang.Object>>

[Progress:========================>     81%] [Cov:=================>                 49%]
[Progress:========================>     81%] [Cov:==================>                52%]
[Progress:========================>     83%] [Cov:==================>                52%]
[Progress:========================>     83%] [Cov:=================>                 49%]
[Progress:========================>     83%] [Cov:==================>                52%]
[Progress:========================>     83%] [Cov:=================>                 49%]
[Progress:========================>     83%] [Cov:=================>                 51%]
[Progress:========================>     83%] [Cov:==================>                52%]
[Progress:========================>     83%] [Cov:=================>                 49%]
[Progress:========================>     83%] [Cov:==================>                52%]
[Progress:=========================>    85%] [Cov:==================>                52%][MASTER] 20:35:45.012 [logback-1] WARN  TestChromosome - Functional mock problem: org.evosuite.ga.ConstructionFailedException: Failed to add constructor for org.mockito.internal.matchers.LocalizedMatcher due to org.evosuite.ga.ConstructionFailedException: Error: VariableReference: Statement 10, type java.util.ArrayList<org.hamcrest.Matcher<java.lang.annotation.Annotation>> is not assignable to java.lang.Iterable<org.hamcrest.Matcher<? super java.lang.annotation.Annotation>>

[Progress:=========================>    85%] [Cov:=================>                 49%]
[Progress:=========================>    85%] [Cov:=================>                 51%]
[Progress:=========================>    85%] [Cov:==================>                52%]
[Progress:=========================>    85%] [Cov:=================>                 49%]
[Progress:=========================>    85%] [Cov:=================>                 50%]
[Progress:=========================>    85%] [Cov:==================>                52%]
[Progress:=========================>    86%] [Cov:===============>                   45%]
[Progress:=========================>    86%] [Cov:==================>                52%]
[Progress:=========================>    86%] [Cov:=================>                 49%]
[Progress:=========================>    86%] [Cov:==================>                52%]
[Progress:=========================>    86%] [Cov:=================>                 49%]
[Progress:=========================>    86%] [Cov:==================>                52%]
[Progress:=========================>    86%] [Cov:=================>                 49%]
[Progress:=========================>    86%] [Cov:==================>                52%]
[Progress:=========================>    86%] [Cov:=================>                 49%]
[Progress:=========================>    86%] [Cov:==================>                52%]
[Progress:==========================>   88%] [Cov:==================>                52%][MASTER] 20:35:46.984 [logback-1] WARN  TestChromosome - Functional mock problem: org.evosuite.ga.ConstructionFailedException: Failed to add constructor for org.mockito.internal.stubbing.StubbedInvocationMatcher due to org.evosuite.ga.ConstructionFailedException: Failed to add constructor for org.mockito.internal.invocation.InvocationMatcher due to org.evosuite.ga.ConstructionFailedException: Failed to add constructor for org.mockito.internal.invocation.Invocation due to org.evosuite.ga.ConstructionFailedException: Failed to add constructor for org.mockito.internal.matchers.LocalizedMatcher due to org.evosuite.ga.ConstructionFailedException: Failed to add constructor for org.hamcrest.collection.IsIn due to org.evosuite.ga.ConstructionFailedException: Max recursion depth reached

[Progress:==========================>   88%] [Cov:=================>                 49%]
[Progress:==========================>   88%] [Cov:==================>                52%]
[Progress:==========================>   88%] [Cov:=================>                 49%]
[Progress:==========================>   88%] [Cov:==================>                52%]
[Progress:==========================>   88%] [Cov:=================>                 49%]
[Progress:==========================>   88%] [Cov:==================>                52%]
[Progress:===========================>  90%] [Cov:==================>                52%]
[Progress:===========================>  90%] [Cov:=================>                 49%]
[Progress:===========================>  90%] [Cov:==================>                52%]
[Progress:===========================>  90%] [Cov:=================>                 49%]
[Progress:===========================>  90%] [Cov:==================>                52%][MASTER] 20:35:48.556 [logback-1] WARN  TestChromosome - Functional mock problem: org.evosuite.ga.ConstructionFailedException: Failed to add constructor for org.mockito.internal.invocation.InvocationMatcher due to org.evosuite.ga.ConstructionFailedException: Failed to add constructor for org.mockito.internal.invocation.Invocation due to org.evosuite.ga.ConstructionFailedException: Failed to add constructor for org.mockito.internal.matchers.LocalizedMatcher due to org.evosuite.ga.ConstructionFailedException: Error: VariableReference: Statement 1, type java.util.Vector<org.hamcrest.Matcher<java.lang.Object>> is not assignable to java.lang.Iterable<org.hamcrest.Matcher<? super org.mockito.internal.matchers.LocalizedMatcher>>
[MASTER] 20:35:48.622 [logback-1] WARN  TestChromosome - Functional mock problem: org.evosuite.ga.ConstructionFailedException: Failed to add constructor for org.mockito.internal.invocation.Invocation due to org.evosuite.ga.ConstructionFailedException: Failed to add constructor for org.mockito.internal.matchers.LocalizedMatcher due to org.evosuite.ga.ConstructionFailedException: Failed to add constructor for org.hamcrest.beans.HasPropertyWithValue due to org.evosuite.ga.ConstructionFailedException: Max recursion depth reached

[Progress:===========================>  90%] [Cov:=================>                 49%][MASTER] 20:35:48.733 [logback-1] WARN  TestChromosome - Functional mock problem: org.evosuite.ga.ConstructionFailedException: Failed to add constructor for org.mockito.internal.invocation.InvocationMatcher due to org.evosuite.ga.ConstructionFailedException: Failed to add constructor for org.mockito.internal.invocation.Invocation due to org.evosuite.ga.ConstructionFailedException: Failed to add constructor for org.mockito.internal.matchers.LocalizedMatcher due to org.evosuite.ga.ConstructionFailedException: Failed to add constructor for org.hamcrest.core.AllOf due to org.evosuite.ga.ConstructionFailedException: Error: VariableReference: Statement 4, type java.util.PriorityQueue<org.hamcrest.Matcher<org.mockito.internal.matchers.LocalizedMatcher>> is not assignable to java.lang.Iterable<org.hamcrest.Matcher<? super org.mockito.internal.matchers.LocalizedMatcher>>

[Progress:===========================>  90%] [Cov:==================>                52%]
[Progress:===========================>  91%] [Cov:==================>                52%]
[Progress:===========================>  91%] [Cov:=================>                 49%]
[Progress:===========================>  91%] [Cov:==================>                52%]
[Progress:===========================>  91%] [Cov:=================>                 49%]
[Progress:===========================>  91%] [Cov:==================>                52%]
[Progress:===========================>  91%] [Cov:=================>                 49%]
[Progress:===========================>  91%] [Cov:==================>                52%]
[Progress:===========================>  93%] [Cov:==================>                52%]
[Progress:===========================>  93%] [Cov:=================>                 49%]
[Progress:===========================>  93%] [Cov:==================>                52%][MASTER] 20:35:50.048 [logback-1] WARN  TestChromosome - Functional mock problem: org.evosuite.ga.ConstructionFailedException: Failed to add constructor for org.mockito.internal.matchers.LocalizedMatcher due to org.evosuite.ga.ConstructionFailedException: Failed to add constructor for org.hamcrest.core.Is due to org.evosuite.ga.ConstructionFailedException: Failed to add constructor for org.hamcrest.core.IsNot due to org.evosuite.ga.ConstructionFailedException: Failed to add constructor for org.hamcrest.core.AllOf due to org.evosuite.ga.ConstructionFailedException: Error: VariableReference: Statement 11, type java.util.Vector<org.hamcrest.Matcher<org.mockito.internal.matchers.LocalizedMatcher>> is not assignable to java.lang.Iterable<org.hamcrest.Matcher<? super org.mockito.internal.matchers.LocalizedMatcher>>

[Progress:===========================>  93%] [Cov:=================>                 49%]
[Progress:===========================>  93%] [Cov:==================>                52%][MASTER] 20:35:50.587 [logback-1] WARN  TestChromosome - Functional mock problem: org.evosuite.ga.ConstructionFailedException: Failed to add constructor for org.mockito.internal.invocation.Invocation due to org.evosuite.ga.ConstructionFailedException: Failed to add constructor for org.mockito.internal.matchers.LocalizedMatcher due to org.evosuite.ga.ConstructionFailedException: Max recursion depth reached

[Progress:===========================>  93%] [Cov:=================>                 49%]
[Progress:===========================>  93%] [Cov:==================>                52%]
[Progress:============================> 95%] [Cov:==================>                52%]
[Progress:============================> 95%] [Cov:=================>                 49%]
[Progress:============================> 95%] [Cov:==================>                52%]
[Progress:============================> 95%] [Cov:=================>                 49%]
[Progress:============================> 95%] [Cov:==================>                52%]
[Progress:============================> 95%] [Cov:=================>                 49%]
[Progress:============================> 95%] [Cov:==================>                52%]
[Progress:============================> 96%] [Cov:==================>                52%][MASTER] 20:35:51.984 [logback-1] WARN  TestChromosome - Functional mock problem: org.evosuite.ga.ConstructionFailedException: Failed to add constructor for org.mockito.internal.matchers.LocalizedMatcher due to org.evosuite.ga.ConstructionFailedException: Failed to add constructor for org.hamcrest.core.AnyOf due to org.evosuite.ga.ConstructionFailedException: Error: VariableReference: Statement 8, type java.util.LinkedList<org.hamcrest.Matcher<java.lang.Object>> is not assignable to java.lang.Iterable<org.hamcrest.Matcher<? super java.lang.Object>>

[Progress:============================> 96%] [Cov:=================>                 49%]
[Progress:============================> 96%] [Cov:==================>                52%]
[Progress:============================> 96%] [Cov:=================>                 49%]
[Progress:============================> 96%] [Cov:==================>                52%]
[Progress:============================> 96%] [Cov:=================>                 49%]
[Progress:============================> 96%] [Cov:==================>                52%]
[Progress:=============================>98%] [Cov:==================>                52%]
[Progress:=============================>98%] [Cov:=================>                 49%]
[Progress:=============================>98%] [Cov:=================>                 50%]
[Progress:=============================>98%] [Cov:==================>                52%]
[Progress:=============================>98%] [Cov:=================>                 49%]
[Progress:=============================>98%] [Cov:==================>                52%]
[Progress:==============================100%] [Cov:==================>                52%]
[Progress:==============================100%] [Cov:=================>                 49%]
[Progress:==============================100%] [Cov:==================>                52%]
[Progress:==============================100%] [Cov:=================>                 49%]
[Progress:==============================100%] [Cov:==================>                52%]
[Progress:==============================100%] [Cov:==================>                52%]
[Progress:==============================100%] [Cov:=================>                 49%]
* Search finished after 62s and 165 generations, 73130 statements, best individual has fitness: 227.947368417793
* Minimizing test suite
* Going to analyze the coverage criteria
* Coverage analysis for criterion LINE
* Coverage of criterion LINE: 50%
* Total number of goals: 38
* Number of covered goals: 19
* Coverage analysis for criterion BRANCH
* Coverage of criterion BRANCH: 31%
* Total number of goals: 39
* Number of covered goals: 12
* Coverage analysis for criterion EXCEPTION
* Coverage of criterion EXCEPTION: 45%
* Total number of goals: 11
* Number of covered goals: 5
* Coverage analysis for criterion WEAKMUTATION
* Coverage of criterion WEAKMUTATION: 9%
* Total number of goals: 68
* Number of covered goals: 6
* Coverage analysis for criterion OUTPUT
* Coverage of criterion OUTPUT: 14%
* Total number of goals: 44
* Number of covered goals: 6
* Coverage analysis for criterion METHOD
* Coverage of criterion METHOD: 100%
* Total number of goals: 12
* Number of covered goals: 12
* Coverage analysis for criterion METHODNOEXCEPTION
* Coverage of criterion METHODNOEXCEPTION: 67%
* Total number of goals: 12
* Number of covered goals: 8
* Coverage analysis for criterion CBRANCH
* Coverage of criterion CBRANCH: 31%
* Total number of goals: 39
* Number of covered goals: 12
* Generated 11 tests with total length 40
* Resulting test suite's coverage: 50% (average coverage for all fitness functions)
* Generating assertions
* Resulting test suite's mutation score: 7%
* Compiling and checking tests
* Writing tests to file
* Writing JUnit test case 'InvocationMatcher_ESTest' to evosuite-tests
* Done!

* Computation finished

