Analyzing workspace /home/ph7/sqa-project/workspaces/codec_13b/
Search for Go files
Found 0 Go files
Search for Java files
Load dependency stdlib:@dev
src/main/java/org/apache/commons/codec/binary/BaseNCodec.java: org.apache.commons.codec.binary.BaseNCodec.resizeBuffer: function is private and therefore inaccessible for tests
src/main/java/org/apache/commons/codec/binary/BaseNCodecOutputStream.java: org.apache.commons.codec.binary.BaseNCodecOutputStream.flush: function is private and therefore inaccessible for tests
src/main/java/org/apache/commons/codec/binary/BinaryCodec.java: org.apache.commons.codec.binary.BinaryCodec.isEmpty: function is private and therefore inaccessible for tests
src/main/java/org/apache/commons/codec/binary/StringUtils.java: org.apache.commons.codec.binary.StringUtils.getBytes: function is private and therefore inaccessible for tests
src/main/java/org/apache/commons/codec/binary/StringUtils.java: org.apache.commons.codec.binary.StringUtils.newIllegalStateException: function is private and therefore inaccessible for tests
src/main/java/org/apache/commons/codec/binary/StringUtils.java: org.apache.commons.codec.binary.StringUtils.newString: function is private and therefore inaccessible for tests
src/main/java/org/apache/commons/codec/digest/DigestUtils.java: org.apache.commons.codec.digest.DigestUtils.digest: function is private and therefore inaccessible for tests
src/main/java/org/apache/commons/codec/digest/MessageDigestAlgorithms.java: org.apache.commons.codec.digest.MessageDigestAlgorithms.MessageDigestAlgorithms: function is private and therefore inaccessible for tests
src/main/java/org/apache/commons/codec/digest/Sha2Crypt.java: org.apache.commons.codec.digest.Sha2Crypt.sha2Crypt: function is private and therefore inaccessible for tests
src/main/java/org/apache/commons/codec/digest/UnixCrypt.java: org.apache.commons.codec.digest.UnixCrypt.body: function is private and therefore inaccessible for tests
src/main/java/org/apache/commons/codec/digest/UnixCrypt.java: org.apache.commons.codec.digest.UnixCrypt.byteToUnsigned: function is private and therefore inaccessible for tests
src/main/java/org/apache/commons/codec/digest/UnixCrypt.java: org.apache.commons.codec.digest.UnixCrypt.dEncrypt: function is private and therefore inaccessible for tests
src/main/java/org/apache/commons/codec/digest/UnixCrypt.java: org.apache.commons.codec.digest.UnixCrypt.desSetKey: function is private and therefore inaccessible for tests
src/main/java/org/apache/commons/codec/digest/UnixCrypt.java: org.apache.commons.codec.digest.UnixCrypt.fourBytesToInt: function is private and therefore inaccessible for tests
src/main/java/org/apache/commons/codec/digest/UnixCrypt.java: org.apache.commons.codec.digest.UnixCrypt.hPermOp: function is private and therefore inaccessible for tests
src/main/java/org/apache/commons/codec/digest/UnixCrypt.java: org.apache.commons.codec.digest.UnixCrypt.intToFourBytes: function is private and therefore inaccessible for tests
src/main/java/org/apache/commons/codec/digest/UnixCrypt.java: org.apache.commons.codec.digest.UnixCrypt.permOp: function is private and therefore inaccessible for tests
src/main/java/org/apache/commons/codec/language/ColognePhonetic.java: org.apache.commons.codec.language.ColognePhonetic.CologneBuffer.CologneBuffer: function is private and therefore inaccessible for tests
src/main/java/org/apache/commons/codec/language/ColognePhonetic.java: org.apache.commons.codec.language.ColognePhonetic.CologneBuffer.CologneBuffer: function is private and therefore inaccessible for tests
src/main/java/org/apache/commons/codec/language/ColognePhonetic.java: org.apache.commons.codec.language.ColognePhonetic.CologneBuffer.copyData: function is private and therefore inaccessible for tests
src/main/java/org/apache/commons/codec/language/ColognePhonetic.java: org.apache.commons.codec.language.ColognePhonetic.CologneBuffer.length: function is private and therefore inaccessible for tests
src/main/java/org/apache/commons/codec/language/ColognePhonetic.java: org.apache.commons.codec.language.ColognePhonetic.CologneBuffer.toString: function is private and therefore inaccessible for tests
src/main/java/org/apache/commons/codec/language/ColognePhonetic.java: org.apache.commons.codec.language.ColognePhonetic.CologneOutputBuffer.CologneOutputBuffer: function is private and therefore inaccessible for tests
src/main/java/org/apache/commons/codec/language/ColognePhonetic.java: org.apache.commons.codec.language.ColognePhonetic.CologneOutputBuffer.addRight: function is private and therefore inaccessible for tests
src/main/java/org/apache/commons/codec/language/ColognePhonetic.java: org.apache.commons.codec.language.ColognePhonetic.CologneOutputBuffer.copyData: function is private and therefore inaccessible for tests
src/main/java/org/apache/commons/codec/language/ColognePhonetic.java: org.apache.commons.codec.language.ColognePhonetic.CologneInputBuffer.CologneInputBuffer: function is private and therefore inaccessible for tests
src/main/java/org/apache/commons/codec/language/ColognePhonetic.java: org.apache.commons.codec.language.ColognePhonetic.CologneInputBuffer.addLeft: function is private and therefore inaccessible for tests
src/main/java/org/apache/commons/codec/language/ColognePhonetic.java: org.apache.commons.codec.language.ColognePhonetic.CologneInputBuffer.copyData: function is private and therefore inaccessible for tests
src/main/java/org/apache/commons/codec/language/ColognePhonetic.java: org.apache.commons.codec.language.ColognePhonetic.CologneInputBuffer.getNextChar: function is private and therefore inaccessible for tests
src/main/java/org/apache/commons/codec/language/ColognePhonetic.java: org.apache.commons.codec.language.ColognePhonetic.CologneInputBuffer.getNextPos: function is private and therefore inaccessible for tests
src/main/java/org/apache/commons/codec/language/ColognePhonetic.java: org.apache.commons.codec.language.ColognePhonetic.CologneInputBuffer.removeNext: function is private and therefore inaccessible for tests
src/main/java/org/apache/commons/codec/language/ColognePhonetic.java: org.apache.commons.codec.language.ColognePhonetic.arrayContains: function is private and therefore inaccessible for tests
src/main/java/org/apache/commons/codec/language/ColognePhonetic.java: org.apache.commons.codec.language.ColognePhonetic.preprocess: function is private and therefore inaccessible for tests
src/main/java/org/apache/commons/codec/language/DoubleMetaphone.java: org.apache.commons.codec.language.DoubleMetaphone.handleAEIOUY: function is private and therefore inaccessible for tests
src/main/java/org/apache/commons/codec/language/DoubleMetaphone.java: org.apache.commons.codec.language.DoubleMetaphone.handleC: function is private and therefore inaccessible for tests
src/main/java/org/apache/commons/codec/language/DoubleMetaphone.java: org.apache.commons.codec.language.DoubleMetaphone.handleCC: function is private and therefore inaccessible for tests
src/main/java/org/apache/commons/codec/language/DoubleMetaphone.java: org.apache.commons.codec.language.DoubleMetaphone.handleCH: function is private and therefore inaccessible for tests
src/main/java/org/apache/commons/codec/language/DoubleMetaphone.java: org.apache.commons.codec.language.DoubleMetaphone.handleD: function is private and therefore inaccessible for tests
src/main/java/org/apache/commons/codec/language/DoubleMetaphone.java: org.apache.commons.codec.language.DoubleMetaphone.handleG: function is private and therefore inaccessible for tests
src/main/java/org/apache/commons/codec/language/DoubleMetaphone.java: org.apache.commons.codec.language.DoubleMetaphone.handleGH: function is private and therefore inaccessible for tests
src/main/java/org/apache/commons/codec/language/DoubleMetaphone.java: org.apache.commons.codec.language.DoubleMetaphone.handleH: function is private and therefore inaccessible for tests
src/main/java/org/apache/commons/codec/language/DoubleMetaphone.java: org.apache.commons.codec.language.DoubleMetaphone.handleJ: function is private and therefore inaccessible for tests
src/main/java/org/apache/commons/codec/language/DoubleMetaphone.java: org.apache.commons.codec.language.DoubleMetaphone.handleL: function is private and therefore inaccessible for tests
src/main/java/org/apache/commons/codec/language/DoubleMetaphone.java: org.apache.commons.codec.language.DoubleMetaphone.handleP: function is private and therefore inaccessible for tests
src/main/java/org/apache/commons/codec/language/DoubleMetaphone.java: org.apache.commons.codec.language.DoubleMetaphone.handleR: function is private and therefore inaccessible for tests
src/main/java/org/apache/commons/codec/language/DoubleMetaphone.java: org.apache.commons.codec.language.DoubleMetaphone.handleS: function is private and therefore inaccessible for tests
src/main/java/org/apache/commons/codec/language/DoubleMetaphone.java: org.apache.commons.codec.language.DoubleMetaphone.handleSC: function is private and therefore inaccessible for tests
src/main/java/org/apache/commons/codec/language/DoubleMetaphone.java: org.apache.commons.codec.language.DoubleMetaphone.handleT: function is private and therefore inaccessible for tests
src/main/java/org/apache/commons/codec/language/DoubleMetaphone.java: org.apache.commons.codec.language.DoubleMetaphone.handleW: function is private and therefore inaccessible for tests
src/main/java/org/apache/commons/codec/language/DoubleMetaphone.java: org.apache.commons.codec.language.DoubleMetaphone.handleX: function is private and therefore inaccessible for tests
src/main/java/org/apache/commons/codec/language/DoubleMetaphone.java: org.apache.commons.codec.language.DoubleMetaphone.handleZ: function is private and therefore inaccessible for tests
src/main/java/org/apache/commons/codec/language/DoubleMetaphone.java: org.apache.commons.codec.language.DoubleMetaphone.conditionC0: function is private and therefore inaccessible for tests
src/main/java/org/apache/commons/codec/language/DoubleMetaphone.java: org.apache.commons.codec.language.DoubleMetaphone.conditionCH0: function is private and therefore inaccessible for tests
src/main/java/org/apache/commons/codec/language/DoubleMetaphone.java: org.apache.commons.codec.language.DoubleMetaphone.conditionCH1: function is private and therefore inaccessible for tests
src/main/java/org/apache/commons/codec/language/DoubleMetaphone.java: org.apache.commons.codec.language.DoubleMetaphone.conditionL0: function is private and therefore inaccessible for tests
src/main/java/org/apache/commons/codec/language/DoubleMetaphone.java: org.apache.commons.codec.language.DoubleMetaphone.conditionM0: function is private and therefore inaccessible for tests
src/main/java/org/apache/commons/codec/language/DoubleMetaphone.java: org.apache.commons.codec.language.DoubleMetaphone.isSlavoGermanic: function is private and therefore inaccessible for tests
src/main/java/org/apache/commons/codec/language/DoubleMetaphone.java: org.apache.commons.codec.language.DoubleMetaphone.isVowel: function is private and therefore inaccessible for tests
src/main/java/org/apache/commons/codec/language/DoubleMetaphone.java: org.apache.commons.codec.language.DoubleMetaphone.isSilentStart: function is private and therefore inaccessible for tests
src/main/java/org/apache/commons/codec/language/DoubleMetaphone.java: org.apache.commons.codec.language.DoubleMetaphone.cleanInput: function is private and therefore inaccessible for tests
src/main/java/org/apache/commons/codec/language/Metaphone.java: org.apache.commons.codec.language.Metaphone.isVowel: function is private and therefore inaccessible for tests
src/main/java/org/apache/commons/codec/language/Metaphone.java: org.apache.commons.codec.language.Metaphone.isPreviousChar: function is private and therefore inaccessible for tests
src/main/java/org/apache/commons/codec/language/Metaphone.java: org.apache.commons.codec.language.Metaphone.isNextChar: function is private and therefore inaccessible for tests
src/main/java/org/apache/commons/codec/language/Metaphone.java: org.apache.commons.codec.language.Metaphone.regionMatch: function is private and therefore inaccessible for tests
src/main/java/org/apache/commons/codec/language/Metaphone.java: org.apache.commons.codec.language.Metaphone.isLastChar: function is private and therefore inaccessible for tests
src/main/java/org/apache/commons/codec/language/Nysiis.java: org.apache.commons.codec.language.Nysiis.isVowel: function is private and therefore inaccessible for tests
src/main/java/org/apache/commons/codec/language/Nysiis.java: org.apache.commons.codec.language.Nysiis.transcodeRemaining: function is private and therefore inaccessible for tests
src/main/java/org/apache/commons/codec/language/Soundex.java: org.apache.commons.codec.language.Soundex.getMappingCode: function is private and therefore inaccessible for tests
src/main/java/org/apache/commons/codec/language/Soundex.java: org.apache.commons.codec.language.Soundex.getSoundexMapping: function is private and therefore inaccessible for tests
src/main/java/org/apache/commons/codec/language/Soundex.java: org.apache.commons.codec.language.Soundex.map: function is private and therefore inaccessible for tests
src/main/java/org/apache/commons/codec/language/bm/Lang.java: org.apache.commons.codec.language.bm.Lang.LangRule.LangRule: function is private and therefore inaccessible for tests
src/main/java/org/apache/commons/codec/language/bm/Lang.java: org.apache.commons.codec.language.bm.Lang.LangRule.matches: function is private and therefore inaccessible for tests
src/main/java/org/apache/commons/codec/language/bm/Lang.java: org.apache.commons.codec.language.bm.Lang.Lang: function is private and therefore inaccessible for tests
src/main/java/org/apache/commons/codec/language/bm/Languages.java: org.apache.commons.codec.language.bm.Languages.SomeLanguages.SomeLanguages: function is private and therefore inaccessible for tests
src/main/java/org/apache/commons/codec/language/bm/Languages.java: org.apache.commons.codec.language.bm.Languages.langResourceName: function is private and therefore inaccessible for tests
src/main/java/org/apache/commons/codec/language/bm/Languages.java: org.apache.commons.codec.language.bm.Languages.Languages: function is private and therefore inaccessible for tests
src/main/java/org/apache/commons/codec/language/bm/NameType.java: org.apache.commons.codec.language.bm.@@NameType.@@NameType: function is private and therefore inaccessible for tests
src/main/java/org/apache/commons/codec/language/bm/PhoneticEngine.java: org.apache.commons.codec.language.bm.PhoneticEngine.PhonemeBuilder.PhonemeBuilder: function is private and therefore inaccessible for tests
src/main/java/org/apache/commons/codec/language/bm/PhoneticEngine.java: org.apache.commons.codec.language.bm.PhoneticEngine.PhonemeBuilder.PhonemeBuilder: function is private and therefore inaccessible for tests
src/main/java/org/apache/commons/codec/language/bm/PhoneticEngine.java: org.apache.commons.codec.language.bm.PhoneticEngine.RulesApplication.RulesApplication: function is private and therefore inaccessible for tests
src/main/java/org/apache/commons/codec/language/bm/PhoneticEngine.java: org.apache.commons.codec.language.bm.PhoneticEngine.RulesApplication.getI: function is private and therefore inaccessible for tests
src/main/java/org/apache/commons/codec/language/bm/PhoneticEngine.java: org.apache.commons.codec.language.bm.PhoneticEngine.RulesApplication.getPhonemeBuilder: function is private and therefore inaccessible for tests
src/main/java/org/apache/commons/codec/language/bm/PhoneticEngine.java: org.apache.commons.codec.language.bm.PhoneticEngine.RulesApplication.invoke: function is private and therefore inaccessible for tests
src/main/java/org/apache/commons/codec/language/bm/PhoneticEngine.java: org.apache.commons.codec.language.bm.PhoneticEngine.RulesApplication.isFound: function is private and therefore inaccessible for tests
src/main/java/org/apache/commons/codec/language/bm/PhoneticEngine.java: org.apache.commons.codec.language.bm.PhoneticEngine.join: function is private and therefore inaccessible for tests
src/main/java/org/apache/commons/codec/language/bm/PhoneticEngine.java: org.apache.commons.codec.language.bm.PhoneticEngine.applyFinalRules: function is private and therefore inaccessible for tests
src/main/java/org/apache/commons/codec/language/bm/Rule.java: org.apache.commons.codec.language.bm.Rule.contains: function is private and therefore inaccessible for tests
src/main/java/org/apache/commons/codec/language/bm/Rule.java: org.apache.commons.codec.language.bm.Rule.createResourceName: function is private and therefore inaccessible for tests
src/main/java/org/apache/commons/codec/language/bm/Rule.java: org.apache.commons.codec.language.bm.Rule.createScanner: function is private and therefore inaccessible for tests
src/main/java/org/apache/commons/codec/language/bm/Rule.java: org.apache.commons.codec.language.bm.Rule.createScanner: function is private and therefore inaccessible for tests
src/main/java/org/apache/commons/codec/language/bm/Rule.java: org.apache.commons.codec.language.bm.Rule.endsWith: function is private and therefore inaccessible for tests
src/main/java/org/apache/commons/codec/language/bm/Rule.java: org.apache.commons.codec.language.bm.Rule.parsePhoneme: function is private and therefore inaccessible for tests
src/main/java/org/apache/commons/codec/language/bm/Rule.java: org.apache.commons.codec.language.bm.Rule.parsePhonemeExpr: function is private and therefore inaccessible for tests
src/main/java/org/apache/commons/codec/language/bm/Rule.java: org.apache.commons.codec.language.bm.Rule.parseRules: function is private and therefore inaccessible for tests
src/main/java/org/apache/commons/codec/language/bm/Rule.java: org.apache.commons.codec.language.bm.Rule.pattern: function is private and therefore inaccessible for tests
src/main/java/org/apache/commons/codec/language/bm/Rule.java: org.apache.commons.codec.language.bm.Rule.startsWith: function is private and therefore inaccessible for tests
src/main/java/org/apache/commons/codec/language/bm/Rule.java: org.apache.commons.codec.language.bm.Rule.stripQuotes: function is private and therefore inaccessible for tests
src/main/java/org/apache/commons/codec/language/bm/RuleType.java: org.apache.commons.codec.language.bm.@@RuleType.@@RuleType: function is private and therefore inaccessible for tests
src/main/java/org/apache/commons/codec/net/QuotedPrintableCodec.java: org.apache.commons.codec.net.QuotedPrintableCodec.encodeQuotedPrintable: function is private and therefore inaccessible for tests
src/main/java/org/apache/commons/codec/Charsets.java: error: unknown import
	data: java/nio/charset/Charset
src/main/java/org/apache/commons/codec/StringEncoderComparator.java: error: unknown type
	data: SuppressWarnings
src/main/java/org/apache/commons/codec/StringEncoderComparator.java: error: unknown type
	data: Deprecated
src/main/java/org/apache/commons/codec/binary/Base32.java: error: unknown function
	data: [struct(java/lang/System, [], [pointer(reference(java/lang/Object))], []) java/lang/System//arraycopy [] [lineSeparator 0 select(this, lineSeparator) 0 len(ensure_not_nil(lineSeparator))]]
src/main/java/org/apache/commons/codec/binary/Base32.java: error: unknown function
	data: [struct(java/lang/System, [], [pointer(reference(java/lang/Object))], []) java/lang/System//arraycopy [] [select(this, lineSeparator) 0 buffer select(context, pos) len(ensure_not_nil(select(this, lineSeparator)))]]
src/main/java/org/apache/commons/codec/binary/Base32.java: error: unknown function
	data: [struct(java/lang/System, [], [pointer(reference(java/lang/Object))], []) java/lang/System//arraycopy [] [select(this, lineSeparator) 0 buffer select(context, pos) len(ensure_not_nil(select(this, lineSeparator)))]]
src/main/java/org/apache/commons/codec/binary/Base64.java: error: unknown import
	data: java/math/BigInteger
src/main/java/org/apache/commons/codec/binary/Base64.java: error: unknown type
	data: Deprecated
src/main/java/org/apache/commons/codec/binary/Base64.java: error: unknown function
	data: [struct(java/lang/System, [], [pointer(reference(java/lang/Object))], []) java/lang/System//arraycopy [] [lineSeparator 0 select(this, lineSeparator) 0 len(ensure_not_nil(lineSeparator))]]
src/main/java/org/apache/commons/codec/binary/Base64.java: unsupported: unsupported type
	data: ==(select(this, encodeTable), org/apache/commons/codec/binary/Base64//URL_SAFE_ENCODE_TABLE)
src/main/java/org/apache/commons/codec/binary/Base64.java: error: unknown function
	data: [struct(java/lang/System, [], [pointer(reference(java/lang/Object))], []) java/lang/System//arraycopy [] [select(this, lineSeparator) 0 buffer select(context, pos) len(ensure_not_nil(select(this, lineSeparator)))]]
src/main/java/org/apache/commons/codec/binary/Base64.java: error: unknown function
	data: [struct(java/lang/System, [], [pointer(reference(java/lang/Object))], []) java/lang/System//arraycopy [] [select(this, lineSeparator) 0 buffer select(context, pos) len(ensure_not_nil(select(this, lineSeparator)))]]
src/main/java/org/apache/commons/codec/binary/Base64.java: unsupported: unsupported type
	data: ==(select(this, encodeTable), org/apache/commons/codec/binary/Base64//STANDARD_ENCODE_TABLE)
src/main/java/org/apache/commons/codec/binary/Base64.java: error: unknown function
	data: [struct(java/lang/System, [], [pointer(reference(java/lang/Object))], []) java/lang/System//arraycopy [] [bigBytes startSrc resizedBytes startDst len]]
src/main/java/org/apache/commons/codec/binary/BaseNCodec.java: error: unknown type
	data: SuppressWarnings
src/main/java/org/apache/commons/codec/binary/BaseNCodec.java: error: unknown function
	data: [struct(java/lang/System, [], [pointer(reference(java/lang/Object))], []) java/lang/System//arraycopy [] [select(context, buffer) select(context, readPos) b bPos len]]
src/main/java/org/apache/commons/codec/binary/BaseNCodec.java: unsupported: unsupported type
	data: &{0xc0008245c0 <nil> [] 0xc000823540 type [] {None [] [] None}}
src/main/java/org/apache/commons/codec/binary/BaseNCodec.java: error: unknown import
	data: java/util/Arrays
src/main/java/org/apache/commons/codec/binary/BaseNCodec.java: error: unknown function
	data: [struct(java/lang/System, [], [pointer(reference(java/lang/Object))], []) java/lang/System//arraycopy [] [select(context, buffer) 0 b 0 len(ensure_not_nil(select(context, buffer)))]]
src/main/java/org/apache/commons/codec/binary/BaseNCodec.java: internal error: not all elements have the same type
	data: primitive(int, 8, false) vs primitive(char, 16, true)
src/main/java/org/apache/commons/codec/binary/BaseNCodec.java: internal error: not all elements have the same type
	data: [function(variable(this, pointer(reference(org/apache/commons/codec/binary/BaseNCodec))), org/apache/commons/codec/binary/BaseNCodec//encode!2dcfcbf77da22bb3290a2dcf338b4c85, [variable(pArray, array(primitive(int, 8, false), primitive(int, 32, false), 0))], [variable(, array(primitive(int, 8, false), primitive(int, 32, false), 0))], block([never_nil(this), if(||(==(pArray, nil), ==(len(ensure_not_nil(pArray)), 0)), block([return([pArray])]), %!s(<nil>)), declaration([context], [pointer(reference(org/apache/commons/codec/binary/BaseNCodec//Context))], [call(org/apache/commons/codec/binary/BaseNCodec//Context//Context!d41d8cd98f00b204e9800998ecf8427e, [])], Modifier(1048584)), call(select(this, encode!2fdd5a2c99e9c12e6809c8a83c385c9d), [pArray, 0, len(ensure_not_nil(pArray)), context]), call(select(this, encode!2fdd5a2c99e9c12e6809c8a83c385c9d), [pArray, 0, org/apache/commons/codec/binary/BaseNCodec//EOF, context]), declaration([buf], [array(primitive(int, 8, false), primitive(int, 32, false), 0)], [make(array(primitive(int, 8, false), primitive(int, 32, false), 0), -(select(context, pos), select(context, readPos)))], Modifier(1048584)), call(select(this, readResults!2fdd5a2c99e9c12e6809c8a83c385c9d), [buf, 0, len(ensure_not_nil(buf)), context]), return([buf])])) return([call(select(this, encode!2dcfcbf77da22bb3290a2dcf338b4c85), [cast(obj, array(primitive(int, 8, false), primitive(int, 32, false), 0))])])]
src/main/java/org/apache/commons/codec/binary/BaseNCodec.java: unsupported: unsupported type
	data: &{0xc0008250a0 <nil> [] 0xc000823cc0 type [] {None [] [] None}}
src/main/java/org/apache/commons/codec/binary/BaseNCodec.java: internal error: not all elements have the same type
	data: [function(variable(this, pointer(reference(org/apache/commons/codec/binary/BaseNCodec))), org/apache/commons/codec/binary/BaseNCodec//decode!2dcfcbf77da22bb3290a2dcf338b4c85, [variable(pArray, array(primitive(int, 8, false), primitive(int, 32, false), 0))], [variable(, array(primitive(int, 8, false), primitive(int, 32, false), 0))], block([never_nil(this), if(||(==(pArray, nil), ==(len(ensure_not_nil(pArray)), 0)), block([return([pArray])]), %!s(<nil>)), declaration([context], [pointer(reference(org/apache/commons/codec/binary/BaseNCodec//Context))], [call(org/apache/commons/codec/binary/BaseNCodec//Context//Context!d41d8cd98f00b204e9800998ecf8427e, [])], Modifier(1048584)), call(select(this, decode!2fdd5a2c99e9c12e6809c8a83c385c9d), [pArray, 0, len(ensure_not_nil(pArray)), context]), call(select(this, decode!2fdd5a2c99e9c12e6809c8a83c385c9d), [pArray, 0, org/apache/commons/codec/binary/BaseNCodec//EOF, context]), declaration([result], [array(primitive(int, 8, false), primitive(int, 32, false), 0)], [make(array(primitive(int, 8, false), primitive(int, 32, false), 0), select(context, pos))], Modifier(1048584)), call(select(this, readResults!2fdd5a2c99e9c12e6809c8a83c385c9d), [result, 0, len(ensure_not_nil(result)), context]), return([result])])) return([call(select(this, decode!2dcfcbf77da22bb3290a2dcf338b4c85), [cast(obj, array(primitive(int, 8, false), primitive(int, 32, false), 0))])])]
src/main/java/org/apache/commons/codec/binary/BaseNCodec.java: error: unknown function
	data: [pointer(reference(org/apache/commons/codec/binary/BaseNCodec//Context)) org/apache/commons/codec/binary/BaseNCodec//Context//getClass [] []]
src/main/java/org/apache/commons/codec/binary/BaseNCodecInputStream.java: error: unknown import
	data: java/io/FilterInputStream
src/main/java/org/apache/commons/codec/binary/BaseNCodecInputStream.java: error: unknown field
	data: [this struct(org/apache/commons/codec/binary/BaseNCodecInputStream, [], [unsupported(java/io/FilterInputStream)], []) in]
src/main/java/org/apache/commons/codec/binary/BaseNCodecOutputStream.java: error: unknown import
	data: java/io/FilterOutputStream
src/main/java/org/apache/commons/codec/binary/BaseNCodecOutputStream.java: error: unknown field
	data: [this struct(org/apache/commons/codec/binary/BaseNCodecOutputStream, [], [unsupported(java/io/FilterOutputStream)], []) out]
src/main/java/org/apache/commons/codec/binary/BaseNCodecOutputStream.java: error: unknown field
	data: [this struct(org/apache/commons/codec/binary/BaseNCodecOutputStream, [], [unsupported(java/io/FilterOutputStream)], []) out]
src/main/java/org/apache/commons/codec/binary/BinaryCodec.java: unsupported: unsupported type
	data: &{0xc000564ea0 <nil> [] 0xc000566c80 type [] {None [] [] None}}
src/main/java/org/apache/commons/codec/binary/BinaryCodec.java: internal error: not all elements have the same type
	data: [function(<nil>, org/apache/commons/codec/binary/BinaryCodec//toAsciiChars!2dcfcbf77da22bb3290a2dcf338b4c85, [variable(raw, array(primitive(int, 8, false), primitive(int, 32, false), 0))], [variable(, array(primitive(char, 16, true), primitive(int, 32, false), 0))], block([if(call(org/apache/commons/codec/binary/BinaryCodec//isEmpty!2dcfcbf77da22bb3290a2dcf338b4c85, [raw]), block([return([org/apache/commons/codec/binary/BinaryCodec//EMPTY_CHAR_ARRAY])]), %!s(<nil>)), declaration([l_ascii], [array(primitive(char, 16, true), primitive(int, 32, false), 0)], [make(array(primitive(char, 16, true), primitive(int, 32, false), 0), <<(len(ensure_not_nil(raw)), 3))], Modifier(1048584)), block([declaration([ii, jj], [primitive(int, 32, false), primitive(int, 32, false)], [0, -(len(ensure_not_nil(l_ascii)), 1)], ModifierVisibilityPublic), loop(<(ii, len(ensure_not_nil(raw))), block([block([declaration([bits], [primitive(int, 32, false)], [0], ModifierVisibilityPublic), loop(<(bits, len(ensure_not_nil(org/apache/commons/codec/binary/BinaryCodec//BITS))), block([if(==(&(cast(index(raw, ii), primitive(int, 32, false)), index(org/apache/commons/codec/binary/BinaryCodec//BITS, bits)), 0), block([=(index(l_ascii, -(jj, bits)), '0')]), block([=(index(l_ascii, -(jj, bits)), '1')]))]), block([++x(bits)]), %!s(<nil>))])]), block([x++(ii), =(jj, cast(-(jj, 8), primitive(int, 32, false)))]), %!s(<nil>))]), return([l_ascii])])) return([call(org/apache/commons/codec/binary/BinaryCodec//toAsciiChars!2dcfcbf77da22bb3290a2dcf338b4c85, [cast(raw, array(primitive(int, 8, false), primitive(int, 32, false), 0))])])]
src/main/java/org/apache/commons/codec/binary/BinaryCodec.java: unsupported: unsupported type
	data: &{0xc0005653c0 <nil> [] 0xc000567180 type [] {None [] [] None}}
src/main/java/org/apache/commons/codec/binary/BinaryCodec.java: unsupported: unsupported type
	data: &{0xc0005655c0 <nil> [] 0xc000567540 type [] {None [] [] None}}
src/main/java/org/apache/commons/codec/binary/BinaryCodec.java: unsupported: unsupported type
	data: pointer(reference(java/lang/Object)) vs array(primitive(int, 8, false), primitive(int, 32, false), 0)
src/main/java/org/apache/commons/codec/binary/Hex.java: error: unknown function
	data: [struct(java/lang/String, [], [pointer(reference(java/lang/Object))], [reference(java/lang/CharSequence)]) java/lang/String//getBytes [] [call(select(this, getCharset!d41d8cd98f00b204e9800998ecf8427e), [])]]
src/main/java/org/apache/commons/codec/binary/Hex.java: unsupported: encountered an unsupported type
	data: unsupported(@@unsupported)
src/main/java/org/apache/commons/codec/binary/Hex.java: error: unknown import
	data: java/nio/charset/Charset
src/main/java/org/apache/commons/codec/binary/Hex.java: unsupported: unsupported type cast
	data: [cast(object, array(primitive(char, 16, true), primitive(int, 32, false), 0)) array(primitive(char, 16, true), primitive(int, 32, false), 0)]
src/main/java/org/apache/commons/codec/binary/Hex.java: error: unknown function
	data: [struct(java/lang/String, [], [pointer(reference(java/lang/Object))], [reference(java/lang/CharSequence)]) java/lang/String//getBytes [] [call(select(this, getCharset!d41d8cd98f00b204e9800998ecf8427e), [])]]
src/main/java/org/apache/commons/codec/binary/StringUtils.java: error: unknown import
	data: java/io/UnsupportedEncodingException
src/main/java/org/apache/commons/codec/binary/StringUtils.java: error: unknown import
	data: java/nio/charset/Charset
src/main/java/org/apache/commons/codec/binary/StringUtils.java: error: unknown function
	data: [pointer(reference(java/lang/String)) java/lang/String//getBytes [] [charset]]
src/main/java/org/apache/commons/codec/binary/StringUtils.java: error: unknown function
	data: [pointer(reference(java/lang/String)) java/lang/String//getBytes [] [charsetName]]
src/main/java/org/apache/commons/codec/binary/StringUtils.java: error: unknown function
	data: [<nil> java/lang/String//String [] [bytes charsetName]]
src/main/java/org/apache/commons/codec/digest/B64.java: error: unknown function
	data: [struct(java/util/Random, [], [pointer(reference(java/lang/Object))], []) java/util/Random//nextInt [] [call(select(ensure_not_nil(org/apache/commons/codec/digest/B64//B64T), length!d41d8cd98f00b204e9800998ecf8427e), [])]]
src/main/java/org/apache/commons/codec/digest/Crypt.java: error: unknown function
	data: [pointer(reference(java/lang/String)) java/lang/String//getBytes [] [org/apache/commons/codec/Charsets//UTF_8]]
src/main/java/org/apache/commons/codec/digest/DigestUtils.java: error: unknown import
	data: java/security/MessageDigest
src/main/java/org/apache/commons/codec/digest/DigestUtils.java: error: unknown import
	data: java/security/NoSuchAlgorithmException
src/main/java/org/apache/commons/codec/digest/DigestUtils.java: error: unknown type
	data: Deprecated
src/main/java/org/apache/commons/codec/digest/Md5Crypt.java: error: unknown function
	data: [pointer(reference(java/lang/String)) java/lang/String//getBytes [] [org/apache/commons/codec/Charsets//UTF_8]]
src/main/java/org/apache/commons/codec/digest/Md5Crypt.java: error: unknown import
	data: java/security/MessageDigest
src/main/java/org/apache/commons/codec/digest/Md5Crypt.java: error: unknown import
	data: java/util/Arrays
src/main/java/org/apache/commons/codec/digest/Md5Crypt.java: error: unknown import
	data: java/util/regex/Matcher
src/main/java/org/apache/commons/codec/digest/Md5Crypt.java: error: unknown import
	data: java/util/regex/Pattern
src/main/java/org/apache/commons/codec/digest/Md5Crypt.java: error: unknown function
	data: [pointer(reference(java/lang/String)) java/lang/String//getBytes [] [org/apache/commons/codec/Charsets//UTF_8]]
src/main/java/org/apache/commons/codec/digest/Md5Crypt.java: error: unknown function
	data: [pointer(reference(java/lang/String)) java/lang/String//getBytes [] [org/apache/commons/codec/Charsets//UTF_8]]
src/main/java/org/apache/commons/codec/digest/Md5Crypt.java: error: unknown function
	data: [pointer(reference(java/lang/String)) java/lang/String//getBytes [] [org/apache/commons/codec/Charsets//UTF_8]]
src/main/java/org/apache/commons/codec/digest/MessageDigestAlgorithms.java: error: unknown import
	data: java/security/MessageDigest
src/main/java/org/apache/commons/codec/digest/Sha2Crypt.java: error: unknown import
	data: java/security/NoSuchAlgorithmException
src/main/java/org/apache/commons/codec/digest/Sha2Crypt.java: error: unknown import
	data: java/util/regex/Matcher
src/main/java/org/apache/commons/codec/digest/Sha2Crypt.java: error: unknown function
	data: [struct(java/lang/System, [], [pointer(reference(java/lang/Object))], []) java/lang/System//arraycopy [] [tempResult 0 sBytes cp blocksize]]
src/main/java/org/apache/commons/codec/digest/Sha2Crypt.java: error: unknown function
	data: [struct(java/lang/System, [], [pointer(reference(java/lang/Object))], []) java/lang/System//arraycopy [] [tempResult 0 sBytes cp -(saltLen, cp)]]
src/main/java/org/apache/commons/codec/digest/Sha2Crypt.java: error: unknown import
	data: java/security/MessageDigest
src/main/java/org/apache/commons/codec/digest/Sha2Crypt.java: error: unknown import
	data: java/util/Arrays
src/main/java/org/apache/commons/codec/digest/Sha2Crypt.java: error: unknown import
	data: java/util/regex/Pattern
src/main/java/org/apache/commons/codec/digest/Sha2Crypt.java: error: unknown function
	data: [pointer(reference(java/lang/String)) java/lang/String//getBytes [] [org/apache/commons/codec/Charsets//UTF_8]]
src/main/java/org/apache/commons/codec/digest/Sha2Crypt.java: error: unknown function
	data: [struct(java/lang/System, [], [pointer(reference(java/lang/Object))], []) java/lang/System//arraycopy [] [tempResult 0 pBytes cp blocksize]]
src/main/java/org/apache/commons/codec/digest/Sha2Crypt.java: error: unknown function
	data: [struct(java/lang/System, [], [pointer(reference(java/lang/Object))], []) java/lang/System//arraycopy [] [tempResult 0 pBytes cp -(keyLen, cp)]]
src/main/java/org/apache/commons/codec/digest/UnixCrypt.java: error: unknown function
	data: [pointer(reference(java/util/Random)) java/util/Random//nextInt [] [numSaltChars]]
src/main/java/org/apache/commons/codec/digest/UnixCrypt.java: error: unknown function
	data: [pointer(reference(java/util/Random)) java/util/Random//nextInt [] [numSaltChars]]
src/main/java/org/apache/commons/codec/digest/UnixCrypt.java: error: unknown function
	data: [pointer(reference(java/lang/StringBuilder)) java/lang/StringBuilder//setCharAt [] [0 charZero]]
src/main/java/org/apache/commons/codec/digest/UnixCrypt.java: error: unknown function
	data: [pointer(reference(java/lang/StringBuilder)) java/lang/StringBuilder//setCharAt [] [1 charOne]]
src/main/java/org/apache/commons/codec/digest/UnixCrypt.java: error: unknown function
	data: [pointer(reference(java/lang/StringBuilder)) java/lang/StringBuilder//setCharAt [] [i cast(index(org/apache/commons/codec/digest/UnixCrypt//COV2CHAR, c), primitive(char, 16, true))]]
src/main/java/org/apache/commons/codec/digest/UnixCrypt.java: error: unknown function
	data: [pointer(reference(java/lang/String)) java/lang/String//getBytes [] [org/apache/commons/codec/Charsets//UTF_8]]
src/main/java/org/apache/commons/codec/digest/UnixCrypt.java: error: unknown function
	data: [pointer(reference(java/lang/String)) java/lang/String//getBytes [] [org/apache/commons/codec/Charsets//UTF_8]]
src/main/java/org/apache/commons/codec/language/Caverphone.java: error: unknown type
	data: Deprecated
src/main/java/org/apache/commons/codec/language/Caverphone1.java: error: unknown field
	data: [this struct(org/apache/commons/codec/language/Caverphone1, [], [pointer(reference(org/apache/commons/codec/language/AbstractCaverphone))], []) java]
src/main/java/org/apache/commons/codec/language/Caverphone1.java: error: unknown function
	data: [pointer(reference(java/lang/String)) java/lang/String//toLowerCase [] [unsupported]]
src/main/java/org/apache/commons/codec/language/Caverphone2.java: error: unknown function
	data: [pointer(reference(java/lang/String)) java/lang/String//toLowerCase [] [unsupported]]
src/main/java/org/apache/commons/codec/language/Caverphone2.java: error: unknown field
	data: [this struct(org/apache/commons/codec/language/Caverphone2, [], [pointer(reference(org/apache/commons/codec/language/AbstractCaverphone))], []) java]
src/main/java/org/apache/commons/codec/language/ColognePhonetic.java: error: unknown function
	data: [pointer(reference(java/lang/Object)) java/lang/Object//getClass [] []]
src/main/java/org/apache/commons/codec/language/ColognePhonetic.java: error: unknown function
	data: [struct(org/apache/commons/codec/language/ColognePhonetic//CologneBuffer, [], [pointer(reference(java/lang/Object))], []) org/apache/commons/codec/language/ColognePhonetic//CologneBuffer//@@constructor [] [@@outer]]
src/main/java/org/apache/commons/codec/language/ColognePhonetic.java: error: unknown function
	data: [struct(java/lang/System, [], [pointer(reference(java/lang/Object))], []) java/lang/System//arraycopy [] [select(select(this, @org/apache/commons/codec/language/ColognePhonetic//CologneBuffer), data) start newData 0 length]]
src/main/java/org/apache/commons/codec/language/ColognePhonetic.java: unsupported: unsupported operand
	data: call(select(this, getNextPos!d41d8cd98f00b204e9800998ecf8427e), [])
src/main/java/org/apache/commons/codec/language/ColognePhonetic.java: error: unknown function
	data: [struct(java/lang/System, [], [pointer(reference(java/lang/Object))], []) java/lang/System//arraycopy [] [select(select(this, @org/apache/commons/codec/language/ColognePhonetic//CologneBuffer), data) +(-(len(ensure_not_nil(select(select(this, @org/apache/commons/codec/language/ColognePhonetic//CologneBuffer), data))), select(select(this, @org/apache/commons/codec/language/ColognePhonetic//CologneBuffer), length)), start) newData 0 length]]
src/main/java/org/apache/commons/codec/language/ColognePhonetic.java: unsupported: unsupported operand
	data: call(select(this, getNextPos!d41d8cd98f00b204e9800998ecf8427e), [])
src/main/java/org/apache/commons/codec/language/ColognePhonetic.java: error: unknown import
	data: java/util/Locale
src/main/java/org/apache/commons/codec/language/ColognePhonetic.java: error: unknown function
	data: [pointer(reference(java/lang/String)) java/lang/String//toUpperCase [] [unsupported]]
src/main/java/org/apache/commons/codec/language/ColognePhonetic.java: error: unknown function
	data: [struct(org/apache/commons/codec/language/ColognePhonetic//CologneBuffer, [], [pointer(reference(java/lang/Object))], []) org/apache/commons/codec/language/ColognePhonetic//CologneBuffer//@@constructor [] [buffSize]]
src/main/java/org/apache/commons/codec/language/ColognePhonetic.java: error: unknown function
	data: [struct(org/apache/commons/codec/language/ColognePhonetic//CologneBuffer, [], [pointer(reference(java/lang/Object))], []) org/apache/commons/codec/language/ColognePhonetic//CologneBuffer//@@constructor [] [data]]
src/main/java/org/apache/commons/codec/language/DoubleMetaphone.java: error: unknown field
	data: [Character struct(java/lang/Character, [], [pointer(reference(java/lang/Object))], []) MIN_VALUE]
src/main/java/org/apache/commons/codec/language/DoubleMetaphone.java: error: unknown field
	data: [this struct(org/apache/commons/codec/language/DoubleMetaphone, [], [pointer(reference(java/lang/Object))], [reference(org/apache/commons/codec/StringEncoder)]) java]
src/main/java/org/apache/commons/codec/language/DoubleMetaphone.java: error: unknown function
	data: [pointer(reference(java/lang/String)) java/lang/String//toUpperCase [] [unsupported]]
src/main/java/org/apache/commons/codec/language/MatchRatingApproachEncoder.java: error: unknown function
	data: [pointer(reference(java/lang/String)) java/lang/String//contains [] [dc]]
src/main/java/org/apache/commons/codec/language/MatchRatingApproachEncoder.java: error: unknown function
	data: [pointer(reference(java/lang/String)) java/lang/String//replace [] [dc singleLetter]]
src/main/java/org/apache/commons/codec/language/MatchRatingApproachEncoder.java: error: unknown import
	data: java/util/Locale
src/main/java/org/apache/commons/codec/language/MatchRatingApproachEncoder.java: error: unknown function
	data: [pointer(reference(java/lang/String)) java/lang/String//toUpperCase [] [unsupported]]
src/main/java/org/apache/commons/codec/language/Metaphone.java: error: unknown function
	data: [pointer(reference(java/lang/String)) java/lang/String//toUpperCase [] [unsupported]]
src/main/java/org/apache/commons/codec/language/Metaphone.java: error: unknown function
	data: [pointer(reference(java/lang/StringBuilder)) java/lang/StringBuilder//substring [] [index +(index, call(select(ensure_not_nil(test), length!d41d8cd98f00b204e9800998ecf8427e), []))]]
src/main/java/org/apache/commons/codec/language/Metaphone.java: error: unknown field
	data: [this struct(org/apache/commons/codec/language/Metaphone, [], [pointer(reference(java/lang/Object))], [reference(org/apache/commons/codec/StringEncoder)]) java]
src/main/java/org/apache/commons/codec/language/Metaphone.java: error: unknown function
	data: [pointer(reference(java/lang/StringBuilder)) java/lang/StringBuilder//append [] [inwd]]
src/main/java/org/apache/commons/codec/language/Metaphone.java: error: unknown function
	data: [pointer(reference(java/lang/StringBuilder)) java/lang/StringBuilder//append [] [inwd]]
src/main/java/org/apache/commons/codec/language/Metaphone.java: error: unknown function
	data: [pointer(reference(java/lang/StringBuilder)) java/lang/StringBuilder//append [] [inwd 1 -(len(ensure_not_nil(inwd)), 1)]]
src/main/java/org/apache/commons/codec/language/Metaphone.java: error: unknown function
	data: [pointer(reference(java/lang/String)) java/lang/String//toUpperCase [] [unsupported]]
src/main/java/org/apache/commons/codec/language/Metaphone.java: error: unknown function
	data: [pointer(reference(java/lang/StringBuilder)) java/lang/StringBuilder//append [] [inwd 1 -(len(ensure_not_nil(inwd)), 1)]]
src/main/java/org/apache/commons/codec/language/Metaphone.java: error: unknown function
	data: [pointer(reference(java/lang/StringBuilder)) java/lang/StringBuilder//append [] [inwd]]
src/main/java/org/apache/commons/codec/language/Metaphone.java: error: unknown function
	data: [pointer(reference(java/lang/StringBuilder)) java/lang/StringBuilder//setLength [] [call(select(this, getMaxCodeLen!d41d8cd98f00b204e9800998ecf8427e), [])]]
src/main/java/org/apache/commons/codec/language/Metaphone.java: error: unknown function
	data: [pointer(reference(java/lang/StringBuilder)) java/lang/StringBuilder//append [] [inwd]]
src/main/java/org/apache/commons/codec/language/Metaphone.java: error: unknown function
	data: [pointer(reference(java/lang/StringBuilder)) java/lang/StringBuilder//append [] [inwd 1 -(len(ensure_not_nil(inwd)), 1)]]
src/main/java/org/apache/commons/codec/language/Metaphone.java: error: unknown function
	data: [pointer(reference(java/lang/StringBuilder)) java/lang/StringBuilder//append [] [inwd 1 -(len(ensure_not_nil(inwd)), 1)]]
src/main/java/org/apache/commons/codec/language/Metaphone.java: error: unknown function
	data: [pointer(reference(java/lang/StringBuilder)) java/lang/StringBuilder//setCharAt [] [0 'W']]
src/main/java/org/apache/commons/codec/language/Metaphone.java: error: unknown function
	data: [pointer(reference(java/lang/StringBuilder)) java/lang/StringBuilder//append [] [inwd]]
src/main/java/org/apache/commons/codec/language/Nysiis.java: error: unknown function
	data: [struct(java/lang/System, [], [pointer(reference(java/lang/Object))], []) java/lang/System//arraycopy [] [transcoded 0 chars i len(ensure_not_nil(transcoded))]]
src/main/java/org/apache/commons/codec/language/Nysiis.java: error: unknown function
	data: [pointer(reference(java/lang/StringBuilder)) java/lang/StringBuilder//deleteCharAt [] [-(call(select(ensure_not_nil(key), length!d41d8cd98f00b204e9800998ecf8427e), []), 1)]]
src/main/java/org/apache/commons/codec/language/Nysiis.java: error: unknown function
	data: [pointer(reference(java/lang/StringBuilder)) java/lang/StringBuilder//deleteCharAt [] [-(call(select(ensure_not_nil(key), length!d41d8cd98f00b204e9800998ecf8427e), []), 2)]]
src/main/java/org/apache/commons/codec/language/Nysiis.java: error: unknown function
	data: [pointer(reference(java/lang/StringBuilder)) java/lang/StringBuilder//deleteCharAt [] [-(call(select(ensure_not_nil(key), length!d41d8cd98f00b204e9800998ecf8427e), []), 1)]]
src/main/java/org/apache/commons/codec/language/Nysiis.java: error: unknown import
	data: java/util/regex/Pattern
src/main/java/org/apache/commons/codec/language/RefinedSoundex.java: error: unknown function
	data: [struct(java/lang/System, [], [pointer(reference(java/lang/Object))], []) java/lang/System//arraycopy [] [mapping 0 select(this, soundexMapping) 0 len(ensure_not_nil(mapping))]]
src/main/java/org/apache/commons/codec/language/RefinedSoundex.java: unsupported: unsupported operand
	data: call(java/lang/Character//toUpperCase!22f368feafe600249c22fbf1c1598d25, [c])
src/main/java/org/apache/commons/codec/language/Soundex.java: error: unknown type
	data: Deprecated
src/main/java/org/apache/commons/codec/language/Soundex.java: error: unknown function
	data: [struct(java/lang/System, [], [pointer(reference(java/lang/Object))], []) java/lang/System//arraycopy [] [mapping 0 select(this, soundexMapping) 0 len(ensure_not_nil(mapping))]]
src/main/java/org/apache/commons/codec/language/SoundexUtils.java: error: unknown identifier
	data: java
src/main/java/org/apache/commons/codec/language/SoundexUtils.java: error: unknown function
	data: [pointer(reference(java/lang/String)) java/lang/String//toUpperCase [] [unsupported]]
src/main/java/org/apache/commons/codec/language/SoundexUtils.java: error: unknown function
	data: [struct(java/lang/String, [], [pointer(reference(java/lang/Object))], [reference(java/lang/CharSequence)]) java/lang/String//toUpperCase [] [unsupported]]
src/main/java/org/apache/commons/codec/language/bm/Lang.java: error: unknown import
	data: java/util/Collections
src/main/java/org/apache/commons/codec/language/bm/Lang.java: error: unknown import
	data: java/util/HashSet
src/main/java/org/apache/commons/codec/language/bm/Lang.java: error: unknown import
	data: java/util/Locale
src/main/java/org/apache/commons/codec/language/bm/Lang.java: error: unknown import
	data: java/util/Scanner
src/main/java/org/apache/commons/codec/language/bm/Lang.java: unsupported: unsupported AST node
	data: genericInstance(unsupported(java/util/Set), [pointer(reference(java/lang/String))])
src/main/java/org/apache/commons/codec/language/bm/Lang.java: error: unknown import
	data: java/util/Arrays
src/main/java/org/apache/commons/codec/language/bm/Lang.java: error: unknown import
	data: java/util/EnumMap
src/main/java/org/apache/commons/codec/language/bm/Lang.java: error: unknown import
	data: java/util/Set
src/main/java/org/apache/commons/codec/language/bm/Lang.java: error: unknown import
	data: java/util/regex/Pattern
src/main/java/org/apache/commons/codec/language/bm/Lang.java: error: unknown function
	data: [genericInstance(reference(java/lang/Class), [pointer(reference(java/lang/Object))]) java/lang/Class<java/lang/Object>//getClassLoader [] []]
src/main/java/org/apache/commons/codec/language/bm/Lang.java: error: unknown function
	data: [pointer(reference(java/lang/String)) java/lang/String//toLowerCase [] [unsupported]]
src/main/java/org/apache/commons/codec/language/bm/Lang.java: error: unknown identifier
	data: langs
src/main/java/org/apache/commons/codec/language/bm/Languages.java: error: an unsupported collection type has been used for this operation
	data: genericInstance(unsupported(java/util/Set), [pointer(reference(java/lang/String))])
src/main/java/org/apache/commons/codec/language/bm/Languages.java: error: unknown identifier
	data: ls
src/main/java/org/apache/commons/codec/language/bm/Languages.java: error: unknown identifier
	data: this
src/main/java/org/apache/commons/codec/language/bm/Languages.java: error: unknown import
	data: java/util/Collections
src/main/java/org/apache/commons/codec/language/bm/Languages.java: error: unknown import
	data: java/util/EnumMap
src/main/java/org/apache/commons/codec/language/bm/Languages.java: error: unknown import
	data: java/util/NoSuchElementException
src/main/java/org/apache/commons/codec/language/bm/Languages.java: error: unknown import
	data: java/util/Scanner
src/main/java/org/apache/commons/codec/language/bm/Languages.java: error: unknown import
	data: java/util/Set
src/main/java/org/apache/commons/codec/language/bm/Languages.java: error: unknown function
	data: [genericInstance(reference(java/lang/Class), [pointer(reference(java/lang/Object))]) java/lang/Class<java/lang/Object>//getClassLoader [] []]
src/main/java/org/apache/commons/codec/language/bm/Languages.java: unsupported: unsupported AST node
	data: genericInstance(unsupported(java/util/Set), [pointer(reference(java/lang/String))])
src/main/java/org/apache/commons/codec/language/bm/Languages.java: unsupported: unsupported AST node
	data: genericInstance(unsupported(java/util/Set), [pointer(reference(java/lang/String))])
src/main/java/org/apache/commons/codec/language/bm/Languages.java: error: unknown import
	data: java/util/HashSet
src/main/java/org/apache/commons/codec/language/bm/Languages.java: error: not a boolean type
	data: unsupported
src/main/java/org/apache/commons/codec/language/bm/Languages.java: unsupported: unsupported AST node
	data: genericInstance(unsupported(java/util/Set), [pointer(reference(java/lang/String))])
src/main/java/org/apache/commons/codec/language/bm/PhoneticEngine.java: error: unknown import
	data: java/util/Locale
src/main/java/org/apache/commons/codec/language/bm/PhoneticEngine.java: error: unknown import
	data: java/util/Set
src/main/java/org/apache/commons/codec/language/bm/PhoneticEngine.java: error: unknown function
	data: [pointer(reference(java/lang/StringBuilder)) java/lang/StringBuilder//substring [] [1]]
src/main/java/org/apache/commons/codec/language/bm/PhoneticEngine.java: error: unknown import
	data: java/util/EnumMap
src/main/java/org/apache/commons/codec/language/bm/PhoneticEngine.java: error: unknown import
	data: java/util/LinkedHashSet
src/main/java/org/apache/commons/codec/language/bm/PhoneticEngine.java: error: unknown import
	data: java/util/TreeSet
src/main/java/org/apache/commons/codec/language/bm/PhoneticEngine.java: error: unknown function
	data: [pointer(reference(java/lang/String)) java/lang/String//toLowerCase [] [unsupported]]
src/main/java/org/apache/commons/codec/language/bm/PhoneticEngine.java: error: an unsupported collection type has been used for this operation
	data: genericInstance(unsupported(java/util/Set), [pointer(reference(java/lang/String))])
src/main/java/org/apache/commons/codec/language/bm/PhoneticEngine.java: error: unknown function
	data: [pointer(genericInstance(reference(java/util/List), [pointer(reference(java/lang/String))])) java/util/List<java/lang/String>//removeAll [] [call(select(ensure_not_nil(org/apache/commons/codec/language/bm/PhoneticEngine//NAME_PREFIXES), get!4fb2deccef7826b7659de223ac40b91d), [cast(call(org/apache/commons/codec/language/bm/@@NameType//@@box!fe2becf238a2830c17d4d6b7a05545c5, [select(this, nameType)]), pointer(reference(java/lang/Object)))])]]
src/main/java/org/apache/commons/codec/language/bm/PhoneticEngine.java: error: unknown function
	data: [pointer(genericInstance(reference(java/util/List), [pointer(reference(java/lang/String))])) java/util/List<java/lang/String>//addAll [] [words]]
src/main/java/org/apache/commons/codec/language/bm/PhoneticEngine.java: error: unknown import
	data: java/util/HashSet
src/main/java/org/apache/commons/codec/language/bm/PhoneticEngine.java: error: unknown identifier
	data: phonemes
src/main/java/org/apache/commons/codec/language/bm/PhoneticEngine.java: error: unknown function
	data: [pointer(genericInstance(reference(java/util/List), [pointer(reference(java/lang/String))])) java/util/List<java/lang/String>//addAll [] [words]]
src/main/java/org/apache/commons/codec/language/bm/PhoneticEngine.java: unsupported: unsupported AST node
	data: genericInstance(unsupported(java/util/Set), [pointer(reference(org/apache/commons/codec/language/bm/Rule//Phoneme))])
src/main/java/org/apache/commons/codec/language/bm/PhoneticEngine.java: error: unknown import
	data: java/util/Arrays
src/main/java/org/apache/commons/codec/language/bm/PhoneticEngine.java: error: an unsupported collection type has been used for this operation
	data: genericInstance(unsupported(java/util/Set), [pointer(reference(org/apache/commons/codec/language/bm/Rule//Phoneme))])
src/main/java/org/apache/commons/codec/language/bm/PhoneticEngine.java: error: unknown function
	data: [pointer(genericInstance(reference(java/util/List), [pointer(reference(java/lang/String))])) java/util/List<java/lang/String>//removeAll [] [call(select(ensure_not_nil(org/apache/commons/codec/language/bm/PhoneticEngine//NAME_PREFIXES), get!4fb2deccef7826b7659de223ac40b91d), [cast(call(org/apache/commons/codec/language/bm/@@NameType//@@box!fe2becf238a2830c17d4d6b7a05545c5, [select(this, nameType)]), pointer(reference(java/lang/Object)))])]]
src/main/java/org/apache/commons/codec/language/bm/PhoneticEngine.java: error: an unsupported collection type has been used for this operation
	data: genericInstance(unsupported(java/util/Set), [pointer(reference(org/apache/commons/codec/language/bm/Rule//Phoneme))])
src/main/java/org/apache/commons/codec/language/bm/PhoneticEngine.java: unsupported: unsupported AST node
	data: &{0xc000aaf820 <nil> [] 0xc000ab3c00 0xc0007d94a0 {None [] [] None}}
src/main/java/org/apache/commons/codec/language/bm/PhoneticEngine.java: error: unknown import
	data: java/util/Collections
src/main/java/org/apache/commons/codec/language/bm/Rule.java: error: unknown import
	data: java/util/Scanner
src/main/java/org/apache/commons/codec/language/bm/Rule.java: error: unknown identifier
	data: langs
src/main/java/org/apache/commons/codec/language/bm/Rule.java: error: unknown import
	data: java/util/Arrays
src/main/java/org/apache/commons/codec/language/bm/Rule.java: error: unknown import
	data: java/util/Collections
src/main/java/org/apache/commons/codec/language/bm/Rule.java: error: an unsupported collection type has been used for this operation
	data: genericInstance(unsupported(java/util/Set), [pointer(reference(java/lang/String))])
src/main/java/org/apache/commons/codec/language/bm/Rule.java: error: unknown function
	data: [pointer(reference(java/lang/String)) java/lang/String//contains [] ["["]]
src/main/java/org/apache/commons/codec/language/bm/Rule.java: error: unknown import
	data: java/util/HashMap
src/main/java/org/apache/commons/codec/language/bm/Rule.java: error: unknown import
	data: java/util/Set
src/main/java/org/apache/commons/codec/language/bm/Rule.java: error: unknown import
	data: java/util/regex/Matcher
src/main/java/org/apache/commons/codec/language/bm/Rule.java: error: unknown import
	data: java/util/regex/Pattern
src/main/java/org/apache/commons/codec/language/bm/Rule.java: error: unknown function
	data: [genericInstance(reference(java/lang/Class), [pointer(reference(java/lang/Object))]) java/lang/Class<java/lang/Object>//getClassLoader [] []]
src/main/java/org/apache/commons/codec/language/bm/Rule.java: error: unknown function
	data: [pointer(reference(java/lang/String)) java/lang/String//contains [] [" "]]
src/main/java/org/apache/commons/codec/language/bm/Rule.java: error: unknown function
	data: [pointer(genericInstance(reference(java/util/Map), [pointer(reference(java/lang/String)), pointer(genericInstance(reference(java/util/List), [pointer(reference(org/apache/commons/codec/language/bm/Rule))]))])) java/util/Map<java/lang/String,java/util/List<org/apache/commons/codec/language/bm/Rule>>//putAll [] [unsupported]]
src/main/java/org/apache/commons/codec/language/bm/Rule.java: error: unknown identifier
	data: this
src/main/java/org/apache/commons/codec/language/bm/Rule.java: error: unknown import
	data: java/util/HashSet
src/main/java/org/apache/commons/codec/language/bm/Rule.java: error: unknown type
	data: Deprecated
src/main/java/org/apache/commons/codec/language/bm/Rule.java: error: unknown function
	data: [pointer(genericInstance(reference(java/util/List), [pointer(reference(org/apache/commons/codec/language/bm/Rule))])) java/util/List<org/apache/commons/codec/language/bm/Rule>//addAll [] [rules]]
src/main/java/org/apache/commons/codec/language/bm/Rule.java: error: unknown function
	data: [pointer(reference(java/lang/String)) java/lang/String//contains [] ["["]]
src/main/java/org/apache/commons/codec/language/bm/Rule.java: error: unknown import
	data: java/util/EnumMap
src/main/java/org/apache/commons/codec/net/BCodec.java: error: unknown import
	data: java/io/UnsupportedEncodingException
src/main/java/org/apache/commons/codec/net/BCodec.java: error: unknown import
	data: java/nio/charset/Charset
src/main/java/org/apache/commons/codec/net/BCodec.java: error: unknown function
	data: [pointer(reference(java/lang/Object)) java/lang/Object//getClass [] []]
src/main/java/org/apache/commons/codec/net/QCodec.java: error: unknown import
	data: java/io/UnsupportedEncodingException
src/main/java/org/apache/commons/codec/net/QCodec.java: error: unknown import
	data: java/nio/charset/Charset
src/main/java/org/apache/commons/codec/net/QCodec.java: error: unknown import
	data: java/util/BitSet
src/main/java/org/apache/commons/codec/net/QCodec.java: internal error: not all elements have the same type
	data: primitive(int, 32, false) vs primitive(char, 16, true)
src/main/java/org/apache/commons/codec/net/QCodec.java: error: unknown function
	data: [pointer(reference(java/lang/Object)) java/lang/Object//getClass [] []]
src/main/java/org/apache/commons/codec/net/QuotedPrintableCodec.java: unsupported: unsupported type
	data: &{0xc000fe8d60 <nil> [] 0xc000fec3c0 type [] {None [] [] None}}
src/main/java/org/apache/commons/codec/net/QuotedPrintableCodec.java: error: unknown function
	data: [pointer(reference(java/lang/Object)) java/lang/Object//getClass [] []]
src/main/java/org/apache/commons/codec/net/QuotedPrintableCodec.java: internal error: not all elements have the same type
	data: [function(variable(this, pointer(reference(org/apache/commons/codec/net/QuotedPrintableCodec))), org/apache/commons/codec/net/QuotedPrintableCodec//encode!2dcfcbf77da22bb3290a2dcf338b4c85, [variable(bytes, array(primitive(int, 8, false), primitive(int, 32, false), 0))], [variable(, array(primitive(int, 8, false), primitive(int, 32, false), 0))], block([never_nil(this), return([unsupported])])) return([call(select(this, encode!2dcfcbf77da22bb3290a2dcf338b4c85), [cast(obj, array(primitive(int, 8, false), primitive(int, 32, false), 0))])])]
src/main/java/org/apache/commons/codec/net/QuotedPrintableCodec.java: internal error: not all elements have the same type
	data: [function(variable(this, pointer(reference(org/apache/commons/codec/net/QuotedPrintableCodec))), org/apache/commons/codec/net/QuotedPrintableCodec//decode!2dcfcbf77da22bb3290a2dcf338b4c85, [variable(bytes, array(primitive(int, 8, false), primitive(int, 32, false), 0))], [variable(, array(primitive(int, 8, false), primitive(int, 32, false), 0))], block([never_nil(this), return([call(org/apache/commons/codec/net/QuotedPrintableCodec//decodeQuotedPrintable!2dcfcbf77da22bb3290a2dcf338b4c85, [bytes])])])) return([call(select(this, decode!2dcfcbf77da22bb3290a2dcf338b4c85), [cast(obj, array(primitive(int, 8, false), primitive(int, 32, false), 0))])])]
src/main/java/org/apache/commons/codec/net/QuotedPrintableCodec.java: error: unknown function
	data: [pointer(reference(java/lang/String)) java/lang/String//getBytes [] [charset]]
src/main/java/org/apache/commons/codec/net/QuotedPrintableCodec.java: error: unknown import
	data: java/io/ByteArrayOutputStream
src/main/java/org/apache/commons/codec/net/QuotedPrintableCodec.java: error: unknown import
	data: java/nio/charset/IllegalCharsetNameException
src/main/java/org/apache/commons/codec/net/QuotedPrintableCodec.java: error: unknown import
	data: java/nio/charset/UnsupportedCharsetException
src/main/java/org/apache/commons/codec/net/QuotedPrintableCodec.java: error: unknown function
	data: [<nil> java/lang/String//String [] [call(select(this, decode!2dcfcbf77da22bb3290a2dcf338b4c85), [call(org/apache/commons/codec/binary/StringUtils//getBytesUsAscii!efbb7192f0412fb225b1065a0117385c, [str])]) charset]]
src/main/java/org/apache/commons/codec/net/QuotedPrintableCodec.java: unsupported: unsupported type
	data: &{0xc000fe9540 <nil> [] 0xc000fecb40 type [] {None [] [] None}}
src/main/java/org/apache/commons/codec/net/QuotedPrintableCodec.java: error: unknown function
	data: [pointer(reference(java/lang/String)) java/lang/String//getBytes [] [charset]]
src/main/java/org/apache/commons/codec/net/QuotedPrintableCodec.java: error: unknown import
	data: java/io/UnsupportedEncodingException
src/main/java/org/apache/commons/codec/net/QuotedPrintableCodec.java: error: unknown import
	data: java/nio/charset/Charset
src/main/java/org/apache/commons/codec/net/QuotedPrintableCodec.java: error: unknown import
	data: java/util/BitSet
src/main/java/org/apache/commons/codec/net/RFC1522Codec.java: error: unknown import
	data: java/io/UnsupportedEncodingException
src/main/java/org/apache/commons/codec/net/RFC1522Codec.java: error: unknown import
	data: java/nio/charset/Charset
src/main/java/org/apache/commons/codec/net/RFC1522Codec.java: error: unknown function
	data: [pointer(reference(java/lang/String)) java/lang/String//getBytes [] [charset]]
src/main/java/org/apache/commons/codec/net/RFC1522Codec.java: error: unknown function
	data: [<nil> java/lang/String//String [] [data charset]]
src/main/java/org/apache/commons/codec/net/URLCodec.java: internal error: not all elements have the same type
	data: [function(variable(this, pointer(reference(org/apache/commons/codec/net/URLCodec))), org/apache/commons/codec/net/URLCodec//encode!2dcfcbf77da22bb3290a2dcf338b4c85, [variable(bytes, array(primitive(int, 8, false), primitive(int, 32, false), 0))], [variable(, array(primitive(int, 8, false), primitive(int, 32, false), 0))], block([never_nil(this), return([unsupported])])) return([call(select(this, encode!2dcfcbf77da22bb3290a2dcf338b4c85), [cast(obj, array(primitive(int, 8, false), primitive(int, 32, false), 0))])])]
src/main/java/org/apache/commons/codec/net/URLCodec.java: error: unknown import
	data: java/io/ByteArrayOutputStream
src/main/java/org/apache/commons/codec/net/URLCodec.java: error: unknown type
	data: Deprecated
src/main/java/org/apache/commons/codec/net/URLCodec.java: internal error: not all elements have the same type
	data: primitive(int, 32, false) vs primitive(char, 16, true)
src/main/java/org/apache/commons/codec/net/URLCodec.java: error: unknown function
	data: [pointer(reference(java/lang/String)) java/lang/String//getBytes [] [charset]]
src/main/java/org/apache/commons/codec/net/URLCodec.java: unsupported: unsupported type
	data: &{0xc001117c40 <nil> [] 0xc00111a640 type [] {None [] [] None}}
src/main/java/org/apache/commons/codec/net/URLCodec.java: unsupported: unsupported type
	data: &{0xc001124420 <nil> [] 0xc00111adc0 type [] {None [] [] None}}
src/main/java/org/apache/commons/codec/net/URLCodec.java: internal error: not all elements have the same type
	data: [function(variable(this, pointer(reference(org/apache/commons/codec/net/URLCodec))), org/apache/commons/codec/net/URLCodec//decode!2dcfcbf77da22bb3290a2dcf338b4c85, [variable(bytes, array(primitive(int, 8, false), primitive(int, 32, false), 0))], [variable(, array(primitive(int, 8, false), primitive(int, 32, false), 0))], block([never_nil(this), return([call(org/apache/commons/codec/net/URLCodec//decodeUrl!2dcfcbf77da22bb3290a2dcf338b4c85, [bytes])])])) return([call(select(this, decode!2dcfcbf77da22bb3290a2dcf338b4c85), [cast(obj, array(primitive(int, 8, false), primitive(int, 32, false), 0))])])]
src/main/java/org/apache/commons/codec/net/URLCodec.java: error: unknown import
	data: java/io/UnsupportedEncodingException
src/main/java/org/apache/commons/codec/net/URLCodec.java: error: unknown import
	data: java/util/BitSet
src/main/java/org/apache/commons/codec/net/URLCodec.java: error: unknown function
	data: [<nil> java/lang/String//String [] [call(select(this, decode!2dcfcbf77da22bb3290a2dcf338b4c85), [call(org/apache/commons/codec/binary/StringUtils//getBytesUsAscii!efbb7192f0412fb225b1065a0117385c, [str])]) charset]]
src/main/java/org/apache/commons/codec/net/URLCodec.java: error: unknown function
	data: [pointer(reference(java/lang/Object)) java/lang/Object//getClass [] []]
Found 56 Java files
Found 227 problems in Java files
src/main/java/org/apache/commons/codec/CharEncoding.java: found 0 symbols
src/main/java/org/apache/commons/codec/Charsets.java: found 2 symbols
src/main/java/org/apache/commons/codec/DecoderException.java: found 4 symbols
src/main/java/org/apache/commons/codec/StringDecoder.java: found 1 symbols
src/main/java/org/apache/commons/codec/binary/Base32OutputStream.java: found 3 symbols
src/main/java/org/apache/commons/codec/digest/DigestUtils.java: found 53 symbols
src/main/java/org/apache/commons/codec/digest/Md5Crypt.java: found 7 symbols
src/main/java/org/apache/commons/codec/language/AbstractCaverphone.java: found 3 symbols
src/main/java/org/apache/commons/codec/EncoderException.java: found 4 symbols
src/main/java/org/apache/commons/codec/language/Soundex.java: found 9 symbols
src/main/java/org/apache/commons/codec/net/QCodec.java: found 16 symbols
src/main/java/org/apache/commons/codec/binary/Base64InputStream.java: found 3 symbols
src/main/java/org/apache/commons/codec/binary/BaseNCodecInputStream.java: found 8 symbols
src/main/java/org/apache/commons/codec/binary/Hex.java: found 16 symbols
src/main/java/org/apache/commons/codec/language/Caverphone1.java: found 1 symbols
src/main/java/org/apache/commons/codec/language/MatchRatingApproachEncoder.java: found 11 symbols
src/main/java/org/apache/commons/codec/language/Nysiis.java: found 6 symbols
src/main/java/org/apache/commons/codec/language/bm/Lang.java: found 4 symbols
src/main/java/org/apache/commons/codec/BinaryEncoder.java: found 1 symbols
src/main/java/org/apache/commons/codec/Encoder.java: found 1 symbols
src/main/java/org/apache/commons/codec/binary/BaseNCodec.java: found 24 symbols
src/main/java/org/apache/commons/codec/binary/BinaryCodec.java: found 10 symbols
src/main/java/org/apache/commons/codec/digest/Sha2Crypt.java: found 4 symbols
src/main/java/org/apache/commons/codec/language/Caverphone2.java: found 1 symbols
src/main/java/org/apache/commons/codec/language/ColognePhonetic.java: found 4 symbols
src/main/java/org/apache/commons/codec/language/bm/PhoneticEngine.java: found 14 symbols
src/main/java/org/apache/commons/codec/digest/Crypt.java: found 4 symbols
src/main/java/org/apache/commons/codec/language/Metaphone.java: found 7 symbols
src/main/java/org/apache/commons/codec/language/RefinedSoundex.java: found 8 symbols
src/main/java/org/apache/commons/codec/language/bm/NameType.java: found 1 symbols
src/main/java/org/apache/commons/codec/language/bm/Rule.java: found 22 symbols
src/main/java/org/apache/commons/codec/language/bm/RuleType.java: found 1 symbols
src/main/java/org/apache/commons/codec/net/QuotedPrintableCodec.java: found 17 symbols
src/main/java/org/apache/commons/codec/net/Utils.java: found 1 symbols
src/main/java/org/apache/commons/codec/binary/Base64.java: found 26 symbols
src/main/java/org/apache/commons/codec/binary/Base64OutputStream.java: found 3 symbols
src/main/java/org/apache/commons/codec/binary/StringUtils.java: found 14 symbols
src/main/java/org/apache/commons/codec/digest/B64.java: found 2 symbols
src/main/java/org/apache/commons/codec/digest/MessageDigestAlgorithms.java: found 0 symbols
src/main/java/org/apache/commons/codec/digest/UnixCrypt.java: found 4 symbols
src/main/java/org/apache/commons/codec/language/bm/ResourceConstants.java: found 0 symbols
src/main/java/org/apache/commons/codec/net/URLCodec.java: found 14 symbols
src/main/java/org/apache/commons/codec/BinaryDecoder.java: found 1 symbols
src/main/java/org/apache/commons/codec/Decoder.java: found 1 symbols
src/main/java/org/apache/commons/codec/StringEncoder.java: found 1 symbols
src/main/java/org/apache/commons/codec/language/DoubleMetaphone.java: found 23 symbols
src/main/java/org/apache/commons/codec/language/SoundexUtils.java: found 3 symbols
src/main/java/org/apache/commons/codec/language/bm/Languages.java: found 16 symbols
src/main/java/org/apache/commons/codec/net/BCodec.java: found 14 symbols
src/main/java/org/apache/commons/codec/StringEncoderComparator.java: found 3 symbols
src/main/java/org/apache/commons/codec/binary/Base32.java: found 11 symbols
src/main/java/org/apache/commons/codec/binary/Base32InputStream.java: found 3 symbols
src/main/java/org/apache/commons/codec/binary/BaseNCodecOutputStream.java: found 5 symbols
src/main/java/org/apache/commons/codec/language/Caverphone.java: found 5 symbols
src/main/java/org/apache/commons/codec/language/bm/BeiderMorseEncoder.java: found 9 symbols
src/main/java/org/apache/commons/codec/net/RFC1522Codec.java: found 6 symbols
src/main/java/org/apache/commons/codec/digest/B64.java: org.apache.commons.codec.digest.B64.getRandomSalt: computing test cases
src/main/java/org/apache/commons/codec/digest/B64.java: org.apache.commons.codec.digest.B64.getRandomSalt: computed 1 unit tests
src/main/java/org/apache/commons/codec/digest/B64.java: org.apache.commons.codec.digest.B64.getRandomSalt: found 0 problems
src/main/java/org/apache/commons/codec/digest/B64.java: org.apache.commons.codec.digest.B64.b64from24bit: computing test cases
src/main/java/org/apache/commons/codec/digest/B64.java: org.apache.commons.codec.digest.B64.b64from24bit: computed 4 unit tests
src/main/java/org/apache/commons/codec/digest/B64.java: org.apache.commons.codec.digest.B64.b64from24bit: found 2 problems
src/main/java/org/apache/commons/codec/digest/B64.java:60:16: critical: org.apache.commons.codec.digest.B64.b64from24bit: uncaught ArithmeticException: integer overflow
		at java.lang.Math.subtractExact
src/main/java/org/apache/commons/codec/digest/B64.java:61:13: critical: org.apache.commons.codec.digest.B64.b64from24bit: uncaught java.lang.NullPointerException
src/main/java/org/apache/commons/codec/digest/UnixCrypt.java: org.apache.commons.codec.digest.UnixCrypt.crypt: computing test cases
src/main/java/org/apache/commons/codec/digest/UnixCrypt.java: org.apache.commons.codec.digest.UnixCrypt.crypt: computed 0 unit tests
src/main/java/org/apache/commons/codec/digest/UnixCrypt.java: org.apache.commons.codec.digest.UnixCrypt.crypt: found 0 problems
src/main/java/org/apache/commons/codec/digest/UnixCrypt.java: org.apache.commons.codec.digest.UnixCrypt.crypt: computing test cases
src/main/java/org/apache/commons/codec/digest/UnixCrypt.java: org.apache.commons.codec.digest.UnixCrypt.crypt: computed 0 unit tests
src/main/java/org/apache/commons/codec/digest/UnixCrypt.java: org.apache.commons.codec.digest.UnixCrypt.crypt: found 0 problems
src/main/java/org/apache/commons/codec/digest/UnixCrypt.java: org.apache.commons.codec.digest.UnixCrypt.crypt: computing test cases
src/main/java/org/apache/commons/codec/digest/UnixCrypt.java: org.apache.commons.codec.digest.UnixCrypt.crypt: computed 0 unit tests
src/main/java/org/apache/commons/codec/digest/UnixCrypt.java: org.apache.commons.codec.digest.UnixCrypt.crypt: found 0 problems
src/main/java/org/apache/commons/codec/digest/UnixCrypt.java: org.apache.commons.codec.digest.UnixCrypt.crypt: computing test cases
src/main/java/org/apache/commons/codec/digest/UnixCrypt.java: org.apache.commons.codec.digest.UnixCrypt.crypt: computed 0 unit tests
src/main/java/org/apache/commons/codec/digest/UnixCrypt.java: org.apache.commons.codec.digest.UnixCrypt.crypt: found 0 problems
src/main/java/org/apache/commons/codec/BinaryDecoder.java: org.apache.commons.codec.BinaryDecoder.decode: computing test cases
src/main/java/org/apache/commons/codec/BinaryDecoder.java: org.apache.commons.codec.BinaryDecoder.decode: function is abstract and therefore inaccessible for tests
src/main/java/org/apache/commons/codec/language/AbstractCaverphone.java: org.apache.commons.codec.language.AbstractCaverphone.AbstractCaverphone: computing test cases
src/main/java/org/apache/commons/codec/language/AbstractCaverphone.java: org.apache.commons.codec.language.AbstractCaverphone.AbstractCaverphone: computed 0 unit tests
src/main/java/org/apache/commons/codec/language/AbstractCaverphone.java: org.apache.commons.codec.language.AbstractCaverphone.isEncodeEqual: computing test cases
src/main/java/org/apache/commons/codec/language/AbstractCaverphone.java: org.apache.commons.codec.language.AbstractCaverphone.isEncodeEqual: computed 0 unit tests
src/main/java/org/apache/commons/codec/language/AbstractCaverphone.java: org.apache.commons.codec.language.AbstractCaverphone.encode: computing test cases
src/main/java/org/apache/commons/codec/language/AbstractCaverphone.java: org.apache.commons.codec.language.AbstractCaverphone.encode: computed 0 unit tests
src/main/java/org/apache/commons/codec/binary/BinaryCodec.java: org.apache.commons.codec.binary.BinaryCodec.decode: computing test cases
src/main/java/org/apache/commons/codec/binary/BinaryCodec.java: org.apache.commons.codec.binary.BinaryCodec.decode: computed 0 unit tests
src/main/java/org/apache/commons/codec/binary/BinaryCodec.java: org.apache.commons.codec.binary.BinaryCodec.fromAscii: computing test cases
src/main/java/org/apache/commons/codec/binary/BinaryCodec.java: org.apache.commons.codec.binary.BinaryCodec.fromAscii: computed 0 unit tests
src/main/java/org/apache/commons/codec/binary/BinaryCodec.java: org.apache.commons.codec.binary.BinaryCodec.fromAscii: found 1 problems
src/main/java/org/apache/commons/codec/binary/BinaryCodec.java: internal error: org.apache.commons.codec.binary.BinaryCodec.fromAscii: malformed data
src/main/java/org/apache/commons/codec/binary/BinaryCodec.java: org.apache.commons.codec.binary.BinaryCodec.fromAscii: computing test cases
src/main/java/org/apache/commons/codec/binary/BinaryCodec.java: org.apache.commons.codec.binary.BinaryCodec.fromAscii: computed 0 unit tests
src/main/java/org/apache/commons/codec/binary/BinaryCodec.java: org.apache.commons.codec.binary.BinaryCodec.fromAscii: found 1 problems
src/main/java/org/apache/commons/codec/binary/BinaryCodec.java: internal error: org.apache.commons.codec.binary.BinaryCodec.fromAscii: malformed data
src/main/java/org/apache/commons/codec/binary/BinaryCodec.java: org.apache.commons.codec.binary.BinaryCodec.encode: computing test cases
src/main/java/org/apache/commons/codec/binary/BinaryCodec.java: org.apache.commons.codec.binary.BinaryCodec.encode: computed 0 unit tests
src/main/java/org/apache/commons/codec/binary/BinaryCodec.java: org.apache.commons.codec.binary.BinaryCodec.encode: found 1 problems
src/main/java/org/apache/commons/codec/binary/BinaryCodec.java: internal error: org.apache.commons.codec.binary.BinaryCodec.encode: malformed data
src/main/java/org/apache/commons/codec/binary/BinaryCodec.java: org.apache.commons.codec.binary.BinaryCodec.toAsciiString: computing test cases
src/main/java/org/apache/commons/codec/binary/BinaryCodec.java: org.apache.commons.codec.binary.BinaryCodec.toAsciiString: computed 0 unit tests
src/main/java/org/apache/commons/codec/binary/BinaryCodec.java: org.apache.commons.codec.binary.BinaryCodec.toAsciiString: found 1 problems
src/main/java/org/apache/commons/codec/binary/BinaryCodec.java: internal error: org.apache.commons.codec.binary.BinaryCodec.toAsciiString: malformed data
src/main/java/org/apache/commons/codec/binary/BinaryCodec.java: org.apache.commons.codec.binary.BinaryCodec.toByteArray: computing test cases
src/main/java/org/apache/commons/codec/binary/BinaryCodec.java: org.apache.commons.codec.binary.BinaryCodec.toByteArray: computed 0 unit tests
src/main/java/org/apache/commons/codec/binary/BinaryCodec.java: org.apache.commons.codec.binary.BinaryCodec.toByteArray: found 1 problems
src/main/java/org/apache/commons/codec/binary/BinaryCodec.java: internal error: org.apache.commons.codec.binary.BinaryCodec.toByteArray: malformed data
src/main/java/org/apache/commons/codec/binary/BinaryCodec.java: org.apache.commons.codec.binary.BinaryCodec.toAsciiBytes: computing test cases
src/main/java/org/apache/commons/codec/binary/BinaryCodec.java: org.apache.commons.codec.binary.BinaryCodec.toAsciiBytes: computed 0 unit tests
src/main/java/org/apache/commons/codec/binary/BinaryCodec.java: org.apache.commons.codec.binary.BinaryCodec.toAsciiBytes: found 1 problems
src/main/java/org/apache/commons/codec/binary/BinaryCodec.java: internal error: org.apache.commons.codec.binary.BinaryCodec.toAsciiBytes: malformed data
src/main/java/org/apache/commons/codec/binary/BinaryCodec.java: org.apache.commons.codec.binary.BinaryCodec.toAsciiChars: computing test cases
src/main/java/org/apache/commons/codec/binary/BinaryCodec.java: org.apache.commons.codec.binary.BinaryCodec.toAsciiChars: computed 0 unit tests
src/main/java/org/apache/commons/codec/binary/BinaryCodec.java: org.apache.commons.codec.binary.BinaryCodec.toAsciiChars: found 1 problems
src/main/java/org/apache/commons/codec/binary/BinaryCodec.java: internal error: org.apache.commons.codec.binary.BinaryCodec.toAsciiChars: malformed data
src/main/java/org/apache/commons/codec/binary/BinaryCodec.java: org.apache.commons.codec.binary.BinaryCodec.decode: computing test cases
src/main/java/org/apache/commons/codec/binary/BinaryCodec.java: org.apache.commons.codec.binary.BinaryCodec.decode: computed 0 unit tests
src/main/java/org/apache/commons/codec/binary/BinaryCodec.java: org.apache.commons.codec.binary.BinaryCodec.decode: found 1 problems
src/main/java/org/apache/commons/codec/binary/BinaryCodec.java: internal error: org.apache.commons.codec.binary.BinaryCodec.decode: malformed data
src/main/java/org/apache/commons/codec/binary/BinaryCodec.java: org.apache.commons.codec.binary.BinaryCodec.encode: computing test cases
src/main/java/org/apache/commons/codec/binary/BinaryCodec.java: org.apache.commons.codec.binary.BinaryCodec.encode: computed 0 unit tests
src/main/java/org/apache/commons/codec/language/RefinedSoundex.java: org.apache.commons.codec.language.RefinedSoundex.encode: computing test cases
src/main/java/org/apache/commons/codec/language/RefinedSoundex.java: org.apache.commons.codec.language.RefinedSoundex.encode: computed 0 unit tests
src/main/java/org/apache/commons/codec/language/RefinedSoundex.java: org.apache.commons.codec.language.RefinedSoundex.encode: found 1 problems
src/main/java/org/apache/commons/codec/language/RefinedSoundex.java: internal error: org.apache.commons.codec.language.RefinedSoundex.encode: unknown type kind
	data: [==(select(VariableReference(@m_0, pointer(struct(org/apache/commons/codec/language/RefinedSoundex, [], [pointer(reference(java/lang/Object))], [reference(org/apache/commons/codec/StringEncoder)])), @m_0_0), soundexMapping), nil) array(primitive(char, 16, true), primitive(int, 32, false), 0)]
src/main/java/org/apache/commons/codec/language/RefinedSoundex.java: org.apache.commons.codec.language.RefinedSoundex.encode: computing test cases
src/main/java/org/apache/commons/codec/language/RefinedSoundex.java: org.apache.commons.codec.language.RefinedSoundex.encode: computed 0 unit tests
src/main/java/org/apache/commons/codec/language/RefinedSoundex.java: org.apache.commons.codec.language.RefinedSoundex.encode: found 1 problems
src/main/java/org/apache/commons/codec/language/RefinedSoundex.java: internal error: org.apache.commons.codec.language.RefinedSoundex.encode: unknown type kind
	data: [==(select(VariableReference(@m_0, pointer(struct(org/apache/commons/codec/language/RefinedSoundex, [], [pointer(reference(java/lang/Object))], [reference(org/apache/commons/codec/StringEncoder)])), @m_0_0), soundexMapping), nil) array(primitive(char, 16, true), primitive(int, 32, false), 0)]
src/main/java/org/apache/commons/codec/language/RefinedSoundex.java: org.apache.commons.codec.language.RefinedSoundex.getMappingCode: computing test cases
src/main/java/org/apache/commons/codec/language/RefinedSoundex.java: org.apache.commons.codec.language.RefinedSoundex.getMappingCode: computed 0 unit tests
src/main/java/org/apache/commons/codec/language/RefinedSoundex.java: org.apache.commons.codec.language.RefinedSoundex.RefinedSoundex: computing test cases
src/main/java/org/apache/commons/codec/language/RefinedSoundex.java: org.apache.commons.codec.language.RefinedSoundex.RefinedSoundex: computed 0 unit tests
src/main/java/org/apache/commons/codec/language/RefinedSoundex.java: org.apache.commons.codec.language.RefinedSoundex.RefinedSoundex: found 0 problems
src/main/java/org/apache/commons/codec/language/RefinedSoundex.java: org.apache.commons.codec.language.RefinedSoundex.difference: computing test cases
src/main/java/org/apache/commons/codec/language/RefinedSoundex.java: org.apache.commons.codec.language.RefinedSoundex.difference: computed 0 unit tests
src/main/java/org/apache/commons/codec/language/RefinedSoundex.java: org.apache.commons.codec.language.RefinedSoundex.difference: found 1 problems
src/main/java/org/apache/commons/codec/language/RefinedSoundex.java: internal error: org.apache.commons.codec.language.RefinedSoundex.difference: unknown type kind
	data: [==(select(VariableReference(@m_0, pointer(struct(org/apache/commons/codec/language/RefinedSoundex, [], [pointer(reference(java/lang/Object))], [reference(org/apache/commons/codec/StringEncoder)])), @m_0_0), soundexMapping), nil) array(primitive(char, 16, true), primitive(int, 32, false), 0)]
src/main/java/org/apache/commons/codec/language/RefinedSoundex.java: org.apache.commons.codec.language.RefinedSoundex.soundex: computing test cases
src/main/java/org/apache/commons/codec/language/RefinedSoundex.java: org.apache.commons.codec.language.RefinedSoundex.soundex: computed 0 unit tests
src/main/java/org/apache/commons/codec/language/RefinedSoundex.java: org.apache.commons.codec.language.RefinedSoundex.soundex: found 1 problems
src/main/java/org/apache/commons/codec/language/RefinedSoundex.java: internal error: org.apache.commons.codec.language.RefinedSoundex.soundex: unknown type kind
	data: [==(select(VariableReference(@m_0, pointer(struct(org/apache/commons/codec/language/RefinedSoundex, [], [pointer(reference(java/lang/Object))], [reference(org/apache/commons/codec/StringEncoder)])), @m_0_0), soundexMapping), nil) array(primitive(char, 16, true), primitive(int, 32, false), 0)]
src/main/java/org/apache/commons/codec/language/RefinedSoundex.java: org.apache.commons.codec.language.RefinedSoundex.RefinedSoundex: computing test cases
src/main/java/org/apache/commons/codec/language/RefinedSoundex.java: org.apache.commons.codec.language.RefinedSoundex.RefinedSoundex: computed 0 unit tests
src/main/java/org/apache/commons/codec/language/RefinedSoundex.java: org.apache.commons.codec.language.RefinedSoundex.RefinedSoundex: found 0 problems
src/main/java/org/apache/commons/codec/language/RefinedSoundex.java: org.apache.commons.codec.language.RefinedSoundex.RefinedSoundex: computing test cases
src/main/java/org/apache/commons/codec/language/RefinedSoundex.java: org.apache.commons.codec.language.RefinedSoundex.RefinedSoundex: computed 0 unit tests
src/main/java/org/apache/commons/codec/language/RefinedSoundex.java: org.apache.commons.codec.language.RefinedSoundex.RefinedSoundex: found 0 problems
src/main/java/org/apache/commons/codec/language/bm/Rule.java: org.apache.commons.codec.language.bm.Rule.PhonemeExpr.getPhonemes: computing test cases
src/main/java/org/apache/commons/codec/language/bm/Rule.java: org.apache.commons.codec.language.bm.Rule.PhonemeExpr.getPhonemes: function is abstract and therefore inaccessible for tests
src/main/java/org/apache/commons/codec/language/bm/Rule.java: org.apache.commons.codec.language.bm.Rule.Phoneme.Phoneme: computing test cases
src/main/java/org/apache/commons/codec/language/bm/Rule.java: org.apache.commons.codec.language.bm.Rule.Phoneme.Phoneme: computed 0 unit tests
src/main/java/org/apache/commons/codec/language/bm/Rule.java: org.apache.commons.codec.language.bm.Rule.Phoneme.Phoneme: found 0 problems
src/main/java/org/apache/commons/codec/language/bm/Rule.java: org.apache.commons.codec.language.bm.Rule.Phoneme.append: computing test cases
src/main/java/org/apache/commons/codec/language/bm/Rule.java: org.apache.commons.codec.language.bm.Rule.Phoneme.append: computed 0 unit tests
src/main/java/org/apache/commons/codec/language/bm/Rule.java: org.apache.commons.codec.language.bm.Rule.Phoneme.append: found 0 problems
src/main/java/org/apache/commons/codec/language/bm/Rule.java: org.apache.commons.codec.language.bm.Rule.getLContext: computing test cases
src/main/java/org/apache/commons/codec/language/bm/Rule.java: org.apache.commons.codec.language.bm.Rule.getLContext: computed 0 unit tests
src/main/java/org/apache/commons/codec/language/bm/Rule.java: org.apache.commons.codec.language.bm.Rule.getLContext: found 0 problems
src/main/java/org/apache/commons/codec/language/bm/Rule.java: org.apache.commons.codec.language.bm.Rule.RPattern.isMatch: computing test cases
src/main/java/org/apache/commons/codec/language/bm/Rule.java: org.apache.commons.codec.language.bm.Rule.RPattern.isMatch: function is abstract and therefore inaccessible for tests
src/main/java/org/apache/commons/codec/language/bm/Rule.java: org.apache.commons.codec.language.bm.Rule.Phoneme.Phoneme: computing test cases
src/main/java/org/apache/commons/codec/language/bm/Rule.java: org.apache.commons.codec.language.bm.Rule.Phoneme.Phoneme: computed 0 unit tests
src/main/java/org/apache/commons/codec/language/bm/Rule.java: org.apache.commons.codec.language.bm.Rule.Phoneme.Phoneme: found 0 problems
src/main/java/org/apache/commons/codec/language/bm/Rule.java: org.apache.commons.codec.language.bm.Rule.Rule: computing test cases
src/main/java/org/apache/commons/codec/language/bm/Rule.java: org.apache.commons.codec.language.bm.Rule.Rule: computed 0 unit tests
src/main/java/org/apache/commons/codec/language/bm/Rule.java: org.apache.commons.codec.language.bm.Rule.Rule: found 0 problems
src/main/java/org/apache/commons/codec/language/bm/Rule.java: org.apache.commons.codec.language.bm.Rule.PhonemeList.getPhonemes: computing test cases
src/main/java/org/apache/commons/codec/language/bm/Rule.java: org.apache.commons.codec.language.bm.Rule.PhonemeList.getPhonemes: computed 0 unit tests
src/main/java/org/apache/commons/codec/language/bm/Rule.java: org.apache.commons.codec.language.bm.Rule.PhonemeList.getPhonemes: found 0 problems
src/main/java/org/apache/commons/codec/language/bm/Rule.java: org.apache.commons.codec.language.bm.Rule.getInstanceMap: computing test cases
src/main/java/org/apache/commons/codec/language/bm/Rule.java: org.apache.commons.codec.language.bm.Rule.getInstanceMap: computed 0 unit tests
src/main/java/org/apache/commons/codec/language/bm/Rule.java: org.apache.commons.codec.language.bm.Rule.getInstanceMap: found 0 problems
src/main/java/org/apache/commons/codec/language/bm/Rule.java: org.apache.commons.codec.language.bm.Rule.patternAndContextMatches: computing test cases
src/main/java/org/apache/commons/codec/language/bm/Rule.java: org.apache.commons.codec.language.bm.Rule.patternAndContextMatches: computed 0 unit tests
src/main/java/org/apache/commons/codec/language/bm/Rule.java: org.apache.commons.codec.language.bm.Rule.patternAndContextMatches: found 0 problems
src/main/java/org/apache/commons/codec/language/bm/Rule.java: org.apache.commons.codec.language.bm.Rule.getRContext: computing test cases
src/main/java/org/apache/commons/codec/language/bm/Rule.java: org.apache.commons.codec.language.bm.Rule.getRContext: computed 0 unit tests
src/main/java/org/apache/commons/codec/language/bm/Rule.java: org.apache.commons.codec.language.bm.Rule.getRContext: found 0 problems
src/main/java/org/apache/commons/codec/language/bm/Rule.java: org.apache.commons.codec.language.bm.Rule.Phoneme.getLanguages: computing test cases
src/main/java/org/apache/commons/codec/language/bm/Rule.java: org.apache.commons.codec.language.bm.Rule.Phoneme.getLanguages: computed 0 unit tests
src/main/java/org/apache/commons/codec/language/bm/Rule.java: org.apache.commons.codec.language.bm.Rule.Phoneme.getLanguages: found 0 problems
src/main/java/org/apache/commons/codec/language/bm/Rule.java: org.apache.commons.codec.language.bm.Rule.getInstance: computing test cases
src/main/java/org/apache/commons/codec/language/bm/Rule.java: org.apache.commons.codec.language.bm.Rule.getInstance: computed 0 unit tests
src/main/java/org/apache/commons/codec/language/bm/Rule.java: org.apache.commons.codec.language.bm.Rule.getInstance: found 0 problems
src/main/java/org/apache/commons/codec/language/bm/Rule.java: org.apache.commons.codec.language.bm.Rule.getPhoneme: computing test cases
src/main/java/org/apache/commons/codec/language/bm/Rule.java: org.apache.commons.codec.language.bm.Rule.getPhoneme: computed 0 unit tests
src/main/java/org/apache/commons/codec/language/bm/Rule.java: org.apache.commons.codec.language.bm.Rule.getPhoneme: found 0 problems
src/main/java/org/apache/commons/codec/language/bm/Rule.java: org.apache.commons.codec.language.bm.Rule.Phoneme.join: computing test cases
src/main/java/org/apache/commons/codec/language/bm/Rule.java: org.apache.commons.codec.language.bm.Rule.Phoneme.join: computed 0 unit tests
src/main/java/org/apache/commons/codec/language/bm/Rule.java: org.apache.commons.codec.language.bm.Rule.Phoneme.join: found 0 problems
src/main/java/org/apache/commons/codec/language/bm/Rule.java: org.apache.commons.codec.language.bm.Rule.Phoneme.Phoneme: computing test cases
src/main/java/org/apache/commons/codec/language/bm/Rule.java: org.apache.commons.codec.language.bm.Rule.Phoneme.Phoneme: computed 0 unit tests
src/main/java/org/apache/commons/codec/language/bm/Rule.java: org.apache.commons.codec.language.bm.Rule.Phoneme.Phoneme: found 0 problems
src/main/java/org/apache/commons/codec/language/bm/Rule.java: org.apache.commons.codec.language.bm.Rule.Phoneme.getPhonemes: computing test cases
src/main/java/org/apache/commons/codec/language/bm/Rule.java: org.apache.commons.codec.language.bm.Rule.Phoneme.getPhonemes: computed 0 unit tests
src/main/java/org/apache/commons/codec/language/bm/Rule.java: org.apache.commons.codec.language.bm.Rule.Phoneme.getPhonemes: found 0 problems
src/main/java/org/apache/commons/codec/language/bm/Rule.java: org.apache.commons.codec.language.bm.Rule.Phoneme.getPhonemeText: computing test cases
src/main/java/org/apache/commons/codec/language/bm/Rule.java: org.apache.commons.codec.language.bm.Rule.Phoneme.getPhonemeText: computed 0 unit tests
src/main/java/org/apache/commons/codec/language/bm/Rule.java: org.apache.commons.codec.language.bm.Rule.Phoneme.getPhonemeText: found 0 problems
src/main/java/org/apache/commons/codec/language/bm/Rule.java: org.apache.commons.codec.language.bm.Rule.getInstanceMap: computing test cases
src/main/java/org/apache/commons/codec/language/bm/Rule.java: org.apache.commons.codec.language.bm.Rule.getInstanceMap: computed 0 unit tests
src/main/java/org/apache/commons/codec/language/bm/Rule.java: org.apache.commons.codec.language.bm.Rule.getInstanceMap: found 0 problems
src/main/java/org/apache/commons/codec/language/bm/Rule.java: org.apache.commons.codec.language.bm.Rule.getPattern: computing test cases
src/main/java/org/apache/commons/codec/language/bm/Rule.java: org.apache.commons.codec.language.bm.Rule.getPattern: computed 0 unit tests
src/main/java/org/apache/commons/codec/language/bm/Rule.java: org.apache.commons.codec.language.bm.Rule.getPattern: found 0 problems
src/main/java/org/apache/commons/codec/language/bm/Rule.java: org.apache.commons.codec.language.bm.Rule.getInstance: computing test cases
src/main/java/org/apache/commons/codec/language/bm/Rule.java: org.apache.commons.codec.language.bm.Rule.getInstance: computed 0 unit tests
src/main/java/org/apache/commons/codec/language/bm/Rule.java: org.apache.commons.codec.language.bm.Rule.getInstance: found 0 problems
src/main/java/org/apache/commons/codec/language/bm/Rule.java: org.apache.commons.codec.language.bm.Rule.PhonemeList.PhonemeList: computing test cases
src/main/java/org/apache/commons/codec/language/bm/Rule.java: org.apache.commons.codec.language.bm.Rule.PhonemeList.PhonemeList: computed 0 unit tests
src/main/java/org/apache/commons/codec/language/bm/Rule.java: org.apache.commons.codec.language.bm.Rule.PhonemeList.PhonemeList: found 0 problems
src/main/java/org/apache/commons/codec/language/SoundexUtils.java: org.apache.commons.codec.language.SoundexUtils.difference: computing test cases
src/main/java/org/apache/commons/codec/language/SoundexUtils.java: org.apache.commons.codec.language.SoundexUtils.difference: computed 1 unit tests
src/main/java/org/apache/commons/codec/language/SoundexUtils.java: org.apache.commons.codec.language.SoundexUtils.difference: found 0 problems
src/main/java/org/apache/commons/codec/language/SoundexUtils.java: org.apache.commons.codec.language.SoundexUtils.clean: computing test cases
src/main/java/org/apache/commons/codec/language/SoundexUtils.java: org.apache.commons.codec.language.SoundexUtils.clean: computed 2 unit tests
src/main/java/org/apache/commons/codec/language/SoundexUtils.java: org.apache.commons.codec.language.SoundexUtils.clean: found 0 problems
src/main/java/org/apache/commons/codec/language/SoundexUtils.java: org.apache.commons.codec.language.SoundexUtils.differenceEncoded: computing test cases
src/main/java/org/apache/commons/codec/language/SoundexUtils.java: org.apache.commons.codec.language.SoundexUtils.differenceEncoded: computed 6 unit tests
src/main/java/org/apache/commons/codec/language/SoundexUtils.java: org.apache.commons.codec.language.SoundexUtils.differenceEncoded: found 0 problems
src/main/java/org/apache/commons/codec/StringEncoderComparator.java: org.apache.commons.codec.StringEncoderComparator.compare: computing test cases
src/main/java/org/apache/commons/codec/StringEncoderComparator.java: org.apache.commons.codec.StringEncoderComparator.compare: computed 1 unit tests
src/main/java/org/apache/commons/codec/StringEncoderComparator.java: org.apache.commons.codec.StringEncoderComparator.compare: found 1 problems
src/main/java/org/apache/commons/codec/StringEncoderComparator.java:82:78: critical: org.apache.commons.codec.StringEncoderComparator.compare: uncaught java.lang.NullPointerException
src/main/java/org/apache/commons/codec/StringEncoderComparator.java: org.apache.commons.codec.StringEncoderComparator.StringEncoderComparator: computing test cases
src/main/java/org/apache/commons/codec/StringEncoderComparator.java: org.apache.commons.codec.StringEncoderComparator.StringEncoderComparator: computed 1 unit tests
src/main/java/org/apache/commons/codec/StringEncoderComparator.java: org.apache.commons.codec.StringEncoderComparator.StringEncoderComparator: found 0 problems
src/main/java/org/apache/commons/codec/StringEncoderComparator.java: org.apache.commons.codec.StringEncoderComparator.StringEncoderComparator: computing test cases
src/main/java/org/apache/commons/codec/StringEncoderComparator.java: org.apache.commons.codec.StringEncoderComparator.StringEncoderComparator: computed 1 unit tests
src/main/java/org/apache/commons/codec/StringEncoderComparator.java: org.apache.commons.codec.StringEncoderComparator.StringEncoderComparator: found 0 problems
src/main/java/org/apache/commons/codec/net/RFC1522Codec.java: org.apache.commons.codec.net.RFC1522Codec.encodeText: computing test cases
src/main/java/org/apache/commons/codec/net/RFC1522Codec.java: org.apache.commons.codec.net.RFC1522Codec.encodeText: computed 0 unit tests
src/main/java/org/apache/commons/codec/net/RFC1522Codec.java: org.apache.commons.codec.net.RFC1522Codec.decodeText: computing test cases
src/main/java/org/apache/commons/codec/net/RFC1522Codec.java: org.apache.commons.codec.net.RFC1522Codec.decodeText: computed 0 unit tests
src/main/java/org/apache/commons/codec/net/RFC1522Codec.java: org.apache.commons.codec.net.RFC1522Codec.getEncoding: computing test cases
src/main/java/org/apache/commons/codec/net/RFC1522Codec.java: org.apache.commons.codec.net.RFC1522Codec.getEncoding: function is abstract and therefore inaccessible for tests
src/main/java/org/apache/commons/codec/net/RFC1522Codec.java: org.apache.commons.codec.net.RFC1522Codec.encodeText: computing test cases
src/main/java/org/apache/commons/codec/net/RFC1522Codec.java: org.apache.commons.codec.net.RFC1522Codec.encodeText: computed 0 unit tests
src/main/java/org/apache/commons/codec/net/RFC1522Codec.java: org.apache.commons.codec.net.RFC1522Codec.doEncoding: computing test cases
src/main/java/org/apache/commons/codec/net/RFC1522Codec.java: org.apache.commons.codec.net.RFC1522Codec.doEncoding: function is abstract and therefore inaccessible for tests
src/main/java/org/apache/commons/codec/net/RFC1522Codec.java: org.apache.commons.codec.net.RFC1522Codec.doDecoding: computing test cases
src/main/java/org/apache/commons/codec/net/RFC1522Codec.java: org.apache.commons.codec.net.RFC1522Codec.doDecoding: function is abstract and therefore inaccessible for tests
src/main/java/org/apache/commons/codec/language/bm/PhoneticEngine.java: org.apache.commons.codec.language.bm.PhoneticEngine.getLang: computing test cases
src/main/java/org/apache/commons/codec/language/bm/PhoneticEngine.java: org.apache.commons.codec.language.bm.PhoneticEngine.getLang: found 1 problems
src/main/java/org/apache/commons/codec/language/bm/PhoneticEngine.java: internal error: org.apache.commons.codec.language.bm.PhoneticEngine.getLang: unknown type kind
	data: unsupported(java/util/regex/Pattern)
src/main/java/org/apache/commons/codec/language/bm/PhoneticEngine.java: org.apache.commons.codec.language.bm.PhoneticEngine.isConcat: computing test cases
src/main/java/org/apache/commons/codec/language/bm/PhoneticEngine.java: org.apache.commons.codec.language.bm.PhoneticEngine.isConcat: found 1 problems
src/main/java/org/apache/commons/codec/language/bm/PhoneticEngine.java: internal error: org.apache.commons.codec.language.bm.PhoneticEngine.isConcat: unknown type kind
	data: unsupported(java/util/regex/Pattern)
src/main/java/org/apache/commons/codec/language/bm/PhoneticEngine.java: org.apache.commons.codec.language.bm.PhoneticEngine.PhonemeBuilder.makeString: computing test cases
src/main/java/org/apache/commons/codec/language/bm/PhoneticEngine.java: org.apache.commons.codec.language.bm.PhoneticEngine.PhonemeBuilder.makeString: found 1 problems
src/main/java/org/apache/commons/codec/language/bm/PhoneticEngine.java: internal error: org.apache.commons.codec.language.bm.PhoneticEngine.PhonemeBuilder.makeString: recovered panic
	data: Internal error: unknown type kind:
		&modelast.Unsupported{}
		Stacktrace: goroutine 1 [running]:
		gitlab.nethead.at/symflower/symflower/model/errors.NewInternalError({0x21de060, 0x2d25a10}, {0x13d4da0, 0xc0023b3400})
			gitlab.nethead.at/symflower/symflower/model/errors/error.go:852 +0x4e
		gitlab.nethead.at/symflower/symflower/model/ast.zeroValue(0xc0014ef500, {0x2205608, 0xc000583b80}, 0x2088960, 0x2088978)
			gitlab.nethead.at/symflower/symflower/model/ast/value.go:476 +0xefb
		gitlab.nethead.at/symflower/symflower/model/ast.ZeroValue(0xc000bab5c0?, {0x2205608?, 0xc000583b80?})
			gitlab.nethead.at/symflower/symflower/model/ast/value.go:378 +0x2b
		gitlab.nethead.at/symflower/symflower/symbolicexecution.(*symflowerExecution).setInvisibleAndFinalFieldsToDefaultValue(0xc001102b60, 0xc0004c1a00, {0x2209770, 0xc001ad0870})
			gitlab.nethead.at/symflower/symflower/symbolicexecution/handle.go:223 +0x2b5
		gitlab.nethead.at/symflower/symflower/symbolicexecution.(*symflowerExecution).createDeclaration(0xc001102b60, 0xc0004c1a00, {0x140aaeb, 0x4}, {0x2205728?, 0xc00189d160?}, {0x0, 0x0})
			gitlab.nethead.at/symflower/symflower/symbolicexecution/handle.go:4760 +0x62d
		gitlab.nethead.at/symflower/symflower/symbolicexecution.(*symflowerExecution).handleSymbol(0xc001102b60, 0xc0014ef500, 0xc000c58800)
			gitlab.nethead.at/symflower/symflower/symbolicexecution/handle.go:55 +0x645
		gitlab.nethead.at/symflower/symflower/symbolicexecution.analyzeInternal(0xc001b6bbe0, 0x2088c88)
			gitlab.nethead.at/symflower/symflower/symbolicexecution/analyze.go:209 +0xe38
		gitlab.nethead.at/symflower/symflower/symbolicexecution.AnalyzeResult(0x2d49d00?)
			gitlab.nethead.at/symflower/symflower/symbolicexecution/analyze.go:55 +0x32
		gitlab.nethead.at/symflower/symflower/cmd/symflower-local/generate.(*Generator).SymbolicExecutionTestsForSymbol(0xc00058b7d0, {0x21e8348, 0xc001dc83c0}, 0xc000c34ed0)
			gitlab.nethead.at/symflower/symflower/cmd/symflower-local/generate/generate.go:236 +0x3a5
		gitlab.nethead.at/symflower/symflower/cmd/symflower-local/generate.(*Generator).Tests(0xc00058b7d0, 0xc00058b800, 0x0?)
			gitlab.nethead.at/symflower/symflower/cmd/symflower-local/generate/generate.go:190 +0x2d3
		gitlab.nethead.at/symflower/symflower/cmd/symflower-local/generate.(*AnalyzeEngineDefault).UnitTests(0x2a?, 0x124bba0?, {0x21eb890?, 0xc0005a0170?}, {0x90?, 0x6?, 0x13?, 0x0?}, 0x2a?, {0xc00058b1d0, ...})
			gitlab.nethead.at/symflower/symflower/cmd/symflower-local/generate/analyze.go:157 +0x98
		gitlab.nethead.at/symflower/symflower/cmd/symflower-local/cmd.(*commandUnitTests).Execute(0xc00001a3d8, {0xc00001a008?, 0x7824dce69598?, 0xc00001a3d8?})
			gitlab.nethead.at/symflower/symflower/cmd/symflower-local/cmd/unit-tests.go:85 +0x2a6
		gitlab.nethead.at/symflower/symflower/cmd.ExecuteNoExit({0x21de020, 0xc00001a008}, {0xc00019e000?, 0x44?, 0x0?})
			gitlab.nethead.at/symflower/symflower/cmd/execute.go:59 +0x2ad
		gitlab.nethead.at/symflower/symflower/cmd.Execute({0x21de020?, 0xc00001a008?}, {0xc00019e000?, 0xc00007e000?, 0xc0004abf10?})
			gitlab.nethead.at/symflower/symflower/cmd/execute.go:17 +0x26
		gitlab.nethead.at/symflower/symflower/cmd.ExecuteWithOSArguments(...)
			gitlab.nethead.at/symflower/symflower/cmd/execute.go:78
		main.main.func1()
			gitlab.nethead.at/symflower/symflower/cmd/symflower-demo/main.go:39 +0x34
		gitlab.nethead.at/symflower/symflower/cmd/symflower-local/cmd.(*Command).WithPanicReporter(0xc0000b2060?, 0x0?)
			gitlab.nethead.at/symflower/symflower/cmd/symflower-local/cmd/cmd.go:151 +0x33
		main.main()
			gitlab.nethead.at/symflower/symflower/cmd/symflower-demo/main.go:38 +0x7f
src/main/java/org/apache/commons/codec/language/bm/PhoneticEngine.java: org.apache.commons.codec.language.bm.PhoneticEngine.getNameType: computing test cases
src/main/java/org/apache/commons/codec/language/bm/PhoneticEngine.java: org.apache.commons.codec.language.bm.PhoneticEngine.getNameType: found 1 problems
src/main/java/org/apache/commons/codec/language/bm/PhoneticEngine.java: internal error: org.apache.commons.codec.language.bm.PhoneticEngine.getNameType: unknown type kind
	data: unsupported(java/util/regex/Pattern)
src/main/java/org/apache/commons/codec/language/bm/PhoneticEngine.java: org.apache.commons.codec.language.bm.PhoneticEngine.getRuleType: computing test cases
src/main/java/org/apache/commons/codec/language/bm/PhoneticEngine.java: org.apache.commons.codec.language.bm.PhoneticEngine.getRuleType: found 1 problems
src/main/java/org/apache/commons/codec/language/bm/PhoneticEngine.java: internal error: org.apache.commons.codec.language.bm.PhoneticEngine.getRuleType: unknown type kind
	data: unsupported(java/util/regex/Pattern)
src/main/java/org/apache/commons/codec/language/bm/PhoneticEngine.java: org.apache.commons.codec.language.bm.PhoneticEngine.encode: computing test cases
src/main/java/org/apache/commons/codec/language/bm/PhoneticEngine.java: org.apache.commons.codec.language.bm.PhoneticEngine.encode: found 1 problems
src/main/java/org/apache/commons/codec/language/bm/PhoneticEngine.java: internal error: org.apache.commons.codec.language.bm.PhoneticEngine.encode: unknown type kind
	data: unsupported(java/util/regex/Pattern)
src/main/java/org/apache/commons/codec/language/bm/PhoneticEngine.java: org.apache.commons.codec.language.bm.PhoneticEngine.PhonemeBuilder.empty: computing test cases
src/main/java/org/apache/commons/codec/language/bm/PhoneticEngine.java: org.apache.commons.codec.language.bm.PhoneticEngine.PhonemeBuilder.empty: found 1 problems
src/main/java/org/apache/commons/codec/language/bm/PhoneticEngine.java: internal error: org.apache.commons.codec.language.bm.PhoneticEngine.PhonemeBuilder.empty: unknown type kind
	data: unsupported(java/util/regex/Pattern)
src/main/java/org/apache/commons/codec/language/bm/PhoneticEngine.java: org.apache.commons.codec.language.bm.PhoneticEngine.PhoneticEngine: computing test cases
src/main/java/org/apache/commons/codec/language/bm/PhoneticEngine.java: org.apache.commons.codec.language.bm.PhoneticEngine.PhoneticEngine: found 1 problems
src/main/java/org/apache/commons/codec/language/bm/PhoneticEngine.java: internal error: org.apache.commons.codec.language.bm.PhoneticEngine.PhoneticEngine: unknown type kind
	data: unsupported(java/util/regex/Pattern)
src/main/java/org/apache/commons/codec/language/bm/PhoneticEngine.java: org.apache.commons.codec.language.bm.PhoneticEngine.PhonemeBuilder.append: computing test cases
src/main/java/org/apache/commons/codec/language/bm/PhoneticEngine.java: org.apache.commons.codec.language.bm.PhoneticEngine.PhonemeBuilder.append: found 1 problems
src/main/java/org/apache/commons/codec/language/bm/PhoneticEngine.java: internal error: org.apache.commons.codec.language.bm.PhoneticEngine.PhonemeBuilder.append: recovered panic
	data: Internal error: unknown type kind:
		&modelast.Unsupported{}
		Stacktrace: goroutine 1 [running]:
		gitlab.nethead.at/symflower/symflower/model/errors.NewInternalError({0x21de060, 0x2d25a10}, {0x13d4da0, 0xc00278bcc0})
			gitlab.nethead.at/symflower/symflower/model/errors/error.go:852 +0x4e
		gitlab.nethead.at/symflower/symflower/model/ast.zeroValue(0xc001b10660, {0x2205608, 0xc000583b80}, 0x2088960, 0x2088978)
			gitlab.nethead.at/symflower/symflower/model/ast/value.go:476 +0xefb
		gitlab.nethead.at/symflower/symflower/model/ast.ZeroValue(0xc000bab5c0?, {0x2205608?, 0xc000583b80?})
			gitlab.nethead.at/symflower/symflower/model/ast/value.go:378 +0x2b
		gitlab.nethead.at/symflower/symflower/symbolicexecution.(*symflowerExecution).setInvisibleAndFinalFieldsToDefaultValue(0xc000f8aea0, 0xc000ab4300, {0x2209770, 0xc001f74af0})
			gitlab.nethead.at/symflower/symflower/symbolicexecution/handle.go:223 +0x2b5
		gitlab.nethead.at/symflower/symflower/symbolicexecution.(*symflowerExecution).createDeclaration(0xc000f8aea0, 0xc000ab4300, {0x140aaeb, 0x4}, {0x2205728?, 0xc00189c9e0?}, {0x0, 0x0})
			gitlab.nethead.at/symflower/symflower/symbolicexecution/handle.go:4760 +0x62d
		gitlab.nethead.at/symflower/symflower/symbolicexecution.(*symflowerExecution).handleSymbol(0xc000f8aea0, 0xc001b10660, 0xc000c58500)
			gitlab.nethead.at/symflower/symflower/symbolicexecution/handle.go:55 +0x645
		gitlab.nethead.at/symflower/symflower/symbolicexecution.analyzeInternal(0xc001bbd860, 0x2088c88)
			gitlab.nethead.at/symflower/symflower/symbolicexecution/analyze.go:209 +0xe38
		gitlab.nethead.at/symflower/symflower/symbolicexecution.AnalyzeResult(0x2d49d00?)
			gitlab.nethead.at/symflower/symflower/symbolicexecution/analyze.go:55 +0x32
		gitlab.nethead.at/symflower/symflower/cmd/symflower-local/generate.(*Generator).SymbolicExecutionTestsForSymbol(0xc00058b7d0, {0x21e8348, 0xc001dc83c0}, 0xc000c34e40)
			gitlab.nethead.at/symflower/symflower/cmd/symflower-local/generate/generate.go:236 +0x3a5
		gitlab.nethead.at/symflower/symflower/cmd/symflower-local/generate.(*Generator).Tests(0xc00058b7d0, 0xc00058b800, 0x0?)
			gitlab.nethead.at/symflower/symflower/cmd/symflower-local/generate/generate.go:190 +0x2d3
		gitlab.nethead.at/symflower/symflower/cmd/symflower-local/generate.(*AnalyzeEngineDefault).UnitTests(0x2a?, 0x124bba0?, {0x21eb890?, 0xc0005a0170?}, {0x90?, 0x6?, 0x13?, 0x0?}, 0x2a?, {0xc00058b1d0, ...})
			gitlab.nethead.at/symflower/symflower/cmd/symflower-local/generate/analyze.go:157 +0x98
		gitlab.nethead.at/symflower/symflower/cmd/symflower-local/cmd.(*commandUnitTests).Execute(0xc00001a3d8, {0xc00001a008?, 0x7824dce69598?, 0xc00001a3d8?})
			gitlab.nethead.at/symflower/symflower/cmd/symflower-local/cmd/unit-tests.go:85 +0x2a6
		gitlab.nethead.at/symflower/symflower/cmd.ExecuteNoExit({0x21de020, 0xc00001a008}, {0xc00019e000?, 0x44?, 0x0?})
			gitlab.nethead.at/symflower/symflower/cmd/execute.go:59 +0x2ad
		gitlab.nethead.at/symflower/symflower/cmd.Execute({0x21de020?, 0xc00001a008?}, {0xc00019e000?, 0xc00007e000?, 0xc0004abf10?})
			gitlab.nethead.at/symflower/symflower/cmd/execute.go:17 +0x26
		gitlab.nethead.at/symflower/symflower/cmd.ExecuteWithOSArguments(...)
			gitlab.nethead.at/symflower/symflower/cmd/execute.go:78
		main.main.func1()
			gitlab.nethead.at/symflower/symflower/cmd/symflower-demo/main.go:39 +0x34
		gitlab.nethead.at/symflower/symflower/cmd/symflower-local/cmd.(*Command).WithPanicReporter(0xc0000b2060?, 0x0?)
			gitlab.nethead.at/symflower/symflower/cmd/symflower-local/cmd/cmd.go:151 +0x33
		main.main()
			gitlab.nethead.at/symflower/symflower/cmd/symflower-demo/main.go:38 +0x7f
src/main/java/org/apache/commons/codec/language/bm/PhoneticEngine.java: org.apache.commons.codec.language.bm.PhoneticEngine.encode: computing test cases
src/main/java/org/apache/commons/codec/language/bm/PhoneticEngine.java: org.apache.commons.codec.language.bm.PhoneticEngine.encode: found 1 problems
src/main/java/org/apache/commons/codec/language/bm/PhoneticEngine.java: internal error: org.apache.commons.codec.language.bm.PhoneticEngine.encode: unknown type kind
	data: unsupported(java/util/regex/Pattern)
src/main/java/org/apache/commons/codec/language/bm/PhoneticEngine.java: org.apache.commons.codec.language.bm.PhoneticEngine.PhoneticEngine: computing test cases
src/main/java/org/apache/commons/codec/language/bm/PhoneticEngine.java: org.apache.commons.codec.language.bm.PhoneticEngine.PhoneticEngine: found 1 problems
src/main/java/org/apache/commons/codec/language/bm/PhoneticEngine.java: internal error: org.apache.commons.codec.language.bm.PhoneticEngine.PhoneticEngine: unknown type kind
	data: unsupported(java/util/regex/Pattern)
src/main/java/org/apache/commons/codec/language/bm/PhoneticEngine.java: org.apache.commons.codec.language.bm.PhoneticEngine.PhonemeBuilder.getPhonemes: computing test cases
src/main/java/org/apache/commons/codec/language/bm/PhoneticEngine.java: org.apache.commons.codec.language.bm.PhoneticEngine.PhonemeBuilder.getPhonemes: found 1 problems
src/main/java/org/apache/commons/codec/language/bm/PhoneticEngine.java: internal error: org.apache.commons.codec.language.bm.PhoneticEngine.PhonemeBuilder.getPhonemes: recovered panic
	data: Internal error: unknown type kind:
		&modelast.Unsupported{}
		Stacktrace: goroutine 1 [running]:
		gitlab.nethead.at/symflower/symflower/model/errors.NewInternalError({0x21de060, 0x2d25a10}, {0x13d4da0, 0xc002c2f840})
			gitlab.nethead.at/symflower/symflower/model/errors/error.go:852 +0x4e
		gitlab.nethead.at/symflower/symflower/model/ast.zeroValue(0xc001b11da0, {0x2205608, 0xc000583b80}, 0x2088960, 0x2088978)
			gitlab.nethead.at/symflower/symflower/model/ast/value.go:476 +0xefb
		gitlab.nethead.at/symflower/symflower/model/ast.ZeroValue(0xc000bab5c0?, {0x2205608?, 0xc000583b80?})
			gitlab.nethead.at/symflower/symflower/model/ast/value.go:378 +0x2b
		gitlab.nethead.at/symflower/symflower/symbolicexecution.(*symflowerExecution).setInvisibleAndFinalFieldsToDefaultValue(0xc001105520, 0xc001098500, {0x2209770, 0xc000634050})
			gitlab.nethead.at/symflower/symflower/symbolicexecution/handle.go:223 +0x2b5
		gitlab.nethead.at/symflower/symflower/symbolicexecution.(*symflowerExecution).createDeclaration(0xc001105520, 0xc001098500, {0x140aaeb, 0x4}, {0x2205728?, 0xc00189cf20?}, {0x0, 0x0})
			gitlab.nethead.at/symflower/symflower/symbolicexecution/handle.go:4760 +0x62d
		gitlab.nethead.at/symflower/symflower/symbolicexecution.(*symflowerExecution).handleSymbol(0xc001105520, 0xc001b11da0, 0xc000c58700)
			gitlab.nethead.at/symflower/symflower/symbolicexecution/handle.go:55 +0x645
		gitlab.nethead.at/symflower/symflower/symbolicexecution.analyzeInternal(0xc001d728c0, 0x2088c88)
			gitlab.nethead.at/symflower/symflower/symbolicexecution/analyze.go:209 +0xe38
		gitlab.nethead.at/symflower/symflower/symbolicexecution.AnalyzeResult(0x2d49d00?)
			gitlab.nethead.at/symflower/symflower/symbolicexecution/analyze.go:55 +0x32
		gitlab.nethead.at/symflower/symflower/cmd/symflower-local/generate.(*Generator).SymbolicExecutionTestsForSymbol(0xc00058b7d0, {0x21e8348, 0xc001dc83c0}, 0xc000c34ea0)
			gitlab.nethead.at/symflower/symflower/cmd/symflower-local/generate/generate.go:236 +0x3a5
		gitlab.nethead.at/symflower/symflower/cmd/symflower-local/generate.(*Generator).Tests(0xc00058b7d0, 0xc00058b800, 0x0?)
			gitlab.nethead.at/symflower/symflower/cmd/symflower-local/generate/generate.go:190 +0x2d3
		gitlab.nethead.at/symflower/symflower/cmd/symflower-local/generate.(*AnalyzeEngineDefault).UnitTests(0x2a?, 0x124bba0?, {0x21eb890?, 0xc0005a0170?}, {0x90?, 0x6?, 0x13?, 0x0?}, 0x2a?, {0xc00058b1d0, ...})
			gitlab.nethead.at/symflower/symflower/cmd/symflower-local/generate/analyze.go:157 +0x98
		gitlab.nethead.at/symflower/symflower/cmd/symflower-local/cmd.(*commandUnitTests).Execute(0xc00001a3d8, {0xc00001a008?, 0x7824dce69598?, 0xc00001a3d8?})
			gitlab.nethead.at/symflower/symflower/cmd/symflower-local/cmd/unit-tests.go:85 +0x2a6
		gitlab.nethead.at/symflower/symflower/cmd.ExecuteNoExit({0x21de020, 0xc00001a008}, {0xc00019e000?, 0x44?, 0x0?})
			gitlab.nethead.at/symflower/symflower/cmd/execute.go:59 +0x2ad
		gitlab.nethead.at/symflower/symflower/cmd.Execute({0x21de020?, 0xc00001a008?}, {0xc00019e000?, 0xc00007e000?, 0xc0004abf10?})
			gitlab.nethead.at/symflower/symflower/cmd/execute.go:17 +0x26
		gitlab.nethead.at/symflower/symflower/cmd.ExecuteWithOSArguments(...)
			gitlab.nethead.at/symflower/symflower/cmd/execute.go:78
		main.main.func1()
			gitlab.nethead.at/symflower/symflower/cmd/symflower-demo/main.go:39 +0x34
		gitlab.nethead.at/symflower/symflower/cmd/symflower-local/cmd.(*Command).WithPanicReporter(0xc0000b2060?, 0x0?)
			gitlab.nethead.at/symflower/symflower/cmd/symflower-local/cmd/cmd.go:151 +0x33
		main.main()
			gitlab.nethead.at/symflower/symflower/cmd/symflower-demo/main.go:38 +0x7f
src/main/java/org/apache/commons/codec/language/bm/PhoneticEngine.java: org.apache.commons.codec.language.bm.PhoneticEngine.PhonemeBuilder.apply: computing test cases
src/main/java/org/apache/commons/codec/language/bm/PhoneticEngine.java: org.apache.commons.codec.language.bm.PhoneticEngine.PhonemeBuilder.apply: found 1 problems
src/main/java/org/apache/commons/codec/language/bm/PhoneticEngine.java: internal error: org.apache.commons.codec.language.bm.PhoneticEngine.PhonemeBuilder.apply: recovered panic
	data: Internal error: unknown type kind:
		&modelast.Unsupported{}
		Stacktrace: goroutine 1 [running]:
		gitlab.nethead.at/symflower/symflower/model/errors.NewInternalError({0x21de060, 0x2d25a10}, {0x13d4da0, 0xc0005fcb80})
			gitlab.nethead.at/symflower/symflower/model/errors/error.go:852 +0x4e
		gitlab.nethead.at/symflower/symflower/model/ast.zeroValue(0xc0029ea420, {0x2205608, 0xc000583b80}, 0x2088960, 0x2088978)
			gitlab.nethead.at/symflower/symflower/model/ast/value.go:476 +0xefb
		gitlab.nethead.at/symflower/symflower/model/ast.ZeroValue(0xc000bab5c0?, {0x2205608?, 0xc000583b80?})
			gitlab.nethead.at/symflower/symflower/model/ast/value.go:378 +0x2b
		gitlab.nethead.at/symflower/symflower/symbolicexecution.(*symflowerExecution).setInvisibleAndFinalFieldsToDefaultValue(0xc001342340, 0xc001344300, {0x2209770, 0xc0016001e0})
			gitlab.nethead.at/symflower/symflower/symbolicexecution/handle.go:223 +0x2b5
		gitlab.nethead.at/symflower/symflower/symbolicexecution.(*symflowerExecution).createDeclaration(0xc001342340, 0xc001344300, {0x140aaeb, 0x4}, {0x2205728?, 0xc00189cc20?}, {0x0, 0x0})
			gitlab.nethead.at/symflower/symflower/symbolicexecution/handle.go:4760 +0x62d
		gitlab.nethead.at/symflower/symflower/symbolicexecution.(*symflowerExecution).handleSymbol(0xc001342340, 0xc0029ea420, 0xc000c58600)
			gitlab.nethead.at/symflower/symflower/symbolicexecution/handle.go:55 +0x645
		gitlab.nethead.at/symflower/symflower/symbolicexecution.analyzeInternal(0xc001d72fc0, 0x2088c88)
			gitlab.nethead.at/symflower/symflower/symbolicexecution/analyze.go:209 +0xe38
		gitlab.nethead.at/symflower/symflower/symbolicexecution.AnalyzeResult(0x2d49d00?)
			gitlab.nethead.at/symflower/symflower/symbolicexecution/analyze.go:55 +0x32
		gitlab.nethead.at/symflower/symflower/cmd/symflower-local/generate.(*Generator).SymbolicExecutionTestsForSymbol(0xc00058b7d0, {0x21e8348, 0xc001dc83c0}, 0xc000c34e70)
			gitlab.nethead.at/symflower/symflower/cmd/symflower-local/generate/generate.go:236 +0x3a5
		gitlab.nethead.at/symflower/symflower/cmd/symflower-local/generate.(*Generator).Tests(0xc00058b7d0, 0xc00058b800, 0x0?)
			gitlab.nethead.at/symflower/symflower/cmd/symflower-local/generate/generate.go:190 +0x2d3
		gitlab.nethead.at/symflower/symflower/cmd/symflower-local/generate.(*AnalyzeEngineDefault).UnitTests(0x2a?, 0x124bba0?, {0x21eb890?, 0xc0005a0170?}, {0x90?, 0x6?, 0x13?, 0x0?}, 0x2a?, {0xc00058b1d0, ...})
			gitlab.nethead.at/symflower/symflower/cmd/symflower-local/generate/analyze.go:157 +0x98
		gitlab.nethead.at/symflower/symflower/cmd/symflower-local/cmd.(*commandUnitTests).Execute(0xc00001a3d8, {0xc00001a008?, 0x7824dce69598?, 0xc00001a3d8?})
			gitlab.nethead.at/symflower/symflower/cmd/symflower-local/cmd/unit-tests.go:85 +0x2a6
		gitlab.nethead.at/symflower/symflower/cmd.ExecuteNoExit({0x21de020, 0xc00001a008}, {0xc00019e000?, 0x44?, 0x0?})
			gitlab.nethead.at/symflower/symflower/cmd/execute.go:59 +0x2ad
		gitlab.nethead.at/symflower/symflower/cmd.Execute({0x21de020?, 0xc00001a008?}, {0xc00019e000?, 0xc00007e000?, 0xc0004abf10?})
			gitlab.nethead.at/symflower/symflower/cmd/execute.go:17 +0x26
		gitlab.nethead.at/symflower/symflower/cmd.ExecuteWithOSArguments(...)
			gitlab.nethead.at/symflower/symflower/cmd/execute.go:78
		main.main.func1()
			gitlab.nethead.at/symflower/symflower/cmd/symflower-demo/main.go:39 +0x34
		gitlab.nethead.at/symflower/symflower/cmd/symflower-local/cmd.(*Command).WithPanicReporter(0xc0000b2060?, 0x0?)
			gitlab.nethead.at/symflower/symflower/cmd/symflower-local/cmd/cmd.go:151 +0x33
		main.main()
			gitlab.nethead.at/symflower/symflower/cmd/symflower-demo/main.go:38 +0x7f
src/main/java/org/apache/commons/codec/language/bm/PhoneticEngine.java: org.apache.commons.codec.language.bm.PhoneticEngine.getMaxPhonemes: computing test cases
src/main/java/org/apache/commons/codec/language/bm/PhoneticEngine.java: org.apache.commons.codec.language.bm.PhoneticEngine.getMaxPhonemes: found 1 problems
src/main/java/org/apache/commons/codec/language/bm/PhoneticEngine.java: internal error: org.apache.commons.codec.language.bm.PhoneticEngine.getMaxPhonemes: unknown type kind
	data: unsupported(java/util/regex/Pattern)
src/main/java/org/apache/commons/codec/EncoderException.java: org.apache.commons.codec.EncoderException.EncoderException: computing test cases
src/main/java/org/apache/commons/codec/EncoderException.java: org.apache.commons.codec.EncoderException.EncoderException: computed 1 unit tests
src/main/java/org/apache/commons/codec/EncoderException.java: org.apache.commons.codec.EncoderException.EncoderException: found 0 problems
src/main/java/org/apache/commons/codec/EncoderException.java: org.apache.commons.codec.EncoderException.EncoderException: computing test cases
src/main/java/org/apache/commons/codec/EncoderException.java: org.apache.commons.codec.EncoderException.EncoderException: computed 1 unit tests
src/main/java/org/apache/commons/codec/EncoderException.java: org.apache.commons.codec.EncoderException.EncoderException: found 0 problems
src/main/java/org/apache/commons/codec/EncoderException.java: org.apache.commons.codec.EncoderException.EncoderException: computing test cases
src/main/java/org/apache/commons/codec/EncoderException.java: org.apache.commons.codec.EncoderException.EncoderException: computed 1 unit tests
src/main/java/org/apache/commons/codec/EncoderException.java: org.apache.commons.codec.EncoderException.EncoderException: found 0 problems
src/main/java/org/apache/commons/codec/EncoderException.java: org.apache.commons.codec.EncoderException.EncoderException: computing test cases
src/main/java/org/apache/commons/codec/EncoderException.java: org.apache.commons.codec.EncoderException.EncoderException: computed 1 unit tests
src/main/java/org/apache/commons/codec/EncoderException.java: org.apache.commons.codec.EncoderException.EncoderException: found 0 problems
src/main/java/org/apache/commons/codec/binary/Hex.java: org.apache.commons.codec.binary.Hex.decodeHex: computing test cases
src/main/java/org/apache/commons/codec/binary/Hex.java: org.apache.commons.codec.binary.Hex.decodeHex: found 1 problems
src/main/java/org/apache/commons/codec/binary/Hex.java: internal error: org.apache.commons.codec.binary.Hex.decodeHex: unknown type kind
	data: unsupported(java/nio/charset/Charset)
src/main/java/org/apache/commons/codec/binary/Hex.java: org.apache.commons.codec.binary.Hex.encodeHexString: computing test cases
src/main/java/org/apache/commons/codec/binary/Hex.java: org.apache.commons.codec.binary.Hex.encodeHexString: found 1 problems
src/main/java/org/apache/commons/codec/binary/Hex.java: internal error: org.apache.commons.codec.binary.Hex.encodeHexString: unknown type kind
	data: unsupported(java/nio/charset/Charset)
src/main/java/org/apache/commons/codec/binary/Hex.java: org.apache.commons.codec.binary.Hex.toString: computing test cases
src/main/java/org/apache/commons/codec/binary/Hex.java: org.apache.commons.codec.binary.Hex.toString: found 1 problems
src/main/java/org/apache/commons/codec/binary/Hex.java: internal error: org.apache.commons.codec.binary.Hex.toString: unknown type kind
	data: unsupported(java/nio/charset/Charset)
src/main/java/org/apache/commons/codec/binary/Hex.java: org.apache.commons.codec.binary.Hex.encodeHex: computing test cases
src/main/java/org/apache/commons/codec/binary/Hex.java: org.apache.commons.codec.binary.Hex.encodeHex: found 1 problems
src/main/java/org/apache/commons/codec/binary/Hex.java: internal error: org.apache.commons.codec.binary.Hex.encodeHex: unknown type kind
	data: unsupported(java/nio/charset/Charset)
src/main/java/org/apache/commons/codec/binary/Hex.java: org.apache.commons.codec.binary.Hex.encodeHex: computing test cases
src/main/java/org/apache/commons/codec/binary/Hex.java: org.apache.commons.codec.binary.Hex.encodeHex: computed 0 unit tests
src/main/java/org/apache/commons/codec/binary/Hex.java: org.apache.commons.codec.binary.Hex.encodeHex: found 1 problems
src/main/java/org/apache/commons/codec/binary/Hex.java: unsupported: org.apache.commons.codec.binary.Hex.encodeHex: encountered an unsupported type
	data: unsupported(java/nio/charset/Charset)
src/main/java/org/apache/commons/codec/binary/Hex.java: org.apache.commons.codec.binary.Hex.encodeHex: computing test cases
src/main/java/org/apache/commons/codec/binary/Hex.java: org.apache.commons.codec.binary.Hex.encodeHex: found 1 problems
src/main/java/org/apache/commons/codec/binary/Hex.java: internal error: org.apache.commons.codec.binary.Hex.encodeHex: unknown type kind
	data: unsupported(java/nio/charset/Charset)
src/main/java/org/apache/commons/codec/binary/Hex.java: org.apache.commons.codec.binary.Hex.Hex: computing test cases
src/main/java/org/apache/commons/codec/binary/Hex.java: org.apache.commons.codec.binary.Hex.Hex: found 1 problems
src/main/java/org/apache/commons/codec/binary/Hex.java: internal error: org.apache.commons.codec.binary.Hex.Hex: unknown type kind
	data: unsupported(java/nio/charset/Charset)
src/main/java/org/apache/commons/codec/binary/Hex.java: org.apache.commons.codec.binary.Hex.encode: computing test cases
src/main/java/org/apache/commons/codec/binary/Hex.java: org.apache.commons.codec.binary.Hex.encode: computed 0 unit tests
src/main/java/org/apache/commons/codec/binary/Hex.java: org.apache.commons.codec.binary.Hex.getCharset: computing test cases
src/main/java/org/apache/commons/codec/binary/Hex.java: org.apache.commons.codec.binary.Hex.getCharset: found 1 problems
src/main/java/org/apache/commons/codec/binary/Hex.java: internal error: org.apache.commons.codec.binary.Hex.getCharset: unknown type kind
	data: unsupported(java/nio/charset/Charset)
src/main/java/org/apache/commons/codec/binary/Hex.java: org.apache.commons.codec.binary.Hex.decode: computing test cases
src/main/java/org/apache/commons/codec/binary/Hex.java: org.apache.commons.codec.binary.Hex.decode: computed 0 unit tests
src/main/java/org/apache/commons/codec/binary/Hex.java: org.apache.commons.codec.binary.Hex.Hex: computing test cases
src/main/java/org/apache/commons/codec/binary/Hex.java: org.apache.commons.codec.binary.Hex.Hex: found 1 problems
src/main/java/org/apache/commons/codec/binary/Hex.java: internal error: org.apache.commons.codec.binary.Hex.Hex: unknown type kind
	data: unsupported(java/nio/charset/Charset)
src/main/java/org/apache/commons/codec/binary/Hex.java: org.apache.commons.codec.binary.Hex.toDigit: computing test cases
src/main/java/org/apache/commons/codec/binary/Hex.java: org.apache.commons.codec.binary.Hex.toDigit: computed 0 unit tests
src/main/java/org/apache/commons/codec/binary/Hex.java: org.apache.commons.codec.binary.Hex.toDigit: found 1 problems
src/main/java/org/apache/commons/codec/binary/Hex.java: unsupported: org.apache.commons.codec.binary.Hex.toDigit: encountered an unsupported type
	data: unsupported(java/nio/charset/Charset)
src/main/java/org/apache/commons/codec/binary/Hex.java: org.apache.commons.codec.binary.Hex.decode: computing test cases
src/main/java/org/apache/commons/codec/binary/Hex.java: org.apache.commons.codec.binary.Hex.decode: found 1 problems
src/main/java/org/apache/commons/codec/binary/Hex.java: internal error: org.apache.commons.codec.binary.Hex.decode: unknown type kind
	data: unsupported(java/nio/charset/Charset)
src/main/java/org/apache/commons/codec/binary/Hex.java: org.apache.commons.codec.binary.Hex.Hex: computing test cases
src/main/java/org/apache/commons/codec/binary/Hex.java: org.apache.commons.codec.binary.Hex.Hex: found 1 problems
src/main/java/org/apache/commons/codec/binary/Hex.java: internal error: org.apache.commons.codec.binary.Hex.Hex: unknown type kind
	data: unsupported(java/nio/charset/Charset)
src/main/java/org/apache/commons/codec/binary/Hex.java: org.apache.commons.codec.binary.Hex.getCharsetName: computing test cases
src/main/java/org/apache/commons/codec/binary/Hex.java: org.apache.commons.codec.binary.Hex.getCharsetName: found 1 problems
src/main/java/org/apache/commons/codec/binary/Hex.java: internal error: org.apache.commons.codec.binary.Hex.getCharsetName: unknown type kind
	data: unsupported(java/nio/charset/Charset)
src/main/java/org/apache/commons/codec/binary/Hex.java: org.apache.commons.codec.binary.Hex.encode: computing test cases
src/main/java/org/apache/commons/codec/binary/Hex.java: org.apache.commons.codec.binary.Hex.encode: found 1 problems
src/main/java/org/apache/commons/codec/binary/Hex.java: internal error: org.apache.commons.codec.binary.Hex.encode: unknown type kind
	data: unsupported(java/nio/charset/Charset)
src/main/java/org/apache/commons/codec/binary/BaseNCodec.java: org.apache.commons.codec.binary.BaseNCodec.encode: computing test cases
src/main/java/org/apache/commons/codec/binary/BaseNCodec.java: org.apache.commons.codec.binary.BaseNCodec.encode: computed 0 unit tests
src/main/java/org/apache/commons/codec/binary/BaseNCodec.java: org.apache.commons.codec.binary.BaseNCodec.decode: computing test cases
src/main/java/org/apache/commons/codec/binary/BaseNCodec.java: org.apache.commons.codec.binary.BaseNCodec.decode: computed 0 unit tests
src/main/java/org/apache/commons/codec/binary/BaseNCodec.java: org.apache.commons.codec.binary.BaseNCodec.Context.Context: computing test cases
src/main/java/org/apache/commons/codec/binary/BaseNCodec.java: org.apache.commons.codec.binary.BaseNCodec.Context.Context: computed 1 unit tests
src/main/java/org/apache/commons/codec/binary/BaseNCodec.java: org.apache.commons.codec.binary.BaseNCodec.Context.Context: found 0 problems
src/main/java/org/apache/commons/codec/binary/BaseNCodec.java: org.apache.commons.codec.binary.BaseNCodec.ensureBufferSize: computing test cases
src/main/java/org/apache/commons/codec/binary/BaseNCodec.java: org.apache.commons.codec.binary.BaseNCodec.ensureBufferSize: computed 0 unit tests
src/main/java/org/apache/commons/codec/binary/BaseNCodec.java: org.apache.commons.codec.binary.BaseNCodec.decode: computing test cases
src/main/java/org/apache/commons/codec/binary/BaseNCodec.java: org.apache.commons.codec.binary.BaseNCodec.decode: computed 0 unit tests
src/main/java/org/apache/commons/codec/binary/BaseNCodec.java: org.apache.commons.codec.binary.BaseNCodec.isInAlphabet: computing test cases
src/main/java/org/apache/commons/codec/binary/BaseNCodec.java: org.apache.commons.codec.binary.BaseNCodec.isInAlphabet: computed 0 unit tests
src/main/java/org/apache/commons/codec/binary/BaseNCodec.java: org.apache.commons.codec.binary.BaseNCodec.hasData: computing test cases
src/main/java/org/apache/commons/codec/binary/BaseNCodec.java: org.apache.commons.codec.binary.BaseNCodec.hasData: computed 0 unit tests
src/main/java/org/apache/commons/codec/binary/BaseNCodec.java: org.apache.commons.codec.binary.BaseNCodec.encodeAsString: computing test cases
src/main/java/org/apache/commons/codec/binary/BaseNCodec.java: org.apache.commons.codec.binary.BaseNCodec.encodeAsString: computed 0 unit tests
src/main/java/org/apache/commons/codec/binary/BaseNCodec.java: org.apache.commons.codec.binary.BaseNCodec.encode: computing test cases
src/main/java/org/apache/commons/codec/binary/BaseNCodec.java: org.apache.commons.codec.binary.BaseNCodec.encode: computed 0 unit tests
src/main/java/org/apache/commons/codec/binary/BaseNCodec.java: org.apache.commons.codec.binary.BaseNCodec.encode: computing test cases
src/main/java/org/apache/commons/codec/binary/BaseNCodec.java: org.apache.commons.codec.binary.BaseNCodec.encode: function is abstract and therefore inaccessible for tests
src/main/java/org/apache/commons/codec/binary/BaseNCodec.java: org.apache.commons.codec.binary.BaseNCodec.isInAlphabet: computing test cases
src/main/java/org/apache/commons/codec/binary/BaseNCodec.java: org.apache.commons.codec.binary.BaseNCodec.isInAlphabet: function is abstract and therefore inaccessible for tests
src/main/java/org/apache/commons/codec/binary/BaseNCodec.java: org.apache.commons.codec.binary.BaseNCodec.decode: computing test cases
src/main/java/org/apache/commons/codec/binary/BaseNCodec.java: org.apache.commons.codec.binary.BaseNCodec.decode: function is abstract and therefore inaccessible for tests
src/main/java/org/apache/commons/codec/binary/BaseNCodec.java: org.apache.commons.codec.binary.BaseNCodec.containsAlphabetOrPad: computing test cases
src/main/java/org/apache/commons/codec/binary/BaseNCodec.java: org.apache.commons.codec.binary.BaseNCodec.containsAlphabetOrPad: computed 0 unit tests
src/main/java/org/apache/commons/codec/binary/BaseNCodec.java: org.apache.commons.codec.binary.BaseNCodec.encodeToString: computing test cases
src/main/java/org/apache/commons/codec/binary/BaseNCodec.java: org.apache.commons.codec.binary.BaseNCodec.encodeToString: computed 0 unit tests
src/main/java/org/apache/commons/codec/binary/BaseNCodec.java: org.apache.commons.codec.binary.BaseNCodec.readResults: computing test cases
src/main/java/org/apache/commons/codec/binary/BaseNCodec.java: org.apache.commons.codec.binary.BaseNCodec.readResults: computed 0 unit tests
src/main/java/org/apache/commons/codec/binary/BaseNCodec.java: org.apache.commons.codec.binary.BaseNCodec.decode: computing test cases
src/main/java/org/apache/commons/codec/binary/BaseNCodec.java: org.apache.commons.codec.binary.BaseNCodec.decode: computed 0 unit tests
src/main/java/org/apache/commons/codec/binary/BaseNCodec.java: org.apache.commons.codec.binary.BaseNCodec.Context.toString: computing test cases
src/main/java/org/apache/commons/codec/binary/BaseNCodec.java: org.apache.commons.codec.binary.BaseNCodec.Context.toString: computed 0 unit tests
src/main/java/org/apache/commons/codec/binary/BaseNCodec.java: org.apache.commons.codec.binary.BaseNCodec.Context.toString: found 0 problems
src/main/java/org/apache/commons/codec/binary/BaseNCodec.java: org.apache.commons.codec.binary.BaseNCodec.isInAlphabet: computing test cases
src/main/java/org/apache/commons/codec/binary/BaseNCodec.java: org.apache.commons.codec.binary.BaseNCodec.isInAlphabet: computed 0 unit tests
src/main/java/org/apache/commons/codec/binary/BaseNCodec.java: org.apache.commons.codec.binary.BaseNCodec.BaseNCodec: computing test cases
src/main/java/org/apache/commons/codec/binary/BaseNCodec.java: org.apache.commons.codec.binary.BaseNCodec.BaseNCodec: computed 0 unit tests
src/main/java/org/apache/commons/codec/binary/BaseNCodec.java: org.apache.commons.codec.binary.BaseNCodec.getDefaultBufferSize: computing test cases
src/main/java/org/apache/commons/codec/binary/BaseNCodec.java: org.apache.commons.codec.binary.BaseNCodec.getDefaultBufferSize: computed 0 unit tests
src/main/java/org/apache/commons/codec/binary/BaseNCodec.java: org.apache.commons.codec.binary.BaseNCodec.getEncodedLength: computing test cases
src/main/java/org/apache/commons/codec/binary/BaseNCodec.java: org.apache.commons.codec.binary.BaseNCodec.getEncodedLength: computed 0 unit tests
src/main/java/org/apache/commons/codec/binary/BaseNCodec.java: org.apache.commons.codec.binary.BaseNCodec.BaseNCodec: computing test cases
src/main/java/org/apache/commons/codec/binary/BaseNCodec.java: org.apache.commons.codec.binary.BaseNCodec.BaseNCodec: computed 0 unit tests
src/main/java/org/apache/commons/codec/binary/BaseNCodec.java: org.apache.commons.codec.binary.BaseNCodec.isWhiteSpace: computing test cases
src/main/java/org/apache/commons/codec/binary/BaseNCodec.java: org.apache.commons.codec.binary.BaseNCodec.isWhiteSpace: computed 0 unit tests
src/main/java/org/apache/commons/codec/binary/BaseNCodec.java: org.apache.commons.codec.binary.BaseNCodec.available: computing test cases
src/main/java/org/apache/commons/codec/binary/BaseNCodec.java: org.apache.commons.codec.binary.BaseNCodec.available: computed 0 unit tests
src/main/java/org/apache/commons/codec/language/ColognePhonetic.java: org.apache.commons.codec.language.ColognePhonetic.encode: computing test cases
src/main/java/org/apache/commons/codec/language/ColognePhonetic.java: org.apache.commons.codec.language.ColognePhonetic.encode: computed 0 unit tests
src/main/java/org/apache/commons/codec/language/ColognePhonetic.java: org.apache.commons.codec.language.ColognePhonetic.encode: found 1 problems
src/main/java/org/apache/commons/codec/language/ColognePhonetic.java: info: org.apache.commons.codec.language.ColognePhonetic.encode: solver timed out
	data: ExecutionResult{ExitStatus:-1, ResourceUsage{WallTime:10.002219094s, CPUTimeUser:9.976863s, CPUTimeSystem:24.002ms, MemoryUsage:108576}}
src/main/java/org/apache/commons/codec/language/ColognePhonetic.java: org.apache.commons.codec.language.ColognePhonetic.colognePhonetic: computing test cases
src/main/java/org/apache/commons/codec/language/ColognePhonetic.java: org.apache.commons.codec.language.ColognePhonetic.colognePhonetic: computed 0 unit tests
src/main/java/org/apache/commons/codec/language/ColognePhonetic.java: org.apache.commons.codec.language.ColognePhonetic.colognePhonetic: found 1 problems
src/main/java/org/apache/commons/codec/language/ColognePhonetic.java: info: org.apache.commons.codec.language.ColognePhonetic.colognePhonetic: solver timed out
	data: ExecutionResult{ExitStatus:-1, ResourceUsage{WallTime:10.002361749s, CPUTimeUser:9.981341s, CPUTimeSystem:20.002ms, MemoryUsage:108576}}
src/main/java/org/apache/commons/codec/language/ColognePhonetic.java: org.apache.commons.codec.language.ColognePhonetic.isEncodeEqual: computing test cases
src/main/java/org/apache/commons/codec/language/ColognePhonetic.java: org.apache.commons.codec.language.ColognePhonetic.isEncodeEqual: computed 0 unit tests
src/main/java/org/apache/commons/codec/language/ColognePhonetic.java: org.apache.commons.codec.language.ColognePhonetic.isEncodeEqual: found 1 problems
src/main/java/org/apache/commons/codec/language/ColognePhonetic.java: info: org.apache.commons.codec.language.ColognePhonetic.isEncodeEqual: solver timed out
	data: ExecutionResult{ExitStatus:-1, ResourceUsage{WallTime:10.001948711s, CPUTimeUser:9.972672s, CPUTimeSystem:28.001ms, MemoryUsage:108576}}
src/main/java/org/apache/commons/codec/language/ColognePhonetic.java: org.apache.commons.codec.language.ColognePhonetic.encode: computing test cases
src/main/java/org/apache/commons/codec/language/ColognePhonetic.java: org.apache.commons.codec.language.ColognePhonetic.encode: computed 0 unit tests
src/main/java/org/apache/commons/codec/language/ColognePhonetic.java: org.apache.commons.codec.language.ColognePhonetic.encode: found 1 problems
src/main/java/org/apache/commons/codec/language/ColognePhonetic.java: info: org.apache.commons.codec.language.ColognePhonetic.encode: solver timed out
	data: ExecutionResult{ExitStatus:-1, ResourceUsage{WallTime:10.002387286s, CPUTimeUser:9.981705s, CPUTimeSystem:20.003ms, MemoryUsage:108576}}
src/main/java/org/apache/commons/codec/StringEncoder.java: org.apache.commons.codec.StringEncoder.encode: computing test cases
src/main/java/org/apache/commons/codec/StringEncoder.java: org.apache.commons.codec.StringEncoder.encode: function is abstract and therefore inaccessible for tests
src/main/java/org/apache/commons/codec/binary/BaseNCodecOutputStream.java: org.apache.commons.codec.binary.BaseNCodecOutputStream.BaseNCodecOutputStream: computing test cases
src/main/java/org/apache/commons/codec/binary/BaseNCodecOutputStream.java: org.apache.commons.codec.binary.BaseNCodecOutputStream.BaseNCodecOutputStream: computed 0 unit tests
src/main/java/org/apache/commons/codec/binary/BaseNCodecOutputStream.java: org.apache.commons.codec.binary.BaseNCodecOutputStream.BaseNCodecOutputStream: found 0 problems
src/main/java/org/apache/commons/codec/binary/BaseNCodecOutputStream.java: org.apache.commons.codec.binary.BaseNCodecOutputStream.flush: computing test cases
src/main/java/org/apache/commons/codec/binary/BaseNCodecOutputStream.java: org.apache.commons.codec.binary.BaseNCodecOutputStream.flush: computed 0 unit tests
src/main/java/org/apache/commons/codec/binary/BaseNCodecOutputStream.java: org.apache.commons.codec.binary.BaseNCodecOutputStream.flush: found 1 problems
src/main/java/org/apache/commons/codec/binary/BaseNCodecOutputStream.java: internal error: org.apache.commons.codec.binary.BaseNCodecOutputStream.flush: unknown type kind
	data: [==(select(VariableReference(@m_0, pointer(struct(org/apache/commons/codec/binary/BaseNCodecOutputStream, [], [unsupported(java/io/FilterOutputStream)], [])), @m_0_0), singleByte), nil) array(primitive(int, 8, false), primitive(int, 32, false), 0)]
src/main/java/org/apache/commons/codec/binary/BaseNCodecOutputStream.java: org.apache.commons.codec.binary.BaseNCodecOutputStream.close: computing test cases
src/main/java/org/apache/commons/codec/binary/BaseNCodecOutputStream.java: org.apache.commons.codec.binary.BaseNCodecOutputStream.close: computed 0 unit tests
src/main/java/org/apache/commons/codec/binary/BaseNCodecOutputStream.java: org.apache.commons.codec.binary.BaseNCodecOutputStream.close: found 1 problems
src/main/java/org/apache/commons/codec/binary/BaseNCodecOutputStream.java: internal error: org.apache.commons.codec.binary.BaseNCodecOutputStream.close: unknown type kind
	data: [==(select(VariableReference(@m_0, pointer(struct(org/apache/commons/codec/binary/BaseNCodecOutputStream, [], [unsupported(java/io/FilterOutputStream)], [])), @m_0_0), singleByte), nil) array(primitive(int, 8, false), primitive(int, 32, false), 0)]
src/main/java/org/apache/commons/codec/binary/BaseNCodecOutputStream.java: org.apache.commons.codec.binary.BaseNCodecOutputStream.write: computing test cases
src/main/java/org/apache/commons/codec/binary/BaseNCodecOutputStream.java: org.apache.commons.codec.binary.BaseNCodecOutputStream.write: computed 0 unit tests
src/main/java/org/apache/commons/codec/binary/BaseNCodecOutputStream.java: org.apache.commons.codec.binary.BaseNCodecOutputStream.write: found 1 problems
src/main/java/org/apache/commons/codec/binary/BaseNCodecOutputStream.java: internal error: org.apache.commons.codec.binary.BaseNCodecOutputStream.write: unknown type kind
	data: [==(select(VariableReference(@m_0, pointer(struct(org/apache/commons/codec/binary/BaseNCodecOutputStream, [], [unsupported(java/io/FilterOutputStream)], [])), @m_0_0), singleByte), nil) array(primitive(int, 8, false), primitive(int, 32, false), 0)]
src/main/java/org/apache/commons/codec/binary/BaseNCodecOutputStream.java: org.apache.commons.codec.binary.BaseNCodecOutputStream.write: computing test cases
src/main/java/org/apache/commons/codec/binary/BaseNCodecOutputStream.java: org.apache.commons.codec.binary.BaseNCodecOutputStream.write: computed 0 unit tests
src/main/java/org/apache/commons/codec/binary/BaseNCodecOutputStream.java: org.apache.commons.codec.binary.BaseNCodecOutputStream.write: found 1 problems
src/main/java/org/apache/commons/codec/binary/BaseNCodecOutputStream.java: internal error: org.apache.commons.codec.binary.BaseNCodecOutputStream.write: unknown type kind
	data: [==(select(VariableReference(@m_0, pointer(struct(org/apache/commons/codec/binary/BaseNCodecOutputStream, [], [unsupported(java/io/FilterOutputStream)], [])), @m_0_0), singleByte), nil) array(primitive(int, 8, false), primitive(int, 32, false), 0)]
src/main/java/org/apache/commons/codec/language/Metaphone.java: org.apache.commons.codec.language.Metaphone.Metaphone: computing test cases
src/main/java/org/apache/commons/codec/language/Metaphone.java: org.apache.commons.codec.language.Metaphone.Metaphone: computed 1 unit tests
src/main/java/org/apache/commons/codec/language/Metaphone.java: org.apache.commons.codec.language.Metaphone.Metaphone: found 0 problems
src/main/java/org/apache/commons/codec/language/Metaphone.java: org.apache.commons.codec.language.Metaphone.encode: computing test cases
src/main/java/org/apache/commons/codec/language/Metaphone.java: org.apache.commons.codec.language.Metaphone.encode: computed 2 unit tests
src/main/java/org/apache/commons/codec/language/Metaphone.java: org.apache.commons.codec.language.Metaphone.encode: found 1 problems
src/main/java/org/apache/commons/codec/language/Metaphone.java:390:13: critical: org.apache.commons.codec.language.Metaphone.encode: uncaught org.apache.commons.codec.EncoderException
src/main/java/org/apache/commons/codec/language/Metaphone.java: org.apache.commons.codec.language.Metaphone.metaphone: computing test cases
src/main/java/org/apache/commons/codec/language/Metaphone.java: org.apache.commons.codec.language.Metaphone.metaphone: computed 2 unit tests
src/main/java/org/apache/commons/codec/language/Metaphone.java: org.apache.commons.codec.language.Metaphone.metaphone: found 0 problems
src/main/java/org/apache/commons/codec/language/Metaphone.java: org.apache.commons.codec.language.Metaphone.encode: computing test cases
src/main/java/org/apache/commons/codec/language/Metaphone.java: org.apache.commons.codec.language.Metaphone.encode: computed 1 unit tests
src/main/java/org/apache/commons/codec/language/Metaphone.java: org.apache.commons.codec.language.Metaphone.encode: found 0 problems
src/main/java/org/apache/commons/codec/language/Metaphone.java: org.apache.commons.codec.language.Metaphone.setMaxCodeLen: computing test cases
src/main/java/org/apache/commons/codec/language/Metaphone.java: org.apache.commons.codec.language.Metaphone.setMaxCodeLen: computed 1 unit tests
src/main/java/org/apache/commons/codec/language/Metaphone.java: org.apache.commons.codec.language.Metaphone.setMaxCodeLen: found 0 problems
src/main/java/org/apache/commons/codec/language/Metaphone.java: org.apache.commons.codec.language.Metaphone.getMaxCodeLen: computing test cases
src/main/java/org/apache/commons/codec/language/Metaphone.java: org.apache.commons.codec.language.Metaphone.getMaxCodeLen: computed 1 unit tests
src/main/java/org/apache/commons/codec/language/Metaphone.java: org.apache.commons.codec.language.Metaphone.getMaxCodeLen: found 0 problems
src/main/java/org/apache/commons/codec/language/Metaphone.java: org.apache.commons.codec.language.Metaphone.isMetaphoneEqual: computing test cases
src/main/java/org/apache/commons/codec/language/Metaphone.java: org.apache.commons.codec.language.Metaphone.isMetaphoneEqual: computed 1 unit tests
src/main/java/org/apache/commons/codec/language/Metaphone.java: org.apache.commons.codec.language.Metaphone.isMetaphoneEqual: found 0 problems
src/main/java/org/apache/commons/codec/StringDecoder.java: org.apache.commons.codec.StringDecoder.decode: computing test cases
src/main/java/org/apache/commons/codec/StringDecoder.java: org.apache.commons.codec.StringDecoder.decode: function is abstract and therefore inaccessible for tests
src/main/java/org/apache/commons/codec/digest/DigestUtils.java: org.apache.commons.codec.digest.DigestUtils.sha384: computing test cases
src/main/java/org/apache/commons/codec/digest/DigestUtils.java: org.apache.commons.codec.digest.DigestUtils.sha384: computed 0 unit tests
src/main/java/org/apache/commons/codec/digest/DigestUtils.java: org.apache.commons.codec.digest.DigestUtils.sha384: found 0 problems
src/main/java/org/apache/commons/codec/digest/DigestUtils.java: org.apache.commons.codec.digest.DigestUtils.getSha512Digest: computing test cases
src/main/java/org/apache/commons/codec/digest/DigestUtils.java: org.apache.commons.codec.digest.DigestUtils.getSha512Digest: computed 0 unit tests
src/main/java/org/apache/commons/codec/digest/DigestUtils.java: org.apache.commons.codec.digest.DigestUtils.getSha512Digest: found 0 problems
src/main/java/org/apache/commons/codec/digest/DigestUtils.java: org.apache.commons.codec.digest.DigestUtils.updateDigest: computing test cases
src/main/java/org/apache/commons/codec/digest/DigestUtils.java: org.apache.commons.codec.digest.DigestUtils.updateDigest: computed 0 unit tests
src/main/java/org/apache/commons/codec/digest/DigestUtils.java: org.apache.commons.codec.digest.DigestUtils.updateDigest: found 1 problems
src/main/java/org/apache/commons/codec/digest/DigestUtils.java: unsupported: org.apache.commons.codec.digest.DigestUtils.updateDigest: encountered an unsupported type
	data: unsupported(java/security/MessageDigest)
src/main/java/org/apache/commons/codec/digest/DigestUtils.java: org.apache.commons.codec.digest.DigestUtils.md2: computing test cases
src/main/java/org/apache/commons/codec/digest/DigestUtils.java: org.apache.commons.codec.digest.DigestUtils.md2: computed 0 unit tests
src/main/java/org/apache/commons/codec/digest/DigestUtils.java: org.apache.commons.codec.digest.DigestUtils.md2: found 0 problems
src/main/java/org/apache/commons/codec/digest/DigestUtils.java: org.apache.commons.codec.digest.DigestUtils.sha256Hex: computing test cases
src/main/java/org/apache/commons/codec/digest/DigestUtils.java: org.apache.commons.codec.digest.DigestUtils.sha256Hex: found 1 problems
src/main/java/org/apache/commons/codec/digest/DigestUtils.java: internal error: org.apache.commons.codec.digest.DigestUtils.sha256Hex: unknown type kind
	data: unsupported(java/nio/charset/Charset)
src/main/java/org/apache/commons/codec/digest/DigestUtils.java: org.apache.commons.codec.digest.DigestUtils.sha512Hex: computing test cases
src/main/java/org/apache/commons/codec/digest/DigestUtils.java: org.apache.commons.codec.digest.DigestUtils.sha512Hex: found 1 problems
src/main/java/org/apache/commons/codec/digest/DigestUtils.java: internal error: org.apache.commons.codec.digest.DigestUtils.sha512Hex: unknown type kind
	data: unsupported(java/nio/charset/Charset)
src/main/java/org/apache/commons/codec/digest/DigestUtils.java: org.apache.commons.codec.digest.DigestUtils.md2: computing test cases
src/main/java/org/apache/commons/codec/digest/DigestUtils.java: org.apache.commons.codec.digest.DigestUtils.md2: computed 0 unit tests
src/main/java/org/apache/commons/codec/digest/DigestUtils.java: org.apache.commons.codec.digest.DigestUtils.md2: found 0 problems
src/main/java/org/apache/commons/codec/digest/DigestUtils.java: org.apache.commons.codec.digest.DigestUtils.md2Hex: computing test cases
src/main/java/org/apache/commons/codec/digest/DigestUtils.java: org.apache.commons.codec.digest.DigestUtils.md2Hex: found 1 problems
src/main/java/org/apache/commons/codec/digest/DigestUtils.java: internal error: org.apache.commons.codec.digest.DigestUtils.md2Hex: unknown type kind
	data: unsupported(java/nio/charset/Charset)
src/main/java/org/apache/commons/codec/digest/DigestUtils.java: org.apache.commons.codec.digest.DigestUtils.md2: computing test cases
src/main/java/org/apache/commons/codec/digest/DigestUtils.java: org.apache.commons.codec.digest.DigestUtils.md2: computed 0 unit tests
src/main/java/org/apache/commons/codec/digest/DigestUtils.java: org.apache.commons.codec.digest.DigestUtils.md2: found 0 problems
src/main/java/org/apache/commons/codec/digest/DigestUtils.java: org.apache.commons.codec.digest.DigestUtils.sha384: computing test cases
src/main/java/org/apache/commons/codec/digest/DigestUtils.java: org.apache.commons.codec.digest.DigestUtils.sha384: computed 0 unit tests
src/main/java/org/apache/commons/codec/digest/DigestUtils.java: org.apache.commons.codec.digest.DigestUtils.sha384: found 0 problems
src/main/java/org/apache/commons/codec/digest/DigestUtils.java: org.apache.commons.codec.digest.DigestUtils.shaHex: computing test cases
src/main/java/org/apache/commons/codec/digest/DigestUtils.java: org.apache.commons.codec.digest.DigestUtils.shaHex: computed 0 unit tests
src/main/java/org/apache/commons/codec/digest/DigestUtils.java: org.apache.commons.codec.digest.DigestUtils.shaHex: found 0 problems
src/main/java/org/apache/commons/codec/digest/DigestUtils.java: org.apache.commons.codec.digest.DigestUtils.shaHex: computing test cases
src/main/java/org/apache/commons/codec/digest/DigestUtils.java: org.apache.commons.codec.digest.DigestUtils.shaHex: computed 0 unit tests
src/main/java/org/apache/commons/codec/digest/DigestUtils.java: org.apache.commons.codec.digest.DigestUtils.shaHex: found 0 problems
src/main/java/org/apache/commons/codec/digest/DigestUtils.java: org.apache.commons.codec.digest.DigestUtils.getSha256Digest: computing test cases
src/main/java/org/apache/commons/codec/digest/DigestUtils.java: org.apache.commons.codec.digest.DigestUtils.getSha256Digest: computed 0 unit tests
src/main/java/org/apache/commons/codec/digest/DigestUtils.java: org.apache.commons.codec.digest.DigestUtils.getSha256Digest: found 0 problems
src/main/java/org/apache/commons/codec/digest/DigestUtils.java: org.apache.commons.codec.digest.DigestUtils.updateDigest: computing test cases
src/main/java/org/apache/commons/codec/digest/DigestUtils.java: org.apache.commons.codec.digest.DigestUtils.updateDigest: computed 0 unit tests
src/main/java/org/apache/commons/codec/digest/DigestUtils.java: org.apache.commons.codec.digest.DigestUtils.updateDigest: found 0 problems
src/main/java/org/apache/commons/codec/digest/DigestUtils.java: org.apache.commons.codec.digest.DigestUtils.sha256: computing test cases
src/main/java/org/apache/commons/codec/digest/DigestUtils.java: org.apache.commons.codec.digest.DigestUtils.sha256: computed 0 unit tests
src/main/java/org/apache/commons/codec/digest/DigestUtils.java: org.apache.commons.codec.digest.DigestUtils.sha256: found 0 problems
src/main/java/org/apache/commons/codec/digest/DigestUtils.java: org.apache.commons.codec.digest.DigestUtils.sha256: computing test cases
src/main/java/org/apache/commons/codec/digest/DigestUtils.java: org.apache.commons.codec.digest.DigestUtils.sha256: computed 0 unit tests
src/main/java/org/apache/commons/codec/digest/DigestUtils.java: org.apache.commons.codec.digest.DigestUtils.sha256: found 0 problems
src/main/java/org/apache/commons/codec/digest/DigestUtils.java: org.apache.commons.codec.digest.DigestUtils.sha512: computing test cases
src/main/java/org/apache/commons/codec/digest/DigestUtils.java: org.apache.commons.codec.digest.DigestUtils.sha512: computed 0 unit tests
src/main/java/org/apache/commons/codec/digest/DigestUtils.java: org.apache.commons.codec.digest.DigestUtils.sha512: found 0 problems
src/main/java/org/apache/commons/codec/digest/DigestUtils.java: org.apache.commons.codec.digest.DigestUtils.sha512: computing test cases
src/main/java/org/apache/commons/codec/digest/DigestUtils.java: org.apache.commons.codec.digest.DigestUtils.sha512: computed 0 unit tests
src/main/java/org/apache/commons/codec/digest/DigestUtils.java: org.apache.commons.codec.digest.DigestUtils.sha512: found 0 problems
src/main/java/org/apache/commons/codec/digest/DigestUtils.java: org.apache.commons.codec.digest.DigestUtils.sha512: computing test cases
src/main/java/org/apache/commons/codec/digest/DigestUtils.java: org.apache.commons.codec.digest.DigestUtils.sha512: computed 0 unit tests
src/main/java/org/apache/commons/codec/digest/DigestUtils.java: org.apache.commons.codec.digest.DigestUtils.sha512: found 0 problems
src/main/java/org/apache/commons/codec/digest/DigestUtils.java: org.apache.commons.codec.digest.DigestUtils.md2Hex: computing test cases
src/main/java/org/apache/commons/codec/digest/DigestUtils.java: org.apache.commons.codec.digest.DigestUtils.md2Hex: found 1 problems
src/main/java/org/apache/commons/codec/digest/DigestUtils.java: internal error: org.apache.commons.codec.digest.DigestUtils.md2Hex: unknown type kind
	data: unsupported(java/nio/charset/Charset)
src/main/java/org/apache/commons/codec/digest/DigestUtils.java: org.apache.commons.codec.digest.DigestUtils.sha: computing test cases
src/main/java/org/apache/commons/codec/digest/DigestUtils.java: org.apache.commons.codec.digest.DigestUtils.sha: computed 0 unit tests
src/main/java/org/apache/commons/codec/digest/DigestUtils.java: org.apache.commons.codec.digest.DigestUtils.sha: found 0 problems
src/main/java/org/apache/commons/codec/digest/DigestUtils.java: org.apache.commons.codec.digest.DigestUtils.sha1: computing test cases
src/main/java/org/apache/commons/codec/digest/DigestUtils.java: org.apache.commons.codec.digest.DigestUtils.sha1: computed 0 unit tests
src/main/java/org/apache/commons/codec/digest/DigestUtils.java: org.apache.commons.codec.digest.DigestUtils.sha1: found 0 problems
src/main/java/org/apache/commons/codec/digest/DigestUtils.java: org.apache.commons.codec.digest.DigestUtils.getSha1Digest: computing test cases
src/main/java/org/apache/commons/codec/digest/DigestUtils.java: org.apache.commons.codec.digest.DigestUtils.getSha1Digest: computed 0 unit tests
src/main/java/org/apache/commons/codec/digest/DigestUtils.java: org.apache.commons.codec.digest.DigestUtils.getSha1Digest: found 0 problems
src/main/java/org/apache/commons/codec/digest/DigestUtils.java: org.apache.commons.codec.digest.DigestUtils.md2Hex: computing test cases
src/main/java/org/apache/commons/codec/digest/DigestUtils.java: org.apache.commons.codec.digest.DigestUtils.md2Hex: found 1 problems
src/main/java/org/apache/commons/codec/digest/DigestUtils.java: internal error: org.apache.commons.codec.digest.DigestUtils.md2Hex: unknown type kind
	data: unsupported(java/nio/charset/Charset)
src/main/java/org/apache/commons/codec/digest/DigestUtils.java: org.apache.commons.codec.digest.DigestUtils.sha384Hex: computing test cases
src/main/java/org/apache/commons/codec/digest/DigestUtils.java: org.apache.commons.codec.digest.DigestUtils.sha384Hex: found 1 problems
src/main/java/org/apache/commons/codec/digest/DigestUtils.java: internal error: org.apache.commons.codec.digest.DigestUtils.sha384Hex: unknown type kind
	data: unsupported(java/nio/charset/Charset)
src/main/java/org/apache/commons/codec/digest/DigestUtils.java: org.apache.commons.codec.digest.DigestUtils.updateDigest: computing test cases
src/main/java/org/apache/commons/codec/digest/DigestUtils.java: org.apache.commons.codec.digest.DigestUtils.updateDigest: computed 0 unit tests
src/main/java/org/apache/commons/codec/digest/DigestUtils.java: org.apache.commons.codec.digest.DigestUtils.updateDigest: found 0 problems
src/main/java/org/apache/commons/codec/digest/DigestUtils.java: org.apache.commons.codec.digest.DigestUtils.sha256: computing test cases
src/main/java/org/apache/commons/codec/digest/DigestUtils.java: org.apache.commons.codec.digest.DigestUtils.sha256: computed 0 unit tests
src/main/java/org/apache/commons/codec/digest/DigestUtils.java: org.apache.commons.codec.digest.DigestUtils.sha256: found 0 problems
src/main/java/org/apache/commons/codec/digest/DigestUtils.java: org.apache.commons.codec.digest.DigestUtils.getSha384Digest: computing test cases
src/main/java/org/apache/commons/codec/digest/DigestUtils.java: org.apache.commons.codec.digest.DigestUtils.getSha384Digest: computed 0 unit tests
src/main/java/org/apache/commons/codec/digest/DigestUtils.java: org.apache.commons.codec.digest.DigestUtils.getSha384Digest: found 0 problems
src/main/java/org/apache/commons/codec/digest/DigestUtils.java: org.apache.commons.codec.digest.DigestUtils.md5Hex: computing test cases
src/main/java/org/apache/commons/codec/digest/DigestUtils.java: org.apache.commons.codec.digest.DigestUtils.md5Hex: found 1 problems
src/main/java/org/apache/commons/codec/digest/DigestUtils.java: internal error: org.apache.commons.codec.digest.DigestUtils.md5Hex: unknown type kind
	data: unsupported(java/nio/charset/Charset)
src/main/java/org/apache/commons/codec/digest/DigestUtils.java: org.apache.commons.codec.digest.DigestUtils.sha1Hex: computing test cases
src/main/java/org/apache/commons/codec/digest/DigestUtils.java: org.apache.commons.codec.digest.DigestUtils.sha1Hex: found 1 problems
src/main/java/org/apache/commons/codec/digest/DigestUtils.java: internal error: org.apache.commons.codec.digest.DigestUtils.sha1Hex: unknown type kind
	data: unsupported(java/nio/charset/Charset)
src/main/java/org/apache/commons/codec/digest/DigestUtils.java: org.apache.commons.codec.digest.DigestUtils.getDigest: computing test cases
src/main/java/org/apache/commons/codec/digest/DigestUtils.java: org.apache.commons.codec.digest.DigestUtils.getDigest: computed 0 unit tests
src/main/java/org/apache/commons/codec/digest/DigestUtils.java: org.apache.commons.codec.digest.DigestUtils.getDigest: found 0 problems
src/main/java/org/apache/commons/codec/digest/DigestUtils.java: org.apache.commons.codec.digest.DigestUtils.sha: computing test cases
src/main/java/org/apache/commons/codec/digest/DigestUtils.java: org.apache.commons.codec.digest.DigestUtils.sha: computed 0 unit tests
src/main/java/org/apache/commons/codec/digest/DigestUtils.java: org.apache.commons.codec.digest.DigestUtils.sha: found 0 problems
src/main/java/org/apache/commons/codec/digest/DigestUtils.java: org.apache.commons.codec.digest.DigestUtils.sha384Hex: computing test cases
src/main/java/org/apache/commons/codec/digest/DigestUtils.java: org.apache.commons.codec.digest.DigestUtils.sha384Hex: found 1 problems
src/main/java/org/apache/commons/codec/digest/DigestUtils.java: internal error: org.apache.commons.codec.digest.DigestUtils.sha384Hex: unknown type kind
	data: unsupported(java/nio/charset/Charset)
src/main/java/org/apache/commons/codec/digest/DigestUtils.java: org.apache.commons.codec.digest.DigestUtils.md5Hex: computing test cases
src/main/java/org/apache/commons/codec/digest/DigestUtils.java: org.apache.commons.codec.digest.DigestUtils.md5Hex: found 1 problems
src/main/java/org/apache/commons/codec/digest/DigestUtils.java: internal error: org.apache.commons.codec.digest.DigestUtils.md5Hex: unknown type kind
	data: unsupported(java/nio/charset/Charset)
src/main/java/org/apache/commons/codec/digest/DigestUtils.java: org.apache.commons.codec.digest.DigestUtils.sha1Hex: computing test cases
src/main/java/org/apache/commons/codec/digest/DigestUtils.java: org.apache.commons.codec.digest.DigestUtils.sha1Hex: found 1 problems
src/main/java/org/apache/commons/codec/digest/DigestUtils.java: internal error: org.apache.commons.codec.digest.DigestUtils.sha1Hex: unknown type kind
	data: unsupported(java/nio/charset/Charset)
src/main/java/org/apache/commons/codec/digest/DigestUtils.java: org.apache.commons.codec.digest.DigestUtils.shaHex: computing test cases
src/main/java/org/apache/commons/codec/digest/DigestUtils.java: org.apache.commons.codec.digest.DigestUtils.shaHex: computed 0 unit tests
src/main/java/org/apache/commons/codec/digest/DigestUtils.java: org.apache.commons.codec.digest.DigestUtils.shaHex: found 0 problems
src/main/java/org/apache/commons/codec/digest/DigestUtils.java: org.apache.commons.codec.digest.DigestUtils.sha384Hex: computing test cases
src/main/java/org/apache/commons/codec/digest/DigestUtils.java: org.apache.commons.codec.digest.DigestUtils.sha384Hex: found 1 problems
src/main/java/org/apache/commons/codec/digest/DigestUtils.java: internal error: org.apache.commons.codec.digest.DigestUtils.sha384Hex: unknown type kind
	data: unsupported(java/nio/charset/Charset)
src/main/java/org/apache/commons/codec/digest/DigestUtils.java: org.apache.commons.codec.digest.DigestUtils.md5Hex: computing test cases
src/main/java/org/apache/commons/codec/digest/DigestUtils.java: org.apache.commons.codec.digest.DigestUtils.md5Hex: found 1 problems
src/main/java/org/apache/commons/codec/digest/DigestUtils.java: internal error: org.apache.commons.codec.digest.DigestUtils.md5Hex: unknown type kind
	data: unsupported(java/nio/charset/Charset)
src/main/java/org/apache/commons/codec/digest/DigestUtils.java: org.apache.commons.codec.digest.DigestUtils.md5: computing test cases
src/main/java/org/apache/commons/codec/digest/DigestUtils.java: org.apache.commons.codec.digest.DigestUtils.md5: computed 0 unit tests
src/main/java/org/apache/commons/codec/digest/DigestUtils.java: org.apache.commons.codec.digest.DigestUtils.md5: found 0 problems
src/main/java/org/apache/commons/codec/digest/DigestUtils.java: org.apache.commons.codec.digest.DigestUtils.sha512Hex: computing test cases
src/main/java/org/apache/commons/codec/digest/DigestUtils.java: org.apache.commons.codec.digest.DigestUtils.sha512Hex: found 1 problems
src/main/java/org/apache/commons/codec/digest/DigestUtils.java: internal error: org.apache.commons.codec.digest.DigestUtils.sha512Hex: unknown type kind
	data: unsupported(java/nio/charset/Charset)
src/main/java/org/apache/commons/codec/digest/DigestUtils.java: org.apache.commons.codec.digest.DigestUtils.sha256Hex: computing test cases
src/main/java/org/apache/commons/codec/digest/DigestUtils.java: org.apache.commons.codec.digest.DigestUtils.sha256Hex: found 1 problems
src/main/java/org/apache/commons/codec/digest/DigestUtils.java: internal error: org.apache.commons.codec.digest.DigestUtils.sha256Hex: unknown type kind
	data: unsupported(java/nio/charset/Charset)
src/main/java/org/apache/commons/codec/digest/DigestUtils.java: org.apache.commons.codec.digest.DigestUtils.md5: computing test cases
src/main/java/org/apache/commons/codec/digest/DigestUtils.java: org.apache.commons.codec.digest.DigestUtils.md5: computed 0 unit tests
src/main/java/org/apache/commons/codec/digest/DigestUtils.java: org.apache.commons.codec.digest.DigestUtils.md5: found 0 problems
src/main/java/org/apache/commons/codec/digest/DigestUtils.java: org.apache.commons.codec.digest.DigestUtils.sha1: computing test cases
src/main/java/org/apache/commons/codec/digest/DigestUtils.java: org.apache.commons.codec.digest.DigestUtils.sha1: computed 0 unit tests
src/main/java/org/apache/commons/codec/digest/DigestUtils.java: org.apache.commons.codec.digest.DigestUtils.sha1: found 0 problems
src/main/java/org/apache/commons/codec/digest/DigestUtils.java: org.apache.commons.codec.digest.DigestUtils.getMd2Digest: computing test cases
src/main/java/org/apache/commons/codec/digest/DigestUtils.java: org.apache.commons.codec.digest.DigestUtils.getMd2Digest: computed 0 unit tests
src/main/java/org/apache/commons/codec/digest/DigestUtils.java: org.apache.commons.codec.digest.DigestUtils.getMd2Digest: found 0 problems
src/main/java/org/apache/commons/codec/digest/DigestUtils.java: org.apache.commons.codec.digest.DigestUtils.sha512Hex: computing test cases
src/main/java/org/apache/commons/codec/digest/DigestUtils.java: org.apache.commons.codec.digest.DigestUtils.sha512Hex: found 1 problems
src/main/java/org/apache/commons/codec/digest/DigestUtils.java: internal error: org.apache.commons.codec.digest.DigestUtils.sha512Hex: unknown type kind
	data: unsupported(java/nio/charset/Charset)
src/main/java/org/apache/commons/codec/digest/DigestUtils.java: org.apache.commons.codec.digest.DigestUtils.getShaDigest: computing test cases
src/main/java/org/apache/commons/codec/digest/DigestUtils.java: org.apache.commons.codec.digest.DigestUtils.getShaDigest: computed 0 unit tests
src/main/java/org/apache/commons/codec/digest/DigestUtils.java: org.apache.commons.codec.digest.DigestUtils.getShaDigest: found 0 problems
src/main/java/org/apache/commons/codec/digest/DigestUtils.java: org.apache.commons.codec.digest.DigestUtils.sha256Hex: computing test cases
src/main/java/org/apache/commons/codec/digest/DigestUtils.java: org.apache.commons.codec.digest.DigestUtils.sha256Hex: found 1 problems
src/main/java/org/apache/commons/codec/digest/DigestUtils.java: internal error: org.apache.commons.codec.digest.DigestUtils.sha256Hex: unknown type kind
	data: unsupported(java/nio/charset/Charset)
src/main/java/org/apache/commons/codec/digest/DigestUtils.java: org.apache.commons.codec.digest.DigestUtils.md5: computing test cases
src/main/java/org/apache/commons/codec/digest/DigestUtils.java: org.apache.commons.codec.digest.DigestUtils.md5: computed 0 unit tests
src/main/java/org/apache/commons/codec/digest/DigestUtils.java: org.apache.commons.codec.digest.DigestUtils.md5: found 0 problems
src/main/java/org/apache/commons/codec/digest/DigestUtils.java: org.apache.commons.codec.digest.DigestUtils.sha1Hex: computing test cases
src/main/java/org/apache/commons/codec/digest/DigestUtils.java: org.apache.commons.codec.digest.DigestUtils.sha1Hex: found 1 problems
src/main/java/org/apache/commons/codec/digest/DigestUtils.java: internal error: org.apache.commons.codec.digest.DigestUtils.sha1Hex: unknown type kind
	data: unsupported(java/nio/charset/Charset)
src/main/java/org/apache/commons/codec/digest/DigestUtils.java: org.apache.commons.codec.digest.DigestUtils.sha384: computing test cases
src/main/java/org/apache/commons/codec/digest/DigestUtils.java: org.apache.commons.codec.digest.DigestUtils.sha384: computed 0 unit tests
src/main/java/org/apache/commons/codec/digest/DigestUtils.java: org.apache.commons.codec.digest.DigestUtils.sha384: found 0 problems
src/main/java/org/apache/commons/codec/digest/DigestUtils.java: org.apache.commons.codec.digest.DigestUtils.getMd5Digest: computing test cases
src/main/java/org/apache/commons/codec/digest/DigestUtils.java: org.apache.commons.codec.digest.DigestUtils.getMd5Digest: computed 0 unit tests
src/main/java/org/apache/commons/codec/digest/DigestUtils.java: org.apache.commons.codec.digest.DigestUtils.getMd5Digest: found 0 problems
src/main/java/org/apache/commons/codec/digest/DigestUtils.java: org.apache.commons.codec.digest.DigestUtils.sha: computing test cases
src/main/java/org/apache/commons/codec/digest/DigestUtils.java: org.apache.commons.codec.digest.DigestUtils.sha: computed 0 unit tests
src/main/java/org/apache/commons/codec/digest/DigestUtils.java: org.apache.commons.codec.digest.DigestUtils.sha: found 0 problems
src/main/java/org/apache/commons/codec/digest/DigestUtils.java: org.apache.commons.codec.digest.DigestUtils.sha1: computing test cases
src/main/java/org/apache/commons/codec/digest/DigestUtils.java: org.apache.commons.codec.digest.DigestUtils.sha1: computed 0 unit tests
src/main/java/org/apache/commons/codec/digest/DigestUtils.java: org.apache.commons.codec.digest.DigestUtils.sha1: found 0 problems
src/main/java/org/apache/commons/codec/language/Nysiis.java: org.apache.commons.codec.language.Nysiis.Nysiis: computing test cases
src/main/java/org/apache/commons/codec/language/Nysiis.java: org.apache.commons.codec.language.Nysiis.Nysiis: computed 0 unit tests
src/main/java/org/apache/commons/codec/language/Nysiis.java: org.apache.commons.codec.language.Nysiis.Nysiis: found 0 problems
src/main/java/org/apache/commons/codec/language/Nysiis.java: org.apache.commons.codec.language.Nysiis.nysiis: computing test cases
src/main/java/org/apache/commons/codec/language/Nysiis.java: org.apache.commons.codec.language.Nysiis.nysiis: computed 0 unit tests
src/main/java/org/apache/commons/codec/language/Nysiis.java: org.apache.commons.codec.language.Nysiis.nysiis: found 0 problems
src/main/java/org/apache/commons/codec/language/Nysiis.java: org.apache.commons.codec.language.Nysiis.Nysiis: computing test cases
src/main/java/org/apache/commons/codec/language/Nysiis.java: org.apache.commons.codec.language.Nysiis.Nysiis: computed 0 unit tests
src/main/java/org/apache/commons/codec/language/Nysiis.java: org.apache.commons.codec.language.Nysiis.Nysiis: found 0 problems
src/main/java/org/apache/commons/codec/language/Nysiis.java: org.apache.commons.codec.language.Nysiis.encode: computing test cases
src/main/java/org/apache/commons/codec/language/Nysiis.java: org.apache.commons.codec.language.Nysiis.encode: computed 0 unit tests
src/main/java/org/apache/commons/codec/language/Nysiis.java: org.apache.commons.codec.language.Nysiis.encode: found 0 problems
src/main/java/org/apache/commons/codec/language/Nysiis.java: org.apache.commons.codec.language.Nysiis.encode: computing test cases
src/main/java/org/apache/commons/codec/language/Nysiis.java: org.apache.commons.codec.language.Nysiis.encode: computed 0 unit tests
src/main/java/org/apache/commons/codec/language/Nysiis.java: org.apache.commons.codec.language.Nysiis.encode: found 0 problems
src/main/java/org/apache/commons/codec/language/Nysiis.java: org.apache.commons.codec.language.Nysiis.isStrict: computing test cases
src/main/java/org/apache/commons/codec/language/Nysiis.java: org.apache.commons.codec.language.Nysiis.isStrict: computed 0 unit tests
src/main/java/org/apache/commons/codec/language/Nysiis.java: org.apache.commons.codec.language.Nysiis.isStrict: found 0 problems
src/main/java/org/apache/commons/codec/language/bm/RuleType.java: org.apache.commons.codec.language.bm.@@RuleType.@@getName: computing test cases
src/main/java/org/apache/commons/codec/language/bm/RuleType.java: org.apache.commons.codec.language.bm.@@RuleType.@@getName: computed 1 unit tests
src/main/java/org/apache/commons/codec/language/bm/RuleType.java: org.apache.commons.codec.language.bm.@@RuleType.@@getName: found 0 problems
src/main/java/org/apache/commons/codec/binary/StringUtils.java: org.apache.commons.codec.binary.StringUtils.newStringUtf8: computing test cases
src/main/java/org/apache/commons/codec/binary/StringUtils.java: org.apache.commons.codec.binary.StringUtils.newStringUtf8: computed 0 unit tests
src/main/java/org/apache/commons/codec/binary/StringUtils.java: org.apache.commons.codec.binary.StringUtils.newStringUtf8: found 0 problems
src/main/java/org/apache/commons/codec/binary/StringUtils.java: org.apache.commons.codec.binary.StringUtils.getBytesUtf16: computing test cases
src/main/java/org/apache/commons/codec/binary/StringUtils.java: org.apache.commons.codec.binary.StringUtils.getBytesUtf16: computed 0 unit tests
src/main/java/org/apache/commons/codec/binary/StringUtils.java: org.apache.commons.codec.binary.StringUtils.getBytesUtf16: found 0 problems
src/main/java/org/apache/commons/codec/binary/StringUtils.java: org.apache.commons.codec.binary.StringUtils.newStringUtf16Be: computing test cases
src/main/java/org/apache/commons/codec/binary/StringUtils.java: org.apache.commons.codec.binary.StringUtils.newStringUtf16Be: computed 0 unit tests
src/main/java/org/apache/commons/codec/binary/StringUtils.java: org.apache.commons.codec.binary.StringUtils.newStringUtf16Be: found 0 problems
src/main/java/org/apache/commons/codec/binary/StringUtils.java: org.apache.commons.codec.binary.StringUtils.newStringUtf16: computing test cases
src/main/java/org/apache/commons/codec/binary/StringUtils.java: org.apache.commons.codec.binary.StringUtils.newStringUtf16: computed 0 unit tests
src/main/java/org/apache/commons/codec/binary/StringUtils.java: org.apache.commons.codec.binary.StringUtils.newStringUtf16: found 0 problems
src/main/java/org/apache/commons/codec/binary/StringUtils.java: org.apache.commons.codec.binary.StringUtils.newStringIso8859_1: computing test cases
src/main/java/org/apache/commons/codec/binary/StringUtils.java: org.apache.commons.codec.binary.StringUtils.newStringIso8859_1: computed 0 unit tests
src/main/java/org/apache/commons/codec/binary/StringUtils.java: org.apache.commons.codec.binary.StringUtils.newStringIso8859_1: found 0 problems
src/main/java/org/apache/commons/codec/binary/StringUtils.java: org.apache.commons.codec.binary.StringUtils.newStringUsAscii: computing test cases
src/main/java/org/apache/commons/codec/binary/StringUtils.java: org.apache.commons.codec.binary.StringUtils.newStringUsAscii: computed 0 unit tests
src/main/java/org/apache/commons/codec/binary/StringUtils.java: org.apache.commons.codec.binary.StringUtils.newStringUsAscii: found 0 problems
src/main/java/org/apache/commons/codec/binary/StringUtils.java: org.apache.commons.codec.binary.StringUtils.getBytesUtf16Be: computing test cases
src/main/java/org/apache/commons/codec/binary/StringUtils.java: org.apache.commons.codec.binary.StringUtils.getBytesUtf16Be: computed 0 unit tests
src/main/java/org/apache/commons/codec/binary/StringUtils.java: org.apache.commons.codec.binary.StringUtils.getBytesUtf16Be: found 0 problems
src/main/java/org/apache/commons/codec/binary/StringUtils.java: org.apache.commons.codec.binary.StringUtils.getBytesUtf8: computing test cases
src/main/java/org/apache/commons/codec/binary/StringUtils.java: org.apache.commons.codec.binary.StringUtils.getBytesUtf8: computed 0 unit tests
src/main/java/org/apache/commons/codec/binary/StringUtils.java: org.apache.commons.codec.binary.StringUtils.getBytesUtf8: found 0 problems
src/main/java/org/apache/commons/codec/binary/StringUtils.java: org.apache.commons.codec.binary.StringUtils.newString: computing test cases
src/main/java/org/apache/commons/codec/binary/StringUtils.java: org.apache.commons.codec.binary.StringUtils.newString: computed 1 unit tests
src/main/java/org/apache/commons/codec/binary/StringUtils.java: org.apache.commons.codec.binary.StringUtils.newString: found 0 problems
src/main/java/org/apache/commons/codec/binary/StringUtils.java: org.apache.commons.codec.binary.StringUtils.getBytesIso8859_1: computing test cases
src/main/java/org/apache/commons/codec/binary/StringUtils.java: org.apache.commons.codec.binary.StringUtils.getBytesIso8859_1: computed 0 unit tests
src/main/java/org/apache/commons/codec/binary/StringUtils.java: org.apache.commons.codec.binary.StringUtils.getBytesIso8859_1: found 0 problems
src/main/java/org/apache/commons/codec/binary/StringUtils.java: org.apache.commons.codec.binary.StringUtils.getBytesUtf16Le: computing test cases
src/main/java/org/apache/commons/codec/binary/StringUtils.java: org.apache.commons.codec.binary.StringUtils.getBytesUtf16Le: computed 0 unit tests
src/main/java/org/apache/commons/codec/binary/StringUtils.java: org.apache.commons.codec.binary.StringUtils.getBytesUtf16Le: found 0 problems
src/main/java/org/apache/commons/codec/binary/StringUtils.java: org.apache.commons.codec.binary.StringUtils.newStringUtf16Le: computing test cases
src/main/java/org/apache/commons/codec/binary/StringUtils.java: org.apache.commons.codec.binary.StringUtils.newStringUtf16Le: computed 0 unit tests
src/main/java/org/apache/commons/codec/binary/StringUtils.java: org.apache.commons.codec.binary.StringUtils.newStringUtf16Le: found 0 problems
src/main/java/org/apache/commons/codec/binary/StringUtils.java: org.apache.commons.codec.binary.StringUtils.getBytesUnchecked: computing test cases
src/main/java/org/apache/commons/codec/binary/StringUtils.java: org.apache.commons.codec.binary.StringUtils.getBytesUnchecked: computed 1 unit tests
src/main/java/org/apache/commons/codec/binary/StringUtils.java: org.apache.commons.codec.binary.StringUtils.getBytesUnchecked: found 0 problems
src/main/java/org/apache/commons/codec/binary/StringUtils.java: org.apache.commons.codec.binary.StringUtils.getBytesUsAscii: computing test cases
src/main/java/org/apache/commons/codec/binary/StringUtils.java: org.apache.commons.codec.binary.StringUtils.getBytesUsAscii: computed 0 unit tests
src/main/java/org/apache/commons/codec/binary/StringUtils.java: org.apache.commons.codec.binary.StringUtils.getBytesUsAscii: found 0 problems
src/main/java/org/apache/commons/codec/net/URLCodec.java: org.apache.commons.codec.net.URLCodec.URLCodec: computing test cases
src/main/java/org/apache/commons/codec/net/URLCodec.java: org.apache.commons.codec.net.URLCodec.URLCodec: computed 0 unit tests
src/main/java/org/apache/commons/codec/net/URLCodec.java: org.apache.commons.codec.net.URLCodec.URLCodec: found 0 problems
src/main/java/org/apache/commons/codec/net/URLCodec.java: org.apache.commons.codec.net.URLCodec.decode: computing test cases
src/main/java/org/apache/commons/codec/net/URLCodec.java: org.apache.commons.codec.net.URLCodec.decode: computed 0 unit tests
src/main/java/org/apache/commons/codec/net/URLCodec.java: org.apache.commons.codec.net.URLCodec.decode: computing test cases
src/main/java/org/apache/commons/codec/net/URLCodec.java: org.apache.commons.codec.net.URLCodec.decode: computed 0 unit tests
src/main/java/org/apache/commons/codec/net/URLCodec.java: org.apache.commons.codec.net.URLCodec.decode: found 0 problems
src/main/java/org/apache/commons/codec/net/URLCodec.java: org.apache.commons.codec.net.URLCodec.getEncoding: computing test cases
src/main/java/org/apache/commons/codec/net/URLCodec.java: org.apache.commons.codec.net.URLCodec.getEncoding: computed 0 unit tests
src/main/java/org/apache/commons/codec/net/URLCodec.java: org.apache.commons.codec.net.URLCodec.getEncoding: found 0 problems
src/main/java/org/apache/commons/codec/net/URLCodec.java: org.apache.commons.codec.net.URLCodec.encodeUrl: computing test cases
src/main/java/org/apache/commons/codec/net/URLCodec.java: org.apache.commons.codec.net.URLCodec.encodeUrl: computed 0 unit tests
src/main/java/org/apache/commons/codec/net/URLCodec.java: org.apache.commons.codec.net.URLCodec.encodeUrl: found 0 problems
src/main/java/org/apache/commons/codec/net/URLCodec.java: org.apache.commons.codec.net.URLCodec.getDefaultCharset: computing test cases
src/main/java/org/apache/commons/codec/net/URLCodec.java: org.apache.commons.codec.net.URLCodec.getDefaultCharset: computed 0 unit tests
src/main/java/org/apache/commons/codec/net/URLCodec.java: org.apache.commons.codec.net.URLCodec.getDefaultCharset: found 0 problems
src/main/java/org/apache/commons/codec/net/URLCodec.java: org.apache.commons.codec.net.URLCodec.decodeUrl: computing test cases
src/main/java/org/apache/commons/codec/net/URLCodec.java: org.apache.commons.codec.net.URLCodec.decodeUrl: computed 0 unit tests
src/main/java/org/apache/commons/codec/net/URLCodec.java: org.apache.commons.codec.net.URLCodec.decodeUrl: found 0 problems
src/main/java/org/apache/commons/codec/net/URLCodec.java: org.apache.commons.codec.net.URLCodec.encode: computing test cases
src/main/java/org/apache/commons/codec/net/URLCodec.java: org.apache.commons.codec.net.URLCodec.encode: computed 0 unit tests
src/main/java/org/apache/commons/codec/net/URLCodec.java: org.apache.commons.codec.net.URLCodec.encode: found 0 problems
src/main/java/org/apache/commons/codec/net/URLCodec.java: org.apache.commons.codec.net.URLCodec.decode: computing test cases
src/main/java/org/apache/commons/codec/net/URLCodec.java: org.apache.commons.codec.net.URLCodec.decode: computed 0 unit tests
src/main/java/org/apache/commons/codec/net/URLCodec.java: org.apache.commons.codec.net.URLCodec.decode: found 0 problems
src/main/java/org/apache/commons/codec/net/URLCodec.java: org.apache.commons.codec.net.URLCodec.URLCodec: computing test cases
src/main/java/org/apache/commons/codec/net/URLCodec.java: org.apache.commons.codec.net.URLCodec.URLCodec: computed 0 unit tests
src/main/java/org/apache/commons/codec/net/URLCodec.java: org.apache.commons.codec.net.URLCodec.URLCodec: found 0 problems
src/main/java/org/apache/commons/codec/net/URLCodec.java: org.apache.commons.codec.net.URLCodec.encode: computing test cases
src/main/java/org/apache/commons/codec/net/URLCodec.java: org.apache.commons.codec.net.URLCodec.encode: computed 0 unit tests
src/main/java/org/apache/commons/codec/net/URLCodec.java: org.apache.commons.codec.net.URLCodec.encode: found 0 problems
src/main/java/org/apache/commons/codec/net/URLCodec.java: org.apache.commons.codec.net.URLCodec.encode: computing test cases
src/main/java/org/apache/commons/codec/net/URLCodec.java: org.apache.commons.codec.net.URLCodec.encode: computed 0 unit tests
src/main/java/org/apache/commons/codec/net/URLCodec.java: org.apache.commons.codec.net.URLCodec.decode: computing test cases
src/main/java/org/apache/commons/codec/net/URLCodec.java: org.apache.commons.codec.net.URLCodec.decode: computed 0 unit tests
src/main/java/org/apache/commons/codec/net/URLCodec.java: org.apache.commons.codec.net.URLCodec.decode: found 0 problems
src/main/java/org/apache/commons/codec/net/URLCodec.java: org.apache.commons.codec.net.URLCodec.encode: computing test cases
src/main/java/org/apache/commons/codec/net/URLCodec.java: org.apache.commons.codec.net.URLCodec.encode: computed 0 unit tests
src/main/java/org/apache/commons/codec/net/URLCodec.java: org.apache.commons.codec.net.URLCodec.encode: found 0 problems
src/main/java/org/apache/commons/codec/language/DoubleMetaphone.java: org.apache.commons.codec.language.DoubleMetaphone.DoubleMetaphoneResult.appendAlternate: computing test cases
src/main/java/org/apache/commons/codec/language/DoubleMetaphone.java: org.apache.commons.codec.language.DoubleMetaphone.DoubleMetaphoneResult.appendAlternate: computed 1 unit tests
src/main/java/org/apache/commons/codec/language/DoubleMetaphone.java: org.apache.commons.codec.language.DoubleMetaphone.DoubleMetaphoneResult.appendAlternate: found 1 problems
src/main/java/org/apache/commons/codec/language/DoubleMetaphone.java:987:51: critical: org.apache.commons.codec.language.DoubleMetaphone.DoubleMetaphoneResult.appendAlternate: uncaught java.lang.NullPointerException
src/main/java/org/apache/commons/codec/language/DoubleMetaphone.java: org.apache.commons.codec.language.DoubleMetaphone.setMaxCodeLen: computing test cases
src/main/java/org/apache/commons/codec/language/DoubleMetaphone.java: org.apache.commons.codec.language.DoubleMetaphone.setMaxCodeLen: computed 1 unit tests
src/main/java/org/apache/commons/codec/language/DoubleMetaphone.java: org.apache.commons.codec.language.DoubleMetaphone.setMaxCodeLen: found 0 problems
src/main/java/org/apache/commons/codec/language/DoubleMetaphone.java: org.apache.commons.codec.language.DoubleMetaphone.charAt: computing test cases
src/main/java/org/apache/commons/codec/language/DoubleMetaphone.java: org.apache.commons.codec.language.DoubleMetaphone.charAt: computed 2 unit tests
src/main/java/org/apache/commons/codec/language/DoubleMetaphone.java: org.apache.commons.codec.language.DoubleMetaphone.charAt: found 1 problems
src/main/java/org/apache/commons/codec/language/DoubleMetaphone.java:904:35: critical: org.apache.commons.codec.language.DoubleMetaphone.charAt: uncaught java.lang.NullPointerException
src/main/java/org/apache/commons/codec/language/DoubleMetaphone.java: org.apache.commons.codec.language.DoubleMetaphone.DoubleMetaphoneResult.appendPrimary: computing test cases
src/main/java/org/apache/commons/codec/language/DoubleMetaphone.java: org.apache.commons.codec.language.DoubleMetaphone.DoubleMetaphoneResult.appendPrimary: computed 1 unit tests
src/main/java/org/apache/commons/codec/language/DoubleMetaphone.java: org.apache.commons.codec.language.DoubleMetaphone.DoubleMetaphoneResult.appendPrimary: found 1 problems
src/main/java/org/apache/commons/codec/language/DoubleMetaphone.java:978:51: critical: org.apache.commons.codec.language.DoubleMetaphone.DoubleMetaphoneResult.appendPrimary: uncaught java.lang.NullPointerException
src/main/java/org/apache/commons/codec/language/DoubleMetaphone.java: org.apache.commons.codec.language.DoubleMetaphone.DoubleMetaphoneResult.appendPrimary: computing test cases
src/main/java/org/apache/commons/codec/language/DoubleMetaphone.java: org.apache.commons.codec.language.DoubleMetaphone.DoubleMetaphoneResult.appendPrimary: computed 1 unit tests
src/main/java/org/apache/commons/codec/language/DoubleMetaphone.java: org.apache.commons.codec.language.DoubleMetaphone.DoubleMetaphoneResult.appendPrimary: found 1 problems
src/main/java/org/apache/commons/codec/language/DoubleMetaphone.java:956:17: critical: org.apache.commons.codec.language.DoubleMetaphone.DoubleMetaphoneResult.appendPrimary: uncaught java.lang.NullPointerException
src/main/java/org/apache/commons/codec/language/DoubleMetaphone.java: org.apache.commons.codec.language.DoubleMetaphone.DoubleMetaphoneResult.append: computing test cases
src/main/java/org/apache/commons/codec/language/DoubleMetaphone.java: org.apache.commons.codec.language.DoubleMetaphone.DoubleMetaphoneResult.append: computed 1 unit tests
src/main/java/org/apache/commons/codec/language/DoubleMetaphone.java: org.apache.commons.codec.language.DoubleMetaphone.DoubleMetaphoneResult.append: found 1 problems
src/main/java/org/apache/commons/codec/language/DoubleMetaphone.java:978:51: critical: org.apache.commons.codec.language.DoubleMetaphone.DoubleMetaphoneResult.append: uncaught java.lang.NullPointerException
src/main/java/org/apache/commons/codec/language/DoubleMetaphone.java: org.apache.commons.codec.language.DoubleMetaphone.DoubleMetaphoneResult.append: computing test cases
src/main/java/org/apache/commons/codec/language/DoubleMetaphone.java: org.apache.commons.codec.language.DoubleMetaphone.DoubleMetaphoneResult.append: computed 1 unit tests
src/main/java/org/apache/commons/codec/language/DoubleMetaphone.java: org.apache.commons.codec.language.DoubleMetaphone.DoubleMetaphoneResult.append: found 1 problems
src/main/java/org/apache/commons/codec/language/DoubleMetaphone.java:956:17: critical: org.apache.commons.codec.language.DoubleMetaphone.DoubleMetaphoneResult.append: uncaught java.lang.NullPointerException
src/main/java/org/apache/commons/codec/language/DoubleMetaphone.java: org.apache.commons.codec.language.DoubleMetaphone.DoubleMetaphoneResult.append: computing test cases
src/main/java/org/apache/commons/codec/language/DoubleMetaphone.java: org.apache.commons.codec.language.DoubleMetaphone.DoubleMetaphoneResult.append: computed 1 unit tests
src/main/java/org/apache/commons/codec/language/DoubleMetaphone.java: org.apache.commons.codec.language.DoubleMetaphone.DoubleMetaphoneResult.append: found 1 problems
src/main/java/org/apache/commons/codec/language/DoubleMetaphone.java:978:51: critical: org.apache.commons.codec.language.DoubleMetaphone.DoubleMetaphoneResult.append: uncaught java.lang.NullPointerException
src/main/java/org/apache/commons/codec/language/DoubleMetaphone.java: org.apache.commons.codec.language.DoubleMetaphone.DoubleMetaphoneResult.isComplete: computing test cases
src/main/java/org/apache/commons/codec/language/DoubleMetaphone.java: org.apache.commons.codec.language.DoubleMetaphone.DoubleMetaphoneResult.isComplete: computed 1 unit tests
src/main/java/org/apache/commons/codec/language/DoubleMetaphone.java: org.apache.commons.codec.language.DoubleMetaphone.DoubleMetaphoneResult.isComplete: found 1 problems
src/main/java/org/apache/commons/codec/language/DoubleMetaphone.java:1004:20: critical: org.apache.commons.codec.language.DoubleMetaphone.DoubleMetaphoneResult.isComplete: uncaught java.lang.NullPointerException
src/main/java/org/apache/commons/codec/language/DoubleMetaphone.java: org.apache.commons.codec.language.DoubleMetaphone.doubleMetaphone: computing test cases
src/main/java/org/apache/commons/codec/language/DoubleMetaphone.java: org.apache.commons.codec.language.DoubleMetaphone.doubleMetaphone: computed 1 unit tests
src/main/java/org/apache/commons/codec/language/DoubleMetaphone.java: org.apache.commons.codec.language.DoubleMetaphone.doubleMetaphone: found 0 problems
src/main/java/org/apache/commons/codec/language/DoubleMetaphone.java: org.apache.commons.codec.language.DoubleMetaphone.encode: computing test cases
src/main/java/org/apache/commons/codec/language/DoubleMetaphone.java: org.apache.commons.codec.language.DoubleMetaphone.encode: computed 1 unit tests
src/main/java/org/apache/commons/codec/language/DoubleMetaphone.java: org.apache.commons.codec.language.DoubleMetaphone.encode: found 0 problems
src/main/java/org/apache/commons/codec/language/DoubleMetaphone.java: org.apache.commons.codec.language.DoubleMetaphone.getMaxCodeLen: computing test cases
src/main/java/org/apache/commons/codec/language/DoubleMetaphone.java: org.apache.commons.codec.language.DoubleMetaphone.getMaxCodeLen: computed 1 unit tests
src/main/java/org/apache/commons/codec/language/DoubleMetaphone.java: org.apache.commons.codec.language.DoubleMetaphone.getMaxCodeLen: found 0 problems
src/main/java/org/apache/commons/codec/language/DoubleMetaphone.java: org.apache.commons.codec.language.DoubleMetaphone.DoubleMetaphoneResult.appendAlternate: computing test cases
src/main/java/org/apache/commons/codec/language/DoubleMetaphone.java: org.apache.commons.codec.language.DoubleMetaphone.DoubleMetaphoneResult.appendAlternate: computed 1 unit tests
src/main/java/org/apache/commons/codec/language/DoubleMetaphone.java: org.apache.commons.codec.language.DoubleMetaphone.DoubleMetaphoneResult.appendAlternate: found 1 problems
src/main/java/org/apache/commons/codec/language/DoubleMetaphone.java:962:17: critical: org.apache.commons.codec.language.DoubleMetaphone.DoubleMetaphoneResult.appendAlternate: uncaught java.lang.NullPointerException
src/main/java/org/apache/commons/codec/language/DoubleMetaphone.java: org.apache.commons.codec.language.DoubleMetaphone.doubleMetaphone: computing test cases
src/main/java/org/apache/commons/codec/language/DoubleMetaphone.java: org.apache.commons.codec.language.DoubleMetaphone.doubleMetaphone: computed 1 unit tests
src/main/java/org/apache/commons/codec/language/DoubleMetaphone.java: org.apache.commons.codec.language.DoubleMetaphone.doubleMetaphone: found 0 problems
src/main/java/org/apache/commons/codec/language/DoubleMetaphone.java: org.apache.commons.codec.language.DoubleMetaphone.DoubleMetaphone: computing test cases
src/main/java/org/apache/commons/codec/language/DoubleMetaphone.java: org.apache.commons.codec.language.DoubleMetaphone.DoubleMetaphone: computed 1 unit tests
src/main/java/org/apache/commons/codec/language/DoubleMetaphone.java: org.apache.commons.codec.language.DoubleMetaphone.DoubleMetaphone: found 0 problems
src/main/java/org/apache/commons/codec/language/DoubleMetaphone.java: org.apache.commons.codec.language.DoubleMetaphone.DoubleMetaphoneResult.getAlternate: computing test cases
src/main/java/org/apache/commons/codec/language/DoubleMetaphone.java: org.apache.commons.codec.language.DoubleMetaphone.DoubleMetaphoneResult.getAlternate: computed 1 unit tests
src/main/java/org/apache/commons/codec/language/DoubleMetaphone.java: org.apache.commons.codec.language.DoubleMetaphone.DoubleMetaphoneResult.getAlternate: found 1 problems
src/main/java/org/apache/commons/codec/language/DoubleMetaphone.java:1000:20: critical: org.apache.commons.codec.language.DoubleMetaphone.DoubleMetaphoneResult.getAlternate: uncaught java.lang.NullPointerException
src/main/java/org/apache/commons/codec/language/DoubleMetaphone.java: org.apache.commons.codec.language.DoubleMetaphone.DoubleMetaphoneResult.append: computing test cases
src/main/java/org/apache/commons/codec/language/DoubleMetaphone.java: org.apache.commons.codec.language.DoubleMetaphone.DoubleMetaphoneResult.append: computed 1 unit tests
src/main/java/org/apache/commons/codec/language/DoubleMetaphone.java: org.apache.commons.codec.language.DoubleMetaphone.DoubleMetaphoneResult.append: found 1 problems
src/main/java/org/apache/commons/codec/language/DoubleMetaphone.java:956:17: critical: org.apache.commons.codec.language.DoubleMetaphone.DoubleMetaphoneResult.append: uncaught java.lang.NullPointerException
src/main/java/org/apache/commons/codec/language/DoubleMetaphone.java: org.apache.commons.codec.language.DoubleMetaphone.DoubleMetaphoneResult.DoubleMetaphoneResult: computing test cases
src/main/java/org/apache/commons/codec/language/DoubleMetaphone.java: org.apache.commons.codec.language.DoubleMetaphone.DoubleMetaphoneResult.DoubleMetaphoneResult: computed 1 unit tests
src/main/java/org/apache/commons/codec/language/DoubleMetaphone.java: org.apache.commons.codec.language.DoubleMetaphone.DoubleMetaphoneResult.DoubleMetaphoneResult: found 0 problems
src/main/java/org/apache/commons/codec/language/DoubleMetaphone.java: org.apache.commons.codec.language.DoubleMetaphone.DoubleMetaphoneResult.getPrimary: computing test cases
src/main/java/org/apache/commons/codec/language/DoubleMetaphone.java: org.apache.commons.codec.language.DoubleMetaphone.DoubleMetaphoneResult.getPrimary: computed 1 unit tests
src/main/java/org/apache/commons/codec/language/DoubleMetaphone.java: org.apache.commons.codec.language.DoubleMetaphone.DoubleMetaphoneResult.getPrimary: found 1 problems
src/main/java/org/apache/commons/codec/language/DoubleMetaphone.java:996:20: critical: org.apache.commons.codec.language.DoubleMetaphone.DoubleMetaphoneResult.getPrimary: uncaught java.lang.NullPointerException
src/main/java/org/apache/commons/codec/language/DoubleMetaphone.java: org.apache.commons.codec.language.DoubleMetaphone.encode: computing test cases
src/main/java/org/apache/commons/codec/language/DoubleMetaphone.java: org.apache.commons.codec.language.DoubleMetaphone.encode: computed 1 unit tests
src/main/java/org/apache/commons/codec/language/DoubleMetaphone.java: org.apache.commons.codec.language.DoubleMetaphone.encode: found 2 problems
src/main/java/org/apache/commons/codec/language/DoubleMetaphone.java: info: org.apache.commons.codec.language.DoubleMetaphone.encode: solver timed out
	data: ExecutionResult{ExitStatus:-1, ResourceUsage{WallTime:10.008416351s, CPUTimeUser:9.931408s, CPUTimeSystem:63.918ms, MemoryUsage:191892}}
src/main/java/org/apache/commons/codec/language/DoubleMetaphone.java:203:13: critical: org.apache.commons.codec.language.DoubleMetaphone.encode: uncaught org.apache.commons.codec.EncoderException
src/main/java/org/apache/commons/codec/language/DoubleMetaphone.java: org.apache.commons.codec.language.DoubleMetaphone.isDoubleMetaphoneEqual: computing test cases
src/main/java/org/apache/commons/codec/language/DoubleMetaphone.java: org.apache.commons.codec.language.DoubleMetaphone.isDoubleMetaphoneEqual: computed 0 unit tests
src/main/java/org/apache/commons/codec/language/DoubleMetaphone.java: org.apache.commons.codec.language.DoubleMetaphone.isDoubleMetaphoneEqual: found 1 problems
src/main/java/org/apache/commons/codec/language/DoubleMetaphone.java: info: org.apache.commons.codec.language.DoubleMetaphone.isDoubleMetaphoneEqual: solver timed out
	data: ExecutionResult{ExitStatus:-1, ResourceUsage{WallTime:10.005401035s, CPUTimeUser:9.902972s, CPUTimeSystem:99.989ms, MemoryUsage:209352}}
src/main/java/org/apache/commons/codec/language/DoubleMetaphone.java: org.apache.commons.codec.language.DoubleMetaphone.contains: computing test cases
src/main/java/org/apache/commons/codec/language/DoubleMetaphone.java: org.apache.commons.codec.language.DoubleMetaphone.contains: computed 2 unit tests
src/main/java/org/apache/commons/codec/language/DoubleMetaphone.java: org.apache.commons.codec.language.DoubleMetaphone.contains: found 1 problems
src/main/java/org/apache/commons/codec/language/DoubleMetaphone.java: internal error: org.apache.commons.codec.language.DoubleMetaphone.contains: type cannot be determined
	data: VariableReference(@m_0, pointer(struct(java/lang/String, [], [pointer(reference(java/lang/Object))], [reference(java/lang/CharSequence)])), @m_0_0)
src/main/java/org/apache/commons/codec/language/DoubleMetaphone.java: org.apache.commons.codec.language.DoubleMetaphone.isDoubleMetaphoneEqual: computing test cases
src/main/java/org/apache/commons/codec/language/DoubleMetaphone.java: org.apache.commons.codec.language.DoubleMetaphone.isDoubleMetaphoneEqual: computed 0 unit tests
src/main/java/org/apache/commons/codec/language/DoubleMetaphone.java: org.apache.commons.codec.language.DoubleMetaphone.isDoubleMetaphoneEqual: found 1 problems
src/main/java/org/apache/commons/codec/language/DoubleMetaphone.java: internal error: org.apache.commons.codec.language.DoubleMetaphone.isDoubleMetaphoneEqual: unknown type kind
	data: [is_nil(nil) <nil>]
src/main/java/org/apache/commons/codec/DecoderException.java: org.apache.commons.codec.DecoderException.DecoderException: computing test cases
src/main/java/org/apache/commons/codec/DecoderException.java: org.apache.commons.codec.DecoderException.DecoderException: computed 1 unit tests
src/main/java/org/apache/commons/codec/DecoderException.java: org.apache.commons.codec.DecoderException.DecoderException: found 0 problems
src/main/java/org/apache/commons/codec/DecoderException.java: org.apache.commons.codec.DecoderException.DecoderException: computing test cases
src/main/java/org/apache/commons/codec/DecoderException.java: org.apache.commons.codec.DecoderException.DecoderException: computed 1 unit tests
src/main/java/org/apache/commons/codec/DecoderException.java: org.apache.commons.codec.DecoderException.DecoderException: found 0 problems
src/main/java/org/apache/commons/codec/DecoderException.java: org.apache.commons.codec.DecoderException.DecoderException: computing test cases
src/main/java/org/apache/commons/codec/DecoderException.java: org.apache.commons.codec.DecoderException.DecoderException: computed 1 unit tests
src/main/java/org/apache/commons/codec/DecoderException.java: org.apache.commons.codec.DecoderException.DecoderException: found 0 problems
src/main/java/org/apache/commons/codec/DecoderException.java: org.apache.commons.codec.DecoderException.DecoderException: computing test cases
src/main/java/org/apache/commons/codec/DecoderException.java: org.apache.commons.codec.DecoderException.DecoderException: computed 1 unit tests
src/main/java/org/apache/commons/codec/DecoderException.java: org.apache.commons.codec.DecoderException.DecoderException: found 0 problems
src/main/java/org/apache/commons/codec/binary/Base32OutputStream.java: org.apache.commons.codec.binary.Base32OutputStream.Base32OutputStream: computing test cases
src/main/java/org/apache/commons/codec/binary/Base32OutputStream.java: org.apache.commons.codec.binary.Base32OutputStream.Base32OutputStream: computed 0 unit tests
src/main/java/org/apache/commons/codec/binary/Base32OutputStream.java: org.apache.commons.codec.binary.Base32OutputStream.Base32OutputStream: found 1 problems
src/main/java/org/apache/commons/codec/binary/Base32OutputStream.java: info: org.apache.commons.codec.binary.Base32OutputStream.Base32OutputStream: solver timed out
	data: ExecutionResult{ExitStatus:-1, ResourceUsage{WallTime:10.001693538s, CPUTimeUser:9.976234s, CPUTimeSystem:24ms, MemoryUsage:108576}}
src/main/java/org/apache/commons/codec/binary/Base32OutputStream.java: org.apache.commons.codec.binary.Base32OutputStream.Base32OutputStream: computing test cases
src/main/java/org/apache/commons/codec/binary/Base32OutputStream.java: org.apache.commons.codec.binary.Base32OutputStream.Base32OutputStream: computed 0 unit tests
src/main/java/org/apache/commons/codec/binary/Base32OutputStream.java: org.apache.commons.codec.binary.Base32OutputStream.Base32OutputStream: found 1 problems
src/main/java/org/apache/commons/codec/binary/Base32OutputStream.java: info: org.apache.commons.codec.binary.Base32OutputStream.Base32OutputStream: solver timed out
	data: ExecutionResult{ExitStatus:-1, ResourceUsage{WallTime:10.00153201s, CPUTimeUser:9.971237s, CPUTimeSystem:27.986ms, MemoryUsage:108576}}
src/main/java/org/apache/commons/codec/binary/Base32OutputStream.java: org.apache.commons.codec.binary.Base32OutputStream.Base32OutputStream: computing test cases
src/main/java/org/apache/commons/codec/binary/Base32OutputStream.java: org.apache.commons.codec.binary.Base32OutputStream.Base32OutputStream: computed 0 unit tests
src/main/java/org/apache/commons/codec/binary/Base32OutputStream.java: org.apache.commons.codec.binary.Base32OutputStream.Base32OutputStream: found 2 problems
src/main/java/org/apache/commons/codec/binary/Base32OutputStream.java: info: org.apache.commons.codec.binary.Base32OutputStream.Base32OutputStream: solver timed out
	data: ExecutionResult{ExitStatus:-1, ResourceUsage{WallTime:10.001906955s, CPUTimeUser:9.98456s, CPUTimeSystem:15.994ms, MemoryUsage:108576}}
src/main/java/org/apache/commons/codec/binary/Base32OutputStream.java: info: org.apache.commons.codec.binary.Base32OutputStream.Base32OutputStream: solver timed out
	data: ExecutionResult{ExitStatus:-1, ResourceUsage{WallTime:10.001495927s, CPUTimeUser:9.984441s, CPUTimeSystem:11.995ms, MemoryUsage:108576}}
src/main/java/org/apache/commons/codec/net/Utils.java: org.apache.commons.codec.net.Utils.digit16: computing test cases
src/main/java/org/apache/commons/codec/net/Utils.java: org.apache.commons.codec.net.Utils.digit16: computed 0 unit tests
src/main/java/org/apache/commons/codec/net/Utils.java: org.apache.commons.codec.net.Utils.digit16: found 0 problems
src/main/java/org/apache/commons/codec/Decoder.java: org.apache.commons.codec.Decoder.decode: computing test cases
src/main/java/org/apache/commons/codec/Decoder.java: org.apache.commons.codec.Decoder.decode: function is abstract and therefore inaccessible for tests
src/main/java/org/apache/commons/codec/language/bm/Languages.java: org.apache.commons.codec.language.bm.Languages.SomeLanguages.getLanguages: computing test cases
src/main/java/org/apache/commons/codec/language/bm/Languages.java: org.apache.commons.codec.language.bm.Languages.SomeLanguages.getLanguages: found 1 problems
src/main/java/org/apache/commons/codec/language/bm/Languages.java: internal error: org.apache.commons.codec.language.bm.Languages.SomeLanguages.getLanguages: recovered panic
	data: Internal error: unknown type kind:
		&modelast.Unsupported{}
		Stacktrace: goroutine 1 [running]:
		gitlab.nethead.at/symflower/symflower/model/errors.NewInternalError({0x21de060, 0x2d25a10}, {0x13d4da0, 0xc000ca33a0})
			gitlab.nethead.at/symflower/symflower/model/errors/error.go:852 +0x4e
		gitlab.nethead.at/symflower/symflower/model/ast.zeroValue(0xc00292bb60, {0x2205608, 0xc00050a2c0}, 0x2088960, 0x2088978)
			gitlab.nethead.at/symflower/symflower/model/ast/value.go:476 +0xefb
		gitlab.nethead.at/symflower/symflower/model/ast.ZeroValue(0xc000bab2c0?, {0x2205608?, 0xc00050a2c0?})
			gitlab.nethead.at/symflower/symflower/model/ast/value.go:378 +0x2b
		gitlab.nethead.at/symflower/symflower/symbolicexecution.(*symflowerExecution).setInvisibleAndFinalFieldsToDefaultValue(0xc00109c750, 0xc000137000, {0x2209770, 0xc001744500})
			gitlab.nethead.at/symflower/symflower/symbolicexecution/handle.go:223 +0x2b5
		gitlab.nethead.at/symflower/symflower/symbolicexecution.(*symflowerExecution).createDeclaration(0xc00109c750, 0xc000137000, {0x140aaeb, 0x4}, {0x2205728?, 0xc001dfe620?}, {0x0, 0x0})
			gitlab.nethead.at/symflower/symflower/symbolicexecution/handle.go:4760 +0x62d
		gitlab.nethead.at/symflower/symflower/symbolicexecution.(*symflowerExecution).handleSymbol(0xc00109c750, 0xc00292bb60, 0xc000c4ec00)
			gitlab.nethead.at/symflower/symflower/symbolicexecution/handle.go:55 +0x645
		gitlab.nethead.at/symflower/symflower/symbolicexecution.analyzeInternal(0xc001bbf540, 0x2088c88)
			gitlab.nethead.at/symflower/symflower/symbolicexecution/analyze.go:209 +0xe38
		gitlab.nethead.at/symflower/symflower/symbolicexecution.AnalyzeResult(0x2d49d00?)
			gitlab.nethead.at/symflower/symflower/symbolicexecution/analyze.go:55 +0x32
		gitlab.nethead.at/symflower/symflower/cmd/symflower-local/generate.(*Generator).SymbolicExecutionTestsForSymbol(0xc00058b7d0, {0x21e8348, 0xc001dc83c0}, 0xc000c34870)
			gitlab.nethead.at/symflower/symflower/cmd/symflower-local/generate/generate.go:236 +0x3a5
		gitlab.nethead.at/symflower/symflower/cmd/symflower-local/generate.(*Generator).Tests(0xc00058b7d0, 0xc00058b800, 0x0?)
			gitlab.nethead.at/symflower/symflower/cmd/symflower-local/generate/generate.go:190 +0x2d3
		gitlab.nethead.at/symflower/symflower/cmd/symflower-local/generate.(*AnalyzeEngineDefault).UnitTests(0x2a?, 0x124bba0?, {0x21eb890?, 0xc0005a0170?}, {0x90?, 0x6?, 0x13?, 0x0?}, 0x2a?, {0xc00058b1d0, ...})
			gitlab.nethead.at/symflower/symflower/cmd/symflower-local/generate/analyze.go:157 +0x98
		gitlab.nethead.at/symflower/symflower/cmd/symflower-local/cmd.(*commandUnitTests).Execute(0xc00001a3d8, {0xc00001a008?, 0x7824dce69598?, 0xc00001a3d8?})
			gitlab.nethead.at/symflower/symflower/cmd/symflower-local/cmd/unit-tests.go:85 +0x2a6
		gitlab.nethead.at/symflower/symflower/cmd.ExecuteNoExit({0x21de020, 0xc00001a008}, {0xc00019e000?, 0x44?, 0x0?})
			gitlab.nethead.at/symflower/symflower/cmd/execute.go:59 +0x2ad
		gitlab.nethead.at/symflower/symflower/cmd.Execute({0x21de020?, 0xc00001a008?}, {0xc00019e000?, 0xc00007e000?, 0xc0004abf10?})
			gitlab.nethead.at/symflower/symflower/cmd/execute.go:17 +0x26
		gitlab.nethead.at/symflower/symflower/cmd.ExecuteWithOSArguments(...)
			gitlab.nethead.at/symflower/symflower/cmd/execute.go:78
		main.main.func1()
			gitlab.nethead.at/symflower/symflower/cmd/symflower-demo/main.go:39 +0x34
		gitlab.nethead.at/symflower/symflower/cmd/symflower-local/cmd.(*Command).WithPanicReporter(0xc0000b2060?, 0x0?)
			gitlab.nethead.at/symflower/symflower/cmd/symflower-local/cmd/cmd.go:151 +0x33
		main.main()
			gitlab.nethead.at/symflower/symflower/cmd/symflower-demo/main.go:38 +0x7f
src/main/java/org/apache/commons/codec/language/bm/Languages.java: org.apache.commons.codec.language.bm.Languages.LanguageSet.from: computing test cases
src/main/java/org/apache/commons/codec/language/bm/Languages.java: org.apache.commons.codec.language.bm.Languages.LanguageSet.from: computed 0 unit tests
src/main/java/org/apache/commons/codec/language/bm/Languages.java: org.apache.commons.codec.language.bm.Languages.LanguageSet.from: found 0 problems
src/main/java/org/apache/commons/codec/language/bm/Languages.java: org.apache.commons.codec.language.bm.Languages.SomeLanguages.isEmpty: computing test cases
src/main/java/org/apache/commons/codec/language/bm/Languages.java: org.apache.commons.codec.language.bm.Languages.SomeLanguages.isEmpty: found 1 problems
src/main/java/org/apache/commons/codec/language/bm/Languages.java: internal error: org.apache.commons.codec.language.bm.Languages.SomeLanguages.isEmpty: recovered panic
	data: Internal error: unknown type kind:
		&modelast.Unsupported{}
		Stacktrace: goroutine 1 [running]:
		gitlab.nethead.at/symflower/symflower/model/errors.NewInternalError({0x21de060, 0x2d25a10}, {0x13d4da0, 0xc0005a2870})
			gitlab.nethead.at/symflower/symflower/model/errors/error.go:852 +0x4e
		gitlab.nethead.at/symflower/symflower/model/ast.zeroValue(0xc0017dad20, {0x2205608, 0xc00050a2c0}, 0x2088960, 0x2088978)
			gitlab.nethead.at/symflower/symflower/model/ast/value.go:476 +0xefb
		gitlab.nethead.at/symflower/symflower/model/ast.ZeroValue(0xc000bab2c0?, {0x2205608?, 0xc00050a2c0?})
			gitlab.nethead.at/symflower/symflower/model/ast/value.go:378 +0x2b
		gitlab.nethead.at/symflower/symflower/symbolicexecution.(*symflowerExecution).setInvisibleAndFinalFieldsToDefaultValue(0xc000f8ab60, 0xc000137a00, {0x2209770, 0xc001744e60})
			gitlab.nethead.at/symflower/symflower/symbolicexecution/handle.go:223 +0x2b5
		gitlab.nethead.at/symflower/symflower/symbolicexecution.(*symflowerExecution).createDeclaration(0xc000f8ab60, 0xc000137a00, {0x140aaeb, 0x4}, {0x2205728?, 0xc001dfe720?}, {0x0, 0x0})
			gitlab.nethead.at/symflower/symflower/symbolicexecution/handle.go:4760 +0x62d
		gitlab.nethead.at/symflower/symflower/symbolicexecution.(*symflowerExecution).handleSymbol(0xc000f8ab60, 0xc0017dad20, 0xc000c4ed00)
			gitlab.nethead.at/symflower/symflower/symbolicexecution/handle.go:55 +0x645
		gitlab.nethead.at/symflower/symflower/symbolicexecution.analyzeInternal(0xc001a7a000, 0x2088c88)
			gitlab.nethead.at/symflower/symflower/symbolicexecution/analyze.go:209 +0xe38
		gitlab.nethead.at/symflower/symflower/symbolicexecution.AnalyzeResult(0x2d49d00?)
			gitlab.nethead.at/symflower/symflower/symbolicexecution/analyze.go:55 +0x32
		gitlab.nethead.at/symflower/symflower/cmd/symflower-local/generate.(*Generator).SymbolicExecutionTestsForSymbol(0xc00058b7d0, {0x21e8348, 0xc001dc83c0}, 0xc000c348a0)
			gitlab.nethead.at/symflower/symflower/cmd/symflower-local/generate/generate.go:236 +0x3a5
		gitlab.nethead.at/symflower/symflower/cmd/symflower-local/generate.(*Generator).Tests(0xc00058b7d0, 0xc00058b800, 0x0?)
			gitlab.nethead.at/symflower/symflower/cmd/symflower-local/generate/generate.go:190 +0x2d3
		gitlab.nethead.at/symflower/symflower/cmd/symflower-local/generate.(*AnalyzeEngineDefault).UnitTests(0x2a?, 0x124bba0?, {0x21eb890?, 0xc0005a0170?}, {0x90?, 0x6?, 0x13?, 0x0?}, 0x2a?, {0xc00058b1d0, ...})
			gitlab.nethead.at/symflower/symflower/cmd/symflower-local/generate/analyze.go:157 +0x98
		gitlab.nethead.at/symflower/symflower/cmd/symflower-local/cmd.(*commandUnitTests).Execute(0xc00001a3d8, {0xc00001a008?, 0x7824dce69598?, 0xc00001a3d8?})
			gitlab.nethead.at/symflower/symflower/cmd/symflower-local/cmd/unit-tests.go:85 +0x2a6
		gitlab.nethead.at/symflower/symflower/cmd.ExecuteNoExit({0x21de020, 0xc00001a008}, {0xc00019e000?, 0x44?, 0x0?})
			gitlab.nethead.at/symflower/symflower/cmd/execute.go:59 +0x2ad
		gitlab.nethead.at/symflower/symflower/cmd.Execute({0x21de020?, 0xc00001a008?}, {0xc00019e000?, 0xc00007e000?, 0xc0004abf10?})
			gitlab.nethead.at/symflower/symflower/cmd/execute.go:17 +0x26
		gitlab.nethead.at/symflower/symflower/cmd.ExecuteWithOSArguments(...)
			gitlab.nethead.at/symflower/symflower/cmd/execute.go:78
		main.main.func1()
			gitlab.nethead.at/symflower/symflower/cmd/symflower-demo/main.go:39 +0x34
		gitlab.nethead.at/symflower/symflower/cmd/symflower-local/cmd.(*Command).WithPanicReporter(0xc0000b2060?, 0x0?)
			gitlab.nethead.at/symflower/symflower/cmd/symflower-local/cmd/cmd.go:151 +0x33
		main.main()
			gitlab.nethead.at/symflower/symflower/cmd/symflower-demo/main.go:38 +0x7f
src/main/java/org/apache/commons/codec/language/bm/Languages.java: org.apache.commons.codec.language.bm.Languages.SomeLanguages.restrictTo: computing test cases
src/main/java/org/apache/commons/codec/language/bm/Languages.java: org.apache.commons.codec.language.bm.Languages.SomeLanguages.restrictTo: computed 0 unit tests
src/main/java/org/apache/commons/codec/language/bm/Languages.java: org.apache.commons.codec.language.bm.Languages.getInstance: computing test cases
src/main/java/org/apache/commons/codec/language/bm/Languages.java: org.apache.commons.codec.language.bm.Languages.getInstance: computed 0 unit tests
src/main/java/org/apache/commons/codec/language/bm/Languages.java: org.apache.commons.codec.language.bm.Languages.getInstance: found 0 problems
src/main/java/org/apache/commons/codec/language/bm/Languages.java: org.apache.commons.codec.language.bm.Languages.SomeLanguages.getAny: computing test cases
src/main/java/org/apache/commons/codec/language/bm/Languages.java: org.apache.commons.codec.language.bm.Languages.SomeLanguages.getAny: found 1 problems
src/main/java/org/apache/commons/codec/language/bm/Languages.java: internal error: org.apache.commons.codec.language.bm.Languages.SomeLanguages.getAny: recovered panic
	data: Internal error: unknown type kind:
		&modelast.Unsupported{}
		Stacktrace: goroutine 1 [running]:
		gitlab.nethead.at/symflower/symflower/model/errors.NewInternalError({0x21de060, 0x2d25a10}, {0x13d4da0, 0xc0016f8290})
			gitlab.nethead.at/symflower/symflower/model/errors/error.go:852 +0x4e
		gitlab.nethead.at/symflower/symflower/model/ast.zeroValue(0xc000794ba0, {0x2205608, 0xc00050a2c0}, 0x2088960, 0x2088978)
			gitlab.nethead.at/symflower/symflower/model/ast/value.go:476 +0xefb
		gitlab.nethead.at/symflower/symflower/model/ast.ZeroValue(0xc000bab2c0?, {0x2205608?, 0xc00050a2c0?})
			gitlab.nethead.at/symflower/symflower/model/ast/value.go:378 +0x2b
		gitlab.nethead.at/symflower/symflower/symbolicexecution.(*symflowerExecution).setInvisibleAndFinalFieldsToDefaultValue(0xc001342680, 0xc000ba2f00, {0x2209770, 0xc000aac640})
			gitlab.nethead.at/symflower/symflower/symbolicexecution/handle.go:223 +0x2b5
		gitlab.nethead.at/symflower/symflower/symbolicexecution.(*symflowerExecution).createDeclaration(0xc001342680, 0xc000ba2f00, {0x140aaeb, 0x4}, {0x2205728?, 0xc001dfe500?}, {0x0, 0x0})
			gitlab.nethead.at/symflower/symflower/symbolicexecution/handle.go:4760 +0x62d
		gitlab.nethead.at/symflower/symflower/symbolicexecution.(*symflowerExecution).handleSymbol(0xc001342680, 0xc000794ba0, 0xc000c4eb00)
			gitlab.nethead.at/symflower/symflower/symbolicexecution/handle.go:55 +0x645
		gitlab.nethead.at/symflower/symflower/symbolicexecution.analyzeInternal(0xc0019681c0, 0x2088c88)
			gitlab.nethead.at/symflower/symflower/symbolicexecution/analyze.go:209 +0xe38
		gitlab.nethead.at/symflower/symflower/symbolicexecution.AnalyzeResult(0x2d49d00?)
			gitlab.nethead.at/symflower/symflower/symbolicexecution/analyze.go:55 +0x32
		gitlab.nethead.at/symflower/symflower/cmd/symflower-local/generate.(*Generator).SymbolicExecutionTestsForSymbol(0xc00058b7d0, {0x21e8348, 0xc001dc83c0}, 0xc000c34840)
			gitlab.nethead.at/symflower/symflower/cmd/symflower-local/generate/generate.go:236 +0x3a5
		gitlab.nethead.at/symflower/symflower/cmd/symflower-local/generate.(*Generator).Tests(0xc00058b7d0, 0xc00058b800, 0x0?)
			gitlab.nethead.at/symflower/symflower/cmd/symflower-local/generate/generate.go:190 +0x2d3
		gitlab.nethead.at/symflower/symflower/cmd/symflower-local/generate.(*AnalyzeEngineDefault).UnitTests(0x2a?, 0x124bba0?, {0x21eb890?, 0xc0005a0170?}, {0x90?, 0x6?, 0x13?, 0x0?}, 0x2a?, {0xc00058b1d0, ...})
			gitlab.nethead.at/symflower/symflower/cmd/symflower-local/generate/analyze.go:157 +0x98
		gitlab.nethead.at/symflower/symflower/cmd/symflower-local/cmd.(*commandUnitTests).Execute(0xc00001a3d8, {0xc00001a008?, 0x7824dce69598?, 0xc00001a3d8?})
			gitlab.nethead.at/symflower/symflower/cmd/symflower-local/cmd/unit-tests.go:85 +0x2a6
		gitlab.nethead.at/symflower/symflower/cmd.ExecuteNoExit({0x21de020, 0xc00001a008}, {0xc00019e000?, 0x44?, 0x0?})
			gitlab.nethead.at/symflower/symflower/cmd/execute.go:59 +0x2ad
		gitlab.nethead.at/symflower/symflower/cmd.Execute({0x21de020?, 0xc00001a008?}, {0xc00019e000?, 0xc00007e000?, 0xc0004abf10?})
			gitlab.nethead.at/symflower/symflower/cmd/execute.go:17 +0x26
		gitlab.nethead.at/symflower/symflower/cmd.ExecuteWithOSArguments(...)
			gitlab.nethead.at/symflower/symflower/cmd/execute.go:78
		main.main.func1()
			gitlab.nethead.at/symflower/symflower/cmd/symflower-demo/main.go:39 +0x34
		gitlab.nethead.at/symflower/symflower/cmd/symflower-local/cmd.(*Command).WithPanicReporter(0xc0000b2060?, 0x0?)
			gitlab.nethead.at/symflower/symflower/cmd/symflower-local/cmd/cmd.go:151 +0x33
		main.main()
			gitlab.nethead.at/symflower/symflower/cmd/symflower-demo/main.go:38 +0x7f
src/main/java/org/apache/commons/codec/language/bm/Languages.java: org.apache.commons.codec.language.bm.Languages.getLanguages: computing test cases
src/main/java/org/apache/commons/codec/language/bm/Languages.java: org.apache.commons.codec.language.bm.Languages.getLanguages: found 1 problems
src/main/java/org/apache/commons/codec/language/bm/Languages.java: internal error: org.apache.commons.codec.language.bm.Languages.getLanguages: recovered panic
	data: Internal error: unknown type kind:
		&modelast.Unsupported{}
		Stacktrace: goroutine 1 [running]:
		gitlab.nethead.at/symflower/symflower/model/errors.NewInternalError({0x21de060, 0x2d25a10}, {0x13d4da0, 0xc000667c00})
			gitlab.nethead.at/symflower/symflower/model/errors/error.go:852 +0x4e
		gitlab.nethead.at/symflower/symflower/model/ast.zeroValue(0xc000795080, {0x2205608, 0xc000582840}, 0x2088960, 0x2088978)
			gitlab.nethead.at/symflower/symflower/model/ast/value.go:476 +0xefb
		gitlab.nethead.at/symflower/symflower/model/ast.ZeroValue(0xc000bab140?, {0x2205608?, 0xc000582840?})
			gitlab.nethead.at/symflower/symflower/model/ast/value.go:378 +0x2b
		gitlab.nethead.at/symflower/symflower/symbolicexecution.(*symflowerExecution).setInvisibleAndFinalFieldsToDefaultValue(0xc0013432b0, 0xc000ba3300, {0x2209770, 0xc000aacb90})
			gitlab.nethead.at/symflower/symflower/symbolicexecution/handle.go:223 +0x2b5
		gitlab.nethead.at/symflower/symflower/symbolicexecution.(*symflowerExecution).createDeclaration(0xc0013432b0, 0xc000ba3300, {0x140aaeb, 0x4}, {0x2205728?, 0xc001dfe040?}, {0x0, 0x0})
			gitlab.nethead.at/symflower/symflower/symbolicexecution/handle.go:4760 +0x62d
		gitlab.nethead.at/symflower/symflower/symbolicexecution.(*symflowerExecution).handleSymbol(0xc0013432b0, 0xc000795080, 0xc000c4f700)
			gitlab.nethead.at/symflower/symflower/symbolicexecution/handle.go:55 +0x645
		gitlab.nethead.at/symflower/symflower/symbolicexecution.analyzeInternal(0xc0019689e0, 0x2088c88)
			gitlab.nethead.at/symflower/symflower/symbolicexecution/analyze.go:209 +0xe38
		gitlab.nethead.at/symflower/symflower/symbolicexecution.AnalyzeResult(0x2d49d00?)
			gitlab.nethead.at/symflower/symflower/symbolicexecution/analyze.go:55 +0x32
		gitlab.nethead.at/symflower/symflower/cmd/symflower-local/generate.(*Generator).SymbolicExecutionTestsForSymbol(0xc00058b7d0, {0x21e8348, 0xc001dc83c0}, 0xc000c34a20)
			gitlab.nethead.at/symflower/symflower/cmd/symflower-local/generate/generate.go:236 +0x3a5
		gitlab.nethead.at/symflower/symflower/cmd/symflower-local/generate.(*Generator).Tests(0xc00058b7d0, 0xc00058b800, 0x0?)
			gitlab.nethead.at/symflower/symflower/cmd/symflower-local/generate/generate.go:190 +0x2d3
		gitlab.nethead.at/symflower/symflower/cmd/symflower-local/generate.(*AnalyzeEngineDefault).UnitTests(0x2a?, 0x124bba0?, {0x21eb890?, 0xc0005a0170?}, {0x90?, 0x6?, 0x13?, 0x0?}, 0x2a?, {0xc00058b1d0, ...})
			gitlab.nethead.at/symflower/symflower/cmd/symflower-local/generate/analyze.go:157 +0x98
		gitlab.nethead.at/symflower/symflower/cmd/symflower-local/cmd.(*commandUnitTests).Execute(0xc00001a3d8, {0xc00001a008?, 0x7824dce69598?, 0xc00001a3d8?})
			gitlab.nethead.at/symflower/symflower/cmd/symflower-local/cmd/unit-tests.go:85 +0x2a6
		gitlab.nethead.at/symflower/symflower/cmd.ExecuteNoExit({0x21de020, 0xc00001a008}, {0xc00019e000?, 0x44?, 0x0?})
			gitlab.nethead.at/symflower/symflower/cmd/execute.go:59 +0x2ad
		gitlab.nethead.at/symflower/symflower/cmd.Execute({0x21de020?, 0xc00001a008?}, {0xc00019e000?, 0xc00007e000?, 0xc0004abf10?})
			gitlab.nethead.at/symflower/symflower/cmd/execute.go:17 +0x26
		gitlab.nethead.at/symflower/symflower/cmd.ExecuteWithOSArguments(...)
			gitlab.nethead.at/symflower/symflower/cmd/execute.go:78
		main.main.func1()
			gitlab.nethead.at/symflower/symflower/cmd/symflower-demo/main.go:39 +0x34
		gitlab.nethead.at/symflower/symflower/cmd/symflower-local/cmd.(*Command).WithPanicReporter(0xc0000b2060?, 0x0?)
			gitlab.nethead.at/symflower/symflower/cmd/symflower-local/cmd/cmd.go:151 +0x33
		main.main()
			gitlab.nethead.at/symflower/symflower/cmd/symflower-demo/main.go:38 +0x7f
src/main/java/org/apache/commons/codec/language/bm/Languages.java: org.apache.commons.codec.language.bm.Languages.LanguageSet.restrictTo: computing test cases
src/main/java/org/apache/commons/codec/language/bm/Languages.java: org.apache.commons.codec.language.bm.Languages.LanguageSet.restrictTo: function is abstract and therefore inaccessible for tests
src/main/java/org/apache/commons/codec/language/bm/Languages.java: org.apache.commons.codec.language.bm.Languages.LanguageSet.isEmpty: computing test cases
src/main/java/org/apache/commons/codec/language/bm/Languages.java: org.apache.commons.codec.language.bm.Languages.LanguageSet.isEmpty: function is abstract and therefore inaccessible for tests
src/main/java/org/apache/commons/codec/language/bm/Languages.java: org.apache.commons.codec.language.bm.Languages.SomeLanguages.isSingleton: computing test cases
src/main/java/org/apache/commons/codec/language/bm/Languages.java: org.apache.commons.codec.language.bm.Languages.SomeLanguages.isSingleton: found 1 problems
src/main/java/org/apache/commons/codec/language/bm/Languages.java: internal error: org.apache.commons.codec.language.bm.Languages.SomeLanguages.isSingleton: recovered panic
	data: Internal error: unknown type kind:
		&modelast.Unsupported{}
		Stacktrace: goroutine 1 [running]:
		gitlab.nethead.at/symflower/symflower/model/errors.NewInternalError({0x21de060, 0x2d25a10}, {0x13d4da0, 0xc000ea4c80})
			gitlab.nethead.at/symflower/symflower/model/errors/error.go:852 +0x4e
		gitlab.nethead.at/symflower/symflower/model/ast.zeroValue(0xc000795800, {0x2205608, 0xc00050a2c0}, 0x2088960, 0x2088978)
			gitlab.nethead.at/symflower/symflower/model/ast/value.go:476 +0xefb
		gitlab.nethead.at/symflower/symflower/model/ast.ZeroValue(0xc000bab2c0?, {0x2205608?, 0xc00050a2c0?})
			gitlab.nethead.at/symflower/symflower/model/ast/value.go:378 +0x2b
		gitlab.nethead.at/symflower/symflower/symbolicexecution.(*symflowerExecution).setInvisibleAndFinalFieldsToDefaultValue(0xc0022485b0, 0xc000b79c00, {0x2209770, 0xc000aacd70})
			gitlab.nethead.at/symflower/symflower/symbolicexecution/handle.go:223 +0x2b5
		gitlab.nethead.at/symflower/symflower/symbolicexecution.(*symflowerExecution).createDeclaration(0xc0022485b0, 0xc000b79c00, {0x140aaeb, 0x4}, {0x2205728?, 0xc001dfe800?}, {0x0, 0x0})
			gitlab.nethead.at/symflower/symflower/symbolicexecution/handle.go:4760 +0x62d
		gitlab.nethead.at/symflower/symflower/symbolicexecution.(*symflowerExecution).handleSymbol(0xc0022485b0, 0xc000795800, 0xc000c4ee00)
			gitlab.nethead.at/symflower/symflower/symbolicexecution/handle.go:55 +0x645
		gitlab.nethead.at/symflower/symflower/symbolicexecution.analyzeInternal(0xc001969460, 0x2088c88)
			gitlab.nethead.at/symflower/symflower/symbolicexecution/analyze.go:209 +0xe38
		gitlab.nethead.at/symflower/symflower/symbolicexecution.AnalyzeResult(0x2d49d00?)
			gitlab.nethead.at/symflower/symflower/symbolicexecution/analyze.go:55 +0x32
		gitlab.nethead.at/symflower/symflower/cmd/symflower-local/generate.(*Generator).SymbolicExecutionTestsForSymbol(0xc00058b7d0, {0x21e8348, 0xc001dc83c0}, 0xc000c348d0)
			gitlab.nethead.at/symflower/symflower/cmd/symflower-local/generate/generate.go:236 +0x3a5
		gitlab.nethead.at/symflower/symflower/cmd/symflower-local/generate.(*Generator).Tests(0xc00058b7d0, 0xc00058b800, 0x0?)
			gitlab.nethead.at/symflower/symflower/cmd/symflower-local/generate/generate.go:190 +0x2d3
		gitlab.nethead.at/symflower/symflower/cmd/symflower-local/generate.(*AnalyzeEngineDefault).UnitTests(0x2a?, 0x124bba0?, {0x21eb890?, 0xc0005a0170?}, {0x90?, 0x6?, 0x13?, 0x0?}, 0x2a?, {0xc00058b1d0, ...})
			gitlab.nethead.at/symflower/symflower/cmd/symflower-local/generate/analyze.go:157 +0x98
		gitlab.nethead.at/symflower/symflower/cmd/symflower-local/cmd.(*commandUnitTests).Execute(0xc00001a3d8, {0xc00001a008?, 0x7824dce69598?, 0xc00001a3d8?})
			gitlab.nethead.at/symflower/symflower/cmd/symflower-local/cmd/unit-tests.go:85 +0x2a6
		gitlab.nethead.at/symflower/symflower/cmd.ExecuteNoExit({0x21de020, 0xc00001a008}, {0xc00019e000?, 0x44?, 0x0?})
			gitlab.nethead.at/symflower/symflower/cmd/execute.go:59 +0x2ad
		gitlab.nethead.at/symflower/symflower/cmd.Execute({0x21de020?, 0xc00001a008?}, {0xc00019e000?, 0xc00007e000?, 0xc0004abf10?})
			gitlab.nethead.at/symflower/symflower/cmd/execute.go:17 +0x26
		gitlab.nethead.at/symflower/symflower/cmd.ExecuteWithOSArguments(...)
			gitlab.nethead.at/symflower/symflower/cmd/execute.go:78
		main.main.func1()
			gitlab.nethead.at/symflower/symflower/cmd/symflower-demo/main.go:39 +0x34
		gitlab.nethead.at/symflower/symflower/cmd/symflower-local/cmd.(*Command).WithPanicReporter(0xc0000b2060?, 0x0?)
			gitlab.nethead.at/symflower/symflower/cmd/symflower-local/cmd/cmd.go:151 +0x33
		main.main()
			gitlab.nethead.at/symflower/symflower/cmd/symflower-demo/main.go:38 +0x7f
src/main/java/org/apache/commons/codec/language/bm/Languages.java: org.apache.commons.codec.language.bm.Languages.SomeLanguages.toString: computing test cases
src/main/java/org/apache/commons/codec/language/bm/Languages.java: org.apache.commons.codec.language.bm.Languages.SomeLanguages.toString: found 1 problems
src/main/java/org/apache/commons/codec/language/bm/Languages.java: internal error: org.apache.commons.codec.language.bm.Languages.SomeLanguages.toString: recovered panic
	data: Internal error: unknown type kind:
		&modelast.Unsupported{}
		Stacktrace: goroutine 1 [running]:
		gitlab.nethead.at/symflower/symflower/model/errors.NewInternalError({0x21de060, 0x2d25a10}, {0x13d4da0, 0xc0012bbca0})
			gitlab.nethead.at/symflower/symflower/model/errors/error.go:852 +0x4e
		gitlab.nethead.at/symflower/symflower/model/ast.zeroValue(0xc000795c80, {0x2205608, 0xc00050a2c0}, 0x2088960, 0x2088978)
			gitlab.nethead.at/symflower/symflower/model/ast/value.go:476 +0xefb
		gitlab.nethead.at/symflower/symflower/model/ast.ZeroValue(0xc000bab2c0?, {0x2205608?, 0xc00050a2c0?})
			gitlab.nethead.at/symflower/symflower/model/ast/value.go:378 +0x2b
		gitlab.nethead.at/symflower/symflower/symbolicexecution.(*symflowerExecution).setInvisibleAndFinalFieldsToDefaultValue(0xc0022491e0, 0xc0007aa300, {0x2209770, 0xc000aad040})
			gitlab.nethead.at/symflower/symflower/symbolicexecution/handle.go:223 +0x2b5
		gitlab.nethead.at/symflower/symflower/symbolicexecution.(*symflowerExecution).createDeclaration(0xc0022491e0, 0xc0007aa300, {0x140aaeb, 0x4}, {0x2205728?, 0xc001dfeac0?}, {0x0, 0x0})
			gitlab.nethead.at/symflower/symflower/symbolicexecution/handle.go:4760 +0x62d
		gitlab.nethead.at/symflower/symflower/symbolicexecution.(*symflowerExecution).handleSymbol(0xc0022491e0, 0xc000795c80, 0xc000c4f000)
			gitlab.nethead.at/symflower/symflower/symbolicexecution/handle.go:55 +0x645
		gitlab.nethead.at/symflower/symflower/symbolicexecution.analyzeInternal(0xc001969a00, 0x2088c88)
			gitlab.nethead.at/symflower/symflower/symbolicexecution/analyze.go:209 +0xe38
		gitlab.nethead.at/symflower/symflower/symbolicexecution.AnalyzeResult(0x2d49d00?)
			gitlab.nethead.at/symflower/symflower/symbolicexecution/analyze.go:55 +0x32
		gitlab.nethead.at/symflower/symflower/cmd/symflower-local/generate.(*Generator).SymbolicExecutionTestsForSymbol(0xc00058b7d0, {0x21e8348, 0xc001dc83c0}, 0xc000c34930)
			gitlab.nethead.at/symflower/symflower/cmd/symflower-local/generate/generate.go:236 +0x3a5
		gitlab.nethead.at/symflower/symflower/cmd/symflower-local/generate.(*Generator).Tests(0xc00058b7d0, 0xc00058b800, 0x0?)
			gitlab.nethead.at/symflower/symflower/cmd/symflower-local/generate/generate.go:190 +0x2d3
		gitlab.nethead.at/symflower/symflower/cmd/symflower-local/generate.(*AnalyzeEngineDefault).UnitTests(0x2a?, 0x124bba0?, {0x21eb890?, 0xc0005a0170?}, {0x90?, 0x6?, 0x13?, 0x0?}, 0x2a?, {0xc00058b1d0, ...})
			gitlab.nethead.at/symflower/symflower/cmd/symflower-local/generate/analyze.go:157 +0x98
		gitlab.nethead.at/symflower/symflower/cmd/symflower-local/cmd.(*commandUnitTests).Execute(0xc00001a3d8, {0xc00001a008?, 0x7824dce69598?, 0xc00001a3d8?})
			gitlab.nethead.at/symflower/symflower/cmd/symflower-local/cmd/unit-tests.go:85 +0x2a6
		gitlab.nethead.at/symflower/symflower/cmd.ExecuteNoExit({0x21de020, 0xc00001a008}, {0xc00019e000?, 0x44?, 0x0?})
			gitlab.nethead.at/symflower/symflower/cmd/execute.go:59 +0x2ad
		gitlab.nethead.at/symflower/symflower/cmd.Execute({0x21de020?, 0xc00001a008?}, {0xc00019e000?, 0xc00007e000?, 0xc0004abf10?})
			gitlab.nethead.at/symflower/symflower/cmd/execute.go:17 +0x26
		gitlab.nethead.at/symflower/symflower/cmd.ExecuteWithOSArguments(...)
			gitlab.nethead.at/symflower/symflower/cmd/execute.go:78
		main.main.func1()
			gitlab.nethead.at/symflower/symflower/cmd/symflower-demo/main.go:39 +0x34
		gitlab.nethead.at/symflower/symflower/cmd/symflower-local/cmd.(*Command).WithPanicReporter(0xc0000b2060?, 0x0?)
			gitlab.nethead.at/symflower/symflower/cmd/symflower-local/cmd/cmd.go:151 +0x33
		main.main()
			gitlab.nethead.at/symflower/symflower/cmd/symflower-demo/main.go:38 +0x7f
src/main/java/org/apache/commons/codec/language/bm/Languages.java: org.apache.commons.codec.language.bm.Languages.LanguageSet.getAny: computing test cases
src/main/java/org/apache/commons/codec/language/bm/Languages.java: org.apache.commons.codec.language.bm.Languages.LanguageSet.getAny: function is abstract and therefore inaccessible for tests
src/main/java/org/apache/commons/codec/language/bm/Languages.java: org.apache.commons.codec.language.bm.Languages.getInstance: computing test cases
src/main/java/org/apache/commons/codec/language/bm/Languages.java: org.apache.commons.codec.language.bm.Languages.getInstance: computed 0 unit tests
src/main/java/org/apache/commons/codec/language/bm/Languages.java: org.apache.commons.codec.language.bm.Languages.getInstance: found 0 problems
src/main/java/org/apache/commons/codec/language/bm/Languages.java: org.apache.commons.codec.language.bm.Languages.LanguageSet.isSingleton: computing test cases
src/main/java/org/apache/commons/codec/language/bm/Languages.java: org.apache.commons.codec.language.bm.Languages.LanguageSet.isSingleton: function is abstract and therefore inaccessible for tests
src/main/java/org/apache/commons/codec/language/bm/Languages.java: org.apache.commons.codec.language.bm.Languages.SomeLanguages.contains: computing test cases
src/main/java/org/apache/commons/codec/language/bm/Languages.java: org.apache.commons.codec.language.bm.Languages.SomeLanguages.contains: found 1 problems
src/main/java/org/apache/commons/codec/language/bm/Languages.java: internal error: org.apache.commons.codec.language.bm.Languages.SomeLanguages.contains: recovered panic
	data: Internal error: unknown type kind:
		&modelast.Unsupported{}
		Stacktrace: goroutine 1 [running]:
		gitlab.nethead.at/symflower/symflower/model/errors.NewInternalError({0x21de060, 0x2d25a10}, {0x13d4da0, 0xc000d26d40})
			gitlab.nethead.at/symflower/symflower/model/errors/error.go:852 +0x4e
		gitlab.nethead.at/symflower/symflower/model/ast.zeroValue(0xc000032660, {0x2205608, 0xc00050a2c0}, 0x2088960, 0x2088978)
			gitlab.nethead.at/symflower/symflower/model/ast/value.go:476 +0xefb
		gitlab.nethead.at/symflower/symflower/model/ast.ZeroValue(0xc000bab2c0?, {0x2205608?, 0xc00050a2c0?})
			gitlab.nethead.at/symflower/symflower/model/ast/value.go:378 +0x2b
		gitlab.nethead.at/symflower/symflower/symbolicexecution.(*symflowerExecution).setInvisibleAndFinalFieldsToDefaultValue(0xc0011a9ad0, 0xc001a51900, {0x2209770, 0xc00140cc30})
			gitlab.nethead.at/symflower/symflower/symbolicexecution/handle.go:223 +0x2b5
		gitlab.nethead.at/symflower/symflower/symbolicexecution.(*symflowerExecution).createDeclaration(0xc0011a9ad0, 0xc001a51900, {0x140aaeb, 0x4}, {0x2205728?, 0xc001dfe360?}, {0x0, 0x0})
			gitlab.nethead.at/symflower/symflower/symbolicexecution/handle.go:4760 +0x62d
		gitlab.nethead.at/symflower/symflower/symbolicexecution.(*symflowerExecution).handleSymbol(0xc0011a9ad0, 0xc000032660, 0xc000c4ea00)
			gitlab.nethead.at/symflower/symflower/symbolicexecution/handle.go:55 +0x645
		gitlab.nethead.at/symflower/symflower/symbolicexecution.analyzeInternal(0xc0026e53e0, 0x2088c88)
			gitlab.nethead.at/symflower/symflower/symbolicexecution/analyze.go:209 +0xe38
		gitlab.nethead.at/symflower/symflower/symbolicexecution.AnalyzeResult(0x2d49d00?)
			gitlab.nethead.at/symflower/symflower/symbolicexecution/analyze.go:55 +0x32
		gitlab.nethead.at/symflower/symflower/cmd/symflower-local/generate.(*Generator).SymbolicExecutionTestsForSymbol(0xc00058b7d0, {0x21e8348, 0xc001dc83c0}, 0xc000c34810)
			gitlab.nethead.at/symflower/symflower/cmd/symflower-local/generate/generate.go:236 +0x3a5
		gitlab.nethead.at/symflower/symflower/cmd/symflower-local/generate.(*Generator).Tests(0xc00058b7d0, 0xc00058b800, 0x0?)
			gitlab.nethead.at/symflower/symflower/cmd/symflower-local/generate/generate.go:190 +0x2d3
		gitlab.nethead.at/symflower/symflower/cmd/symflower-local/generate.(*AnalyzeEngineDefault).UnitTests(0x2a?, 0x124bba0?, {0x21eb890?, 0xc0005a0170?}, {0x90?, 0x6?, 0x13?, 0x0?}, 0x2a?, {0xc00058b1d0, ...})
			gitlab.nethead.at/symflower/symflower/cmd/symflower-local/generate/analyze.go:157 +0x98
		gitlab.nethead.at/symflower/symflower/cmd/symflower-local/cmd.(*commandUnitTests).Execute(0xc00001a3d8, {0xc00001a008?, 0x7824dce69598?, 0xc00001a3d8?})
			gitlab.nethead.at/symflower/symflower/cmd/symflower-local/cmd/unit-tests.go:85 +0x2a6
		gitlab.nethead.at/symflower/symflower/cmd.ExecuteNoExit({0x21de020, 0xc00001a008}, {0xc00019e000?, 0x44?, 0x0?})
			gitlab.nethead.at/symflower/symflower/cmd/execute.go:59 +0x2ad
		gitlab.nethead.at/symflower/symflower/cmd.Execute({0x21de020?, 0xc00001a008?}, {0xc00019e000?, 0xc00007e000?, 0xc0004abf10?})
			gitlab.nethead.at/symflower/symflower/cmd/execute.go:17 +0x26
		gitlab.nethead.at/symflower/symflower/cmd.ExecuteWithOSArguments(...)
			gitlab.nethead.at/symflower/symflower/cmd/execute.go:78
		main.main.func1()
			gitlab.nethead.at/symflower/symflower/cmd/symflower-demo/main.go:39 +0x34
		gitlab.nethead.at/symflower/symflower/cmd/symflower-local/cmd.(*Command).WithPanicReporter(0xc0000b2060?, 0x0?)
			gitlab.nethead.at/symflower/symflower/cmd/symflower-local/cmd/cmd.go:151 +0x33
		main.main()
			gitlab.nethead.at/symflower/symflower/cmd/symflower-demo/main.go:38 +0x7f
src/main/java/org/apache/commons/codec/language/bm/Languages.java: org.apache.commons.codec.language.bm.Languages.LanguageSet.contains: computing test cases
src/main/java/org/apache/commons/codec/language/bm/Languages.java: org.apache.commons.codec.language.bm.Languages.LanguageSet.contains: function is abstract and therefore inaccessible for tests
src/main/java/org/apache/commons/codec/net/BCodec.java: org.apache.commons.codec.net.BCodec.getEncoding: computing test cases
src/main/java/org/apache/commons/codec/net/BCodec.java: org.apache.commons.codec.net.BCodec.getEncoding: found 1 problems
src/main/java/org/apache/commons/codec/net/BCodec.java: internal error: org.apache.commons.codec.net.BCodec.getEncoding: unknown type kind
	data: unsupported(java/nio/charset/Charset)
src/main/java/org/apache/commons/codec/net/BCodec.java: org.apache.commons.codec.net.BCodec.getDefaultCharset: computing test cases
src/main/java/org/apache/commons/codec/net/BCodec.java: org.apache.commons.codec.net.BCodec.getDefaultCharset: found 1 problems
src/main/java/org/apache/commons/codec/net/BCodec.java: internal error: org.apache.commons.codec.net.BCodec.getDefaultCharset: unknown type kind
	data: unsupported(java/nio/charset/Charset)
src/main/java/org/apache/commons/codec/net/BCodec.java: org.apache.commons.codec.net.BCodec.decode: computing test cases
src/main/java/org/apache/commons/codec/net/BCodec.java: org.apache.commons.codec.net.BCodec.decode: found 1 problems
src/main/java/org/apache/commons/codec/net/BCodec.java: internal error: org.apache.commons.codec.net.BCodec.decode: unknown type kind
	data: unsupported(java/nio/charset/Charset)
src/main/java/org/apache/commons/codec/net/BCodec.java: org.apache.commons.codec.net.BCodec.encode: computing test cases
src/main/java/org/apache/commons/codec/net/BCodec.java: org.apache.commons.codec.net.BCodec.encode: found 1 problems
src/main/java/org/apache/commons/codec/net/BCodec.java: internal error: org.apache.commons.codec.net.BCodec.encode: unknown type kind
	data: unsupported(java/nio/charset/Charset)
src/main/java/org/apache/commons/codec/net/BCodec.java: org.apache.commons.codec.net.BCodec.getCharset: computing test cases
src/main/java/org/apache/commons/codec/net/BCodec.java: org.apache.commons.codec.net.BCodec.getCharset: found 1 problems
src/main/java/org/apache/commons/codec/net/BCodec.java: internal error: org.apache.commons.codec.net.BCodec.getCharset: unknown type kind
	data: unsupported(java/nio/charset/Charset)
src/main/java/org/apache/commons/codec/net/BCodec.java: org.apache.commons.codec.net.BCodec.BCodec: computing test cases
src/main/java/org/apache/commons/codec/net/BCodec.java: org.apache.commons.codec.net.BCodec.BCodec: found 1 problems
src/main/java/org/apache/commons/codec/net/BCodec.java: internal error: org.apache.commons.codec.net.BCodec.BCodec: unknown type kind
	data: unsupported(java/nio/charset/Charset)
src/main/java/org/apache/commons/codec/net/BCodec.java: org.apache.commons.codec.net.BCodec.encode: computing test cases
src/main/java/org/apache/commons/codec/net/BCodec.java: org.apache.commons.codec.net.BCodec.encode: found 1 problems
src/main/java/org/apache/commons/codec/net/BCodec.java: internal error: org.apache.commons.codec.net.BCodec.encode: unknown type kind
	data: unsupported(java/nio/charset/Charset)
src/main/java/org/apache/commons/codec/net/BCodec.java: org.apache.commons.codec.net.BCodec.BCodec: computing test cases
src/main/java/org/apache/commons/codec/net/BCodec.java: org.apache.commons.codec.net.BCodec.BCodec: found 1 problems
src/main/java/org/apache/commons/codec/net/BCodec.java: internal error: org.apache.commons.codec.net.BCodec.BCodec: unknown type kind
	data: unsupported(java/nio/charset/Charset)
src/main/java/org/apache/commons/codec/net/BCodec.java: org.apache.commons.codec.net.BCodec.BCodec: computing test cases
src/main/java/org/apache/commons/codec/net/BCodec.java: org.apache.commons.codec.net.BCodec.BCodec: found 1 problems
src/main/java/org/apache/commons/codec/net/BCodec.java: internal error: org.apache.commons.codec.net.BCodec.BCodec: unknown type kind
	data: unsupported(java/nio/charset/Charset)
src/main/java/org/apache/commons/codec/net/BCodec.java: org.apache.commons.codec.net.BCodec.doEncoding: computing test cases
src/main/java/org/apache/commons/codec/net/BCodec.java: org.apache.commons.codec.net.BCodec.doEncoding: found 1 problems
src/main/java/org/apache/commons/codec/net/BCodec.java: internal error: org.apache.commons.codec.net.BCodec.doEncoding: unknown type kind
	data: unsupported(java/nio/charset/Charset)
src/main/java/org/apache/commons/codec/net/BCodec.java: org.apache.commons.codec.net.BCodec.decode: computing test cases
src/main/java/org/apache/commons/codec/net/BCodec.java: org.apache.commons.codec.net.BCodec.decode: found 1 problems
src/main/java/org/apache/commons/codec/net/BCodec.java: internal error: org.apache.commons.codec.net.BCodec.decode: unknown type kind
	data: unsupported(java/nio/charset/Charset)
src/main/java/org/apache/commons/codec/net/BCodec.java: org.apache.commons.codec.net.BCodec.encode: computing test cases
src/main/java/org/apache/commons/codec/net/BCodec.java: org.apache.commons.codec.net.BCodec.encode: found 1 problems
src/main/java/org/apache/commons/codec/net/BCodec.java: internal error: org.apache.commons.codec.net.BCodec.encode: unknown type kind
	data: unsupported(java/nio/charset/Charset)
src/main/java/org/apache/commons/codec/net/BCodec.java: org.apache.commons.codec.net.BCodec.encode: computing test cases
src/main/java/org/apache/commons/codec/net/BCodec.java: org.apache.commons.codec.net.BCodec.encode: found 1 problems
src/main/java/org/apache/commons/codec/net/BCodec.java: internal error: org.apache.commons.codec.net.BCodec.encode: unknown type kind
	data: unsupported(java/nio/charset/Charset)
src/main/java/org/apache/commons/codec/net/BCodec.java: org.apache.commons.codec.net.BCodec.doDecoding: computing test cases
src/main/java/org/apache/commons/codec/net/BCodec.java: org.apache.commons.codec.net.BCodec.doDecoding: found 1 problems
src/main/java/org/apache/commons/codec/net/BCodec.java: internal error: org.apache.commons.codec.net.BCodec.doDecoding: unknown type kind
	data: unsupported(java/nio/charset/Charset)
src/main/java/org/apache/commons/codec/binary/Base32.java: org.apache.commons.codec.binary.Base32.isInAlphabet: computing test cases
src/main/java/org/apache/commons/codec/binary/Base32.java: org.apache.commons.codec.binary.Base32.isInAlphabet: computed 0 unit tests
src/main/java/org/apache/commons/codec/binary/Base32.java: org.apache.commons.codec.binary.Base32.isInAlphabet: found 1 problems
src/main/java/org/apache/commons/codec/binary/Base32.java: internal error: org.apache.commons.codec.binary.Base32.isInAlphabet: unknown type kind
	data: [==(select(VariableReference(@m_0, pointer(struct(org/apache/commons/codec/binary/Base32, [], [pointer(reference(org/apache/commons/codec/binary/BaseNCodec))], [])), @m_0_0), decodeTable), nil) array(primitive(int, 8, false), primitive(int, 32, false), 0)]
src/main/java/org/apache/commons/codec/binary/Base32.java: org.apache.commons.codec.binary.Base32.Base32: computing test cases
src/main/java/org/apache/commons/codec/binary/Base32.java: org.apache.commons.codec.binary.Base32.Base32: computed 0 unit tests
src/main/java/org/apache/commons/codec/binary/Base32.java: org.apache.commons.codec.binary.Base32.Base32: found 2 problems
src/main/java/org/apache/commons/codec/binary/Base32.java: info: org.apache.commons.codec.binary.Base32.Base32: solver timed out
	data: ExecutionResult{ExitStatus:-1, ResourceUsage{WallTime:10.002205579s, CPUTimeUser:9.984402s, CPUTimeSystem:11.995ms, MemoryUsage:111396}}
src/main/java/org/apache/commons/codec/binary/Base32.java: info: org.apache.commons.codec.binary.Base32.Base32: solver timed out
	data: ExecutionResult{ExitStatus:-1, ResourceUsage{WallTime:10.001468344s, CPUTimeUser:9.995572s, CPUTimeSystem:3.999ms, MemoryUsage:111396}}
src/main/java/org/apache/commons/codec/binary/Base32.java: org.apache.commons.codec.binary.Base32.Base32: computing test cases
src/main/java/org/apache/commons/codec/binary/Base32.java: org.apache.commons.codec.binary.Base32.Base32: computed 0 unit tests
src/main/java/org/apache/commons/codec/binary/Base32.java: org.apache.commons.codec.binary.Base32.Base32: found 1 problems
src/main/java/org/apache/commons/codec/binary/Base32.java: info: org.apache.commons.codec.binary.Base32.Base32: solver timed out
	data: ExecutionResult{ExitStatus:-1, ResourceUsage{WallTime:10.002315394s, CPUTimeUser:9.975932s, CPUTimeSystem:23.99ms, MemoryUsage:111396}}
src/main/java/org/apache/commons/codec/binary/Base32.java: org.apache.commons.codec.binary.Base32.Base32: computing test cases
src/main/java/org/apache/commons/codec/binary/Base32.java: org.apache.commons.codec.binary.Base32.Base32: computed 0 unit tests
src/main/java/org/apache/commons/codec/binary/Base32.java: org.apache.commons.codec.binary.Base32.Base32: found 1 problems
src/main/java/org/apache/commons/codec/binary/Base32.java: info: org.apache.commons.codec.binary.Base32.Base32: solver timed out
	data: ExecutionResult{ExitStatus:-1, ResourceUsage{WallTime:10.003507318s, CPUTimeUser:9.982178s, CPUTimeSystem:19.996ms, MemoryUsage:111396}}
src/main/java/org/apache/commons/codec/binary/Base32.java: org.apache.commons.codec.binary.Base32.Base32: computing test cases
src/main/java/org/apache/commons/codec/binary/Base32.java: org.apache.commons.codec.binary.Base32.Base32: computed 0 unit tests
src/main/java/org/apache/commons/codec/binary/Base32.java: org.apache.commons.codec.binary.Base32.Base32: found 1 problems
src/main/java/org/apache/commons/codec/binary/Base32.java: info: org.apache.commons.codec.binary.Base32.Base32: solver timed out
	data: ExecutionResult{ExitStatus:-1, ResourceUsage{WallTime:10.001353347s, CPUTimeUser:9.979442s, CPUTimeSystem:19.998ms, MemoryUsage:111396}}
src/main/java/org/apache/commons/codec/binary/Base32.java: org.apache.commons.codec.binary.Base32.Base32: computing test cases
src/main/java/org/apache/commons/codec/binary/Base32.java: org.apache.commons.codec.binary.Base32.Base32: computed 0 unit tests
src/main/java/org/apache/commons/codec/binary/Base32.java: org.apache.commons.codec.binary.Base32.Base32: found 1 problems
src/main/java/org/apache/commons/codec/binary/Base32.java: info: org.apache.commons.codec.binary.Base32.Base32: solver timed out
	data: ExecutionResult{ExitStatus:-1, ResourceUsage{WallTime:10.002150536s, CPUTimeUser:9.984861s, CPUTimeSystem:15.994ms, MemoryUsage:111396}}
src/main/java/org/apache/commons/codec/binary/Base32.java: org.apache.commons.codec.binary.Base32.Base32: computing test cases
src/main/java/org/apache/commons/codec/binary/Base32.java: org.apache.commons.codec.binary.Base32.Base32: computed 0 unit tests
src/main/java/org/apache/commons/codec/binary/Base32.java: org.apache.commons.codec.binary.Base32.Base32: found 2 problems
src/main/java/org/apache/commons/codec/binary/Base32.java: info: org.apache.commons.codec.binary.Base32.Base32: solver timed out
	data: ExecutionResult{ExitStatus:-1, ResourceUsage{WallTime:10.001837599s, CPUTimeUser:9.982882s, CPUTimeSystem:15.991ms, MemoryUsage:111396}}
src/main/java/org/apache/commons/codec/binary/Base32.java: info: org.apache.commons.codec.binary.Base32.Base32: solver timed out
	data: ExecutionResult{ExitStatus:-1, ResourceUsage{WallTime:10.001720934s, CPUTimeUser:9.99584s, CPUTimeSystem:3.999ms, MemoryUsage:111396}}
src/main/java/org/apache/commons/codec/binary/Base32.java: org.apache.commons.codec.binary.Base32.encode: computing test cases
src/main/java/org/apache/commons/codec/binary/Base32.java: org.apache.commons.codec.binary.Base32.encode: computed 0 unit tests
src/main/java/org/apache/commons/codec/binary/Base32.java: org.apache.commons.codec.binary.Base32.encode: found 1 problems
src/main/java/org/apache/commons/codec/binary/Base32.java: internal error: org.apache.commons.codec.binary.Base32.encode: unknown type kind
	data: [==(select(VariableReference(@m_0, pointer(struct(org/apache/commons/codec/binary/Base32, [], [pointer(reference(org/apache/commons/codec/binary/BaseNCodec))], [])), @m_0_0), decodeTable), nil) array(primitive(int, 8, false), primitive(int, 32, false), 0)]
src/main/java/org/apache/commons/codec/binary/Base32.java: org.apache.commons.codec.binary.Base32.Base32: computing test cases
src/main/java/org/apache/commons/codec/binary/Base32.java: org.apache.commons.codec.binary.Base32.Base32: computed 0 unit tests
src/main/java/org/apache/commons/codec/binary/Base32.java: org.apache.commons.codec.binary.Base32.Base32: found 2 problems
src/main/java/org/apache/commons/codec/binary/Base32.java: info: org.apache.commons.codec.binary.Base32.Base32: solver timed out
	data: ExecutionResult{ExitStatus:-1, ResourceUsage{WallTime:10.002302997s, CPUTimeUser:9.988152s, CPUTimeSystem:12ms, MemoryUsage:112228}}
src/main/java/org/apache/commons/codec/binary/Base32.java: info: org.apache.commons.codec.binary.Base32.Base32: solver timed out
	data: ExecutionResult{ExitStatus:-1, ResourceUsage{WallTime:10.002885829s, CPUTimeUser:9.976098s, CPUTimeSystem:24ms, MemoryUsage:112228}}
src/main/java/org/apache/commons/codec/binary/Base32.java: org.apache.commons.codec.binary.Base32.Base32: computing test cases
src/main/java/org/apache/commons/codec/binary/Base32.java: org.apache.commons.codec.binary.Base32.Base32: computed 0 unit tests
src/main/java/org/apache/commons/codec/binary/Base32.java: org.apache.commons.codec.binary.Base32.Base32: found 1 problems
src/main/java/org/apache/commons/codec/binary/Base32.java: info: org.apache.commons.codec.binary.Base32.Base32: solver timed out
	data: ExecutionResult{ExitStatus:-1, ResourceUsage{WallTime:10.002627739s, CPUTimeUser:9.988673s, CPUTimeSystem:12ms, MemoryUsage:112228}}
src/main/java/org/apache/commons/codec/binary/Base32.java: org.apache.commons.codec.binary.Base32.decode: computing test cases
src/main/java/org/apache/commons/codec/binary/Base32.java: org.apache.commons.codec.binary.Base32.decode: computed 0 unit tests
src/main/java/org/apache/commons/codec/binary/Base32.java: org.apache.commons.codec.binary.Base32.decode: found 1 problems
src/main/java/org/apache/commons/codec/binary/Base32.java: internal error: org.apache.commons.codec.binary.Base32.decode: unknown type kind
	data: [==(select(VariableReference(@m_0, pointer(struct(org/apache/commons/codec/binary/Base32, [], [pointer(reference(org/apache/commons/codec/binary/BaseNCodec))], [])), @m_0_0), decodeTable), nil) array(primitive(int, 8, false), primitive(int, 32, false), 0)]
src/main/java/org/apache/commons/codec/language/Caverphone.java: org.apache.commons.codec.language.Caverphone.Caverphone: computing test cases
src/main/java/org/apache/commons/codec/language/Caverphone.java: org.apache.commons.codec.language.Caverphone.Caverphone: computed 1 unit tests
src/main/java/org/apache/commons/codec/language/Caverphone.java: org.apache.commons.codec.language.Caverphone.Caverphone: found 0 problems
src/main/java/org/apache/commons/codec/language/Caverphone.java: org.apache.commons.codec.language.Caverphone.encode: computing test cases
src/main/java/org/apache/commons/codec/language/Caverphone.java: org.apache.commons.codec.language.Caverphone.encode: computed 1 unit tests
src/main/java/org/apache/commons/codec/language/Caverphone.java: org.apache.commons.codec.language.Caverphone.encode: found 1 problems
src/main/java/org/apache/commons/codec/language/Caverphone.java:58:16: critical: org.apache.commons.codec.language.Caverphone.encode: uncaught java.lang.NullPointerException
src/main/java/org/apache/commons/codec/language/Caverphone.java: org.apache.commons.codec.language.Caverphone.isCaverphoneEqual: computing test cases
src/main/java/org/apache/commons/codec/language/Caverphone.java: org.apache.commons.codec.language.Caverphone.isCaverphoneEqual: computed 1 unit tests
src/main/java/org/apache/commons/codec/language/Caverphone.java: org.apache.commons.codec.language.Caverphone.isCaverphoneEqual: found 1 problems
src/main/java/org/apache/commons/codec/language/Caverphone.java:58:16: critical: org.apache.commons.codec.language.Caverphone.isCaverphoneEqual: uncaught java.lang.NullPointerException
src/main/java/org/apache/commons/codec/language/Caverphone.java: org.apache.commons.codec.language.Caverphone.caverphone: computing test cases
src/main/java/org/apache/commons/codec/language/Caverphone.java: org.apache.commons.codec.language.Caverphone.caverphone: computed 1 unit tests
src/main/java/org/apache/commons/codec/language/Caverphone.java: org.apache.commons.codec.language.Caverphone.caverphone: found 1 problems
src/main/java/org/apache/commons/codec/language/Caverphone.java:58:16: critical: org.apache.commons.codec.language.Caverphone.caverphone: uncaught java.lang.NullPointerException
src/main/java/org/apache/commons/codec/language/Caverphone.java: org.apache.commons.codec.language.Caverphone.encode: computing test cases
src/main/java/org/apache/commons/codec/language/Caverphone.java: org.apache.commons.codec.language.Caverphone.encode: computed 2 unit tests
src/main/java/org/apache/commons/codec/language/Caverphone.java: org.apache.commons.codec.language.Caverphone.encode: found 2 problems
src/main/java/org/apache/commons/codec/language/Caverphone.java:75:13: critical: org.apache.commons.codec.language.Caverphone.encode: uncaught org.apache.commons.codec.EncoderException
src/main/java/org/apache/commons/codec/language/Caverphone.java:58:16: critical: org.apache.commons.codec.language.Caverphone.encode: uncaught java.lang.NullPointerException
src/main/java/org/apache/commons/codec/net/QCodec.java: org.apache.commons.codec.net.QCodec.isEncodeBlanks: computing test cases
src/main/java/org/apache/commons/codec/net/QCodec.java: org.apache.commons.codec.net.QCodec.isEncodeBlanks: found 1 problems
src/main/java/org/apache/commons/codec/net/QCodec.java: internal error: org.apache.commons.codec.net.QCodec.isEncodeBlanks: unknown type kind
	data: unsupported(java/nio/charset/Charset)
src/main/java/org/apache/commons/codec/net/QCodec.java: org.apache.commons.codec.net.QCodec.decode: computing test cases
src/main/java/org/apache/commons/codec/net/QCodec.java: org.apache.commons.codec.net.QCodec.decode: found 1 problems
src/main/java/org/apache/commons/codec/net/QCodec.java: internal error: org.apache.commons.codec.net.QCodec.decode: unknown type kind
	data: unsupported(java/nio/charset/Charset)
src/main/java/org/apache/commons/codec/net/QCodec.java: org.apache.commons.codec.net.QCodec.encode: computing test cases
src/main/java/org/apache/commons/codec/net/QCodec.java: org.apache.commons.codec.net.QCodec.encode: found 1 problems
src/main/java/org/apache/commons/codec/net/QCodec.java: internal error: org.apache.commons.codec.net.QCodec.encode: unknown type kind
	data: unsupported(java/nio/charset/Charset)
src/main/java/org/apache/commons/codec/net/QCodec.java: org.apache.commons.codec.net.QCodec.getCharset: computing test cases
src/main/java/org/apache/commons/codec/net/QCodec.java: org.apache.commons.codec.net.QCodec.getCharset: found 1 problems
src/main/java/org/apache/commons/codec/net/QCodec.java: internal error: org.apache.commons.codec.net.QCodec.getCharset: unknown type kind
	data: unsupported(java/nio/charset/Charset)
src/main/java/org/apache/commons/codec/net/QCodec.java: org.apache.commons.codec.net.QCodec.QCodec: computing test cases
src/main/java/org/apache/commons/codec/net/QCodec.java: org.apache.commons.codec.net.QCodec.QCodec: found 1 problems
src/main/java/org/apache/commons/codec/net/QCodec.java: internal error: org.apache.commons.codec.net.QCodec.QCodec: unknown type kind
	data: unsupported(java/nio/charset/Charset)
src/main/java/org/apache/commons/codec/net/QCodec.java: org.apache.commons.codec.net.QCodec.getEncoding: computing test cases
src/main/java/org/apache/commons/codec/net/QCodec.java: org.apache.commons.codec.net.QCodec.getEncoding: found 1 problems
src/main/java/org/apache/commons/codec/net/QCodec.java: internal error: org.apache.commons.codec.net.QCodec.getEncoding: unknown type kind
	data: unsupported(java/nio/charset/Charset)
src/main/java/org/apache/commons/codec/net/QCodec.java: org.apache.commons.codec.net.QCodec.setEncodeBlanks: computing test cases
src/main/java/org/apache/commons/codec/net/QCodec.java: org.apache.commons.codec.net.QCodec.setEncodeBlanks: found 1 problems
src/main/java/org/apache/commons/codec/net/QCodec.java: internal error: org.apache.commons.codec.net.QCodec.setEncodeBlanks: unknown type kind
	data: unsupported(java/nio/charset/Charset)
src/main/java/org/apache/commons/codec/net/QCodec.java: org.apache.commons.codec.net.QCodec.doEncoding: computing test cases
src/main/java/org/apache/commons/codec/net/QCodec.java: org.apache.commons.codec.net.QCodec.doEncoding: found 1 problems
src/main/java/org/apache/commons/codec/net/QCodec.java: internal error: org.apache.commons.codec.net.QCodec.doEncoding: unknown type kind
	data: unsupported(java/nio/charset/Charset)
src/main/java/org/apache/commons/codec/net/QCodec.java: org.apache.commons.codec.net.QCodec.QCodec: computing test cases
src/main/java/org/apache/commons/codec/net/QCodec.java: org.apache.commons.codec.net.QCodec.QCodec: found 1 problems
src/main/java/org/apache/commons/codec/net/QCodec.java: internal error: org.apache.commons.codec.net.QCodec.QCodec: unknown type kind
	data: unsupported(java/nio/charset/Charset)
src/main/java/org/apache/commons/codec/net/QCodec.java: org.apache.commons.codec.net.QCodec.encode: computing test cases
src/main/java/org/apache/commons/codec/net/QCodec.java: org.apache.commons.codec.net.QCodec.encode: found 1 problems
src/main/java/org/apache/commons/codec/net/QCodec.java: internal error: org.apache.commons.codec.net.QCodec.encode: unknown type kind
	data: unsupported(java/nio/charset/Charset)
src/main/java/org/apache/commons/codec/net/QCodec.java: org.apache.commons.codec.net.QCodec.decode: computing test cases
src/main/java/org/apache/commons/codec/net/QCodec.java: org.apache.commons.codec.net.QCodec.decode: found 1 problems
src/main/java/org/apache/commons/codec/net/QCodec.java: internal error: org.apache.commons.codec.net.QCodec.decode: unknown type kind
	data: unsupported(java/nio/charset/Charset)
src/main/java/org/apache/commons/codec/net/QCodec.java: org.apache.commons.codec.net.QCodec.doDecoding: computing test cases
src/main/java/org/apache/commons/codec/net/QCodec.java: org.apache.commons.codec.net.QCodec.doDecoding: found 1 problems
src/main/java/org/apache/commons/codec/net/QCodec.java: internal error: org.apache.commons.codec.net.QCodec.doDecoding: unknown type kind
	data: unsupported(java/nio/charset/Charset)
src/main/java/org/apache/commons/codec/net/QCodec.java: org.apache.commons.codec.net.QCodec.getDefaultCharset: computing test cases
src/main/java/org/apache/commons/codec/net/QCodec.java: org.apache.commons.codec.net.QCodec.getDefaultCharset: found 1 problems
src/main/java/org/apache/commons/codec/net/QCodec.java: internal error: org.apache.commons.codec.net.QCodec.getDefaultCharset: unknown type kind
	data: unsupported(java/nio/charset/Charset)
src/main/java/org/apache/commons/codec/net/QCodec.java: org.apache.commons.codec.net.QCodec.encode: computing test cases
src/main/java/org/apache/commons/codec/net/QCodec.java: org.apache.commons.codec.net.QCodec.encode: found 1 problems
src/main/java/org/apache/commons/codec/net/QCodec.java: internal error: org.apache.commons.codec.net.QCodec.encode: unknown type kind
	data: unsupported(java/nio/charset/Charset)
src/main/java/org/apache/commons/codec/net/QCodec.java: org.apache.commons.codec.net.QCodec.encode: computing test cases
src/main/java/org/apache/commons/codec/net/QCodec.java: org.apache.commons.codec.net.QCodec.encode: found 1 problems
src/main/java/org/apache/commons/codec/net/QCodec.java: internal error: org.apache.commons.codec.net.QCodec.encode: unknown type kind
	data: unsupported(java/nio/charset/Charset)
src/main/java/org/apache/commons/codec/net/QCodec.java: org.apache.commons.codec.net.QCodec.QCodec: computing test cases
src/main/java/org/apache/commons/codec/net/QCodec.java: org.apache.commons.codec.net.QCodec.QCodec: found 1 problems
src/main/java/org/apache/commons/codec/net/QCodec.java: internal error: org.apache.commons.codec.net.QCodec.QCodec: unknown type kind
	data: unsupported(java/nio/charset/Charset)
src/main/java/org/apache/commons/codec/binary/Base32InputStream.java: org.apache.commons.codec.binary.Base32InputStream.Base32InputStream: computing test cases
src/main/java/org/apache/commons/codec/binary/Base32InputStream.java: org.apache.commons.codec.binary.Base32InputStream.Base32InputStream: computed 0 unit tests
src/main/java/org/apache/commons/codec/binary/Base32InputStream.java: org.apache.commons.codec.binary.Base32InputStream.Base32InputStream: found 1 problems
src/main/java/org/apache/commons/codec/binary/Base32InputStream.java: info: org.apache.commons.codec.binary.Base32InputStream.Base32InputStream: solver timed out
	data: ExecutionResult{ExitStatus:-1, ResourceUsage{WallTime:10.001642689s, CPUTimeUser:9.983873s, CPUTimeSystem:15.993ms, MemoryUsage:113576}}
src/main/java/org/apache/commons/codec/binary/Base32InputStream.java: org.apache.commons.codec.binary.Base32InputStream.Base32InputStream: computing test cases
src/main/java/org/apache/commons/codec/binary/Base32InputStream.java: org.apache.commons.codec.binary.Base32InputStream.Base32InputStream: computed 0 unit tests
src/main/java/org/apache/commons/codec/binary/Base32InputStream.java: org.apache.commons.codec.binary.Base32InputStream.Base32InputStream: found 1 problems
src/main/java/org/apache/commons/codec/binary/Base32InputStream.java: info: org.apache.commons.codec.binary.Base32InputStream.Base32InputStream: solver timed out
	data: ExecutionResult{ExitStatus:-1, ResourceUsage{WallTime:10.001757243s, CPUTimeUser:9.982661s, CPUTimeSystem:15.991ms, MemoryUsage:113576}}
src/main/java/org/apache/commons/codec/binary/Base32InputStream.java: org.apache.commons.codec.binary.Base32InputStream.Base32InputStream: computing test cases
src/main/java/org/apache/commons/codec/binary/Base32InputStream.java: org.apache.commons.codec.binary.Base32InputStream.Base32InputStream: computed 0 unit tests
src/main/java/org/apache/commons/codec/binary/Base32InputStream.java: org.apache.commons.codec.binary.Base32InputStream.Base32InputStream: found 2 problems
src/main/java/org/apache/commons/codec/binary/Base32InputStream.java: info: org.apache.commons.codec.binary.Base32InputStream.Base32InputStream: solver timed out
	data: ExecutionResult{ExitStatus:-1, ResourceUsage{WallTime:10.002022053s, CPUTimeUser:9.971959s, CPUTimeSystem:27.988ms, MemoryUsage:113576}}
src/main/java/org/apache/commons/codec/binary/Base32InputStream.java: info: org.apache.commons.codec.binary.Base32InputStream.Base32InputStream: solver timed out
	data: ExecutionResult{ExitStatus:-1, ResourceUsage{WallTime:10.002467911s, CPUTimeUser:9.959162s, CPUTimeSystem:39.996ms, MemoryUsage:113576}}
src/main/java/org/apache/commons/codec/Charsets.java: org.apache.commons.codec.Charsets.toCharset: computing test cases
src/main/java/org/apache/commons/codec/Charsets.java: org.apache.commons.codec.Charsets.toCharset: computed 0 unit tests
src/main/java/org/apache/commons/codec/Charsets.java: org.apache.commons.codec.Charsets.toCharset: computing test cases
src/main/java/org/apache/commons/codec/Charsets.java: org.apache.commons.codec.Charsets.toCharset: computed 0 unit tests
src/main/java/org/apache/commons/codec/digest/Md5Crypt.java: org.apache.commons.codec.digest.Md5Crypt.md5Crypt: computing test cases
src/main/java/org/apache/commons/codec/digest/Md5Crypt.java: org.apache.commons.codec.digest.Md5Crypt.md5Crypt: computed 0 unit tests
src/main/java/org/apache/commons/codec/digest/Md5Crypt.java: org.apache.commons.codec.digest.Md5Crypt.md5Crypt: found 0 problems
src/main/java/org/apache/commons/codec/digest/Md5Crypt.java: org.apache.commons.codec.digest.Md5Crypt.md5Crypt: computing test cases
src/main/java/org/apache/commons/codec/digest/Md5Crypt.java: org.apache.commons.codec.digest.Md5Crypt.md5Crypt: computed 1 unit tests
src/main/java/org/apache/commons/codec/digest/Md5Crypt.java: org.apache.commons.codec.digest.Md5Crypt.md5Crypt: found 1 problems
src/main/java/org/apache/commons/codec/digest/Md5Crypt.java:180:28: critical: org.apache.commons.codec.digest.Md5Crypt.md5Crypt: uncaught java.lang.NullPointerException
src/main/java/org/apache/commons/codec/digest/Md5Crypt.java: org.apache.commons.codec.digest.Md5Crypt.md5Crypt: computing test cases
src/main/java/org/apache/commons/codec/digest/Md5Crypt.java: org.apache.commons.codec.digest.Md5Crypt.md5Crypt: computed 1 unit tests
src/main/java/org/apache/commons/codec/digest/Md5Crypt.java: org.apache.commons.codec.digest.Md5Crypt.md5Crypt: found 1 problems
src/main/java/org/apache/commons/codec/digest/Md5Crypt.java:180:28: critical: org.apache.commons.codec.digest.Md5Crypt.md5Crypt: uncaught java.lang.NullPointerException
src/main/java/org/apache/commons/codec/digest/Md5Crypt.java: org.apache.commons.codec.digest.Md5Crypt.apr1Crypt: computing test cases
src/main/java/org/apache/commons/codec/digest/Md5Crypt.java: org.apache.commons.codec.digest.Md5Crypt.apr1Crypt: computed 0 unit tests
src/main/java/org/apache/commons/codec/digest/Md5Crypt.java: org.apache.commons.codec.digest.Md5Crypt.apr1Crypt: found 0 problems
src/main/java/org/apache/commons/codec/digest/Md5Crypt.java: org.apache.commons.codec.digest.Md5Crypt.apr1Crypt: computing test cases
src/main/java/org/apache/commons/codec/digest/Md5Crypt.java: org.apache.commons.codec.digest.Md5Crypt.apr1Crypt: computed 0 unit tests
src/main/java/org/apache/commons/codec/digest/Md5Crypt.java: org.apache.commons.codec.digest.Md5Crypt.apr1Crypt: found 0 problems
src/main/java/org/apache/commons/codec/digest/Md5Crypt.java: org.apache.commons.codec.digest.Md5Crypt.apr1Crypt: computing test cases
src/main/java/org/apache/commons/codec/digest/Md5Crypt.java: org.apache.commons.codec.digest.Md5Crypt.apr1Crypt: computed 1 unit tests
src/main/java/org/apache/commons/codec/digest/Md5Crypt.java: org.apache.commons.codec.digest.Md5Crypt.apr1Crypt: found 1 problems
src/main/java/org/apache/commons/codec/digest/Md5Crypt.java:180:28: critical: org.apache.commons.codec.digest.Md5Crypt.apr1Crypt: uncaught java.lang.NullPointerException
src/main/java/org/apache/commons/codec/digest/Md5Crypt.java: org.apache.commons.codec.digest.Md5Crypt.apr1Crypt: computing test cases
src/main/java/org/apache/commons/codec/digest/Md5Crypt.java: org.apache.commons.codec.digest.Md5Crypt.apr1Crypt: computed 0 unit tests
src/main/java/org/apache/commons/codec/digest/Md5Crypt.java: org.apache.commons.codec.digest.Md5Crypt.apr1Crypt: found 0 problems
src/main/java/org/apache/commons/codec/language/Soundex.java: org.apache.commons.codec.language.Soundex.encode: computing test cases
src/main/java/org/apache/commons/codec/language/Soundex.java: org.apache.commons.codec.language.Soundex.encode: computed 0 unit tests
src/main/java/org/apache/commons/codec/language/Soundex.java: org.apache.commons.codec.language.Soundex.encode: found 1 problems
src/main/java/org/apache/commons/codec/language/Soundex.java: internal error: org.apache.commons.codec.language.Soundex.encode: unknown type kind
	data: [==(select(VariableReference(@m_0, pointer(struct(org/apache/commons/codec/language/Soundex, [], [pointer(reference(java/lang/Object))], [reference(org/apache/commons/codec/StringEncoder)])), @m_0_0), soundexMapping), nil) array(primitive(char, 16, true), primitive(int, 32, false), 0)]
src/main/java/org/apache/commons/codec/language/Soundex.java: org.apache.commons.codec.language.Soundex.Soundex: computing test cases
src/main/java/org/apache/commons/codec/language/Soundex.java: org.apache.commons.codec.language.Soundex.Soundex: computed 0 unit tests
src/main/java/org/apache/commons/codec/language/Soundex.java: org.apache.commons.codec.language.Soundex.Soundex: found 0 problems
src/main/java/org/apache/commons/codec/language/Soundex.java: org.apache.commons.codec.language.Soundex.setMaxLength: computing test cases
src/main/java/org/apache/commons/codec/language/Soundex.java: org.apache.commons.codec.language.Soundex.setMaxLength: computed 0 unit tests
src/main/java/org/apache/commons/codec/language/Soundex.java: org.apache.commons.codec.language.Soundex.setMaxLength: found 1 problems
src/main/java/org/apache/commons/codec/language/Soundex.java: internal error: org.apache.commons.codec.language.Soundex.setMaxLength: unknown type kind
	data: [==(select(VariableReference(@m_0, pointer(struct(org/apache/commons/codec/language/Soundex, [], [pointer(reference(java/lang/Object))], [reference(org/apache/commons/codec/StringEncoder)])), @m_0_0), soundexMapping), nil) array(primitive(char, 16, true), primitive(int, 32, false), 0)]
src/main/java/org/apache/commons/codec/language/Soundex.java: org.apache.commons.codec.language.Soundex.soundex: computing test cases
src/main/java/org/apache/commons/codec/language/Soundex.java: org.apache.commons.codec.language.Soundex.soundex: computed 0 unit tests
src/main/java/org/apache/commons/codec/language/Soundex.java: org.apache.commons.codec.language.Soundex.soundex: found 1 problems
src/main/java/org/apache/commons/codec/language/Soundex.java: internal error: org.apache.commons.codec.language.Soundex.soundex: unknown type kind
	data: [==(select(VariableReference(@m_0, pointer(struct(org/apache/commons/codec/language/Soundex, [], [pointer(reference(java/lang/Object))], [reference(org/apache/commons/codec/StringEncoder)])), @m_0_0), soundexMapping), nil) array(primitive(char, 16, true), primitive(int, 32, false), 0)]
src/main/java/org/apache/commons/codec/language/Soundex.java: org.apache.commons.codec.language.Soundex.difference: computing test cases
src/main/java/org/apache/commons/codec/language/Soundex.java: org.apache.commons.codec.language.Soundex.difference: computed 0 unit tests
src/main/java/org/apache/commons/codec/language/Soundex.java: org.apache.commons.codec.language.Soundex.difference: found 1 problems
src/main/java/org/apache/commons/codec/language/Soundex.java: internal error: org.apache.commons.codec.language.Soundex.difference: unknown type kind
	data: [==(select(VariableReference(@m_0, pointer(struct(org/apache/commons/codec/language/Soundex, [], [pointer(reference(java/lang/Object))], [reference(org/apache/commons/codec/StringEncoder)])), @m_0_0), soundexMapping), nil) array(primitive(char, 16, true), primitive(int, 32, false), 0)]
src/main/java/org/apache/commons/codec/language/Soundex.java: org.apache.commons.codec.language.Soundex.getMaxLength: computing test cases
src/main/java/org/apache/commons/codec/language/Soundex.java: org.apache.commons.codec.language.Soundex.getMaxLength: computed 0 unit tests
src/main/java/org/apache/commons/codec/language/Soundex.java: org.apache.commons.codec.language.Soundex.getMaxLength: found 1 problems
src/main/java/org/apache/commons/codec/language/Soundex.java: internal error: org.apache.commons.codec.language.Soundex.getMaxLength: unknown type kind
	data: [==(select(VariableReference(@m_0, pointer(struct(org/apache/commons/codec/language/Soundex, [], [pointer(reference(java/lang/Object))], [reference(org/apache/commons/codec/StringEncoder)])), @m_0_0), soundexMapping), nil) array(primitive(char, 16, true), primitive(int, 32, false), 0)]
src/main/java/org/apache/commons/codec/language/Soundex.java: org.apache.commons.codec.language.Soundex.Soundex: computing test cases
src/main/java/org/apache/commons/codec/language/Soundex.java: org.apache.commons.codec.language.Soundex.Soundex: computed 0 unit tests
src/main/java/org/apache/commons/codec/language/Soundex.java: org.apache.commons.codec.language.Soundex.Soundex: found 0 problems
src/main/java/org/apache/commons/codec/language/Soundex.java: org.apache.commons.codec.language.Soundex.Soundex: computing test cases
src/main/java/org/apache/commons/codec/language/Soundex.java: org.apache.commons.codec.language.Soundex.Soundex: computed 0 unit tests
src/main/java/org/apache/commons/codec/language/Soundex.java: org.apache.commons.codec.language.Soundex.Soundex: found 0 problems
src/main/java/org/apache/commons/codec/language/Soundex.java: org.apache.commons.codec.language.Soundex.encode: computing test cases
src/main/java/org/apache/commons/codec/language/Soundex.java: org.apache.commons.codec.language.Soundex.encode: computed 0 unit tests
src/main/java/org/apache/commons/codec/language/Soundex.java: org.apache.commons.codec.language.Soundex.encode: found 1 problems
src/main/java/org/apache/commons/codec/language/Soundex.java: internal error: org.apache.commons.codec.language.Soundex.encode: unknown type kind
	data: [==(select(VariableReference(@m_0, pointer(struct(org/apache/commons/codec/language/Soundex, [], [pointer(reference(java/lang/Object))], [reference(org/apache/commons/codec/StringEncoder)])), @m_0_0), soundexMapping), nil) array(primitive(char, 16, true), primitive(int, 32, false), 0)]
src/main/java/org/apache/commons/codec/language/Caverphone1.java: org.apache.commons.codec.language.Caverphone1.encode: computing test cases
src/main/java/org/apache/commons/codec/language/Caverphone1.java: org.apache.commons.codec.language.Caverphone1.encode: computed 2 unit tests
src/main/java/org/apache/commons/codec/language/Caverphone1.java: org.apache.commons.codec.language.Caverphone1.encode: found 0 problems
src/main/java/org/apache/commons/codec/language/Caverphone2.java: org.apache.commons.codec.language.Caverphone2.encode: computing test cases
src/main/java/org/apache/commons/codec/language/Caverphone2.java: org.apache.commons.codec.language.Caverphone2.encode: computed 2 unit tests
src/main/java/org/apache/commons/codec/language/Caverphone2.java: org.apache.commons.codec.language.Caverphone2.encode: found 0 problems
src/main/java/org/apache/commons/codec/net/QuotedPrintableCodec.java: org.apache.commons.codec.net.QuotedPrintableCodec.encodeQuotedPrintable: computing test cases
src/main/java/org/apache/commons/codec/net/QuotedPrintableCodec.java: org.apache.commons.codec.net.QuotedPrintableCodec.encodeQuotedPrintable: computed 0 unit tests
src/main/java/org/apache/commons/codec/net/QuotedPrintableCodec.java: org.apache.commons.codec.net.QuotedPrintableCodec.encodeQuotedPrintable: found 0 problems
src/main/java/org/apache/commons/codec/net/QuotedPrintableCodec.java: org.apache.commons.codec.net.QuotedPrintableCodec.encode: computing test cases
src/main/java/org/apache/commons/codec/net/QuotedPrintableCodec.java: org.apache.commons.codec.net.QuotedPrintableCodec.encode: found 1 problems
src/main/java/org/apache/commons/codec/net/QuotedPrintableCodec.java: internal error: org.apache.commons.codec.net.QuotedPrintableCodec.encode: unknown type kind
	data: unsupported(java/nio/charset/Charset)
src/main/java/org/apache/commons/codec/net/QuotedPrintableCodec.java: org.apache.commons.codec.net.QuotedPrintableCodec.decode: computing test cases
src/main/java/org/apache/commons/codec/net/QuotedPrintableCodec.java: org.apache.commons.codec.net.QuotedPrintableCodec.decode: computed 0 unit tests
src/main/java/org/apache/commons/codec/net/QuotedPrintableCodec.java: org.apache.commons.codec.net.QuotedPrintableCodec.decode: computing test cases
src/main/java/org/apache/commons/codec/net/QuotedPrintableCodec.java: org.apache.commons.codec.net.QuotedPrintableCodec.decode: found 1 problems
src/main/java/org/apache/commons/codec/net/QuotedPrintableCodec.java: internal error: org.apache.commons.codec.net.QuotedPrintableCodec.decode: unknown type kind
	data: unsupported(java/nio/charset/Charset)
src/main/java/org/apache/commons/codec/net/QuotedPrintableCodec.java: org.apache.commons.codec.net.QuotedPrintableCodec.decode: computing test cases
src/main/java/org/apache/commons/codec/net/QuotedPrintableCodec.java: org.apache.commons.codec.net.QuotedPrintableCodec.decode: found 1 problems
src/main/java/org/apache/commons/codec/net/QuotedPrintableCodec.java: internal error: org.apache.commons.codec.net.QuotedPrintableCodec.decode: unknown type kind
	data: unsupported(java/nio/charset/Charset)
src/main/java/org/apache/commons/codec/net/QuotedPrintableCodec.java: org.apache.commons.codec.net.QuotedPrintableCodec.QuotedPrintableCodec: computing test cases
src/main/java/org/apache/commons/codec/net/QuotedPrintableCodec.java: org.apache.commons.codec.net.QuotedPrintableCodec.QuotedPrintableCodec: found 1 problems
src/main/java/org/apache/commons/codec/net/QuotedPrintableCodec.java: internal error: org.apache.commons.codec.net.QuotedPrintableCodec.QuotedPrintableCodec: unknown type kind
	data: unsupported(java/nio/charset/Charset)
src/main/java/org/apache/commons/codec/net/QuotedPrintableCodec.java: org.apache.commons.codec.net.QuotedPrintableCodec.getCharset: computing test cases
src/main/java/org/apache/commons/codec/net/QuotedPrintableCodec.java: org.apache.commons.codec.net.QuotedPrintableCodec.getCharset: found 1 problems
src/main/java/org/apache/commons/codec/net/QuotedPrintableCodec.java: internal error: org.apache.commons.codec.net.QuotedPrintableCodec.getCharset: unknown type kind
	data: unsupported(java/nio/charset/Charset)
src/main/java/org/apache/commons/codec/net/QuotedPrintableCodec.java: org.apache.commons.codec.net.QuotedPrintableCodec.getDefaultCharset: computing test cases
src/main/java/org/apache/commons/codec/net/QuotedPrintableCodec.java: org.apache.commons.codec.net.QuotedPrintableCodec.getDefaultCharset: found 1 problems
src/main/java/org/apache/commons/codec/net/QuotedPrintableCodec.java: internal error: org.apache.commons.codec.net.QuotedPrintableCodec.getDefaultCharset: unknown type kind
	data: unsupported(java/nio/charset/Charset)
src/main/java/org/apache/commons/codec/net/QuotedPrintableCodec.java: org.apache.commons.codec.net.QuotedPrintableCodec.encode: computing test cases
src/main/java/org/apache/commons/codec/net/QuotedPrintableCodec.java: org.apache.commons.codec.net.QuotedPrintableCodec.encode: found 1 problems
src/main/java/org/apache/commons/codec/net/QuotedPrintableCodec.java: internal error: org.apache.commons.codec.net.QuotedPrintableCodec.encode: unknown type kind
	data: unsupported(java/nio/charset/Charset)
src/main/java/org/apache/commons/codec/net/QuotedPrintableCodec.java: org.apache.commons.codec.net.QuotedPrintableCodec.decode: computing test cases
src/main/java/org/apache/commons/codec/net/QuotedPrintableCodec.java: org.apache.commons.codec.net.QuotedPrintableCodec.decode: found 1 problems
src/main/java/org/apache/commons/codec/net/QuotedPrintableCodec.java: internal error: org.apache.commons.codec.net.QuotedPrintableCodec.decode: unknown type kind
	data: unsupported(java/nio/charset/Charset)
src/main/java/org/apache/commons/codec/net/QuotedPrintableCodec.java: org.apache.commons.codec.net.QuotedPrintableCodec.QuotedPrintableCodec: computing test cases
src/main/java/org/apache/commons/codec/net/QuotedPrintableCodec.java: org.apache.commons.codec.net.QuotedPrintableCodec.QuotedPrintableCodec: found 1 problems
src/main/java/org/apache/commons/codec/net/QuotedPrintableCodec.java: internal error: org.apache.commons.codec.net.QuotedPrintableCodec.QuotedPrintableCodec: unknown type kind
	data: unsupported(java/nio/charset/Charset)
src/main/java/org/apache/commons/codec/net/QuotedPrintableCodec.java: org.apache.commons.codec.net.QuotedPrintableCodec.encode: computing test cases
src/main/java/org/apache/commons/codec/net/QuotedPrintableCodec.java: org.apache.commons.codec.net.QuotedPrintableCodec.encode: computed 0 unit tests
src/main/java/org/apache/commons/codec/net/QuotedPrintableCodec.java: org.apache.commons.codec.net.QuotedPrintableCodec.encode: computing test cases
src/main/java/org/apache/commons/codec/net/QuotedPrintableCodec.java: org.apache.commons.codec.net.QuotedPrintableCodec.encode: found 1 problems
src/main/java/org/apache/commons/codec/net/QuotedPrintableCodec.java: internal error: org.apache.commons.codec.net.QuotedPrintableCodec.encode: unknown type kind
	data: unsupported(java/nio/charset/Charset)
src/main/java/org/apache/commons/codec/net/QuotedPrintableCodec.java: org.apache.commons.codec.net.QuotedPrintableCodec.encode: computing test cases
src/main/java/org/apache/commons/codec/net/QuotedPrintableCodec.java: org.apache.commons.codec.net.QuotedPrintableCodec.encode: found 1 problems
src/main/java/org/apache/commons/codec/net/QuotedPrintableCodec.java: internal error: org.apache.commons.codec.net.QuotedPrintableCodec.encode: unknown type kind
	data: unsupported(java/nio/charset/Charset)
src/main/java/org/apache/commons/codec/net/QuotedPrintableCodec.java: org.apache.commons.codec.net.QuotedPrintableCodec.QuotedPrintableCodec: computing test cases
src/main/java/org/apache/commons/codec/net/QuotedPrintableCodec.java: org.apache.commons.codec.net.QuotedPrintableCodec.QuotedPrintableCodec: found 1 problems
src/main/java/org/apache/commons/codec/net/QuotedPrintableCodec.java: internal error: org.apache.commons.codec.net.QuotedPrintableCodec.QuotedPrintableCodec: unknown type kind
	data: unsupported(java/nio/charset/Charset)
src/main/java/org/apache/commons/codec/net/QuotedPrintableCodec.java: org.apache.commons.codec.net.QuotedPrintableCodec.decodeQuotedPrintable: computing test cases
src/main/java/org/apache/commons/codec/net/QuotedPrintableCodec.java: org.apache.commons.codec.net.QuotedPrintableCodec.decodeQuotedPrintable: computed 0 unit tests
src/main/java/org/apache/commons/codec/net/QuotedPrintableCodec.java: org.apache.commons.codec.net.QuotedPrintableCodec.decodeQuotedPrintable: found 0 problems
src/main/java/org/apache/commons/codec/net/QuotedPrintableCodec.java: org.apache.commons.codec.net.QuotedPrintableCodec.decode: computing test cases
src/main/java/org/apache/commons/codec/net/QuotedPrintableCodec.java: org.apache.commons.codec.net.QuotedPrintableCodec.decode: found 1 problems
src/main/java/org/apache/commons/codec/net/QuotedPrintableCodec.java: internal error: org.apache.commons.codec.net.QuotedPrintableCodec.decode: unknown type kind
	data: unsupported(java/nio/charset/Charset)
src/main/java/org/apache/commons/codec/binary/Base64.java: org.apache.commons.codec.binary.Base64.encodeBase64URLSafe: computing test cases
src/main/java/org/apache/commons/codec/binary/Base64.java: org.apache.commons.codec.binary.Base64.encodeBase64URLSafe: computed 0 unit tests
src/main/java/org/apache/commons/codec/binary/Base64.java: org.apache.commons.codec.binary.Base64.encodeBase64URLSafe: found 3 problems
src/main/java/org/apache/commons/codec/binary/Base64.java: info: org.apache.commons.codec.binary.Base64.encodeBase64URLSafe: solver timed out
	data: ExecutionResult{ExitStatus:-1, ResourceUsage{WallTime:10.001810515s, CPUTimeUser:9.94838s, CPUTimeSystem:51.981ms, MemoryUsage:113576}}
src/main/java/org/apache/commons/codec/binary/Base64.java: info: org.apache.commons.codec.binary.Base64.encodeBase64URLSafe: solver timed out
	data: ExecutionResult{ExitStatus:-1, ResourceUsage{WallTime:10.002336528s, CPUTimeUser:9.928038s, CPUTimeSystem:72ms, MemoryUsage:113576}}
src/main/java/org/apache/commons/codec/binary/Base64.java: internal error: org.apache.commons.codec.binary.Base64.encodeBase64URLSafe: malformed data
src/main/java/org/apache/commons/codec/binary/Base64.java: org.apache.commons.codec.binary.Base64.Base64: computing test cases
src/main/java/org/apache/commons/codec/binary/Base64.java: org.apache.commons.codec.binary.Base64.Base64: computed 0 unit tests
src/main/java/org/apache/commons/codec/binary/Base64.java: org.apache.commons.codec.binary.Base64.Base64: found 2 problems
src/main/java/org/apache/commons/codec/binary/Base64.java: info: org.apache.commons.codec.binary.Base64.Base64: solver timed out
	data: ExecutionResult{ExitStatus:-1, ResourceUsage{WallTime:10.002558336s, CPUTimeUser:9.989213s, CPUTimeSystem:11.996ms, MemoryUsage:113576}}
src/main/java/org/apache/commons/codec/binary/Base64.java: info: org.apache.commons.codec.binary.Base64.Base64: solver timed out
	data: ExecutionResult{ExitStatus:-1, ResourceUsage{WallTime:10.002134692s, CPUTimeUser:9.992775s, CPUTimeSystem:8ms, MemoryUsage:113576}}
src/main/java/org/apache/commons/codec/binary/Base64.java: org.apache.commons.codec.binary.Base64.encodeBase64: computing test cases
src/main/java/org/apache/commons/codec/binary/Base64.java: org.apache.commons.codec.binary.Base64.encodeBase64: computed 0 unit tests
src/main/java/org/apache/commons/codec/binary/Base64.java: org.apache.commons.codec.binary.Base64.encodeBase64: found 3 problems
src/main/java/org/apache/commons/codec/binary/Base64.java: info: org.apache.commons.codec.binary.Base64.encodeBase64: solver timed out
	data: ExecutionResult{ExitStatus:-1, ResourceUsage{WallTime:10.001616557s, CPUTimeUser:9.975673s, CPUTimeSystem:23.999ms, MemoryUsage:113576}}
src/main/java/org/apache/commons/codec/binary/Base64.java: info: org.apache.commons.codec.binary.Base64.encodeBase64: solver timed out
	data: ExecutionResult{ExitStatus:-1, ResourceUsage{WallTime:10.002558292s, CPUTimeUser:9.973447s, CPUTimeSystem:27.992ms, MemoryUsage:113576}}
src/main/java/org/apache/commons/codec/binary/Base64.java: internal error: org.apache.commons.codec.binary.Base64.encodeBase64: malformed data
src/main/java/org/apache/commons/codec/binary/Base64.java: org.apache.commons.codec.binary.Base64.encodeBase64: computing test cases
src/main/java/org/apache/commons/codec/binary/Base64.java: org.apache.commons.codec.binary.Base64.encodeBase64: computed 0 unit tests
src/main/java/org/apache/commons/codec/binary/Base64.java: org.apache.commons.codec.binary.Base64.encodeBase64: found 3 problems
src/main/java/org/apache/commons/codec/binary/Base64.java: info: org.apache.commons.codec.binary.Base64.encodeBase64: solver timed out
	data: ExecutionResult{ExitStatus:-1, ResourceUsage{WallTime:10.002638373s, CPUTimeUser:9.980782s, CPUTimeSystem:20.001ms, MemoryUsage:113576}}
src/main/java/org/apache/commons/codec/binary/Base64.java: info: org.apache.commons.codec.binary.Base64.encodeBase64: solver timed out
	data: ExecutionResult{ExitStatus:-1, ResourceUsage{WallTime:10.002034353s, CPUTimeUser:9.964575s, CPUTimeSystem:35.987ms, MemoryUsage:113576}}
src/main/java/org/apache/commons/codec/binary/Base64.java: internal error: org.apache.commons.codec.binary.Base64.encodeBase64: malformed data
src/main/java/org/apache/commons/codec/binary/Base64.java: org.apache.commons.codec.binary.Base64.encode: computing test cases
src/main/java/org/apache/commons/codec/binary/Base64.java: org.apache.commons.codec.binary.Base64.encode: computed 0 unit tests
src/main/java/org/apache/commons/codec/binary/Base64.java: org.apache.commons.codec.binary.Base64.encodeBase64: computing test cases
src/main/java/org/apache/commons/codec/binary/Base64.java: org.apache.commons.codec.binary.Base64.encodeBase64: computed 0 unit tests
src/main/java/org/apache/commons/codec/binary/Base64.java: org.apache.commons.codec.binary.Base64.encodeBase64: found 3 problems
src/main/java/org/apache/commons/codec/binary/Base64.java: info: org.apache.commons.codec.binary.Base64.encodeBase64: solver timed out
	data: ExecutionResult{ExitStatus:-1, ResourceUsage{WallTime:10.001966901s, CPUTimeUser:9.979259s, CPUTimeSystem:19.99ms, MemoryUsage:113576}}
src/main/java/org/apache/commons/codec/binary/Base64.java: info: org.apache.commons.codec.binary.Base64.encodeBase64: solver timed out
	data: ExecutionResult{ExitStatus:-1, ResourceUsage{WallTime:10.002187655s, CPUTimeUser:9.980763s, CPUTimeSystem:19.993ms, MemoryUsage:113576}}
src/main/java/org/apache/commons/codec/binary/Base64.java: internal error: org.apache.commons.codec.binary.Base64.encodeBase64: malformed data
src/main/java/org/apache/commons/codec/binary/Base64.java: org.apache.commons.codec.binary.Base64.decode: computing test cases
src/main/java/org/apache/commons/codec/binary/Base64.java: org.apache.commons.codec.binary.Base64.decode: computed 0 unit tests
src/main/java/org/apache/commons/codec/binary/Base64.java: org.apache.commons.codec.binary.Base64.decode: found 1 problems
src/main/java/org/apache/commons/codec/binary/Base64.java: internal error: org.apache.commons.codec.binary.Base64.decode: unknown type kind
	data: [==(select(VariableReference(@m_0, pointer(struct(org/apache/commons/codec/binary/Base64, [], [pointer(reference(org/apache/commons/codec/binary/BaseNCodec))], [])), @m_0_0), encodeTable), nil) array(primitive(int, 8, false), primitive(int, 32, false), 0)]
src/main/java/org/apache/commons/codec/binary/Base64.java: org.apache.commons.codec.binary.Base64.Base64: computing test cases
src/main/java/org/apache/commons/codec/binary/Base64.java: org.apache.commons.codec.binary.Base64.Base64: computed 0 unit tests
src/main/java/org/apache/commons/codec/binary/Base64.java: org.apache.commons.codec.binary.Base64.Base64: found 2 problems
src/main/java/org/apache/commons/codec/binary/Base64.java: info: org.apache.commons.codec.binary.Base64.Base64: solver timed out
	data: ExecutionResult{ExitStatus:-1, ResourceUsage{WallTime:10.003572328s, CPUTimeUser:9.9862s, CPUTimeSystem:15.997ms, MemoryUsage:113576}}
src/main/java/org/apache/commons/codec/binary/Base64.java: info: org.apache.commons.codec.binary.Base64.Base64: solver timed out
	data: ExecutionResult{ExitStatus:-1, ResourceUsage{WallTime:10.001538321s, CPUTimeUser:9.977686s, CPUTimeSystem:19.995ms, MemoryUsage:113576}}
src/main/java/org/apache/commons/codec/binary/Base64.java: org.apache.commons.codec.binary.Base64.isBase64: computing test cases
src/main/java/org/apache/commons/codec/binary/Base64.java: org.apache.commons.codec.binary.Base64.isBase64: computed 0 unit tests
src/main/java/org/apache/commons/codec/binary/Base64.java: org.apache.commons.codec.binary.Base64.isBase64: found 1 problems
src/main/java/org/apache/commons/codec/binary/Base64.java: internal error: org.apache.commons.codec.binary.Base64.isBase64: malformed data
src/main/java/org/apache/commons/codec/binary/Base64.java: org.apache.commons.codec.binary.Base64.encodeBase64: computing test cases
src/main/java/org/apache/commons/codec/binary/Base64.java: org.apache.commons.codec.binary.Base64.encodeBase64: computed 0 unit tests
src/main/java/org/apache/commons/codec/binary/Base64.java: org.apache.commons.codec.binary.Base64.encodeBase64: found 3 problems
src/main/java/org/apache/commons/codec/binary/Base64.java: info: org.apache.commons.codec.binary.Base64.encodeBase64: solver timed out
	data: ExecutionResult{ExitStatus:-1, ResourceUsage{WallTime:10.001812262s, CPUTimeUser:9.975991s, CPUTimeSystem:23.999ms, MemoryUsage:113576}}
src/main/java/org/apache/commons/codec/binary/Base64.java: info: org.apache.commons.codec.binary.Base64.encodeBase64: solver timed out
	data: ExecutionResult{ExitStatus:-1, ResourceUsage{WallTime:10.003105288s, CPUTimeUser:9.980733s, CPUTimeSystem:19.993ms, MemoryUsage:113576}}
src/main/java/org/apache/commons/codec/binary/Base64.java: internal error: org.apache.commons.codec.binary.Base64.encodeBase64: malformed data
src/main/java/org/apache/commons/codec/binary/Base64.java: org.apache.commons.codec.binary.Base64.isBase64: computing test cases
src/main/java/org/apache/commons/codec/binary/Base64.java: org.apache.commons.codec.binary.Base64.isBase64: computed 0 unit tests
src/main/java/org/apache/commons/codec/binary/Base64.java: org.apache.commons.codec.binary.Base64.isBase64: found 2 problems
src/main/java/org/apache/commons/codec/binary/Base64.java: info: org.apache.commons.codec.binary.Base64.isBase64: solver timed out
	data: ExecutionResult{ExitStatus:-1, ResourceUsage{WallTime:10.004062477s, CPUTimeUser:9.967358s, CPUTimeSystem:31.985ms, MemoryUsage:113576}}
src/main/java/org/apache/commons/codec/binary/Base64.java: internal error: org.apache.commons.codec.binary.Base64.isBase64: malformed data
src/main/java/org/apache/commons/codec/binary/Base64.java: org.apache.commons.codec.binary.Base64.isInAlphabet: computing test cases
src/main/java/org/apache/commons/codec/binary/Base64.java: org.apache.commons.codec.binary.Base64.isInAlphabet: computed 0 unit tests
src/main/java/org/apache/commons/codec/binary/Base64.java: org.apache.commons.codec.binary.Base64.isInAlphabet: found 1 problems
src/main/java/org/apache/commons/codec/binary/Base64.java: internal error: org.apache.commons.codec.binary.Base64.isInAlphabet: unknown type kind
	data: [==(select(VariableReference(@m_0, pointer(struct(org/apache/commons/codec/binary/Base64, [], [pointer(reference(org/apache/commons/codec/binary/BaseNCodec))], [])), @m_0_0), encodeTable), nil) array(primitive(int, 8, false), primitive(int, 32, false), 0)]
src/main/java/org/apache/commons/codec/binary/Base64.java: org.apache.commons.codec.binary.Base64.decodeBase64: computing test cases
src/main/java/org/apache/commons/codec/binary/Base64.java: org.apache.commons.codec.binary.Base64.decodeBase64: computed 0 unit tests
src/main/java/org/apache/commons/codec/binary/Base64.java: org.apache.commons.codec.binary.Base64.decodeBase64: found 1 problems
src/main/java/org/apache/commons/codec/binary/Base64.java: info: org.apache.commons.codec.binary.Base64.decodeBase64: solver timed out
	data: ExecutionResult{ExitStatus:-1, ResourceUsage{WallTime:10.002922183s, CPUTimeUser:9.980076s, CPUTimeSystem:19.992ms, MemoryUsage:118392}}
src/main/java/org/apache/commons/codec/binary/Base64.java: org.apache.commons.codec.binary.Base64.toIntegerBytes: computing test cases
src/main/java/org/apache/commons/codec/binary/Base64.java: org.apache.commons.codec.binary.Base64.toIntegerBytes: found 1 problems
src/main/java/org/apache/commons/codec/binary/Base64.java: unsupported: org.apache.commons.codec.binary.Base64.toIntegerBytes: unsupported AST node
	data: /(unsupported, 8)
src/main/java/org/apache/commons/codec/binary/Base64.java: org.apache.commons.codec.binary.Base64.Base64: computing test cases
src/main/java/org/apache/commons/codec/binary/Base64.java: org.apache.commons.codec.binary.Base64.Base64: computed 0 unit tests
src/main/java/org/apache/commons/codec/binary/Base64.java: org.apache.commons.codec.binary.Base64.Base64: found 1 problems
src/main/java/org/apache/commons/codec/binary/Base64.java: info: org.apache.commons.codec.binary.Base64.Base64: solver timed out
	data: ExecutionResult{ExitStatus:-1, ResourceUsage{WallTime:10.002012985s, CPUTimeUser:9.967923s, CPUTimeSystem:31.986ms, MemoryUsage:118392}}
src/main/java/org/apache/commons/codec/binary/Base64.java: org.apache.commons.codec.binary.Base64.isBase64: computing test cases
src/main/java/org/apache/commons/codec/binary/Base64.java: org.apache.commons.codec.binary.Base64.isBase64: computed 0 unit tests
src/main/java/org/apache/commons/codec/binary/Base64.java: org.apache.commons.codec.binary.Base64.isBase64: found 0 problems
src/main/java/org/apache/commons/codec/binary/Base64.java: org.apache.commons.codec.binary.Base64.Base64: computing test cases
src/main/java/org/apache/commons/codec/binary/Base64.java: org.apache.commons.codec.binary.Base64.Base64: computed 0 unit tests
src/main/java/org/apache/commons/codec/binary/Base64.java: org.apache.commons.codec.binary.Base64.Base64: found 1 problems
src/main/java/org/apache/commons/codec/binary/Base64.java: info: org.apache.commons.codec.binary.Base64.Base64: solver timed out
	data: ExecutionResult{ExitStatus:-1, ResourceUsage{WallTime:10.001880359s, CPUTimeUser:9.9887s, CPUTimeSystem:12ms, MemoryUsage:118392}}
src/main/java/org/apache/commons/codec/binary/Base64.java: org.apache.commons.codec.binary.Base64.encodeBase64String: computing test cases
src/main/java/org/apache/commons/codec/binary/Base64.java: org.apache.commons.codec.binary.Base64.encodeBase64String: computed 0 unit tests
src/main/java/org/apache/commons/codec/binary/Base64.java: org.apache.commons.codec.binary.Base64.encodeBase64String: found 2 problems
src/main/java/org/apache/commons/codec/binary/Base64.java: info: org.apache.commons.codec.binary.Base64.encodeBase64String: solver timed out
	data: ExecutionResult{ExitStatus:-1, ResourceUsage{WallTime:10.001884679s, CPUTimeUser:9.980721s, CPUTimeSystem:19.993ms, MemoryUsage:118392}}
src/main/java/org/apache/commons/codec/binary/Base64.java: info: org.apache.commons.codec.binary.Base64.encodeBase64String: solver timed out
	data: ExecutionResult{ExitStatus:-1, ResourceUsage{WallTime:10.002281764s, CPUTimeUser:9.977098s, CPUTimeSystem:24.002ms, MemoryUsage:118392}}
src/main/java/org/apache/commons/codec/binary/Base64.java: org.apache.commons.codec.binary.Base64.encodeBase64Chunked: computing test cases
src/main/java/org/apache/commons/codec/binary/Base64.java: org.apache.commons.codec.binary.Base64.encodeBase64Chunked: computed 0 unit tests
src/main/java/org/apache/commons/codec/binary/Base64.java: org.apache.commons.codec.binary.Base64.encodeBase64Chunked: found 3 problems
src/main/java/org/apache/commons/codec/binary/Base64.java: info: org.apache.commons.codec.binary.Base64.encodeBase64Chunked: solver timed out
	data: ExecutionResult{ExitStatus:-1, ResourceUsage{WallTime:10.002114934s, CPUTimeUser:9.988061s, CPUTimeSystem:11.995ms, MemoryUsage:118392}}
src/main/java/org/apache/commons/codec/binary/Base64.java: info: org.apache.commons.codec.binary.Base64.encodeBase64Chunked: solver timed out
	data: ExecutionResult{ExitStatus:-1, ResourceUsage{WallTime:10.002623623s, CPUTimeUser:9.962213s, CPUTimeSystem:35.993ms, MemoryUsage:118392}}
src/main/java/org/apache/commons/codec/binary/Base64.java: internal error: org.apache.commons.codec.binary.Base64.encodeBase64Chunked: malformed data
src/main/java/org/apache/commons/codec/binary/Base64.java: org.apache.commons.codec.binary.Base64.isUrlSafe: computing test cases
src/main/java/org/apache/commons/codec/binary/Base64.java: org.apache.commons.codec.binary.Base64.isUrlSafe: computed 0 unit tests
src/main/java/org/apache/commons/codec/binary/Base64.java: org.apache.commons.codec.binary.Base64.decodeBase64: computing test cases
src/main/java/org/apache/commons/codec/binary/Base64.java: org.apache.commons.codec.binary.Base64.decodeBase64: computed 0 unit tests
src/main/java/org/apache/commons/codec/binary/Base64.java: org.apache.commons.codec.binary.Base64.decodeBase64: found 1 problems
src/main/java/org/apache/commons/codec/binary/Base64.java: info: org.apache.commons.codec.binary.Base64.decodeBase64: solver timed out
	data: ExecutionResult{ExitStatus:-1, ResourceUsage{WallTime:10.001581043s, CPUTimeUser:9.984701s, CPUTimeSystem:11.996ms, MemoryUsage:118392}}
src/main/java/org/apache/commons/codec/binary/Base64.java: org.apache.commons.codec.binary.Base64.decodeInteger: computing test cases
src/main/java/org/apache/commons/codec/binary/Base64.java: org.apache.commons.codec.binary.Base64.decodeInteger: computed 0 unit tests
src/main/java/org/apache/commons/codec/binary/Base64.java: org.apache.commons.codec.binary.Base64.decodeInteger: found 0 problems
src/main/java/org/apache/commons/codec/binary/Base64.java: org.apache.commons.codec.binary.Base64.isArrayByteBase64: computing test cases
src/main/java/org/apache/commons/codec/binary/Base64.java: org.apache.commons.codec.binary.Base64.isArrayByteBase64: computed 0 unit tests
src/main/java/org/apache/commons/codec/binary/Base64.java: org.apache.commons.codec.binary.Base64.isArrayByteBase64: found 2 problems
src/main/java/org/apache/commons/codec/binary/Base64.java: info: org.apache.commons.codec.binary.Base64.isArrayByteBase64: solver timed out
	data: ExecutionResult{ExitStatus:-1, ResourceUsage{WallTime:10.003385064s, CPUTimeUser:9.96614s, CPUTimeSystem:35.993ms, MemoryUsage:118392}}
src/main/java/org/apache/commons/codec/binary/Base64.java: internal error: org.apache.commons.codec.binary.Base64.isArrayByteBase64: malformed data
src/main/java/org/apache/commons/codec/binary/Base64.java: org.apache.commons.codec.binary.Base64.encodeInteger: computing test cases
src/main/java/org/apache/commons/codec/binary/Base64.java: org.apache.commons.codec.binary.Base64.encodeInteger: computed 0 unit tests
src/main/java/org/apache/commons/codec/binary/Base64.java: org.apache.commons.codec.binary.Base64.encodeInteger: found 1 problems
src/main/java/org/apache/commons/codec/binary/Base64.java: unsupported: org.apache.commons.codec.binary.Base64.encodeInteger: encountered an unsupported type
	data: unsupported(java/math/BigInteger)
src/main/java/org/apache/commons/codec/binary/Base64.java: org.apache.commons.codec.binary.Base64.Base64: computing test cases
src/main/java/org/apache/commons/codec/binary/Base64.java: org.apache.commons.codec.binary.Base64.Base64: computed 0 unit tests
src/main/java/org/apache/commons/codec/binary/Base64.java: org.apache.commons.codec.binary.Base64.Base64: found 1 problems
src/main/java/org/apache/commons/codec/binary/Base64.java: info: org.apache.commons.codec.binary.Base64.Base64: solver timed out
	data: ExecutionResult{ExitStatus:-1, ResourceUsage{WallTime:10.003313786s, CPUTimeUser:9.985592s, CPUTimeSystem:16.002ms, MemoryUsage:118392}}
src/main/java/org/apache/commons/codec/binary/Base64.java: org.apache.commons.codec.binary.Base64.encodeBase64URLSafeString: computing test cases
src/main/java/org/apache/commons/codec/binary/Base64.java: org.apache.commons.codec.binary.Base64.encodeBase64URLSafeString: computed 0 unit tests
src/main/java/org/apache/commons/codec/binary/Base64.java: org.apache.commons.codec.binary.Base64.encodeBase64URLSafeString: found 2 problems
src/main/java/org/apache/commons/codec/binary/Base64.java: info: org.apache.commons.codec.binary.Base64.encodeBase64URLSafeString: solver timed out
	data: ExecutionResult{ExitStatus:-1, ResourceUsage{WallTime:10.002224144s, CPUTimeUser:9.988981s, CPUTimeSystem:12.001ms, MemoryUsage:118392}}
src/main/java/org/apache/commons/codec/binary/Base64.java: info: org.apache.commons.codec.binary.Base64.encodeBase64URLSafeString: solver timed out
	data: ExecutionResult{ExitStatus:-1, ResourceUsage{WallTime:10.00220989s, CPUTimeUser:9.952967s, CPUTimeSystem:47.985ms, MemoryUsage:118392}}
src/main/java/org/apache/commons/codec/language/MatchRatingApproachEncoder.java: org.apache.commons.codec.language.MatchRatingApproachEncoder.encode: computing test cases
src/main/java/org/apache/commons/codec/language/MatchRatingApproachEncoder.java: org.apache.commons.codec.language.MatchRatingApproachEncoder.encode: computed 0 unit tests
src/main/java/org/apache/commons/codec/language/MatchRatingApproachEncoder.java: org.apache.commons.codec.language.MatchRatingApproachEncoder.encode: found 1 problems
src/main/java/org/apache/commons/codec/language/MatchRatingApproachEncoder.java: unsupported: org.apache.commons.codec.language.MatchRatingApproachEncoder.encode: unsupported unicode character
	data: "ÀàÈèÌìÒòÙùÁáÉéÍíÓóÚúÝýÂâÊêÎîÔôÛûŶŷÃãÕõÑñÄäËëÏïÖöÜüŸÿÅåÇçŐőŰű"
src/main/java/org/apache/commons/codec/language/MatchRatingApproachEncoder.java: org.apache.commons.codec.language.MatchRatingApproachEncoder.isVowel: computing test cases
src/main/java/org/apache/commons/codec/language/MatchRatingApproachEncoder.java: org.apache.commons.codec.language.MatchRatingApproachEncoder.isVowel: computed 0 unit tests
src/main/java/org/apache/commons/codec/language/MatchRatingApproachEncoder.java: org.apache.commons.codec.language.MatchRatingApproachEncoder.isVowel: found 1 problems
src/main/java/org/apache/commons/codec/language/MatchRatingApproachEncoder.java: unsupported: org.apache.commons.codec.language.MatchRatingApproachEncoder.isVowel: unsupported unicode character
	data: "ÀàÈèÌìÒòÙùÁáÉéÍíÓóÚúÝýÂâÊêÎîÔôÛûŶŷÃãÕõÑñÄäËëÏïÖöÜüŸÿÅåÇçŐőŰű"
src/main/java/org/apache/commons/codec/language/MatchRatingApproachEncoder.java: org.apache.commons.codec.language.MatchRatingApproachEncoder.removeAccents: computing test cases
src/main/java/org/apache/commons/codec/language/MatchRatingApproachEncoder.java: org.apache.commons.codec.language.MatchRatingApproachEncoder.removeAccents: computed 0 unit tests
src/main/java/org/apache/commons/codec/language/MatchRatingApproachEncoder.java: org.apache.commons.codec.language.MatchRatingApproachEncoder.removeAccents: found 1 problems
src/main/java/org/apache/commons/codec/language/MatchRatingApproachEncoder.java: unsupported: org.apache.commons.codec.language.MatchRatingApproachEncoder.removeAccents: unsupported unicode character
	data: "ÀàÈèÌìÒòÙùÁáÉéÍíÓóÚúÝýÂâÊêÎîÔôÛûŶŷÃãÕõÑñÄäËëÏïÖöÜüŸÿÅåÇçŐőŰű"
src/main/java/org/apache/commons/codec/language/MatchRatingApproachEncoder.java: org.apache.commons.codec.language.MatchRatingApproachEncoder.getMinRating: computing test cases
src/main/java/org/apache/commons/codec/language/MatchRatingApproachEncoder.java: org.apache.commons.codec.language.MatchRatingApproachEncoder.getMinRating: computed 0 unit tests
src/main/java/org/apache/commons/codec/language/MatchRatingApproachEncoder.java: org.apache.commons.codec.language.MatchRatingApproachEncoder.getMinRating: found 1 problems
src/main/java/org/apache/commons/codec/language/MatchRatingApproachEncoder.java: unsupported: org.apache.commons.codec.language.MatchRatingApproachEncoder.getMinRating: unsupported unicode character
	data: "ÀàÈèÌìÒòÙùÁáÉéÍíÓóÚúÝýÂâÊêÎîÔôÛûŶŷÃãÕõÑñÄäËëÏïÖöÜüŸÿÅåÇçŐőŰű"
src/main/java/org/apache/commons/codec/language/MatchRatingApproachEncoder.java: org.apache.commons.codec.language.MatchRatingApproachEncoder.isEncodeEquals: computing test cases
src/main/java/org/apache/commons/codec/language/MatchRatingApproachEncoder.java: org.apache.commons.codec.language.MatchRatingApproachEncoder.isEncodeEquals: computed 0 unit tests
src/main/java/org/apache/commons/codec/language/MatchRatingApproachEncoder.java: org.apache.commons.codec.language.MatchRatingApproachEncoder.isEncodeEquals: found 1 problems
src/main/java/org/apache/commons/codec/language/MatchRatingApproachEncoder.java: unsupported: org.apache.commons.codec.language.MatchRatingApproachEncoder.isEncodeEquals: unsupported unicode character
	data: "ÀàÈèÌìÒòÙùÁáÉéÍíÓóÚúÝýÂâÊêÎîÔôÛûŶŷÃãÕõÑñÄäËëÏïÖöÜüŸÿÅåÇçŐőŰű"
src/main/java/org/apache/commons/codec/language/MatchRatingApproachEncoder.java: org.apache.commons.codec.language.MatchRatingApproachEncoder.removeVowels: computing test cases
src/main/java/org/apache/commons/codec/language/MatchRatingApproachEncoder.java: org.apache.commons.codec.language.MatchRatingApproachEncoder.removeVowels: computed 0 unit tests
src/main/java/org/apache/commons/codec/language/MatchRatingApproachEncoder.java: org.apache.commons.codec.language.MatchRatingApproachEncoder.removeVowels: found 1 problems
src/main/java/org/apache/commons/codec/language/MatchRatingApproachEncoder.java: unsupported: org.apache.commons.codec.language.MatchRatingApproachEncoder.removeVowels: unsupported unicode character
	data: "ÀàÈèÌìÒòÙùÁáÉéÍíÓóÚúÝýÂâÊêÎîÔôÛûŶŷÃãÕõÑñÄäËëÏïÖöÜüŸÿÅåÇçŐőŰű"
src/main/java/org/apache/commons/codec/language/MatchRatingApproachEncoder.java: org.apache.commons.codec.language.MatchRatingApproachEncoder.cleanName: computing test cases
src/main/java/org/apache/commons/codec/language/MatchRatingApproachEncoder.java: org.apache.commons.codec.language.MatchRatingApproachEncoder.cleanName: computed 0 unit tests
src/main/java/org/apache/commons/codec/language/MatchRatingApproachEncoder.java: org.apache.commons.codec.language.MatchRatingApproachEncoder.cleanName: found 1 problems
src/main/java/org/apache/commons/codec/language/MatchRatingApproachEncoder.java: unsupported: org.apache.commons.codec.language.MatchRatingApproachEncoder.cleanName: unsupported unicode character
	data: "ÀàÈèÌìÒòÙùÁáÉéÍíÓóÚúÝýÂâÊêÎîÔôÛûŶŷÃãÕõÑñÄäËëÏïÖöÜüŸÿÅåÇçŐőŰű"
src/main/java/org/apache/commons/codec/language/MatchRatingApproachEncoder.java: org.apache.commons.codec.language.MatchRatingApproachEncoder.getFirst3Last3: computing test cases
src/main/java/org/apache/commons/codec/language/MatchRatingApproachEncoder.java: org.apache.commons.codec.language.MatchRatingApproachEncoder.getFirst3Last3: computed 0 unit tests
src/main/java/org/apache/commons/codec/language/MatchRatingApproachEncoder.java: org.apache.commons.codec.language.MatchRatingApproachEncoder.getFirst3Last3: found 1 problems
src/main/java/org/apache/commons/codec/language/MatchRatingApproachEncoder.java: unsupported: org.apache.commons.codec.language.MatchRatingApproachEncoder.getFirst3Last3: unsupported unicode character
	data: "ÀàÈèÌìÒòÙùÁáÉéÍíÓóÚúÝýÂâÊêÎîÔôÛûŶŷÃãÕõÑñÄäËëÏïÖöÜüŸÿÅåÇçŐőŰű"
src/main/java/org/apache/commons/codec/language/MatchRatingApproachEncoder.java: org.apache.commons.codec.language.MatchRatingApproachEncoder.removeDoubleConsonants: computing test cases
src/main/java/org/apache/commons/codec/language/MatchRatingApproachEncoder.java: org.apache.commons.codec.language.MatchRatingApproachEncoder.removeDoubleConsonants: computed 0 unit tests
src/main/java/org/apache/commons/codec/language/MatchRatingApproachEncoder.java: org.apache.commons.codec.language.MatchRatingApproachEncoder.removeDoubleConsonants: found 1 problems
src/main/java/org/apache/commons/codec/language/MatchRatingApproachEncoder.java: unsupported: org.apache.commons.codec.language.MatchRatingApproachEncoder.removeDoubleConsonants: unsupported unicode character
	data: "ÀàÈèÌìÒòÙùÁáÉéÍíÓóÚúÝýÂâÊêÎîÔôÛûŶŷÃãÕõÑñÄäËëÏïÖöÜüŸÿÅåÇçŐőŰű"
src/main/java/org/apache/commons/codec/language/MatchRatingApproachEncoder.java: org.apache.commons.codec.language.MatchRatingApproachEncoder.encode: computing test cases
src/main/java/org/apache/commons/codec/language/MatchRatingApproachEncoder.java: org.apache.commons.codec.language.MatchRatingApproachEncoder.encode: computed 0 unit tests
src/main/java/org/apache/commons/codec/language/MatchRatingApproachEncoder.java: org.apache.commons.codec.language.MatchRatingApproachEncoder.encode: found 1 problems
src/main/java/org/apache/commons/codec/language/MatchRatingApproachEncoder.java: unsupported: org.apache.commons.codec.language.MatchRatingApproachEncoder.encode: unsupported unicode character
	data: "ÀàÈèÌìÒòÙùÁáÉéÍíÓóÚúÝýÂâÊêÎîÔôÛûŶŷÃãÕõÑñÄäËëÏïÖöÜüŸÿÅåÇçŐőŰű"
src/main/java/org/apache/commons/codec/language/MatchRatingApproachEncoder.java: org.apache.commons.codec.language.MatchRatingApproachEncoder.leftToRightThenRightToLeftProcessing: computing test cases
src/main/java/org/apache/commons/codec/language/MatchRatingApproachEncoder.java: org.apache.commons.codec.language.MatchRatingApproachEncoder.leftToRightThenRightToLeftProcessing: computed 0 unit tests
src/main/java/org/apache/commons/codec/language/MatchRatingApproachEncoder.java: org.apache.commons.codec.language.MatchRatingApproachEncoder.leftToRightThenRightToLeftProcessing: found 1 problems
src/main/java/org/apache/commons/codec/language/MatchRatingApproachEncoder.java: unsupported: org.apache.commons.codec.language.MatchRatingApproachEncoder.leftToRightThenRightToLeftProcessing: unsupported unicode character
	data: "ÀàÈèÌìÒòÙùÁáÉéÍíÓóÚúÝýÂâÊêÎîÔôÛûŶŷÃãÕõÑñÄäËëÏïÖöÜüŸÿÅåÇçŐőŰű"
src/main/java/org/apache/commons/codec/Encoder.java: org.apache.commons.codec.Encoder.encode: computing test cases
src/main/java/org/apache/commons/codec/Encoder.java: org.apache.commons.codec.Encoder.encode: function is abstract and therefore inaccessible for tests
src/main/java/org/apache/commons/codec/digest/Sha2Crypt.java: org.apache.commons.codec.digest.Sha2Crypt.sha256Crypt: computing test cases
src/main/java/org/apache/commons/codec/digest/Sha2Crypt.java: org.apache.commons.codec.digest.Sha2Crypt.sha256Crypt: computed 0 unit tests
src/main/java/org/apache/commons/codec/digest/Sha2Crypt.java: org.apache.commons.codec.digest.Sha2Crypt.sha256Crypt: found 0 problems
src/main/java/org/apache/commons/codec/digest/Sha2Crypt.java: org.apache.commons.codec.digest.Sha2Crypt.sha512Crypt: computing test cases
src/main/java/org/apache/commons/codec/digest/Sha2Crypt.java: org.apache.commons.codec.digest.Sha2Crypt.sha512Crypt: computed 0 unit tests
src/main/java/org/apache/commons/codec/digest/Sha2Crypt.java: org.apache.commons.codec.digest.Sha2Crypt.sha512Crypt: found 0 problems
src/main/java/org/apache/commons/codec/digest/Sha2Crypt.java: org.apache.commons.codec.digest.Sha2Crypt.sha256Crypt: computing test cases
src/main/java/org/apache/commons/codec/digest/Sha2Crypt.java: org.apache.commons.codec.digest.Sha2Crypt.sha256Crypt: computed 0 unit tests
src/main/java/org/apache/commons/codec/digest/Sha2Crypt.java: org.apache.commons.codec.digest.Sha2Crypt.sha256Crypt: found 0 problems
src/main/java/org/apache/commons/codec/digest/Sha2Crypt.java: org.apache.commons.codec.digest.Sha2Crypt.sha512Crypt: computing test cases
src/main/java/org/apache/commons/codec/digest/Sha2Crypt.java: org.apache.commons.codec.digest.Sha2Crypt.sha512Crypt: computed 0 unit tests
src/main/java/org/apache/commons/codec/digest/Sha2Crypt.java: org.apache.commons.codec.digest.Sha2Crypt.sha512Crypt: found 0 problems
src/main/java/org/apache/commons/codec/language/bm/NameType.java: org.apache.commons.codec.language.bm.@@NameType.@@getName: computing test cases
src/main/java/org/apache/commons/codec/language/bm/NameType.java: org.apache.commons.codec.language.bm.@@NameType.@@getName: computed 1 unit tests
src/main/java/org/apache/commons/codec/language/bm/NameType.java: org.apache.commons.codec.language.bm.@@NameType.@@getName: found 0 problems
src/main/java/org/apache/commons/codec/binary/Base64OutputStream.java: org.apache.commons.codec.binary.Base64OutputStream.Base64OutputStream: computing test cases
src/main/java/org/apache/commons/codec/binary/Base64OutputStream.java: org.apache.commons.codec.binary.Base64OutputStream.Base64OutputStream: computed 0 unit tests
src/main/java/org/apache/commons/codec/binary/Base64OutputStream.java: org.apache.commons.codec.binary.Base64OutputStream.Base64OutputStream: found 1 problems
src/main/java/org/apache/commons/codec/binary/Base64OutputStream.java: info: org.apache.commons.codec.binary.Base64OutputStream.Base64OutputStream: solver timed out
	data: ExecutionResult{ExitStatus:-1, ResourceUsage{WallTime:10.002910558s, CPUTimeUser:9.981576s, CPUTimeSystem:19.995ms, MemoryUsage:118392}}
src/main/java/org/apache/commons/codec/binary/Base64OutputStream.java: org.apache.commons.codec.binary.Base64OutputStream.Base64OutputStream: computing test cases
src/main/java/org/apache/commons/codec/binary/Base64OutputStream.java: org.apache.commons.codec.binary.Base64OutputStream.Base64OutputStream: computed 0 unit tests
src/main/java/org/apache/commons/codec/binary/Base64OutputStream.java: org.apache.commons.codec.binary.Base64OutputStream.Base64OutputStream: found 1 problems
src/main/java/org/apache/commons/codec/binary/Base64OutputStream.java: info: org.apache.commons.codec.binary.Base64OutputStream.Base64OutputStream: solver timed out
	data: ExecutionResult{ExitStatus:-1, ResourceUsage{WallTime:10.002387045s, CPUTimeUser:9.975596s, CPUTimeSystem:23.989ms, MemoryUsage:118392}}
src/main/java/org/apache/commons/codec/binary/Base64OutputStream.java: org.apache.commons.codec.binary.Base64OutputStream.Base64OutputStream: computing test cases
src/main/java/org/apache/commons/codec/binary/Base64OutputStream.java: org.apache.commons.codec.binary.Base64OutputStream.Base64OutputStream: computed 0 unit tests
src/main/java/org/apache/commons/codec/binary/Base64OutputStream.java: org.apache.commons.codec.binary.Base64OutputStream.Base64OutputStream: found 2 problems
src/main/java/org/apache/commons/codec/binary/Base64OutputStream.java: info: org.apache.commons.codec.binary.Base64OutputStream.Base64OutputStream: solver timed out
	data: ExecutionResult{ExitStatus:-1, ResourceUsage{WallTime:10.003156456s, CPUTimeUser:9.981096s, CPUTimeSystem:19.994ms, MemoryUsage:118392}}
src/main/java/org/apache/commons/codec/binary/Base64OutputStream.java: info: org.apache.commons.codec.binary.Base64OutputStream.Base64OutputStream: solver timed out
	data: ExecutionResult{ExitStatus:-1, ResourceUsage{WallTime:10.002669577s, CPUTimeUser:9.972463s, CPUTimeSystem:27.99ms, MemoryUsage:118392}}
src/main/java/org/apache/commons/codec/language/bm/BeiderMorseEncoder.java: org.apache.commons.codec.language.bm.BeiderMorseEncoder.getNameType: computing test cases
src/main/java/org/apache/commons/codec/language/bm/BeiderMorseEncoder.java: org.apache.commons.codec.language.bm.BeiderMorseEncoder.getNameType: found 1 problems
src/main/java/org/apache/commons/codec/language/bm/BeiderMorseEncoder.java: internal error: org.apache.commons.codec.language.bm.BeiderMorseEncoder.getNameType: unknown type kind
	data: unsupported(java/util/regex/Pattern)
src/main/java/org/apache/commons/codec/language/bm/BeiderMorseEncoder.java: org.apache.commons.codec.language.bm.BeiderMorseEncoder.setRuleType: computing test cases
src/main/java/org/apache/commons/codec/language/bm/BeiderMorseEncoder.java: org.apache.commons.codec.language.bm.BeiderMorseEncoder.setRuleType: found 1 problems
src/main/java/org/apache/commons/codec/language/bm/BeiderMorseEncoder.java: internal error: org.apache.commons.codec.language.bm.BeiderMorseEncoder.setRuleType: unknown type kind
	data: unsupported(java/util/regex/Pattern)
src/main/java/org/apache/commons/codec/language/bm/BeiderMorseEncoder.java: org.apache.commons.codec.language.bm.BeiderMorseEncoder.getRuleType: computing test cases
src/main/java/org/apache/commons/codec/language/bm/BeiderMorseEncoder.java: org.apache.commons.codec.language.bm.BeiderMorseEncoder.getRuleType: found 1 problems
src/main/java/org/apache/commons/codec/language/bm/BeiderMorseEncoder.java: internal error: org.apache.commons.codec.language.bm.BeiderMorseEncoder.getRuleType: unknown type kind
	data: unsupported(java/util/regex/Pattern)
src/main/java/org/apache/commons/codec/language/bm/BeiderMorseEncoder.java: org.apache.commons.codec.language.bm.BeiderMorseEncoder.isConcat: computing test cases
src/main/java/org/apache/commons/codec/language/bm/BeiderMorseEncoder.java: org.apache.commons.codec.language.bm.BeiderMorseEncoder.isConcat: found 1 problems
src/main/java/org/apache/commons/codec/language/bm/BeiderMorseEncoder.java: internal error: org.apache.commons.codec.language.bm.BeiderMorseEncoder.isConcat: unknown type kind
	data: unsupported(java/util/regex/Pattern)
src/main/java/org/apache/commons/codec/language/bm/BeiderMorseEncoder.java: org.apache.commons.codec.language.bm.BeiderMorseEncoder.setMaxPhonemes: computing test cases
src/main/java/org/apache/commons/codec/language/bm/BeiderMorseEncoder.java: org.apache.commons.codec.language.bm.BeiderMorseEncoder.setMaxPhonemes: found 1 problems
src/main/java/org/apache/commons/codec/language/bm/BeiderMorseEncoder.java: internal error: org.apache.commons.codec.language.bm.BeiderMorseEncoder.setMaxPhonemes: unknown type kind
	data: unsupported(java/util/regex/Pattern)
src/main/java/org/apache/commons/codec/language/bm/BeiderMorseEncoder.java: org.apache.commons.codec.language.bm.BeiderMorseEncoder.setNameType: computing test cases
src/main/java/org/apache/commons/codec/language/bm/BeiderMorseEncoder.java: org.apache.commons.codec.language.bm.BeiderMorseEncoder.setNameType: found 1 problems
src/main/java/org/apache/commons/codec/language/bm/BeiderMorseEncoder.java: internal error: org.apache.commons.codec.language.bm.BeiderMorseEncoder.setNameType: unknown type kind
	data: unsupported(java/util/regex/Pattern)
src/main/java/org/apache/commons/codec/language/bm/BeiderMorseEncoder.java: org.apache.commons.codec.language.bm.BeiderMorseEncoder.encode: computing test cases
src/main/java/org/apache/commons/codec/language/bm/BeiderMorseEncoder.java: org.apache.commons.codec.language.bm.BeiderMorseEncoder.encode: found 1 problems
src/main/java/org/apache/commons/codec/language/bm/BeiderMorseEncoder.java: internal error: org.apache.commons.codec.language.bm.BeiderMorseEncoder.encode: unknown type kind
	data: unsupported(java/util/regex/Pattern)
src/main/java/org/apache/commons/codec/language/bm/BeiderMorseEncoder.java: org.apache.commons.codec.language.bm.BeiderMorseEncoder.setConcat: computing test cases
src/main/java/org/apache/commons/codec/language/bm/BeiderMorseEncoder.java: org.apache.commons.codec.language.bm.BeiderMorseEncoder.setConcat: found 1 problems
src/main/java/org/apache/commons/codec/language/bm/BeiderMorseEncoder.java: internal error: org.apache.commons.codec.language.bm.BeiderMorseEncoder.setConcat: unknown type kind
	data: unsupported(java/util/regex/Pattern)
src/main/java/org/apache/commons/codec/language/bm/BeiderMorseEncoder.java: org.apache.commons.codec.language.bm.BeiderMorseEncoder.encode: computing test cases
src/main/java/org/apache/commons/codec/language/bm/BeiderMorseEncoder.java: org.apache.commons.codec.language.bm.BeiderMorseEncoder.encode: found 1 problems
src/main/java/org/apache/commons/codec/language/bm/BeiderMorseEncoder.java: internal error: org.apache.commons.codec.language.bm.BeiderMorseEncoder.encode: unknown type kind
	data: unsupported(java/util/regex/Pattern)
src/main/java/org/apache/commons/codec/binary/Base64InputStream.java: org.apache.commons.codec.binary.Base64InputStream.Base64InputStream: computing test cases
src/main/java/org/apache/commons/codec/binary/Base64InputStream.java: org.apache.commons.codec.binary.Base64InputStream.Base64InputStream: computed 0 unit tests
src/main/java/org/apache/commons/codec/binary/Base64InputStream.java: org.apache.commons.codec.binary.Base64InputStream.Base64InputStream: found 1 problems
src/main/java/org/apache/commons/codec/binary/Base64InputStream.java: info: org.apache.commons.codec.binary.Base64InputStream.Base64InputStream: solver timed out
	data: ExecutionResult{ExitStatus:-1, ResourceUsage{WallTime:10.002849296s, CPUTimeUser:9.987894s, CPUTimeSystem:11.995ms, MemoryUsage:118392}}
src/main/java/org/apache/commons/codec/binary/Base64InputStream.java: org.apache.commons.codec.binary.Base64InputStream.Base64InputStream: computing test cases
src/main/java/org/apache/commons/codec/binary/Base64InputStream.java: org.apache.commons.codec.binary.Base64InputStream.Base64InputStream: computed 0 unit tests
src/main/java/org/apache/commons/codec/binary/Base64InputStream.java: org.apache.commons.codec.binary.Base64InputStream.Base64InputStream: found 1 problems
src/main/java/org/apache/commons/codec/binary/Base64InputStream.java: info: org.apache.commons.codec.binary.Base64InputStream.Base64InputStream: solver timed out
	data: ExecutionResult{ExitStatus:-1, ResourceUsage{WallTime:10.003626331s, CPUTimeUser:9.986309s, CPUTimeSystem:15.997ms, MemoryUsage:118392}}
src/main/java/org/apache/commons/codec/binary/Base64InputStream.java: org.apache.commons.codec.binary.Base64InputStream.Base64InputStream: computing test cases
src/main/java/org/apache/commons/codec/binary/Base64InputStream.java: org.apache.commons.codec.binary.Base64InputStream.Base64InputStream: computed 0 unit tests
src/main/java/org/apache/commons/codec/binary/Base64InputStream.java: org.apache.commons.codec.binary.Base64InputStream.Base64InputStream: found 2 problems
src/main/java/org/apache/commons/codec/binary/Base64InputStream.java: info: org.apache.commons.codec.binary.Base64InputStream.Base64InputStream: solver timed out
	data: ExecutionResult{ExitStatus:-1, ResourceUsage{WallTime:10.0021804s, CPUTimeUser:9.991771s, CPUTimeSystem:7.999ms, MemoryUsage:118392}}
src/main/java/org/apache/commons/codec/binary/Base64InputStream.java: info: org.apache.commons.codec.binary.Base64InputStream.Base64InputStream: solver timed out
	data: ExecutionResult{ExitStatus:-1, ResourceUsage{WallTime:10.00214512s, CPUTimeUser:9.996003s, CPUTimeSystem:3.998ms, MemoryUsage:118392}}
src/main/java/org/apache/commons/codec/binary/BaseNCodecInputStream.java: org.apache.commons.codec.binary.BaseNCodecInputStream.read: computing test cases
src/main/java/org/apache/commons/codec/binary/BaseNCodecInputStream.java: org.apache.commons.codec.binary.BaseNCodecInputStream.read: computed 0 unit tests
src/main/java/org/apache/commons/codec/binary/BaseNCodecInputStream.java: org.apache.commons.codec.binary.BaseNCodecInputStream.read: found 1 problems
src/main/java/org/apache/commons/codec/binary/BaseNCodecInputStream.java: internal error: org.apache.commons.codec.binary.BaseNCodecInputStream.read: unknown type kind
	data: [==(select(VariableReference(@m_0, pointer(struct(org/apache/commons/codec/binary/BaseNCodecInputStream, [], [unsupported(java/io/FilterInputStream)], [])), @m_0_0), singleByte), nil) array(primitive(int, 8, false), primitive(int, 32, false), 0)]
src/main/java/org/apache/commons/codec/binary/BaseNCodecInputStream.java: org.apache.commons.codec.binary.BaseNCodecInputStream.BaseNCodecInputStream: computing test cases
src/main/java/org/apache/commons/codec/binary/BaseNCodecInputStream.java: org.apache.commons.codec.binary.BaseNCodecInputStream.BaseNCodecInputStream: computed 0 unit tests
src/main/java/org/apache/commons/codec/binary/BaseNCodecInputStream.java: org.apache.commons.codec.binary.BaseNCodecInputStream.BaseNCodecInputStream: found 0 problems
src/main/java/org/apache/commons/codec/binary/BaseNCodecInputStream.java: org.apache.commons.codec.binary.BaseNCodecInputStream.available: computing test cases
src/main/java/org/apache/commons/codec/binary/BaseNCodecInputStream.java: org.apache.commons.codec.binary.BaseNCodecInputStream.available: computed 0 unit tests
src/main/java/org/apache/commons/codec/binary/BaseNCodecInputStream.java: org.apache.commons.codec.binary.BaseNCodecInputStream.available: found 1 problems
src/main/java/org/apache/commons/codec/binary/BaseNCodecInputStream.java: internal error: org.apache.commons.codec.binary.BaseNCodecInputStream.available: unknown type kind
	data: [==(select(VariableReference(@m_0, pointer(struct(org/apache/commons/codec/binary/BaseNCodecInputStream, [], [unsupported(java/io/FilterInputStream)], [])), @m_0_0), singleByte), nil) array(primitive(int, 8, false), primitive(int, 32, false), 0)]
src/main/java/org/apache/commons/codec/binary/BaseNCodecInputStream.java: org.apache.commons.codec.binary.BaseNCodecInputStream.skip: computing test cases
src/main/java/org/apache/commons/codec/binary/BaseNCodecInputStream.java: org.apache.commons.codec.binary.BaseNCodecInputStream.skip: computed 0 unit tests
src/main/java/org/apache/commons/codec/binary/BaseNCodecInputStream.java: org.apache.commons.codec.binary.BaseNCodecInputStream.skip: found 1 problems
src/main/java/org/apache/commons/codec/binary/BaseNCodecInputStream.java: internal error: org.apache.commons.codec.binary.BaseNCodecInputStream.skip: unknown type kind
	data: [==(select(VariableReference(@m_0, pointer(struct(org/apache/commons/codec/binary/BaseNCodecInputStream, [], [unsupported(java/io/FilterInputStream)], [])), @m_0_0), singleByte), nil) array(primitive(int, 8, false), primitive(int, 32, false), 0)]
src/main/java/org/apache/commons/codec/binary/BaseNCodecInputStream.java: org.apache.commons.codec.binary.BaseNCodecInputStream.mark: computing test cases
src/main/java/org/apache/commons/codec/binary/BaseNCodecInputStream.java: org.apache.commons.codec.binary.BaseNCodecInputStream.mark: computed 0 unit tests
src/main/java/org/apache/commons/codec/binary/BaseNCodecInputStream.java: org.apache.commons.codec.binary.BaseNCodecInputStream.mark: found 1 problems
src/main/java/org/apache/commons/codec/binary/BaseNCodecInputStream.java: internal error: org.apache.commons.codec.binary.BaseNCodecInputStream.mark: unknown type kind
	data: [==(select(VariableReference(@m_0, pointer(struct(org/apache/commons/codec/binary/BaseNCodecInputStream, [], [unsupported(java/io/FilterInputStream)], [])), @m_0_0), singleByte), nil) array(primitive(int, 8, false), primitive(int, 32, false), 0)]
src/main/java/org/apache/commons/codec/binary/BaseNCodecInputStream.java: org.apache.commons.codec.binary.BaseNCodecInputStream.markSupported: computing test cases
src/main/java/org/apache/commons/codec/binary/BaseNCodecInputStream.java: org.apache.commons.codec.binary.BaseNCodecInputStream.markSupported: computed 0 unit tests
src/main/java/org/apache/commons/codec/binary/BaseNCodecInputStream.java: org.apache.commons.codec.binary.BaseNCodecInputStream.markSupported: found 1 problems
src/main/java/org/apache/commons/codec/binary/BaseNCodecInputStream.java: internal error: org.apache.commons.codec.binary.BaseNCodecInputStream.markSupported: unknown type kind
	data: [==(select(VariableReference(@m_0, pointer(struct(org/apache/commons/codec/binary/BaseNCodecInputStream, [], [unsupported(java/io/FilterInputStream)], [])), @m_0_0), singleByte), nil) array(primitive(int, 8, false), primitive(int, 32, false), 0)]
src/main/java/org/apache/commons/codec/binary/BaseNCodecInputStream.java: org.apache.commons.codec.binary.BaseNCodecInputStream.reset: computing test cases
src/main/java/org/apache/commons/codec/binary/BaseNCodecInputStream.java: org.apache.commons.codec.binary.BaseNCodecInputStream.reset: computed 0 unit tests
src/main/java/org/apache/commons/codec/binary/BaseNCodecInputStream.java: org.apache.commons.codec.binary.BaseNCodecInputStream.reset: found 1 problems
src/main/java/org/apache/commons/codec/binary/BaseNCodecInputStream.java: internal error: org.apache.commons.codec.binary.BaseNCodecInputStream.reset: unknown type kind
	data: [==(select(VariableReference(@m_0, pointer(struct(org/apache/commons/codec/binary/BaseNCodecInputStream, [], [unsupported(java/io/FilterInputStream)], [])), @m_0_0), singleByte), nil) array(primitive(int, 8, false), primitive(int, 32, false), 0)]
src/main/java/org/apache/commons/codec/binary/BaseNCodecInputStream.java: org.apache.commons.codec.binary.BaseNCodecInputStream.read: computing test cases
src/main/java/org/apache/commons/codec/binary/BaseNCodecInputStream.java: org.apache.commons.codec.binary.BaseNCodecInputStream.read: computed 0 unit tests
src/main/java/org/apache/commons/codec/binary/BaseNCodecInputStream.java: org.apache.commons.codec.binary.BaseNCodecInputStream.read: found 1 problems
src/main/java/org/apache/commons/codec/binary/BaseNCodecInputStream.java: internal error: org.apache.commons.codec.binary.BaseNCodecInputStream.read: unknown type kind
	data: [==(select(VariableReference(@m_0, pointer(struct(org/apache/commons/codec/binary/BaseNCodecInputStream, [], [unsupported(java/io/FilterInputStream)], [])), @m_0_0), singleByte), nil) array(primitive(int, 8, false), primitive(int, 32, false), 0)]
src/main/java/org/apache/commons/codec/language/bm/Lang.java: org.apache.commons.codec.language.bm.Lang.loadFromResource: computing test cases
src/main/java/org/apache/commons/codec/language/bm/Lang.java: org.apache.commons.codec.language.bm.Lang.loadFromResource: found 1 problems
src/main/java/org/apache/commons/codec/language/bm/Lang.java: internal error: org.apache.commons.codec.language.bm.Lang.loadFromResource: unknown type kind
	data: unsupported(java/util/regex/Pattern)
src/main/java/org/apache/commons/codec/language/bm/Lang.java: org.apache.commons.codec.language.bm.Lang.guessLanguages: computing test cases
src/main/java/org/apache/commons/codec/language/bm/Lang.java: org.apache.commons.codec.language.bm.Lang.guessLanguages: computed 0 unit tests
src/main/java/org/apache/commons/codec/language/bm/Lang.java: org.apache.commons.codec.language.bm.Lang.guessLanguage: computing test cases
src/main/java/org/apache/commons/codec/language/bm/Lang.java: org.apache.commons.codec.language.bm.Lang.guessLanguage: found 1 problems
src/main/java/org/apache/commons/codec/language/bm/Lang.java: internal error: org.apache.commons.codec.language.bm.Lang.guessLanguage: unknown type kind
	data: unsupported(java/util/regex/Pattern)
src/main/java/org/apache/commons/codec/language/bm/Lang.java: org.apache.commons.codec.language.bm.Lang.instance: computing test cases
src/main/java/org/apache/commons/codec/language/bm/Lang.java: org.apache.commons.codec.language.bm.Lang.instance: found 1 problems
src/main/java/org/apache/commons/codec/language/bm/Lang.java: internal error: org.apache.commons.codec.language.bm.Lang.instance: unknown type kind
	data: unsupported(java/util/regex/Pattern)
src/main/java/org/apache/commons/codec/BinaryEncoder.java: org.apache.commons.codec.BinaryEncoder.encode: computing test cases
src/main/java/org/apache/commons/codec/BinaryEncoder.java: org.apache.commons.codec.BinaryEncoder.encode: function is abstract and therefore inaccessible for tests
src/main/java/org/apache/commons/codec/digest/Crypt.java: org.apache.commons.codec.digest.Crypt.crypt: computing test cases
src/main/java/org/apache/commons/codec/digest/Crypt.java: org.apache.commons.codec.digest.Crypt.crypt: computed 0 unit tests
src/main/java/org/apache/commons/codec/digest/Crypt.java: org.apache.commons.codec.digest.Crypt.crypt: found 0 problems
src/main/java/org/apache/commons/codec/digest/Crypt.java: org.apache.commons.codec.digest.Crypt.crypt: computing test cases
src/main/java/org/apache/commons/codec/digest/Crypt.java: org.apache.commons.codec.digest.Crypt.crypt: computed 0 unit tests
src/main/java/org/apache/commons/codec/digest/Crypt.java: org.apache.commons.codec.digest.Crypt.crypt: found 0 problems
src/main/java/org/apache/commons/codec/digest/Crypt.java: org.apache.commons.codec.digest.Crypt.crypt: computing test cases
src/main/java/org/apache/commons/codec/digest/Crypt.java: org.apache.commons.codec.digest.Crypt.crypt: computed 0 unit tests
src/main/java/org/apache/commons/codec/digest/Crypt.java: org.apache.commons.codec.digest.Crypt.crypt: found 0 problems
src/main/java/org/apache/commons/codec/digest/Crypt.java: org.apache.commons.codec.digest.Crypt.crypt: computing test cases
src/main/java/org/apache/commons/codec/digest/Crypt.java: org.apache.commons.codec.digest.Crypt.crypt: computed 0 unit tests
src/main/java/org/apache/commons/codec/digest/Crypt.java: org.apache.commons.codec.digest.Crypt.crypt: found 0 problems
Symflower's table driven test style is not supported, switching to basic style
src/main/java/org/apache/commons/codec/DecoderException.java: generated unit test file src/main/java/org/apache/commons/codec/DecoderExceptionSymflowerTest.java
Symflower's table driven test style is not supported, switching to basic style
src/main/java/org/apache/commons/codec/EncoderException.java: generated unit test file src/main/java/org/apache/commons/codec/EncoderExceptionSymflowerTest.java
Symflower's table driven test style is not supported, switching to basic style
src/main/java/org/apache/commons/codec/StringEncoderComparator.java: generated unit test file src/main/java/org/apache/commons/codec/StringEncoderComparatorSymflowerTest.java
Symflower's table driven test style is not supported, switching to basic style
src/main/java/org/apache/commons/codec/binary/BaseNCodec.java: generated unit test file src/main/java/org/apache/commons/codec/binary/BaseNCodecSymflowerTest.java
Symflower's table driven test style is not supported, switching to basic style
src/main/java/org/apache/commons/codec/binary/StringUtils.java: generated unit test file src/main/java/org/apache/commons/codec/binary/StringUtilsSymflowerTest.java
Symflower's table driven test style is not supported, switching to basic style
src/main/java/org/apache/commons/codec/digest/B64.java: generated unit test file src/main/java/org/apache/commons/codec/digest/B64SymflowerTest.java
Symflower's table driven test style is not supported, switching to basic style
src/main/java/org/apache/commons/codec/digest/Md5Crypt.java: generated unit test file src/main/java/org/apache/commons/codec/digest/Md5CryptSymflowerTest.java
Symflower's table driven test style is not supported, switching to basic style
src/main/java/org/apache/commons/codec/language/Caverphone.java: could not generate unit test file for "src/main/java/org/apache/commons/codec/language/Caverphone.java": Internal error: cannot set a final field:
	&modelast.Variable{
	    CompactFileRange: location.CompactFileRange{Start:location.NewCompactFileLocationRaw(2, 41, 31), End:location.NewCompactFileLocationRaw(2, 41, 57)},
	    Name:             "encoder",
	    Type:             &modelast.TypePointer{
	        Type: &modelast.TypeReference{
	            Name: "org/apache/commons/codec/language/Caverphone2",
	        },
	    },
	    Modifier: modelast.ModifierFinal|modelast.ModifierVisibilityPrivate,
	}
	Stacktrace: goroutine 1 [running]:
	gitlab.nethead.at/symflower/symflower/model/errors.NewInternalError({0x21de060, 0x2d25d80}, {0x13e5e60, 0xc000bae9c0})
		gitlab.nethead.at/symflower/symflower/model/errors/error.go:852 +0x4e
	gitlab.nethead.at/symflower/symflower/language/java/ast.(*Generator).objectCreation(0xc0003c2380, {0x2205848?, 0xc0030816e0?}, {0x21f7de8, 0xc00043db00}, {0x2208850, 0xc002948d40})
		gitlab.nethead.at/symflower/symflower/language/java/ast/generate.go:1928 +0x34dc
	gitlab.nethead.at/symflower/symflower/language/java/ast.(*Generator).literalForReferenceType(0xc0003c2380, {0x21f7de8, 0xc00043db00}, {0x2205848?, 0xc0030816c0?}, {0x2208850, 0xc002948d40})
		gitlab.nethead.at/symflower/symflower/language/java/ast/generate.go:1427 +0x17da
	gitlab.nethead.at/symflower/symflower/language/java/ast.(*Generator).Literal(0xc0003c2380, {0x21f7de8, 0xc00043db00}, {0x2205848?, 0xc003081680?}, {0x2208850, 0xc002948d40})
		gitlab.nethead.at/symflower/symflower/language/java/ast/generate.go:1138 +0x1318
	gitlab.nethead.at/symflower/symflower/language/java/ast.(*Generator).Literal(0xc0003c2380, {0x21f7de8, 0xc00043db00}, {0x2205728?, 0xc0011689c0?}, {0x22089b0, 0xc000ff15c0})
		gitlab.nethead.at/symflower/symflower/language/java/ast/generate.go:1128 +0x245
	gitlab.nethead.at/symflower/symflower/language/java/ast.(*Generator).VariableDeclarationWithAssignment(0xc0003c2380, {0x2205728, 0xc0011689c0}, {0x14113cd, 0x8}, {0x22089b0, 0xc000ff15c0}, {0x0, 0x0})
		gitlab.nethead.at/symflower/symflower/language/java/ast/generate.go:548 +0x125
	gitlab.nethead.at/symflower/symflower/language/java/unittest.(*TestGeneratorJUnit).expressionExpected(0xc001816400, 0xc000764000?, {0x22089b0, 0xc000ff15c0}, {0x2205728, 0xc0011689c0}, {0x14113cd, 0x8}, {0x0, 0x0})
		gitlab.nethead.at/symflower/symflower/language/java/unittest/junit.go:177 +0x27a
	gitlab.nethead.at/symflower/symflower/language/java/unittest.(*TestGeneratorJUnit).returnArgumentInitialization(0xc001816400, 0xc000764000, {0x0, 0x0}, {0x0, 0x0, 0x0}, {0x21f7e40, 0xc00058cb60})
		gitlab.nethead.at/symflower/symflower/language/java/unittest/junit.go:229 +0x429
	gitlab.nethead.at/symflower/symflower/language/java/unittest.(*TestGeneratorJUnit).generateUnitTestAddTestInternal(0xc001816400, 0xc002949340, {0x0, 0x0})
		gitlab.nethead.at/symflower/symflower/language/java/unittest/junit.go:387 +0x1365
	gitlab.nethead.at/symflower/symflower/language/java/unittest.(*TestGeneratorJUnit).generateUnitTestAddTest(...)
		gitlab.nethead.at/symflower/symflower/language/java/unittest/junit.go:249
	gitlab.nethead.at/symflower/symflower/language/java/unittest.(*TestGeneratorJUnit).AddTest(0xc001816400, 0xc000f44f60?)
		gitlab.nethead.at/symflower/symflower/language/java/unittest/junit.go:61 +0x1d
	gitlab.nethead.at/symflower/symflower/language/java/unittest.(*testStyleBasic).addTest(0xc000958000, 0xc002949340)
		gitlab.nethead.at/symflower/symflower/language/java/unittest/test-style-basic.go:253 +0x318
	gitlab.nethead.at/symflower/symflower/language/java/unittest.(*testStyleBasic).AddTest(0xc001736660?, 0xc00274f760?)
		gitlab.nethead.at/symflower/symflower/language/java/unittest/test-style-basic.go:215 +0x1a
	gitlab.nethead.at/symflower/symflower/language/java.generateUnitTestFileForType(0xc0030814a0, {0xc001816300, 0x6, 0x17?}, {0xc000042258?, 0xa5b512?}, 0xc0016c02d0?)
		gitlab.nethead.at/symflower/symflower/language/java/unit-test.go:173 +0x647
	gitlab.nethead.at/symflower/symflower/language/java.Adapter.GenerateUnitTest({{{0x0, 0x0}, {0x0, 0x0}, {0x0, 0x0}}}, 0xc0030814a0, {0xc001b9d100, 0x6, 0x8})
		gitlab.nethead.at/symflower/symflower/language/java/unit-test.go:99 +0x8c8
	gitlab.nethead.at/symflower/symflower/cmd/symflower-local/generate.(*Generator).updateTestFiles.func1({0xc0000b30cb, 0x3f})
		gitlab.nethead.at/symflower/symflower/cmd/symflower-local/generate/generate.go:345 +0x55e
	gitlab.nethead.at/symflower/symflower/cmd/symflower-local/generate.updateTestFiles({0xc000130720, 0x2b}, 0xc001613860, {0xc0004c0400?, 0x1?, 0xc0041aba00?}, 0x1, 0xc0027b9b08)
		gitlab.nethead.at/symflower/symflower/cmd/symflower-local/generate/tests.go:41 +0xc3
	gitlab.nethead.at/symflower/symflower/cmd/symflower-local/generate.(*Generator).updateTestFiles(0xc00058b7d0, 0xc002c52fc0, 0x1, 0x1)
		gitlab.nethead.at/symflower/symflower/cmd/symflower-local/generate/generate.go:330 +0x3e5
	gitlab.nethead.at/symflower/symflower/cmd/symflower-local/generate.(*Generator).UpdateSymflowerTestSuite(0xc00058b7d0?, 0xc00058b800?)
		gitlab.nethead.at/symflower/symflower/cmd/symflower-local/generate/generate.go:307 +0x3b
	gitlab.nethead.at/symflower/symflower/cmd/symflower-local/generate.(*AnalyzeEngineDefault).UnitTests(0x2a?, 0x124bba0?, {0x21eb890?, 0xc0005a0170?}, {0x90?, 0x6?, 0x13?, 0x0?}, 0x2a?, {0xc00058b1d0, ...})
		gitlab.nethead.at/symflower/symflower/cmd/symflower-local/generate/analyze.go:162 +0xaa
	gitlab.nethead.at/symflower/symflower/cmd/symflower-local/cmd.(*commandUnitTests).Execute(0xc00001a3d8, {0xc00001a008?, 0x7824dce69598?, 0xc00001a3d8?})
		gitlab.nethead.at/symflower/symflower/cmd/symflower-local/cmd/unit-tests.go:85 +0x2a6
	gitlab.nethead.at/symflower/symflower/cmd.ExecuteNoExit({0x21de020, 0xc00001a008}, {0xc00019e000?, 0x44?, 0x0?})
		gitlab.nethead.at/symflower/symflower/cmd/execute.go:59 +0x2ad
	gitlab.nethead.at/symflower/symflower/cmd.Execute({0x21de020?, 0xc00001a008?}, {0xc00019e000?, 0xc00007e000?, 0xc0004abf10?})
		gitlab.nethead.at/symflower/symflower/cmd/execute.go:17 +0x26
	gitlab.nethead.at/symflower/symflower/cmd.ExecuteWithOSArguments(...)
		gitlab.nethead.at/symflower/symflower/cmd/execute.go:78
	main.main.func1()
		gitlab.nethead.at/symflower/symflower/cmd/symflower-demo/main.go:39 +0x34
	gitlab.nethead.at/symflower/symflower/cmd/symflower-local/cmd.(*Command).WithPanicReporter(0xc0000b2060?, 0x0?)
		gitlab.nethead.at/symflower/symflower/cmd/symflower-local/cmd/cmd.go:151 +0x33
	main.main()
		gitlab.nethead.at/symflower/symflower/cmd/symflower-demo/main.go:38 +0x7f
Symflower's table driven test style is not supported, switching to basic style
src/main/java/org/apache/commons/codec/language/Caverphone1.java: generated unit test file src/main/java/org/apache/commons/codec/language/Caverphone1SymflowerTest.java
Symflower's table driven test style is not supported, switching to basic style
src/main/java/org/apache/commons/codec/language/Caverphone2.java: generated unit test file src/main/java/org/apache/commons/codec/language/Caverphone2SymflowerTest.java
Symflower's table driven test style is not supported, switching to basic style
src/main/java/org/apache/commons/codec/language/DoubleMetaphone.java: could not generate unit test file for "src/main/java/org/apache/commons/codec/language/DoubleMetaphone.java": Internal error: cannot set a final field:
	&modelast.Variable{
	    CompactFileRange: location.CompactFileRange{Start:location.NewCompactFileLocationRaw(6, 938, 37), End:location.NewCompactFileLocationRaw(6, 938, 82)},
	    Name:             "alternate",
	    Type:             &modelast.TypePointer{
	        Type: &modelast.TypeReference{
	            Name: "java/lang/StringBuilder",
	        },
	    },
	    Modifier: modelast.ModifierFinal|modelast.ModifierVisibilityPrivate,
	}
	Stacktrace: goroutine 1 [running]:
	gitlab.nethead.at/symflower/symflower/model/errors.NewInternalError({0x21de060, 0x2d25d80}, {0x13e5e60, 0xc000bc6ba0})
		gitlab.nethead.at/symflower/symflower/model/errors/error.go:852 +0x4e
	gitlab.nethead.at/symflower/symflower/language/java/ast.(*Generator).objectCreation(0xc0003c2a80, {0x2205848?, 0xc0015ca440?}, {0x21f7de8, 0xc000975000}, {0x2208850, 0xc001ff86c0})
		gitlab.nethead.at/symflower/symflower/language/java/ast/generate.go:1928 +0x34dc
	gitlab.nethead.at/symflower/symflower/language/java/ast.(*Generator).literalForReferenceType(0xc0003c2a80, {0x21f7de8, 0xc000975000}, {0x2205848?, 0xc0015ca420?}, {0x2208850, 0xc001ff86c0})
		gitlab.nethead.at/symflower/symflower/language/java/ast/generate.go:1427 +0x17da
	gitlab.nethead.at/symflower/symflower/language/java/ast.(*Generator).Literal(0xc0003c2a80, {0x21f7de8, 0xc000975000}, {0x2205848?, 0xc0015ca3e0?}, {0x2208850, 0xc001ff86c0})
		gitlab.nethead.at/symflower/symflower/language/java/ast/generate.go:1138 +0x1318
	gitlab.nethead.at/symflower/symflower/language/java/ast.(*Generator).Literal(0xc0003c2a80, {0x21f7de8, 0xc000975000}, {0x2205728?, 0xc0017e01a0?}, {0x22089b0, 0xc00220f560})
		gitlab.nethead.at/symflower/symflower/language/java/ast/generate.go:1128 +0x245
	gitlab.nethead.at/symflower/symflower/language/java/ast.(*Generator).VariableDeclarationWithAssignment(0xc0003c2a80, {0x2205728, 0xc0017e01a0}, {0x14113cd, 0x8}, {0x22089b0, 0xc00220f560}, {0x0, 0x0})
		gitlab.nethead.at/symflower/symflower/language/java/ast/generate.go:548 +0x125
	gitlab.nethead.at/symflower/symflower/language/java/unittest.(*TestGeneratorJUnit).expressionExpected(0xc001817640, 0xc00002d860?, {0x22089b0, 0xc00220f560}, {0x2205728, 0xc0017e01a0}, {0x14113cd, 0x8}, {0x0, 0x0})
		gitlab.nethead.at/symflower/symflower/language/java/unittest/junit.go:177 +0x27a
	gitlab.nethead.at/symflower/symflower/language/java/unittest.(*TestGeneratorJUnit).returnArgumentInitialization(0xc001817640, 0xc00002d860, {0x1413cec, 0xa}, {0xc0015ca3c0, 0x2, 0x2}, {0x21f7e40, 0xc000f416c0})
		gitlab.nethead.at/symflower/symflower/language/java/unittest/junit.go:229 +0x429
	gitlab.nethead.at/symflower/symflower/language/java/unittest.(*TestGeneratorJUnit).generateUnitTestAddTestInternal(0xc001817640, 0xc002238f00, {0x0, 0x0})
		gitlab.nethead.at/symflower/symflower/language/java/unittest/junit.go:387 +0x1365
	gitlab.nethead.at/symflower/symflower/language/java/unittest.(*TestGeneratorJUnit).generateUnitTestAddTest(...)
		gitlab.nethead.at/symflower/symflower/language/java/unittest/junit.go:249
	gitlab.nethead.at/symflower/symflower/language/java/unittest.(*TestGeneratorJUnit).AddTest(0xc001817640, 0xc0023b6840?)
		gitlab.nethead.at/symflower/symflower/language/java/unittest/junit.go:61 +0x1d
	gitlab.nethead.at/symflower/symflower/language/java/unittest.(*testStyleBasic).addTest(0xc000b0ea20, 0xc002238f00)
		gitlab.nethead.at/symflower/symflower/language/java/unittest/test-style-basic.go:253 +0x318
	gitlab.nethead.at/symflower/symflower/language/java/unittest.(*testStyleBasic).AddTest(0xc0017babd0?, 0xc000d56e70?)
		gitlab.nethead.at/symflower/symflower/language/java/unittest/test-style-basic.go:215 +0x1a
	gitlab.nethead.at/symflower/symflower/language/java.generateUnitTestFileForType(0xc001c437c0, {0xc000137c00, 0x17, 0x1c?}, {0xc000dd9500?, 0xa5b512?}, 0xc002371d40?)
		gitlab.nethead.at/symflower/symflower/language/java/unit-test.go:173 +0x647
	gitlab.nethead.at/symflower/symflower/language/java.Adapter.GenerateUnitTest({{{0x0, 0x0}, {0x0, 0x0}, {0x0, 0x0}}}, 0xc001c437c0, {0xc002b22900, 0x17, 0x20})
		gitlab.nethead.at/symflower/symflower/language/java/unit-test.go:99 +0x8c8
	gitlab.nethead.at/symflower/symflower/cmd/symflower-local/generate.(*Generator).updateTestFiles.func1({0xc0000b210b, 0x44})
		gitlab.nethead.at/symflower/symflower/cmd/symflower-local/generate/generate.go:345 +0x55e
	gitlab.nethead.at/symflower/symflower/cmd/symflower-local/generate.updateTestFiles({0xc000130720, 0x2b}, 0xc001613860, {0xc0004c0400?, 0x1?, 0xc0041aba00?}, 0x1, 0xc0027b9b08)
		gitlab.nethead.at/symflower/symflower/cmd/symflower-local/generate/tests.go:41 +0xc3
	gitlab.nethead.at/symflower/symflower/cmd/symflower-local/generate.(*Generator).updateTestFiles(0xc00058b7d0, 0xc002c52fc0, 0x1, 0x1)
		gitlab.nethead.at/symflower/symflower/cmd/symflower-local/generate/generate.go:330 +0x3e5
	gitlab.nethead.at/symflower/symflower/cmd/symflower-local/generate.(*Generator).UpdateSymflowerTestSuite(0xc00058b7d0?, 0xc00058b800?)
		gitlab.nethead.at/symflower/symflower/cmd/symflower-local/generate/generate.go:307 +0x3b
	gitlab.nethead.at/symflower/symflower/cmd/symflower-local/generate.(*AnalyzeEngineDefault).UnitTests(0x2a?, 0x124bba0?, {0x21eb890?, 0xc0005a0170?}, {0x90?, 0x6?, 0x13?, 0x0?}, 0x2a?, {0xc00058b1d0, ...})
		gitlab.nethead.at/symflower/symflower/cmd/symflower-local/generate/analyze.go:162 +0xaa
	gitlab.nethead.at/symflower/symflower/cmd/symflower-local/cmd.(*commandUnitTests).Execute(0xc00001a3d8, {0xc00001a008?, 0x7824dce69598?, 0xc00001a3d8?})
		gitlab.nethead.at/symflower/symflower/cmd/symflower-local/cmd/unit-tests.go:85 +0x2a6
	gitlab.nethead.at/symflower/symflower/cmd.ExecuteNoExit({0x21de020, 0xc00001a008}, {0xc00019e000?, 0x44?, 0x0?})
		gitlab.nethead.at/symflower/symflower/cmd/execute.go:59 +0x2ad
	gitlab.nethead.at/symflower/symflower/cmd.Execute({0x21de020?, 0xc00001a008?}, {0xc00019e000?, 0xc00007e000?, 0xc0004abf10?})
		gitlab.nethead.at/symflower/symflower/cmd/execute.go:17 +0x26
	gitlab.nethead.at/symflower/symflower/cmd.ExecuteWithOSArguments(...)
		gitlab.nethead.at/symflower/symflower/cmd/execute.go:78
	main.main.func1()
		gitlab.nethead.at/symflower/symflower/cmd/symflower-demo/main.go:39 +0x34
	gitlab.nethead.at/symflower/symflower/cmd/symflower-local/cmd.(*Command).WithPanicReporter(0xc0000b2060?, 0x0?)
		gitlab.nethead.at/symflower/symflower/cmd/symflower-local/cmd/cmd.go:151 +0x33
	main.main()
		gitlab.nethead.at/symflower/symflower/cmd/symflower-demo/main.go:38 +0x7f
Symflower's table driven test style is not supported, switching to basic style
src/main/java/org/apache/commons/codec/language/Metaphone.java: generated unit test file src/main/java/org/apache/commons/codec/language/MetaphoneSymflowerTest.java
Symflower's table driven test style is not supported, switching to basic style
src/main/java/org/apache/commons/codec/language/SoundexUtils.java: generated unit test file src/main/java/org/apache/commons/codec/language/SoundexUtilsSymflowerTest.java
Symflower's table driven test style is not supported, switching to basic style
src/main/java/org/apache/commons/codec/language/bm/NameType.java: generated unit test file src/main/java/org/apache/commons/codec/language/bm/NameTypeSymflowerTest.java
Symflower's table driven test style is not supported, switching to basic style
src/main/java/org/apache/commons/codec/language/bm/RuleType.java: generated unit test file src/main/java/org/apache/commons/codec/language/bm/RuleTypeSymflowerTest.java
Analyzed 56 out of 56 source files
Had 21 errors that block a full analysis
Generated 75 tests
Found 25 potential problems
The following issues prevent a full analysis:

* 131 cases of "unknown type"
	Description: Types could not be resolved. This could be because of missing dependencies
  or a consequence of some other problem.

* 94 cases of "unknown function"
	Description: Functions could not be resolved. This occurs due to missing dependencies,
  or if a called function is removed due to some other problem.

* 70 cases of "unknown import"
	Description: Imports could not be resolved. This is likely due to missing dependencies.

* 13 cases of "unsupported type"
	Description: Types required for analysis are not supported. This can include raw generics,
  or reflection types like "java.lang.Class".

* 10 cases of "not all elements have the same type"
	Description: Arguments of a function call do not match the parameter types. This usually
  occurs if a called method is removed due to some other problem, and another
  method with the same name is selected to be called.

* 115 cases of "other issues"
	Description: Uncategorized problems.

