Analyzing workspace /home/ph7/sqa-project/workspaces/lang_20b/
Search for Java files
Load dependency stdlib:@dev
src/main/java/org/apache/commons/lang3/StringUtils.java: org.apache.commons.lang3.StringUtils.removeAccentsJava6: function is private and therefore inaccessible for tests
src/main/java/org/apache/commons/lang3/StringUtils.java: org.apache.commons.lang3.StringUtils.removeAccentsSUN: function is private and therefore inaccessible for tests
src/main/java/org/apache/commons/lang3/StringUtils.java: org.apache.commons.lang3.StringUtils.ordinalIndexOf: function is private and therefore inaccessible for tests
src/main/java/org/apache/commons/lang3/StringUtils.java: org.apache.commons.lang3.StringUtils.splitByWholeSeparatorWorker: function is private and therefore inaccessible for tests
src/main/java/org/apache/commons/lang3/StringUtils.java: org.apache.commons.lang3.StringUtils.splitWorker: function is private and therefore inaccessible for tests
src/main/java/org/apache/commons/lang3/StringUtils.java: org.apache.commons.lang3.StringUtils.splitWorker: function is private and therefore inaccessible for tests
src/main/java/org/apache/commons/lang3/StringUtils.java: org.apache.commons.lang3.StringUtils.splitByCharacterType: function is private and therefore inaccessible for tests
src/main/java/org/apache/commons/lang3/StringUtils.java: org.apache.commons.lang3.StringUtils.replaceEach: function is private and therefore inaccessible for tests
src/main/java/org/apache/commons/lang3/StringUtils.java: org.apache.commons.lang3.StringUtils.startsWith: function is private and therefore inaccessible for tests
src/main/java/org/apache/commons/lang3/StringUtils.java: org.apache.commons.lang3.StringUtils.endsWith: function is private and therefore inaccessible for tests
src/main/java/org/apache/commons/lang3/AnnotationUtils.java: error: unknown field
	data: [Short struct(java/lang/Short, [], [pointer(reference(java/lang/Object))], []) TYPE]
src/main/java/org/apache/commons/lang3/AnnotationUtils.java: error: unknown field
	data: [Float struct(java/lang/Float, [], [pointer(reference(java/lang/Object))], []) TYPE]
src/main/java/org/apache/commons/lang3/AnnotationUtils.java: error: unknown function
	data: [pointer(genericInstance(reference(java/lang/Class), [wildcard(, pointer(reference(java/lang/Object)))])) java/lang/Class<descendant of java/lang/Object>//isAnnotation [] []]
src/main/java/org/apache/commons/lang3/AnnotationUtils.java: error: unknown field
	data: [Byte struct(java/lang/Byte, [], [pointer(reference(java/lang/Object))], []) TYPE]
src/main/java/org/apache/commons/lang3/AnnotationUtils.java: error: unknown field
	data: [Short struct(java/lang/Short, [], [pointer(reference(java/lang/Object))], []) TYPE]
src/main/java/org/apache/commons/lang3/AnnotationUtils.java: error: unknown field
	data: [Integer struct(java/lang/Integer, [], [pointer(reference(java/lang/Object))], []) TYPE]
src/main/java/org/apache/commons/lang3/AnnotationUtils.java: error: unknown field
	data: [Character struct(java/lang/Character, [], [pointer(reference(java/lang/Object))], []) TYPE]
src/main/java/org/apache/commons/lang3/AnnotationUtils.java: error: unknown field
	data: [Double struct(java/lang/Double, [], [pointer(reference(java/lang/Object))], []) TYPE]
src/main/java/org/apache/commons/lang3/AnnotationUtils.java: error: unknown field
	data: [Boolean struct(java/lang/Boolean, [], [pointer(reference(java/lang/Object))], []) TYPE]
src/main/java/org/apache/commons/lang3/AnnotationUtils.java: error: unknown function
	data: [pointer(genericInstance(reference(java/lang/Class), [wildcard(, reference(java/lang/annotation/Annotation))])) java/lang/Class<descendant of java/lang/annotation/Annotation>//getDeclaredMethods [] []]
src/main/java/org/apache/commons/lang3/AnnotationUtils.java: error: unknown function
	data: [pointer(genericInstance(reference(java/lang/Class), [wildcard(, pointer(reference(java/lang/Object)))])) java/lang/Class<descendant of java/lang/Object>//getComponentType [] []]
src/main/java/org/apache/commons/lang3/AnnotationUtils.java: error: unknown field
	data: [Long struct(java/lang/Long, [], [pointer(reference(java/lang/Object))], []) TYPE]
src/main/java/org/apache/commons/lang3/AnnotationUtils.java: error: unknown function
	data: [pointer(reference(java/lang/Object)) java/lang/Object//getClass [] []]
src/main/java/org/apache/commons/lang3/AnnotationUtils.java: error: unknown function
	data: [pointer(genericInstance(reference(java/lang/Class), [wildcard(, pointer(reference(java/lang/Object)))])) java/lang/Class<descendant of java/lang/Object>//isAnnotation [] []]
src/main/java/org/apache/commons/lang3/AnnotationUtils.java: error: unknown field
	data: [Character struct(java/lang/Character, [], [pointer(reference(java/lang/Object))], []) TYPE]
src/main/java/org/apache/commons/lang3/AnnotationUtils.java: error: unknown function
	data: [pointer(genericInstance(reference(java/lang/Class), [wildcard(, pointer(reference(java/lang/Object)))])) java/lang/Class<descendant of java/lang/Object>//isEnum [] []]
src/main/java/org/apache/commons/lang3/AnnotationUtils.java: error: unknown import
	data: java/lang/reflect/Method
src/main/java/org/apache/commons/lang3/AnnotationUtils.java: error: unknown import
	data: java/util/Arrays
src/main/java/org/apache/commons/lang3/AnnotationUtils.java: error: unknown function
	data: [pointer(genericInstance(reference(java/lang/Class), [wildcard(, reference(java/lang/annotation/Annotation))])) java/lang/Class<descendant of java/lang/annotation/Annotation>//getDeclaredMethods [] []]
src/main/java/org/apache/commons/lang3/AnnotationUtils.java: error: unknown function
	data: [pointer(genericInstance(reference(java/lang/Class), [wildcard(, pointer(reference(java/lang/Object)))])) java/lang/Class<descendant of java/lang/Object>//getComponentType [] []]
src/main/java/org/apache/commons/lang3/AnnotationUtils.java: error: unknown import
	data: org/apache/commons/lang3/builder/ToStringStyle
src/main/java/org/apache/commons/lang3/AnnotationUtils.java: error: unknown field
	data: [Double struct(java/lang/Double, [], [pointer(reference(java/lang/Object))], []) TYPE]
src/main/java/org/apache/commons/lang3/AnnotationUtils.java: error: unknown field
	data: [Byte struct(java/lang/Byte, [], [pointer(reference(java/lang/Object))], []) TYPE]
src/main/java/org/apache/commons/lang3/AnnotationUtils.java: error: unknown field
	data: [Integer struct(java/lang/Integer, [], [pointer(reference(java/lang/Object))], []) TYPE]
src/main/java/org/apache/commons/lang3/AnnotationUtils.java: error: unknown import
	data: java/lang/reflect/InvocationTargetException
src/main/java/org/apache/commons/lang3/AnnotationUtils.java: error: unknown function
	data: [pointer(genericInstance(reference(java/lang/Class), [wildcard(, pointer(reference(java/lang/Object)))])) java/lang/Class<descendant of java/lang/Object>//isPrimitive [] []]
src/main/java/org/apache/commons/lang3/AnnotationUtils.java: error: unknown function
	data: [pointer(genericInstance(reference(java/lang/Class), [wildcard(, pointer(reference(java/lang/Object)))])) java/lang/Class<descendant of java/lang/Object>//isArray [] []]
src/main/java/org/apache/commons/lang3/AnnotationUtils.java: error: unknown field
	data: [Float struct(java/lang/Float, [], [pointer(reference(java/lang/Object))], []) TYPE]
src/main/java/org/apache/commons/lang3/AnnotationUtils.java: error: unknown field
	data: [Long struct(java/lang/Long, [], [pointer(reference(java/lang/Object))], []) TYPE]
src/main/java/org/apache/commons/lang3/AnnotationUtils.java: error: unknown import
	data: org/apache/commons/lang3/builder/ToStringBuilder
src/main/java/org/apache/commons/lang3/AnnotationUtils.java: error: unknown function
	data: [genericInstance(reference(java/lang/Class), [wildcard(, reference(java/lang/annotation/Annotation))]) java/lang/Class<descendant of java/lang/annotation/Annotation>//getDeclaredMethods [] []]
src/main/java/org/apache/commons/lang3/AnnotationUtils.java: error: unknown function
	data: [pointer(genericInstance(reference(java/lang/Class), [wildcard(, pointer(reference(java/lang/Object)))])) java/lang/Class<descendant of java/lang/Object>//isAnnotation [] []]
src/main/java/org/apache/commons/lang3/AnnotationUtils.java: error: unknown field
	data: [Boolean struct(java/lang/Boolean, [], [pointer(reference(java/lang/Object))], []) TYPE]
src/main/java/org/apache/commons/lang3/AnnotationUtils.java: error: unknown function
	data: [pointer(genericInstance(reference(java/lang/Class), [wildcard(, pointer(reference(java/lang/Object)))])) java/lang/Class<descendant of java/lang/Object>//isArray [] []]
src/main/java/org/apache/commons/lang3/ArrayUtils.java: error: unknown function
	data: [<nil> copyArrayGrow1 [] [array unsupported]]
src/main/java/org/apache/commons/lang3/ArrayUtils.java: error: unknown function
	data: [<nil> copyArrayGrow1 [] [array unsupported]]
src/main/java/org/apache/commons/lang3/ArrayUtils.java: error: unknown function
	data: [<nil> add [] [array index call(java/lang/Short//valueOf!4c49ab3c93071e06930d6f753fd6205d, [element]) unsupported]]
src/main/java/org/apache/commons/lang3/ArrayUtils.java: error: not a named type
	data: array(reference(T), primitive(int, 32, false), 0)
src/main/java/org/apache/commons/lang3/ArrayUtils.java: error: unknown function
	data: [struct(java/lang/System, [], [pointer(reference(java/lang/Object))], []) java/lang/System//arraycopy [] [array startIndexInclusive subarray 0 newSize]]
src/main/java/org/apache/commons/lang3/ArrayUtils.java: error: not a named type
	data: array(reference(T), primitive(int, 32, false), 0)
src/main/java/org/apache/commons/lang3/ArrayUtils.java: error: unknown function
	data: [struct(java/lang/System, [], [pointer(reference(java/lang/Object))], []) java/lang/System//arraycopy [] [array1 0 joinedArray 0 len(ensure_not_nil(array1))]]
src/main/java/org/apache/commons/lang3/ArrayUtils.java: error: unknown function
	data: [<nil> copyArrayGrow1 [] [array unsupported]]
src/main/java/org/apache/commons/lang3/ArrayUtils.java: error: unknown function
	data: [<nil> copyArrayGrow1 [] [array unsupported]]
src/main/java/org/apache/commons/lang3/ArrayUtils.java: error: unknown field
	data: [Float struct(java/lang/Float, [], [pointer(reference(java/lang/Object))], []) TYPE]
src/main/java/org/apache/commons/lang3/ArrayUtils.java: error: unknown import
	data: org/apache/commons/lang3/builder/EqualsBuilder
src/main/java/org/apache/commons/lang3/ArrayUtils.java: error: not a named type
	data: array(primitive(int, 64, false), primitive(int, 32, false), 0)
src/main/java/org/apache/commons/lang3/ArrayUtils.java: error: not a named type
	data: array(primitive(float, 64, false), primitive(int, 32, false), 0)
src/main/java/org/apache/commons/lang3/ArrayUtils.java: error: not a named type
	data: variadic(array(reference(T), primitive(int, 32, false), 0))
src/main/java/org/apache/commons/lang3/ArrayUtils.java: error: unknown function
	data: [struct(java/lang/System, [], [pointer(reference(java/lang/Object))], []) java/lang/System//arraycopy [] [array2 0 joinedArray len(ensure_not_nil(array1)) len(ensure_not_nil(array2))]]
src/main/java/org/apache/commons/lang3/ArrayUtils.java: error: unknown function
	data: [<nil> copyArrayGrow1 [] [array unsupported]]
src/main/java/org/apache/commons/lang3/ArrayUtils.java: error: not a named type
	data: array(primitive(int, 32, false), primitive(int, 32, false), 0)
src/main/java/org/apache/commons/lang3/ArrayUtils.java: error: not a named type
	data: array(pointer(reference(java/lang/Object)), primitive(int, 32, false), 0)
src/main/java/org/apache/commons/lang3/ArrayUtils.java: error: unknown function
	data: [<nil> clone [] [array1]]
src/main/java/org/apache/commons/lang3/ArrayUtils.java: error: unknown field
	data: [Integer struct(java/lang/Integer, [], [pointer(reference(java/lang/Object))], []) TYPE]
src/main/java/org/apache/commons/lang3/ArrayUtils.java: error: unknown function
	data: [<nil> add [] [array index call(java/lang/Double//valueOf!5bf0b9c067f960fc8e4f1dbf7e8b205e, [element]) unsupported]]
src/main/java/org/apache/commons/lang3/ArrayUtils.java: error: unknown import
	data: java/lang/reflect/Array
src/main/java/org/apache/commons/lang3/ArrayUtils.java: error: not a named type
	data: array(primitive(char, 16, true), primitive(int, 32, false), 0)
src/main/java/org/apache/commons/lang3/ArrayUtils.java: error: not a named type
	data: array(reference(T), primitive(int, 32, false), 0)
src/main/java/org/apache/commons/lang3/ArrayUtils.java: error: unknown function
	data: [struct(java/lang/System, [], [pointer(reference(java/lang/Object))], []) java/lang/System//arraycopy [] [array startIndexInclusive subarray 0 newSize]]
src/main/java/org/apache/commons/lang3/ArrayUtils.java: error: unknown function
	data: [struct(java/lang/System, [], [pointer(reference(java/lang/Object))], []) java/lang/System//arraycopy [] [array1 0 joinedArray 0 len(ensure_not_nil(array1))]]
src/main/java/org/apache/commons/lang3/ArrayUtils.java: error: unknown type
	data: SuppressWarnings
src/main/java/org/apache/commons/lang3/ArrayUtils.java: error: not a named type
	data: array(primitive(int, 8, false), primitive(int, 32, false), 0)
src/main/java/org/apache/commons/lang3/ArrayUtils.java: error: unknown function
	data: [struct(java/lang/System, [], [pointer(reference(java/lang/Object))], []) java/lang/System//arraycopy [] [array startIndexInclusive subarray 0 newSize]]
src/main/java/org/apache/commons/lang3/ArrayUtils.java: error: unknown function
	data: [struct(java/lang/System, [], [pointer(reference(java/lang/Object))], []) java/lang/System//arraycopy [] [array1 0 joinedArray 0 len(ensure_not_nil(array1))]]
src/main/java/org/apache/commons/lang3/ArrayUtils.java: error: unknown function
	data: [<nil> add [] [array index element clss]]
src/main/java/org/apache/commons/lang3/ArrayUtils.java: error: unknown function
	data: [<nil> indexOf [] [array element]]
src/main/java/org/apache/commons/lang3/ArrayUtils.java: error: unknown function
	data: [struct(java/lang/System, [], [pointer(reference(java/lang/Object))], []) java/lang/System//arraycopy [] [array1 0 joinedArray 0 len(ensure_not_nil(array1))]]
src/main/java/org/apache/commons/lang3/ArrayUtils.java: error: unknown function
	data: [struct(java/lang/System, [], [pointer(reference(java/lang/Object))], []) java/lang/System//arraycopy [] [array2 0 joinedArray len(ensure_not_nil(array1)) len(ensure_not_nil(array2))]]
src/main/java/org/apache/commons/lang3/ArrayUtils.java: error: unknown function
	data: [pointer(genericInstance(reference(java/util/Map//Entry), [wildcard(, pointer(reference(java/lang/Object))), wildcard(, pointer(reference(java/lang/Object)))])) java/util/Map//Entry<descendant of java/lang/Object,descendant of java/lang/Object>//getKey [] []]
src/main/java/org/apache/commons/lang3/ArrayUtils.java: error: unknown function
	data: [struct(java/lang/System, [], [pointer(reference(java/lang/Object))], []) java/lang/System//arraycopy [] [array2 0 joinedArray len(ensure_not_nil(array1)) len(ensure_not_nil(array2))]]
src/main/java/org/apache/commons/lang3/ArrayUtils.java: error: unknown field
	data: [Byte struct(java/lang/Byte, [], [pointer(reference(java/lang/Object))], []) TYPE]
src/main/java/org/apache/commons/lang3/ArrayUtils.java: error: unknown field
	data: [Character struct(java/lang/Character, [], [pointer(reference(java/lang/Object))], []) TYPE]
src/main/java/org/apache/commons/lang3/ArrayUtils.java: error: not a named type
	data: array(primitive(int, 16, false), primitive(int, 32, false), 0)
src/main/java/org/apache/commons/lang3/ArrayUtils.java: error: unknown field
	data: [Boolean struct(java/lang/Boolean, [], [pointer(reference(java/lang/Object))], []) TYPE]
src/main/java/org/apache/commons/lang3/ArrayUtils.java: error: unknown field
	data: [Long struct(java/lang/Long, [], [pointer(reference(java/lang/Object))], []) TYPE]
src/main/java/org/apache/commons/lang3/ArrayUtils.java: internal error: not an array type
	data: struct(java/lang/Object, [], [], [])
src/main/java/org/apache/commons/lang3/ArrayUtils.java: error: unknown function
	data: [<nil> clone [] [array]]
src/main/java/org/apache/commons/lang3/ArrayUtils.java: error: unknown function
	data: [struct(java/lang/System, [], [pointer(reference(java/lang/Object))], []) java/lang/System//arraycopy [] [array startIndexInclusive subarray 0 newSize]]
src/main/java/org/apache/commons/lang3/ArrayUtils.java: error: unknown function
	data: [struct(java/lang/System, [], [pointer(reference(java/lang/Object))], []) java/lang/System//arraycopy [] [array startIndexInclusive subarray 0 newSize]]
src/main/java/org/apache/commons/lang3/ArrayUtils.java: error: unknown function
	data: [struct(java/lang/System, [], [pointer(reference(java/lang/Object))], []) java/lang/System//arraycopy [] [array1 0 joinedArray 0 len(ensure_not_nil(array1))]]
src/main/java/org/apache/commons/lang3/ArrayUtils.java: error: unknown function
	data: [struct(java/lang/System, [], [pointer(reference(java/lang/Object))], []) java/lang/System//arraycopy [] [array2 0 joinedArray len(ensure_not_nil(array1)) len(ensure_not_nil(array2))]]
src/main/java/org/apache/commons/lang3/ArrayUtils.java: error: unknown field
	data: [Boolean struct(java/lang/Boolean, [], [pointer(reference(java/lang/Object))], []) TYPE]
src/main/java/org/apache/commons/lang3/ArrayUtils.java: error: unknown function
	data: [<nil> add [] [array index call(java/lang/Boolean//valueOf!85ac64685274e538d0c53030432a7f30, [element]) unsupported]]
src/main/java/org/apache/commons/lang3/ArrayUtils.java: error: unknown function
	data: [<nil> add [] [array index call(java/lang/Byte//valueOf!ca23c498841e7014e79813d9181dae57, [element]) unsupported]]
src/main/java/org/apache/commons/lang3/ArrayUtils.java: error: unknown function
	data: [<nil> add [] [array index call(java/lang/Integer//valueOf!82a13d2b9378b45b5451d30242dc1218, [element]) unsupported]]
src/main/java/org/apache/commons/lang3/ArrayUtils.java: error: unknown function
	data: [struct(java/lang/System, [], [pointer(reference(java/lang/Object))], []) java/lang/System//arraycopy [] [array startIndexInclusive subarray 0 newSize]]
src/main/java/org/apache/commons/lang3/ArrayUtils.java: error: unknown function
	data: [<nil> copyArrayGrow1 [] [array type]]
src/main/java/org/apache/commons/lang3/ArrayUtils.java: error: unknown field
	data: [Double struct(java/lang/Double, [], [pointer(reference(java/lang/Object))], []) TYPE]
src/main/java/org/apache/commons/lang3/ArrayUtils.java: error: unknown field
	data: [Character struct(java/lang/Character, [], [pointer(reference(java/lang/Object))], []) TYPE]
src/main/java/org/apache/commons/lang3/ArrayUtils.java: error: unknown field
	data: [Double struct(java/lang/Double, [], [pointer(reference(java/lang/Object))], []) TYPE]
src/main/java/org/apache/commons/lang3/ArrayUtils.java: error: unknown import
	data: org/apache/commons/lang3/builder/HashCodeBuilder
src/main/java/org/apache/commons/lang3/ArrayUtils.java: error: unknown function
	data: [struct(java/lang/System, [], [pointer(reference(java/lang/Object))], []) java/lang/System//arraycopy [] [array2 0 joinedArray len(ensure_not_nil(array1)) len(ensure_not_nil(array2))]]
src/main/java/org/apache/commons/lang3/ArrayUtils.java: error: unknown function
	data: [struct(java/lang/System, [], [pointer(reference(java/lang/Object))], []) java/lang/System//arraycopy [] [array1 0 joinedArray 0 len(ensure_not_nil(array1))]]
src/main/java/org/apache/commons/lang3/ArrayUtils.java: error: unknown function
	data: [<nil> copyArrayGrow1 [] [array unsupported]]
src/main/java/org/apache/commons/lang3/ArrayUtils.java: error: unknown import
	data: org/apache/commons/lang3/builder/ToStringStyle
src/main/java/org/apache/commons/lang3/ArrayUtils.java: error: unknown field
	data: [Float struct(java/lang/Float, [], [pointer(reference(java/lang/Object))], []) TYPE]
src/main/java/org/apache/commons/lang3/ArrayUtils.java: error: unknown function
	data: [<nil> copyArrayGrow1 [] [array unsupported]]
src/main/java/org/apache/commons/lang3/ArrayUtils.java: error: unknown function
	data: [<nil> add [] [array index call(java/lang/Long//valueOf!feb606741437b3116f99f2412027bc86, [element]) unsupported]]
src/main/java/org/apache/commons/lang3/ArrayUtils.java: error: unknown function
	data: [<nil> add [] [array index call(java/lang/Float//valueOf!0a37bd2ce4b9f5cb8abc17a360491bc5, [element]) unsupported]]
src/main/java/org/apache/commons/lang3/ArrayUtils.java: error: unknown function
	data: [struct(java/lang/System, [], [pointer(reference(java/lang/Object))], []) java/lang/System//arraycopy [] [array startIndexInclusive subarray 0 newSize]]
src/main/java/org/apache/commons/lang3/ArrayUtils.java: error: unknown function
	data: [pointer(reference(java/lang/Object)) java/lang/Object//getClass [] []]
src/main/java/org/apache/commons/lang3/ArrayUtils.java: error: unknown function
	data: [pointer(genericInstance(reference(java/lang/Class), [wildcard(, pointer(reference(java/lang/Object)))])) java/lang/Class<descendant of java/lang/Object>//isAssignableFrom [] [type2]]
src/main/java/org/apache/commons/lang3/ArrayUtils.java: error: unknown function
	data: [struct(java/lang/System, [], [pointer(reference(java/lang/Object))], []) java/lang/System//arraycopy [] [array2 0 joinedArray len(ensure_not_nil(array1)) len(ensure_not_nil(array2))]]
src/main/java/org/apache/commons/lang3/ArrayUtils.java: error: unknown field
	data: [Integer struct(java/lang/Integer, [], [pointer(reference(java/lang/Object))], []) TYPE]
src/main/java/org/apache/commons/lang3/ArrayUtils.java: error: unknown field
	data: [Short struct(java/lang/Short, [], [pointer(reference(java/lang/Object))], []) TYPE]
src/main/java/org/apache/commons/lang3/ArrayUtils.java: error: unknown function
	data: [<nil> remove [] [array index]]
src/main/java/org/apache/commons/lang3/ArrayUtils.java: error: unknown import
	data: java/util/HashMap
src/main/java/org/apache/commons/lang3/ArrayUtils.java: error: unknown import
	data: org/apache/commons/lang3/builder/ToStringBuilder
src/main/java/org/apache/commons/lang3/ArrayUtils.java: error: unknown function
	data: [struct(java/lang/System, [], [pointer(reference(java/lang/Object))], []) java/lang/System//arraycopy [] [array1 0 joinedArray 0 len(ensure_not_nil(array1))]]
src/main/java/org/apache/commons/lang3/ArrayUtils.java: error: unknown function
	data: [struct(java/lang/System, [], [pointer(reference(java/lang/Object))], []) java/lang/System//arraycopy [] [array2 0 joinedArray len(ensure_not_nil(array1)) len(ensure_not_nil(array2))]]
src/main/java/org/apache/commons/lang3/ArrayUtils.java: error: unknown function
	data: [struct(java/lang/System, [], [pointer(reference(java/lang/Object))], []) java/lang/System//arraycopy [] [array1 0 joinedArray 0 len(ensure_not_nil(array1))]]
src/main/java/org/apache/commons/lang3/ArrayUtils.java: error: unknown function
	data: [struct(java/lang/System, [], [pointer(reference(java/lang/Object))], []) java/lang/System//arraycopy [] [array2 0 joinedArray len(ensure_not_nil(array1)) len(ensure_not_nil(array2))]]
src/main/java/org/apache/commons/lang3/ArrayUtils.java: error: not a named type
	data: array(reference(T), primitive(int, 32, false), 0)
src/main/java/org/apache/commons/lang3/ArrayUtils.java: error: unknown field
	data: [Long struct(java/lang/Long, [], [pointer(reference(java/lang/Object))], []) TYPE]
src/main/java/org/apache/commons/lang3/ArrayUtils.java: error: not a named type
	data: array(primitive(bool, 0, false), primitive(int, 32, false), 0)
src/main/java/org/apache/commons/lang3/ArrayUtils.java: error: unknown function
	data: [struct(java/lang/System, [], [pointer(reference(java/lang/Object))], []) java/lang/System//arraycopy [] [array2 0 joinedArray len(ensure_not_nil(array1)) len(ensure_not_nil(array2))]]
src/main/java/org/apache/commons/lang3/ArrayUtils.java: error: unknown function
	data: [struct(java/lang/System, [], [pointer(reference(java/lang/Object))], []) java/lang/System//arraycopy [] [array1 0 joinedArray 0 len(ensure_not_nil(array1))]]
src/main/java/org/apache/commons/lang3/ArrayUtils.java: error: unknown function
	data: [<nil> copyArrayGrow1 [] [array unsupported]]
src/main/java/org/apache/commons/lang3/ArrayUtils.java: error: not a named type
	data: array(reference(T), primitive(int, 32, false), 0)
src/main/java/org/apache/commons/lang3/ArrayUtils.java: error: unknown field
	data: [Short struct(java/lang/Short, [], [pointer(reference(java/lang/Object))], []) TYPE]
src/main/java/org/apache/commons/lang3/ArrayUtils.java: error: not a named type
	data: array(primitive(float, 32, false), primitive(int, 32, false), 0)
src/main/java/org/apache/commons/lang3/ArrayUtils.java: error: unknown function
	data: [struct(java/lang/System, [], [pointer(reference(java/lang/Object))], []) java/lang/System//arraycopy [] [array startIndexInclusive subarray 0 newSize]]
src/main/java/org/apache/commons/lang3/ArrayUtils.java: error: unknown function
	data: [struct(java/lang/System, [], [pointer(reference(java/lang/Object))], []) java/lang/System//arraycopy [] [array startIndexInclusive subarray 0 newSize]]
src/main/java/org/apache/commons/lang3/ArrayUtils.java: error: not a named type
	data: array(pointer(reference(java/lang/Object)), primitive(int, 32, false), 0)
src/main/java/org/apache/commons/lang3/ArrayUtils.java: error: unknown function
	data: [<nil> add [] [array index call(java/lang/Character//valueOf!22f368feafe600249c22fbf1c1598d25, [element]) unsupported]]
src/main/java/org/apache/commons/lang3/ArrayUtils.java: error: unknown field
	data: [Byte struct(java/lang/Byte, [], [pointer(reference(java/lang/Object))], []) TYPE]
src/main/java/org/apache/commons/lang3/ArrayUtils.java: error: unknown function
	data: [pointer(genericInstance(reference(java/util/Map//Entry), [wildcard(, pointer(reference(java/lang/Object))), wildcard(, pointer(reference(java/lang/Object)))])) java/util/Map//Entry<descendant of java/lang/Object,descendant of java/lang/Object>//getValue [] []]
src/main/java/org/apache/commons/lang3/ArrayUtils.java: error: unknown function
	data: [<nil> clone [] [array2]]
src/main/java/org/apache/commons/lang3/BooleanUtils.java: error: unknown import
	data: org/apache/commons/lang3/math/NumberUtils
src/main/java/org/apache/commons/lang3/CharEncoding.java: error: unknown import
	data: java/nio/charset/IllegalCharsetNameException
src/main/java/org/apache/commons/lang3/CharEncoding.java: error: unknown import
	data: java/nio/charset/Charset
src/main/java/org/apache/commons/lang3/CharRange.java: error: unknown field
	data: [Character struct(java/lang/Character, [], [pointer(reference(java/lang/Object))], []) MAX_VALUE]
src/main/java/org/apache/commons/lang3/CharRange.java: error: unknown import
	data: java/util/NoSuchElementException
src/main/java/org/apache/commons/lang3/CharRange.java: error: unknown field
	data: [Character struct(java/lang/Character, [], [pointer(reference(java/lang/Object))], []) MAX_VALUE]
src/main/java/org/apache/commons/lang3/CharRange.java: error: unknown field
	data: [Character struct(java/lang/Character, [], [pointer(reference(java/lang/Object))], []) MAX_VALUE]
src/main/java/org/apache/commons/lang3/CharRange.java: error: unknown field
	data: [Character struct(java/lang/Character, [], [pointer(reference(java/lang/Object))], []) MAX_VALUE]
src/main/java/org/apache/commons/lang3/CharSequenceUtils.java: error: unknown function
	data: [struct(java/lang/String, [], [pointer(reference(java/lang/Object))], [reference(java/lang/CharSequence)]) java/lang/String//lastIndexOf [] [searchChar start]]
src/main/java/org/apache/commons/lang3/CharSequenceUtils.java: error: unknown function
	data: [struct(java/lang/String, [], [pointer(reference(java/lang/Object))], [reference(java/lang/CharSequence)]) java/lang/String//lastIndexOf [] [call(select(ensure_not_nil(searchChar), toString!d41d8cd98f00b204e9800998ecf8427e), []) start]]
src/main/java/org/apache/commons/lang3/CharSet.java: error: an unsupported collection type has been used for this operation
	data: genericInstance(unsupported(java/util/Set), [pointer(reference(org/apache/commons/lang3/CharRange))])
src/main/java/org/apache/commons/lang3/CharSet.java: error: unknown import
	data: java/util/Collections
src/main/java/org/apache/commons/lang3/CharSet.java: error: unknown import
	data: java/util/HashMap
src/main/java/org/apache/commons/lang3/CharSet.java: error: unknown import
	data: java/util/HashSet
src/main/java/org/apache/commons/lang3/CharSet.java: error: unknown import
	data: java/util/Set
src/main/java/org/apache/commons/lang3/ClassUtils.java: error: unknown field
	data: [Short struct(java/lang/Short, [], [pointer(reference(java/lang/Object))], []) TYPE]
src/main/java/org/apache/commons/lang3/ClassUtils.java: error: unknown field
	data: [Double struct(java/lang/Double, [], [pointer(reference(java/lang/Object))], []) TYPE]
src/main/java/org/apache/commons/lang3/ClassUtils.java: error: unknown identifier
	data: Void
src/main/java/org/apache/commons/lang3/ClassUtils.java: error: unknown function
	data: [struct(org/apache/commons/lang3/ArrayUtils, [], [pointer(reference(java/lang/Object))], []) org/apache/commons/lang3/ArrayUtils//toString [] [parameterTypes]]
src/main/java/org/apache/commons/lang3/ClassUtils.java: error: unknown import
	data: java/util/LinkedHashSet
src/main/java/org/apache/commons/lang3/ClassUtils.java: error: unknown function
	data: [<nil> java/util/ArrayList//ArrayList [pointer(genericInstance(reference(java/lang/Class), [wildcard(, pointer(reference(java/lang/Object)))]))] [interfacesFound]]
src/main/java/org/apache/commons/lang3/ClassUtils.java: error: unknown field
	data: [Float struct(java/lang/Float, [], [pointer(reference(java/lang/Object))], []) TYPE]
src/main/java/org/apache/commons/lang3/ClassUtils.java: error: unknown field
	data: [Integer struct(java/lang/Integer, [], [pointer(reference(java/lang/Object))], []) TYPE]
src/main/java/org/apache/commons/lang3/ClassUtils.java: error: unknown function
	data: [pointer(genericInstance(reference(java/util/List), [pointer(genericInstance(reference(java/lang/Class), [wildcard(, pointer(reference(java/lang/Object)))]))])) java/util/List<java/lang/Class<descendant of java/lang/Object>>//addAll [] [call(org/apache/commons/lang3/ClassUtils//getAllSuperclasses!5a065a63ea68e7f2ca0df36b62fe3e49, [cls])]]
src/main/java/org/apache/commons/lang3/ClassUtils.java: error: unknown function
	data: [struct(java/lang/Object, [], [], []) java/lang/Object//getClass [] []]
src/main/java/org/apache/commons/lang3/ClassUtils.java: error: unknown import
	data: java/util/HashSet
src/main/java/org/apache/commons/lang3/ClassUtils.java: error: unknown field
	data: [Integer struct(java/lang/Integer, [], [pointer(reference(java/lang/Object))], []) TYPE]
src/main/java/org/apache/commons/lang3/ClassUtils.java: error: unknown function
	data: [pointer(reference(java/lang/Object)) java/lang/Object//getClass [] []]
src/main/java/org/apache/commons/lang3/ClassUtils.java: error: unknown function
	data: [pointer(genericInstance(reference(java/lang/Class), [wildcard(, pointer(reference(java/lang/Object)))])) java/lang/Class<descendant of java/lang/Object>//isPrimitive [] []]
src/main/java/org/apache/commons/lang3/ClassUtils.java: error: unknown import
	data: java/lang/reflect/Method
src/main/java/org/apache/commons/lang3/ClassUtils.java: error: unknown import
	data: java/lang/reflect/Modifier
src/main/java/org/apache/commons/lang3/ClassUtils.java: error: unknown function
	data: [pointer(genericInstance(reference(java/lang/Class), [wildcard(, pointer(reference(java/lang/Object)))])) java/lang/Class<descendant of java/lang/Object>//getSuperclass [] []]
src/main/java/org/apache/commons/lang3/ClassUtils.java: error: unknown field
	data: [Boolean struct(java/lang/Boolean, [], [pointer(reference(java/lang/Object))], []) TYPE]
src/main/java/org/apache/commons/lang3/ClassUtils.java: error: unknown field
	data: [Short struct(java/lang/Short, [], [pointer(reference(java/lang/Object))], []) TYPE]
src/main/java/org/apache/commons/lang3/ClassUtils.java: error: unknown function
	data: [pointer(genericInstance(reference(java/lang/Class), [wildcard(, pointer(reference(java/lang/Object)))])) java/lang/Class<descendant of java/lang/Object>//isPrimitive [] []]
src/main/java/org/apache/commons/lang3/ClassUtils.java: error: unknown import
	data: java/util/HashMap
src/main/java/org/apache/commons/lang3/ClassUtils.java: error: unknown type
	data: ClassLoader
src/main/java/org/apache/commons/lang3/ClassUtils.java: error: unknown function
	data: [struct(java/lang/Class, [], [pointer(reference(java/lang/Object))], []) java/lang/Class//forName [] [className]]
src/main/java/org/apache/commons/lang3/ClassUtils.java: error: unknown field
	data: [Long struct(java/lang/Long, [], [pointer(reference(java/lang/Object))], []) TYPE]
src/main/java/org/apache/commons/lang3/ClassUtils.java: error: unknown field
	data: [Double struct(java/lang/Double, [], [pointer(reference(java/lang/Object))], []) TYPE]
src/main/java/org/apache/commons/lang3/ClassUtils.java: error: unknown field
	data: [Long struct(java/lang/Long, [], [pointer(reference(java/lang/Object))], []) TYPE]
src/main/java/org/apache/commons/lang3/ClassUtils.java: error: unknown field
	data: [Integer struct(java/lang/Integer, [], [pointer(reference(java/lang/Object))], []) TYPE]
src/main/java/org/apache/commons/lang3/ClassUtils.java: error: unknown function
	data: [pointer(genericInstance(reference(java/lang/Class), [wildcard(, pointer(reference(java/lang/Object)))])) java/lang/Class<descendant of java/lang/Object>//getSuperclass [] []]
src/main/java/org/apache/commons/lang3/ClassUtils.java: error: unknown function
	data: [<nil> java/util/ArrayList//ArrayList [pointer(reference(java/lang/String))] [call(select(ensure_not_nil(classes), size!d41d8cd98f00b204e9800998ecf8427e), [])]]
src/main/java/org/apache/commons/lang3/ClassUtils.java: error: unknown field
	data: [Float struct(java/lang/Float, [], [pointer(reference(java/lang/Object))], []) TYPE]
src/main/java/org/apache/commons/lang3/ClassUtils.java: error: unknown field
	data: [Float struct(java/lang/Float, [], [pointer(reference(java/lang/Object))], []) TYPE]
src/main/java/org/apache/commons/lang3/ClassUtils.java: error: unknown field
	data: [Character struct(java/lang/Character, [], [pointer(reference(java/lang/Object))], []) TYPE]
src/main/java/org/apache/commons/lang3/ClassUtils.java: error: unknown field
	data: [Boolean struct(java/lang/Boolean, [], [pointer(reference(java/lang/Object))], []) TYPE]
src/main/java/org/apache/commons/lang3/ClassUtils.java: error: unknown function
	data: [pointer(genericInstance(reference(java/util/Map), [pointer(genericInstance(reference(java/lang/Class), [wildcard(, pointer(reference(java/lang/Object)))])), pointer(genericInstance(reference(java/lang/Class), [wildcard(, pointer(reference(java/lang/Object)))]))])) java/util/Map<java/lang/Class<descendant of java/lang/Object>,java/lang/Class<descendant of java/lang/Object>>//keySet [] []]
src/main/java/org/apache/commons/lang3/ClassUtils.java: error: unknown function
	data: [<nil> java/util/ArrayList//ArrayList [pointer(genericInstance(reference(java/lang/Class), [wildcard(, pointer(reference(java/lang/Object)))]))] [call(select(ensure_not_nil(classNames), size!d41d8cd98f00b204e9800998ecf8427e), [])]]
src/main/java/org/apache/commons/lang3/ClassUtils.java: error: unknown field
	data: [Double struct(java/lang/Double, [], [pointer(reference(java/lang/Object))], []) TYPE]
src/main/java/org/apache/commons/lang3/ClassUtils.java: error: unknown field
	data: [Byte struct(java/lang/Byte, [], [pointer(reference(java/lang/Object))], []) TYPE]
src/main/java/org/apache/commons/lang3/ClassUtils.java: error: unknown field
	data: [Short struct(java/lang/Short, [], [pointer(reference(java/lang/Object))], []) TYPE]
src/main/java/org/apache/commons/lang3/ClassUtils.java: error: unknown field
	data: [Float struct(java/lang/Float, [], [pointer(reference(java/lang/Object))], []) TYPE]
src/main/java/org/apache/commons/lang3/ClassUtils.java: error: unknown field
	data: [Long struct(java/lang/Long, [], [pointer(reference(java/lang/Object))], []) TYPE]
src/main/java/org/apache/commons/lang3/ClassUtils.java: error: unknown function
	data: [pointer(genericInstance(reference(java/lang/Class), [wildcard(, pointer(reference(java/lang/Object)))])) java/lang/Class<descendant of java/lang/Object>//getEnclosingClass [] []]
src/main/java/org/apache/commons/lang3/ClassUtils.java: error: unknown function
	data: [pointer(genericInstance(reference(java/lang/Class), [wildcard(, pointer(reference(java/lang/Object)))])) java/lang/Class<descendant of java/lang/Object>//getMethod [] [methodName parameterTypes]]
src/main/java/org/apache/commons/lang3/ClassUtils.java: error: unknown function
	data: [pointer(genericInstance(reference(java/lang/Class), [wildcard(, pointer(reference(java/lang/Object)))])) java/lang/Class<descendant of java/lang/Object>//getInterfaces [] []]
src/main/java/org/apache/commons/lang3/ClassUtils.java: error: unknown field
	data: [Integer struct(java/lang/Integer, [], [pointer(reference(java/lang/Object))], []) TYPE]
src/main/java/org/apache/commons/lang3/ClassUtils.java: error: unknown field
	data: [Double struct(java/lang/Double, [], [pointer(reference(java/lang/Object))], []) TYPE]
src/main/java/org/apache/commons/lang3/ClassUtils.java: error: unknown field
	data: [Float struct(java/lang/Float, [], [pointer(reference(java/lang/Object))], []) TYPE]
src/main/java/org/apache/commons/lang3/ClassUtils.java: error: unknown field
	data: [Character struct(java/lang/Character, [], [pointer(reference(java/lang/Object))], []) TYPE]
src/main/java/org/apache/commons/lang3/ClassUtils.java: error: unknown field
	data: [Float struct(java/lang/Float, [], [pointer(reference(java/lang/Object))], []) TYPE]
src/main/java/org/apache/commons/lang3/ClassUtils.java: error: unknown identifier
	data: interfacesFound
src/main/java/org/apache/commons/lang3/ClassUtils.java: error: unknown field
	data: [Double struct(java/lang/Double, [], [pointer(reference(java/lang/Object))], []) TYPE]
src/main/java/org/apache/commons/lang3/ClassUtils.java: error: unknown field
	data: [Double struct(java/lang/Double, [], [pointer(reference(java/lang/Object))], []) TYPE]
src/main/java/org/apache/commons/lang3/ClassUtils.java: error: unknown field
	data: [Float struct(java/lang/Float, [], [pointer(reference(java/lang/Object))], []) TYPE]
src/main/java/org/apache/commons/lang3/ClassUtils.java: error: unknown field
	data: [Byte struct(java/lang/Byte, [], [pointer(reference(java/lang/Object))], []) TYPE]
src/main/java/org/apache/commons/lang3/ClassUtils.java: error: unknown field
	data: [Long struct(java/lang/Long, [], [pointer(reference(java/lang/Object))], []) TYPE]
src/main/java/org/apache/commons/lang3/ClassUtils.java: error: unknown field
	data: [Double struct(java/lang/Double, [], [pointer(reference(java/lang/Object))], []) TYPE]
src/main/java/org/apache/commons/lang3/ClassUtils.java: error: unknown function
	data: [pointer(genericInstance(reference(java/lang/Class), [wildcard(, pointer(reference(java/lang/Object)))])) java/lang/Class<descendant of java/lang/Object>//isAssignableFrom [] [cls]]
src/main/java/org/apache/commons/lang3/ClassUtils.java: error: unknown function
	data: [struct(java/lang/Class, [], [pointer(reference(java/lang/Object))], []) java/lang/Class//forName [] [call(org/apache/commons/lang3/ClassUtils//toCanonicalName!efbb7192f0412fb225b1065a0117385c, [className]) initialize classLoader]]
src/main/java/org/apache/commons/lang3/ClassUtils.java: error: unknown function
	data: [pointer(genericInstance(reference(java/lang/Class), [wildcard(, pointer(reference(java/lang/Object)))])) java/lang/Class<descendant of java/lang/Object>//getModifiers [] []]
src/main/java/org/apache/commons/lang3/ClassUtils.java: error: unknown function
	data: [pointer(genericInstance(reference(java/lang/Class), [wildcard(, pointer(reference(java/lang/Object)))])) java/lang/Class<descendant of java/lang/Object>//getSuperclass [] []]
src/main/java/org/apache/commons/lang3/ClassUtils.java: error: unknown field
	data: [Integer struct(java/lang/Integer, [], [pointer(reference(java/lang/Object))], []) TYPE]
src/main/java/org/apache/commons/lang3/ClassUtils.java: error: unknown function
	data: [struct(java/lang/Class, [], [pointer(reference(java/lang/Object))], []) java/lang/Class//forName [] [clsName initialize classLoader]]
src/main/java/org/apache/commons/lang3/ClassUtils.java: error: unknown field
	data: [Long struct(java/lang/Long, [], [pointer(reference(java/lang/Object))], []) TYPE]
src/main/java/org/apache/commons/lang3/ClassUtils.java: error: unknown field
	data: [Long struct(java/lang/Long, [], [pointer(reference(java/lang/Object))], []) TYPE]
src/main/java/org/apache/commons/lang3/ClassUtils.java: error: unknown field
	data: [Double struct(java/lang/Double, [], [pointer(reference(java/lang/Object))], []) TYPE]
src/main/java/org/apache/commons/lang3/ClassUtils.java: error: unknown function
	data: [pointer(genericInstance(reference(java/lang/Class), [wildcard(, pointer(reference(java/lang/Object)))])) java/lang/Class<descendant of java/lang/Object>//isPrimitive [] []]
src/main/java/org/apache/commons/lang3/ClassUtils.java: error: unknown function
	data: [pointer(genericInstance(reference(java/util/List), [pointer(genericInstance(reference(java/lang/Class), [wildcard(, pointer(reference(java/lang/Object)))]))])) java/util/List<java/lang/Class<descendant of java/lang/Object>>//addAll [] [call(org/apache/commons/lang3/ClassUtils//getAllInterfaces!5a065a63ea68e7f2ca0df36b62fe3e49, [cls])]]
src/main/java/org/apache/commons/lang3/EnumUtils.java: error: unknown function
	data: [struct(java/lang/Enum, [], [pointer(reference(java/lang/Object))], []) java/lang/Enum//valueOf [] [enumClass enumName]]
src/main/java/org/apache/commons/lang3/EnumUtils.java: error: unknown import
	data: java/util/Arrays
src/main/java/org/apache/commons/lang3/EnumUtils.java: error: unknown import
	data: java/util/LinkedHashMap
src/main/java/org/apache/commons/lang3/EnumUtils.java: error: unknown function
	data: [pointer(genericInstance(reference(java/lang/Class), [reference(E)])) java/lang/Class<E>//getEnumConstants [] []]
src/main/java/org/apache/commons/lang3/EnumUtils.java: error: unknown function
	data: [pointer(genericInstance(reference(java/lang/Class), [reference(E)])) java/lang/Class<E>//getEnumConstants [] []]
src/main/java/org/apache/commons/lang3/EnumUtils.java: error: unknown function
	data: [<nil> java/util/ArrayList//ArrayList [reference(E)] [unsupported]]
src/main/java/org/apache/commons/lang3/EnumUtils.java: error: unknown function
	data: [struct(java/lang/Enum, [], [pointer(reference(java/lang/Object))], []) java/lang/Enum//valueOf [] [enumClass enumName]]
src/main/java/org/apache/commons/lang3/JavaVersion.java: error: unknown function
	data: [struct(java/lang/System, [], [pointer(reference(java/lang/Object))], []) java/lang/System//getProperty [] ["java.version" "2.0"]]
src/main/java/org/apache/commons/lang3/LocaleUtils.java: error: unknown import
	data: java/util/Arrays
src/main/java/org/apache/commons/lang3/LocaleUtils.java: error: unknown import
	data: java/util/Locale
src/main/java/org/apache/commons/lang3/LocaleUtils.java: error: unknown import
	data: java/util/Set
src/main/java/org/apache/commons/lang3/LocaleUtils.java: error: unknown import
	data: java/util/concurrent/ConcurrentMap
src/main/java/org/apache/commons/lang3/LocaleUtils.java: error: unknown function
	data: [<nil> java/util/ArrayList//ArrayList [unsupported(java/util/Locale)] [4]]
src/main/java/org/apache/commons/lang3/LocaleUtils.java: error: unknown function
	data: [<nil> java/util/ArrayList//ArrayList [unsupported(java/util/Locale)] [unsupported]]
src/main/java/org/apache/commons/lang3/LocaleUtils.java: error: unknown import
	data: java/util/Collections
src/main/java/org/apache/commons/lang3/LocaleUtils.java: error: unknown import
	data: java/util/HashSet
src/main/java/org/apache/commons/lang3/LocaleUtils.java: error: unknown import
	data: java/util/concurrent/ConcurrentHashMap
src/main/java/org/apache/commons/lang3/ObjectUtils.java: error: unknown function
	data: [pointer(genericInstance(reference(java/lang/Class), [wildcard(, pointer(reference(java/lang/Object)))])) java/lang/Class<descendant of java/lang/Object>//isPrimitive [] []]
src/main/java/org/apache/commons/lang3/ObjectUtils.java: error: unknown function
	data: [<nil> compare [] [c1 c2 false]]
src/main/java/org/apache/commons/lang3/ObjectUtils.java: error: unknown import
	data: java/lang/reflect/Array
src/main/java/org/apache/commons/lang3/ObjectUtils.java: error: unknown import
	data: java/lang/reflect/Method
src/main/java/org/apache/commons/lang3/ObjectUtils.java: error: unknown function
	data: [pointer(reference(java/lang/StringBuffer)) java/lang/StringBuffer//append [] [unsupported]]
src/main/java/org/apache/commons/lang3/ObjectUtils.java: error: unknown function
	data: [<nil> compare [] [value result false]]
src/main/java/org/apache/commons/lang3/ObjectUtils.java: error: unknown import
	data: java/lang/reflect/InvocationTargetException
src/main/java/org/apache/commons/lang3/ObjectUtils.java: error: unknown function
	data: [struct(java/lang/System, [], [pointer(reference(java/lang/Object))], []) java/lang/System//identityHashCode [] [object]]
src/main/java/org/apache/commons/lang3/ObjectUtils.java: error: unknown function
	data: [<nil> compare [] [value result true]]
src/main/java/org/apache/commons/lang3/ObjectUtils.java: error: not a named type
	data: array(pointer(reference(java/lang/Object)), primitive(int, 32, false), 0)
src/main/java/org/apache/commons/lang3/ObjectUtils.java: error: unknown function
	data: [<nil> clone [] [obj]]
src/main/java/org/apache/commons/lang3/ObjectUtils.java: error: unknown import
	data: org/apache/commons/lang3/exception/CloneFailedException
src/main/java/org/apache/commons/lang3/ObjectUtils.java: error: unknown function
	data: [pointer(reference(java/lang/Object)) java/lang/Object//getClass [] []]
src/main/java/org/apache/commons/lang3/RandomStringUtils.java: error: unknown function
	data: [pointer(reference(java/util/Random)) java/util/Random//nextInt [] [gap]]
src/main/java/org/apache/commons/lang3/RandomStringUtils.java: error: unknown function
	data: [pointer(reference(java/util/Random)) java/util/Random//nextInt [] [gap]]
src/main/java/org/apache/commons/lang3/RandomStringUtils.java: error: unknown function
	data: [pointer(reference(java/util/Random)) java/util/Random//nextInt [] [128]]
src/main/java/org/apache/commons/lang3/RandomStringUtils.java: error: unknown function
	data: [pointer(reference(java/util/Random)) java/util/Random//nextInt [] [128]]
src/main/java/org/apache/commons/lang3/Range.java: error: unknown function
	data: [<nil> between [] [element element comparator]]
src/main/java/org/apache/commons/lang3/Range.java: error: unknown function
	data: [<nil> getClass [] []]
src/main/java/org/apache/commons/lang3/Range.java: error: unknown function
	data: [pointer(reference(java/lang/StringBuilder)) java/lang/StringBuilder//append [] [select(this, minimum)]]
src/main/java/org/apache/commons/lang3/Range.java: error: unknown function
	data: [<nil> between [] [element element nil]]
src/main/java/org/apache/commons/lang3/Range.java: error: unknown function
	data: [pointer(reference(java/lang/Object)) java/lang/Object//getClass [] []]
src/main/java/org/apache/commons/lang3/Range.java: error: unknown function
	data: [struct(java/lang/String, [], [pointer(reference(java/lang/Object))], [reference(java/lang/CharSequence)]) java/lang/String//format [] [format select(this, minimum) select(this, maximum) select(this, comparator)]]
src/main/java/org/apache/commons/lang3/Range.java: error: unknown import
	data: java/util/Formattable
src/main/java/org/apache/commons/lang3/Range.java: error: unknown function
	data: [pointer(reference(java/lang/StringBuilder)) java/lang/StringBuilder//append [] [select(this, maximum)]]
src/main/java/org/apache/commons/lang3/Range.java: error: unknown type
	data: SuppressWarnings
src/main/java/org/apache/commons/lang3/Range.java: error: unknown function
	data: [<nil> between [] [fromInclusive toInclusive nil]]
src/main/java/org/apache/commons/lang3/Range.java: error: unknown function
	data: [<nil> java/lang/IllegalArgumentException//IllegalArgumentException [] [+(unsupported, element2)]]
src/main/java/org/apache/commons/lang3/SerializationUtils.java: error: unknown import
	data: java/io/ByteArrayInputStream
src/main/java/org/apache/commons/lang3/SerializationUtils.java: error: unknown import
	data: java/io/ByteArrayOutputStream
src/main/java/org/apache/commons/lang3/SerializationUtils.java: error: unknown function
	data: [<nil> java/io/ObjectOutputStream//ObjectOutputStream [] [outputStream]]
src/main/java/org/apache/commons/lang3/SerializationUtils.java: error: unknown function
	data: [pointer(reference(java/io/ObjectOutputStream)) java/io/ObjectOutputStream//close [] []]
src/main/java/org/apache/commons/lang3/SerializationUtils.java: error: unknown function
	data: [pointer(reference(java/io/ObjectInputStream)) java/io/ObjectInputStream//readObject [] []]
src/main/java/org/apache/commons/lang3/SerializationUtils.java: error: unknown function
	data: [pointer(reference(java/io/ObjectInputStream)) java/io/ObjectInputStream//close [] []]
src/main/java/org/apache/commons/lang3/SerializationUtils.java: internal error: missing return statement
	data: function(<nil>, org/apache/commons/lang3/SerializationUtils//deserialize!56db1467142e508511a168a2d9f1bdde, [variable(inputStream, pointer(reference(java/io/InputStream)))], [variable(, pointer(reference(java/lang/Object)))], block([unsupported]))
src/main/java/org/apache/commons/lang3/SerializationUtils.java: error: unknown function
	data: [<nil> serialize [] [object]]
src/main/java/org/apache/commons/lang3/SerializationUtils.java: error: unknown function
	data: [pointer(reference(java/io/ObjectOutputStream)) java/io/ObjectOutputStream//writeObject [] [obj]]
src/main/java/org/apache/commons/lang3/SerializationUtils.java: error: unknown function
	data: [<nil> java/io/ObjectInputStream//ObjectInputStream [] [inputStream]]
src/main/java/org/apache/commons/lang3/StringEscapeUtils.java: error: unknown import
	data: org/apache/commons/lang3/text/translate/AggregateTranslator
src/main/java/org/apache/commons/lang3/StringEscapeUtils.java: error: unknown import
	data: org/apache/commons/lang3/text/translate/CharSequenceTranslator
src/main/java/org/apache/commons/lang3/StringEscapeUtils.java: error: unknown import
	data: org/apache/commons/lang3/text/translate/EntityArrays
src/main/java/org/apache/commons/lang3/StringEscapeUtils.java: error: unknown import
	data: org/apache/commons/lang3/text/translate/NumericEntityUnescaper
src/main/java/org/apache/commons/lang3/StringEscapeUtils.java: error: unknown import
	data: org/apache/commons/lang3/text/translate/OctalUnescaper
src/main/java/org/apache/commons/lang3/StringEscapeUtils.java: error: unknown import
	data: org/apache/commons/lang3/text/translate/UnicodeUnescaper
src/main/java/org/apache/commons/lang3/StringEscapeUtils.java: error: unknown import
	data: org/apache/commons/lang3/text/translate/LookupTranslator
src/main/java/org/apache/commons/lang3/StringEscapeUtils.java: error: unknown import
	data: org/apache/commons/lang3/text/translate/UnicodeEscaper
src/main/java/org/apache/commons/lang3/StringEscapeUtils.java: error: unknown import
	data: java/io/Writer
src/main/java/org/apache/commons/lang3/StringUtils.java: error: unknown function
	data: [pointer(reference(java/lang/StringBuilder)) java/lang/StringBuilder//append [] [obj]]
src/main/java/org/apache/commons/lang3/StringUtils.java: error: unknown function
	data: [struct(org/apache/commons/lang3/StringUtils, [], [pointer(reference(java/lang/Object))], []) org/apache/commons/lang3/StringUtils//isEmpty [] [str]]
src/main/java/org/apache/commons/lang3/StringUtils.java: error: not a boolean type
	data: unsupported
src/main/java/org/apache/commons/lang3/StringUtils.java: error: unknown function
	data: [pointer(reference(java/lang/StringBuilder)) java/lang/StringBuilder//append [] [obj]]
src/main/java/org/apache/commons/lang3/StringUtils.java: unsupported: unsupported type cast
	data: cast(searchStrings, array(pointer(reference(java/lang/Object)), primitive(int, 32, false), 0))
src/main/java/org/apache/commons/lang3/StringUtils.java: error: unknown import
	data: java/lang/reflect/InvocationTargetException
src/main/java/org/apache/commons/lang3/StringUtils.java: error: unknown import
	data: java/util/Locale
src/main/java/org/apache/commons/lang3/StringUtils.java: error: unknown function
	data: [pointer(reference(java/lang/StringBuilder)) java/lang/StringBuilder//append [] [index(array, i)]]
src/main/java/org/apache/commons/lang3/StringUtils.java: error: unknown function
	data: [pointer(reference(java/lang/StringBuilder)) java/lang/StringBuilder//append [] [first]]
src/main/java/org/apache/commons/lang3/StringUtils.java: error: unknown function
	data: [pointer(reference(java/lang/String)) java/lang/String//toLowerCase [] [locale]]
src/main/java/org/apache/commons/lang3/StringUtils.java: error: unknown import
	data: java/lang/reflect/Method
src/main/java/org/apache/commons/lang3/StringUtils.java: error: unknown field
	data: [Integer struct(java/lang/Integer, [], [pointer(reference(java/lang/Object))], []) TYPE]
src/main/java/org/apache/commons/lang3/StringUtils.java: error: unknown function
	data: [<nil> join [] [elements nil]]
src/main/java/org/apache/commons/lang3/StringUtils.java: error: unknown function
	data: [pointer(reference(java/lang/StringBuilder)) java/lang/StringBuilder//append [] [index(array, i)]]
src/main/java/org/apache/commons/lang3/StringUtils.java: error: unknown function
	data: [struct(org/apache/commons/lang3/StringUtils, [], [pointer(reference(java/lang/Object))], []) org/apache/commons/lang3/StringUtils//isBlank [] [str]]
src/main/java/org/apache/commons/lang3/StringUtils.java: unsupported: unsupported type cast
	data: cast(searchStrings, array(pointer(reference(java/lang/Object)), primitive(int, 32, false), 0))
src/main/java/org/apache/commons/lang3/StringUtils.java: error: unknown function
	data: [pointer(reference(java/lang/StringBuilder)) java/lang/StringBuilder//append [] [first]]
src/main/java/org/apache/commons/lang3/StringUtils.java: internal error: not an array type
	data: genericInstance(reference(java/util/Iterator), [wildcard(, pointer(reference(java/lang/Object)))])
src/main/java/org/apache/commons/lang3/StringUtils.java: error: unknown import
	data: java/util/regex/Pattern
src/main/java/org/apache/commons/lang3/StringUtils.java: error: unknown identifier
	data: Thread
src/main/java/org/apache/commons/lang3/StringUtils.java: error: unknown function
	data: [pointer(genericInstance(reference(java/lang/Class), [wildcard(, pointer(reference(java/lang/Object)))])) java/lang/Class<descendant of java/lang/Object>//getMethod [] ["normalize" composite(array(pointer(genericInstance(reference(java/lang/Class), [])), primitive(int, 32, false), 0), [call(java/lang/Class//Class!e3b1fa59c6d86c11414ab72a3dd3145b, ["CharSequence", "java.lang.CharSequence", "CharSequence"]), normalizerFormClass])]]
src/main/java/org/apache/commons/lang3/StringUtils.java: error: unknown import
	data: java/util/Arrays
src/main/java/org/apache/commons/lang3/StringUtils.java: error: unknown function
	data: [pointer(reference(java/lang/String)) java/lang/String//lastIndexOf [] [separator]]
src/main/java/org/apache/commons/lang3/StringUtils.java: internal error: not an array type
	data: genericInstance(reference(java/util/Iterator), [wildcard(, pointer(reference(java/lang/Object)))])
src/main/java/org/apache/commons/lang3/StringUtils.java: unsupported: unsupported AST node
	data: &{0xc001031700 <nil> [] 0xc00103e000 0xc001036fc0 {None [] [] None}}
src/main/java/org/apache/commons/lang3/StringUtils.java: error: unknown function
	data: [pointer(reference(java/lang/String)) java/lang/String//lastIndexOf [] [separator]]
src/main/java/org/apache/commons/lang3/StringUtils.java: error: unknown function
	data: [pointer(genericInstance(reference(java/lang/Class), [wildcard(, pointer(reference(java/lang/Object)))])) java/lang/Class<descendant of java/lang/Object>//getField [] ["NFD"]]
src/main/java/org/apache/commons/lang3/StringUtils.java: unsupported: unsupported type cast
	data: [cast(strs, array(reference(java/lang/CharSequence), primitive(int, 32, false), 0)) reference(java/lang/CharSequence)]
src/main/java/org/apache/commons/lang3/StringUtils.java: error: unknown function
	data: [pointer(reference(java/lang/String)) java/lang/String//toUpperCase [] [locale]]
src/main/java/org/apache/commons/lang3/StringUtils.java: error: not a boolean type
	data: unsupported
src/main/java/org/apache/commons/lang3/StringUtils.java: error: unknown field
	data: [Boolean struct(java/lang/Boolean, [], [pointer(reference(java/lang/Object))], []) TYPE]
src/main/java/org/apache/commons/lang3/StringUtils.java: error: unknown function
	data: [pointer(genericInstance(reference(java/lang/Class), [wildcard(, pointer(reference(java/lang/Object)))])) java/lang/Class<descendant of java/lang/Object>//getMethod [] ["decompose" composite(array(pointer(genericInstance(reference(java/lang/Class), [])), primitive(int, 32, false), 0), [call(java/lang/Class//Class!e3b1fa59c6d86c11414ab72a3dd3145b, ["String", "java.lang.String", "String"]), unsupported, unsupported])]]
src/main/java/org/apache/commons/lang3/StringUtils.java: error: unknown field
	data: [Character struct(java/lang/Character, [], [pointer(reference(java/lang/Object))], []) LOWERCASE_LETTER]
src/main/java/org/apache/commons/lang3/StringUtils.java: error: unknown field
	data: [Character struct(java/lang/Character, [], [pointer(reference(java/lang/Object))], []) UPPERCASE_LETTER]
src/main/java/org/apache/commons/lang3/SystemUtils.java: error: unknown import
	data: java/io/File
src/main/java/org/apache/commons/lang3/SystemUtils.java: error: unknown function
	data: [struct(java/lang/System, [], [pointer(reference(java/lang/Object))], []) java/lang/System//getProperty [] [property]]
src/main/java/org/apache/commons/lang3/Validate.java: error: unknown import
	data: java/util/regex/Pattern
src/main/java/org/apache/commons/lang3/Validate.java: error: unknown function
	data: [struct(java/lang/String, [], [pointer(reference(java/lang/Object))], [reference(java/lang/CharSequence)]) java/lang/String//format [] [org/apache/commons/lang3/Validate//DEFAULT_EXCLUSIVE_BETWEEN_EX_MESSAGE value start end]]
src/main/java/org/apache/commons/lang3/Validate.java: error: unknown function
	data: [<nil> notBlank [] [chars org/apache/commons/lang3/Validate//DEFAULT_NOT_BLANK_EX_MESSAGE]]
src/main/java/org/apache/commons/lang3/Validate.java: error: unknown function
	data: [struct(org/apache/commons/lang3/Validate, [], [pointer(reference(java/lang/Object))], []) org/apache/commons/lang3/Validate//notNull [] [array]]
src/main/java/org/apache/commons/lang3/Validate.java: internal error: not an array type
	data: genericParameter(T, [pointer(genericInstance(reference(java/util/Map), [wildcard(, pointer(reference(java/lang/Object))), wildcard(, pointer(reference(java/lang/Object)))]))])
src/main/java/org/apache/commons/lang3/Validate.java: internal error: not an array type
	data: genericParameter(T, [pointer(genericInstance(reference(java/util/Collection), [wildcard(, pointer(reference(java/lang/Object)))]))])
src/main/java/org/apache/commons/lang3/Validate.java: error: unknown function
	data: [struct(org/apache/commons/lang3/Validate, [], [pointer(reference(java/lang/Object))], []) org/apache/commons/lang3/Validate//notNull [] [chars]]
src/main/java/org/apache/commons/lang3/Validate.java: error: unknown function
	data: [pointer(genericInstance(reference(java/lang/Class), [wildcard(, pointer(reference(java/lang/Object)))])) java/lang/Class<descendant of java/lang/Object>//isAssignableFrom [] [type]]
src/main/java/org/apache/commons/lang3/Validate.java: error: unknown function
	data: [<nil> notEmpty [] [array org/apache/commons/lang3/Validate//DEFAULT_NOT_EMPTY_ARRAY_EX_MESSAGE]]
src/main/java/org/apache/commons/lang3/Validate.java: error: unknown function
	data: [struct(org/apache/commons/lang3/StringUtils, [], [pointer(reference(java/lang/Object))], []) org/apache/commons/lang3/StringUtils//isBlank [] [chars]]
src/main/java/org/apache/commons/lang3/Validate.java: error: unknown function
	data: [<nil> noNullElements [] [array org/apache/commons/lang3/Validate//DEFAULT_NO_NULL_ELEMENTS_ARRAY_EX_MESSAGE]]
src/main/java/org/apache/commons/lang3/Validate.java: internal error: not an array type
	data: genericParameter(T, [pointer(genericInstance(reference(java/lang/Iterable), [wildcard(, pointer(reference(java/lang/Object)))]))])
src/main/java/org/apache/commons/lang3/Validate.java: internal error: not an array type
	data: genericParameter(T, [pointer(genericInstance(reference(java/util/Collection), [wildcard(, pointer(reference(java/lang/Object)))]))])
src/main/java/org/apache/commons/lang3/Validate.java: error: unknown function
	data: [pointer(genericInstance(reference(java/lang/Class), [wildcard(, pointer(reference(java/lang/Object)))])) java/lang/Class<descendant of java/lang/Object>//isAssignableFrom [] [type]]
src/main/java/org/apache/commons/lang3/Validate.java: internal error: not an array type
	data: genericParameter(T, [reference(java/lang/CharSequence)])
src/main/java/org/apache/commons/lang3/Validate.java: error: unknown function
	data: [struct(org/apache/commons/lang3/Validate, [], [pointer(reference(java/lang/Object))], []) org/apache/commons/lang3/Validate//notNull [] [array]]
src/main/java/org/apache/commons/lang3/Validate.java: error: unknown function
	data: [struct(org/apache/commons/lang3/Validate, [], [pointer(reference(java/lang/Object))], []) org/apache/commons/lang3/Validate//notNull [] [iterable]]
src/main/java/org/apache/commons/lang3/Validate.java: error: unknown function
	data: [<nil> validIndex [] [array index org/apache/commons/lang3/Validate//DEFAULT_VALID_INDEX_ARRAY_EX_MESSAGE call(java/lang/Integer//valueOf!82a13d2b9378b45b5451d30242dc1218, [index])]]
src/main/java/org/apache/commons/lang3/Validate.java: error: unknown function
	data: [struct(org/apache/commons/lang3/Validate, [], [pointer(reference(java/lang/Object))], []) org/apache/commons/lang3/Validate//notNull [] [collection]]
src/main/java/org/apache/commons/lang3/Validate.java: internal error: not an array type
	data: genericParameter(T, [reference(java/lang/CharSequence)])
src/main/java/org/apache/commons/lang3/Validate.java: error: unknown function
	data: [<nil> notNull [] [object org/apache/commons/lang3/Validate//DEFAULT_IS_NULL_EX_MESSAGE]]
src/main/java/org/apache/commons/lang3/Validate.java: error: unknown function
	data: [struct(java/lang/String, [], [pointer(reference(java/lang/Object))], [reference(java/lang/CharSequence)]) java/lang/String//format [] [org/apache/commons/lang3/Validate//DEFAULT_INCLUSIVE_BETWEEN_EX_MESSAGE value start end]]
src/main/java/org/apache/commons/lang3/Validate.java: error: unknown function
	data: [pointer(genericInstance(reference(java/lang/Class), [wildcard(, pointer(reference(java/lang/Object)))])) java/lang/Class<descendant of java/lang/Object>//isInstance [] [obj]]
src/main/java/org/apache/commons/lang3/Validate.java: error: unknown function
	data: [pointer(genericInstance(reference(java/lang/Class), [wildcard(, pointer(reference(java/lang/Object)))])) java/lang/Class<descendant of java/lang/Object>//isInstance [] [obj]]
Found 1 Java files
Found 333 problems in Java files
src/main/java/org/apache/commons/lang3/StringUtils.java: found 155 symbols
src/main/java/org/apache/commons/lang3/StringUtils.java: org.apache.commons.lang3.StringUtils.containsOnly: computing test cases
src/main/java/org/apache/commons/lang3/StringUtils.java: org.apache.commons.lang3.StringUtils.containsOnly: computed 0 unit tests
src/main/java/org/apache/commons/lang3/StringUtils.java: org.apache.commons.lang3.StringUtils.containsOnly: found 0 problems
src/main/java/org/apache/commons/lang3/StringUtils.java: org.apache.commons.lang3.StringUtils.isAsciiPrintable: computing test cases
src/main/java/org/apache/commons/lang3/StringUtils.java: org.apache.commons.lang3.StringUtils.isAsciiPrintable: computed 0 unit tests
src/main/java/org/apache/commons/lang3/StringUtils.java: org.apache.commons.lang3.StringUtils.isAsciiPrintable: found 0 problems
src/main/java/org/apache/commons/lang3/StringUtils.java: org.apache.commons.lang3.StringUtils.replaceChars: computing test cases
src/main/java/org/apache/commons/lang3/StringUtils.java: org.apache.commons.lang3.StringUtils.replaceChars: computed 0 unit tests
src/main/java/org/apache/commons/lang3/StringUtils.java: org.apache.commons.lang3.StringUtils.replaceChars: found 0 problems
src/main/java/org/apache/commons/lang3/StringUtils.java: org.apache.commons.lang3.StringUtils.abbreviate: computing test cases
src/main/java/org/apache/commons/lang3/StringUtils.java: org.apache.commons.lang3.StringUtils.abbreviate: computed 0 unit tests
src/main/java/org/apache/commons/lang3/StringUtils.java: org.apache.commons.lang3.StringUtils.abbreviate: found 0 problems
src/main/java/org/apache/commons/lang3/StringUtils.java: org.apache.commons.lang3.StringUtils.removeStart: computing test cases
src/main/java/org/apache/commons/lang3/StringUtils.java: org.apache.commons.lang3.StringUtils.removeStart: computed 0 unit tests
src/main/java/org/apache/commons/lang3/StringUtils.java: org.apache.commons.lang3.StringUtils.removeStart: found 0 problems
src/main/java/org/apache/commons/lang3/StringUtils.java: org.apache.commons.lang3.StringUtils.left: computing test cases
src/main/java/org/apache/commons/lang3/StringUtils.java: org.apache.commons.lang3.StringUtils.left: computed 0 unit tests
src/main/java/org/apache/commons/lang3/StringUtils.java: org.apache.commons.lang3.StringUtils.left: found 0 problems
src/main/java/org/apache/commons/lang3/StringUtils.java: org.apache.commons.lang3.StringUtils.split: computing test cases
src/main/java/org/apache/commons/lang3/StringUtils.java: org.apache.commons.lang3.StringUtils.split: computed 0 unit tests
src/main/java/org/apache/commons/lang3/StringUtils.java: org.apache.commons.lang3.StringUtils.split: found 0 problems
src/main/java/org/apache/commons/lang3/StringUtils.java: org.apache.commons.lang3.StringUtils.isWhitespace: computing test cases
src/main/java/org/apache/commons/lang3/StringUtils.java: org.apache.commons.lang3.StringUtils.isWhitespace: computed 0 unit tests
src/main/java/org/apache/commons/lang3/StringUtils.java: org.apache.commons.lang3.StringUtils.isWhitespace: found 0 problems
src/main/java/org/apache/commons/lang3/StringUtils.java: org.apache.commons.lang3.StringUtils.reverse: computing test cases
src/main/java/org/apache/commons/lang3/StringUtils.java: org.apache.commons.lang3.StringUtils.reverse: computed 0 unit tests
src/main/java/org/apache/commons/lang3/StringUtils.java: org.apache.commons.lang3.StringUtils.reverse: found 0 problems
src/main/java/org/apache/commons/lang3/StringUtils.java: org.apache.commons.lang3.StringUtils.splitPreserveAllTokens: computing test cases
src/main/java/org/apache/commons/lang3/StringUtils.java: org.apache.commons.lang3.StringUtils.splitPreserveAllTokens: computed 0 unit tests
src/main/java/org/apache/commons/lang3/StringUtils.java: org.apache.commons.lang3.StringUtils.splitPreserveAllTokens: found 0 problems
src/main/java/org/apache/commons/lang3/StringUtils.java: org.apache.commons.lang3.StringUtils.difference: computing test cases
src/main/java/org/apache/commons/lang3/StringUtils.java: org.apache.commons.lang3.StringUtils.difference: computed 0 unit tests
src/main/java/org/apache/commons/lang3/StringUtils.java: org.apache.commons.lang3.StringUtils.difference: found 0 problems
src/main/java/org/apache/commons/lang3/StringUtils.java: org.apache.commons.lang3.StringUtils.StringUtils: computing test cases
src/main/java/org/apache/commons/lang3/StringUtils.java: org.apache.commons.lang3.StringUtils.StringUtils: computed 0 unit tests
src/main/java/org/apache/commons/lang3/StringUtils.java: org.apache.commons.lang3.StringUtils.StringUtils: found 0 problems
src/main/java/org/apache/commons/lang3/StringUtils.java: org.apache.commons.lang3.StringUtils.split: computing test cases
src/main/java/org/apache/commons/lang3/StringUtils.java: org.apache.commons.lang3.StringUtils.split: computed 0 unit tests
src/main/java/org/apache/commons/lang3/StringUtils.java: org.apache.commons.lang3.StringUtils.split: found 0 problems
src/main/java/org/apache/commons/lang3/StringUtils.java: org.apache.commons.lang3.StringUtils.strip: computing test cases
src/main/java/org/apache/commons/lang3/StringUtils.java: org.apache.commons.lang3.StringUtils.strip: computed 0 unit tests
src/main/java/org/apache/commons/lang3/StringUtils.java: org.apache.commons.lang3.StringUtils.strip: found 0 problems
src/main/java/org/apache/commons/lang3/StringUtils.java: org.apache.commons.lang3.StringUtils.defaultString: computing test cases
src/main/java/org/apache/commons/lang3/StringUtils.java: org.apache.commons.lang3.StringUtils.defaultString: computed 0 unit tests
src/main/java/org/apache/commons/lang3/StringUtils.java: org.apache.commons.lang3.StringUtils.defaultString: found 0 problems
src/main/java/org/apache/commons/lang3/StringUtils.java: org.apache.commons.lang3.StringUtils.containsNone: computing test cases
src/main/java/org/apache/commons/lang3/StringUtils.java: org.apache.commons.lang3.StringUtils.containsNone: computed 0 unit tests
src/main/java/org/apache/commons/lang3/StringUtils.java: org.apache.commons.lang3.StringUtils.containsNone: found 0 problems
src/main/java/org/apache/commons/lang3/StringUtils.java: org.apache.commons.lang3.StringUtils.indexOfAny: computing test cases
src/main/java/org/apache/commons/lang3/StringUtils.java: org.apache.commons.lang3.StringUtils.indexOfAny: computed 0 unit tests
src/main/java/org/apache/commons/lang3/StringUtils.java: org.apache.commons.lang3.StringUtils.indexOfAny: found 0 problems
src/main/java/org/apache/commons/lang3/StringUtils.java: org.apache.commons.lang3.StringUtils.leftPad: computing test cases
src/main/java/org/apache/commons/lang3/StringUtils.java: org.apache.commons.lang3.StringUtils.leftPad: computed 0 unit tests
src/main/java/org/apache/commons/lang3/StringUtils.java: org.apache.commons.lang3.StringUtils.leftPad: found 0 problems
src/main/java/org/apache/commons/lang3/StringUtils.java: org.apache.commons.lang3.StringUtils.join: computing test cases
src/main/java/org/apache/commons/lang3/StringUtils.java: org.apache.commons.lang3.StringUtils.join: computed 0 unit tests
src/main/java/org/apache/commons/lang3/StringUtils.java: org.apache.commons.lang3.StringUtils.join: found 0 problems
src/main/java/org/apache/commons/lang3/StringUtils.java: org.apache.commons.lang3.StringUtils.center: computing test cases
src/main/java/org/apache/commons/lang3/StringUtils.java: org.apache.commons.lang3.StringUtils.center: computed 0 unit tests
src/main/java/org/apache/commons/lang3/StringUtils.java: org.apache.commons.lang3.StringUtils.center: found 0 problems
src/main/java/org/apache/commons/lang3/StringUtils.java: org.apache.commons.lang3.StringUtils.isAlpha: computing test cases
src/main/java/org/apache/commons/lang3/StringUtils.java: org.apache.commons.lang3.StringUtils.isAlpha: computed 0 unit tests
src/main/java/org/apache/commons/lang3/StringUtils.java: org.apache.commons.lang3.StringUtils.isAlpha: found 0 problems
src/main/java/org/apache/commons/lang3/StringUtils.java: org.apache.commons.lang3.StringUtils.splitByCharacterTypeCamelCase: computing test cases
src/main/java/org/apache/commons/lang3/StringUtils.java: org.apache.commons.lang3.StringUtils.splitByCharacterTypeCamelCase: computed 0 unit tests
src/main/java/org/apache/commons/lang3/StringUtils.java: org.apache.commons.lang3.StringUtils.splitByCharacterTypeCamelCase: found 0 problems
src/main/java/org/apache/commons/lang3/StringUtils.java: org.apache.commons.lang3.StringUtils.startsWith: computing test cases
src/main/java/org/apache/commons/lang3/StringUtils.java: org.apache.commons.lang3.StringUtils.startsWith: computed 0 unit tests
src/main/java/org/apache/commons/lang3/StringUtils.java: org.apache.commons.lang3.StringUtils.startsWith: found 0 problems
src/main/java/org/apache/commons/lang3/StringUtils.java: org.apache.commons.lang3.StringUtils.splitByWholeSeparatorPreserveAllTokens: computing test cases
src/main/java/org/apache/commons/lang3/StringUtils.java: org.apache.commons.lang3.StringUtils.splitByWholeSeparatorPreserveAllTokens: computed 0 unit tests
src/main/java/org/apache/commons/lang3/StringUtils.java: org.apache.commons.lang3.StringUtils.splitByWholeSeparatorPreserveAllTokens: found 0 problems
src/main/java/org/apache/commons/lang3/StringUtils.java: org.apache.commons.lang3.StringUtils.overlay: computing test cases
src/main/java/org/apache/commons/lang3/StringUtils.java: org.apache.commons.lang3.StringUtils.overlay: computed 0 unit tests
src/main/java/org/apache/commons/lang3/StringUtils.java: org.apache.commons.lang3.StringUtils.overlay: found 0 problems
src/main/java/org/apache/commons/lang3/StringUtils.java: org.apache.commons.lang3.StringUtils.leftPad: computing test cases
src/main/java/org/apache/commons/lang3/StringUtils.java: org.apache.commons.lang3.StringUtils.leftPad: computed 0 unit tests
src/main/java/org/apache/commons/lang3/StringUtils.java: org.apache.commons.lang3.StringUtils.leftPad: found 0 problems
src/main/java/org/apache/commons/lang3/StringUtils.java: org.apache.commons.lang3.StringUtils.isAlphanumeric: computing test cases
src/main/java/org/apache/commons/lang3/StringUtils.java: org.apache.commons.lang3.StringUtils.isAlphanumeric: computed 0 unit tests
src/main/java/org/apache/commons/lang3/StringUtils.java: org.apache.commons.lang3.StringUtils.isAlphanumeric: found 0 problems
src/main/java/org/apache/commons/lang3/StringUtils.java: org.apache.commons.lang3.StringUtils.substringAfter: computing test cases
src/main/java/org/apache/commons/lang3/StringUtils.java: org.apache.commons.lang3.StringUtils.substringAfter: computed 0 unit tests
src/main/java/org/apache/commons/lang3/StringUtils.java: org.apache.commons.lang3.StringUtils.substringAfter: found 0 problems
src/main/java/org/apache/commons/lang3/StringUtils.java: org.apache.commons.lang3.StringUtils.rightPad: computing test cases
src/main/java/org/apache/commons/lang3/StringUtils.java: org.apache.commons.lang3.StringUtils.rightPad: computed 0 unit tests
src/main/java/org/apache/commons/lang3/StringUtils.java: org.apache.commons.lang3.StringUtils.rightPad: found 0 problems
src/main/java/org/apache/commons/lang3/StringUtils.java: org.apache.commons.lang3.StringUtils.isNumericSpace: computing test cases
src/main/java/org/apache/commons/lang3/StringUtils.java: org.apache.commons.lang3.StringUtils.isNumericSpace: computed 0 unit tests
src/main/java/org/apache/commons/lang3/StringUtils.java: org.apache.commons.lang3.StringUtils.isNumericSpace: found 0 problems
src/main/java/org/apache/commons/lang3/StringUtils.java: org.apache.commons.lang3.StringUtils.containsOnly: computing test cases
src/main/java/org/apache/commons/lang3/StringUtils.java: org.apache.commons.lang3.StringUtils.containsOnly: computed 0 unit tests
src/main/java/org/apache/commons/lang3/StringUtils.java: org.apache.commons.lang3.StringUtils.containsOnly: found 0 problems
src/main/java/org/apache/commons/lang3/StringUtils.java: org.apache.commons.lang3.StringUtils.replaceEach: computing test cases
src/main/java/org/apache/commons/lang3/StringUtils.java: org.apache.commons.lang3.StringUtils.replaceEach: computed 0 unit tests
src/main/java/org/apache/commons/lang3/StringUtils.java: org.apache.commons.lang3.StringUtils.replaceEach: found 0 problems
src/main/java/org/apache/commons/lang3/StringUtils.java: org.apache.commons.lang3.StringUtils.swapCase: computing test cases
src/main/java/org/apache/commons/lang3/StringUtils.java: org.apache.commons.lang3.StringUtils.swapCase: computed 0 unit tests
src/main/java/org/apache/commons/lang3/StringUtils.java: org.apache.commons.lang3.StringUtils.swapCase: found 0 problems
src/main/java/org/apache/commons/lang3/StringUtils.java: org.apache.commons.lang3.StringUtils.lastOrdinalIndexOf: computing test cases
src/main/java/org/apache/commons/lang3/StringUtils.java: org.apache.commons.lang3.StringUtils.lastOrdinalIndexOf: computed 0 unit tests
src/main/java/org/apache/commons/lang3/StringUtils.java: org.apache.commons.lang3.StringUtils.lastOrdinalIndexOf: found 0 problems
src/main/java/org/apache/commons/lang3/StringUtils.java: org.apache.commons.lang3.StringUtils.chomp: computing test cases
src/main/java/org/apache/commons/lang3/StringUtils.java: org.apache.commons.lang3.StringUtils.chomp: computed 0 unit tests
src/main/java/org/apache/commons/lang3/StringUtils.java: org.apache.commons.lang3.StringUtils.chomp: found 0 problems
src/main/java/org/apache/commons/lang3/StringUtils.java: org.apache.commons.lang3.StringUtils.uncapitalize: computing test cases
src/main/java/org/apache/commons/lang3/StringUtils.java: org.apache.commons.lang3.StringUtils.uncapitalize: computed 0 unit tests
src/main/java/org/apache/commons/lang3/StringUtils.java: org.apache.commons.lang3.StringUtils.uncapitalize: found 0 problems
src/main/java/org/apache/commons/lang3/StringUtils.java: org.apache.commons.lang3.StringUtils.splitByCharacterType: computing test cases
src/main/java/org/apache/commons/lang3/StringUtils.java: org.apache.commons.lang3.StringUtils.splitByCharacterType: computed 0 unit tests
src/main/java/org/apache/commons/lang3/StringUtils.java: org.apache.commons.lang3.StringUtils.splitByCharacterType: found 0 problems
src/main/java/org/apache/commons/lang3/StringUtils.java: org.apache.commons.lang3.StringUtils.isAllLowerCase: computing test cases
src/main/java/org/apache/commons/lang3/StringUtils.java: org.apache.commons.lang3.StringUtils.isAllLowerCase: computed 0 unit tests
src/main/java/org/apache/commons/lang3/StringUtils.java: org.apache.commons.lang3.StringUtils.isAllLowerCase: found 0 problems
src/main/java/org/apache/commons/lang3/StringUtils.java: org.apache.commons.lang3.StringUtils.indexOf: computing test cases
src/main/java/org/apache/commons/lang3/StringUtils.java: org.apache.commons.lang3.StringUtils.indexOf: computed 0 unit tests
src/main/java/org/apache/commons/lang3/StringUtils.java: org.apache.commons.lang3.StringUtils.indexOf: found 0 problems
src/main/java/org/apache/commons/lang3/StringUtils.java: org.apache.commons.lang3.StringUtils.join: computing test cases
src/main/java/org/apache/commons/lang3/StringUtils.java: org.apache.commons.lang3.StringUtils.join: computed 0 unit tests
src/main/java/org/apache/commons/lang3/StringUtils.java: org.apache.commons.lang3.StringUtils.join: found 1 problems
src/main/java/org/apache/commons/lang3/StringUtils.java: unsupported: org.apache.commons.lang3.StringUtils.join: unsupported type
	data: wildcard(, pointer(reference(java/lang/Object)))
src/main/java/org/apache/commons/lang3/StringUtils.java: org.apache.commons.lang3.StringUtils.reverseDelimited: computing test cases
src/main/java/org/apache/commons/lang3/StringUtils.java: org.apache.commons.lang3.StringUtils.reverseDelimited: computed 0 unit tests
src/main/java/org/apache/commons/lang3/StringUtils.java: org.apache.commons.lang3.StringUtils.reverseDelimited: found 0 problems
src/main/java/org/apache/commons/lang3/StringUtils.java: org.apache.commons.lang3.StringUtils.getLevenshteinDistance: computing test cases
src/main/java/org/apache/commons/lang3/StringUtils.java: org.apache.commons.lang3.StringUtils.getLevenshteinDistance: computed 0 unit tests
src/main/java/org/apache/commons/lang3/StringUtils.java: org.apache.commons.lang3.StringUtils.getLevenshteinDistance: found 0 problems
src/main/java/org/apache/commons/lang3/StringUtils.java: org.apache.commons.lang3.StringUtils.isNotBlank: computing test cases
src/main/java/org/apache/commons/lang3/StringUtils.java: org.apache.commons.lang3.StringUtils.isNotBlank: computed 0 unit tests
src/main/java/org/apache/commons/lang3/StringUtils.java: org.apache.commons.lang3.StringUtils.isNotBlank: found 0 problems
src/main/java/org/apache/commons/lang3/StringUtils.java: org.apache.commons.lang3.StringUtils.containsNone: computing test cases
src/main/java/org/apache/commons/lang3/StringUtils.java: org.apache.commons.lang3.StringUtils.containsNone: computed 0 unit tests
src/main/java/org/apache/commons/lang3/StringUtils.java: org.apache.commons.lang3.StringUtils.containsNone: found 0 problems
src/main/java/org/apache/commons/lang3/StringUtils.java: org.apache.commons.lang3.StringUtils.deleteWhitespace: computing test cases
src/main/java/org/apache/commons/lang3/StringUtils.java: org.apache.commons.lang3.StringUtils.deleteWhitespace: computed 0 unit tests
src/main/java/org/apache/commons/lang3/StringUtils.java: org.apache.commons.lang3.StringUtils.deleteWhitespace: found 0 problems
src/main/java/org/apache/commons/lang3/StringUtils.java: org.apache.commons.lang3.StringUtils.defaultIfBlank: computing test cases
src/main/java/org/apache/commons/lang3/StringUtils.java: org.apache.commons.lang3.StringUtils.defaultIfBlank: computed 0 unit tests
src/main/java/org/apache/commons/lang3/StringUtils.java: org.apache.commons.lang3.StringUtils.defaultIfBlank: found 0 problems
src/main/java/org/apache/commons/lang3/StringUtils.java: org.apache.commons.lang3.StringUtils.split: computing test cases
src/main/java/org/apache/commons/lang3/StringUtils.java: org.apache.commons.lang3.StringUtils.split: computed 0 unit tests
src/main/java/org/apache/commons/lang3/StringUtils.java: org.apache.commons.lang3.StringUtils.split: found 0 problems
src/main/java/org/apache/commons/lang3/StringUtils.java: org.apache.commons.lang3.StringUtils.right: computing test cases
src/main/java/org/apache/commons/lang3/StringUtils.java: org.apache.commons.lang3.StringUtils.right: computed 0 unit tests
src/main/java/org/apache/commons/lang3/StringUtils.java: org.apache.commons.lang3.StringUtils.right: found 0 problems
src/main/java/org/apache/commons/lang3/StringUtils.java: org.apache.commons.lang3.StringUtils.join: computing test cases
src/main/java/org/apache/commons/lang3/StringUtils.java: org.apache.commons.lang3.StringUtils.join: computed 0 unit tests
src/main/java/org/apache/commons/lang3/StringUtils.java: org.apache.commons.lang3.StringUtils.join: found 0 problems
src/main/java/org/apache/commons/lang3/StringUtils.java: org.apache.commons.lang3.StringUtils.lastIndexOf: computing test cases
src/main/java/org/apache/commons/lang3/StringUtils.java: org.apache.commons.lang3.StringUtils.lastIndexOf: computed 0 unit tests
src/main/java/org/apache/commons/lang3/StringUtils.java: org.apache.commons.lang3.StringUtils.lastIndexOf: found 0 problems
src/main/java/org/apache/commons/lang3/StringUtils.java: org.apache.commons.lang3.StringUtils.replace: computing test cases
src/main/java/org/apache/commons/lang3/StringUtils.java: org.apache.commons.lang3.StringUtils.replace: computed 0 unit tests
src/main/java/org/apache/commons/lang3/StringUtils.java: org.apache.commons.lang3.StringUtils.replace: found 0 problems
src/main/java/org/apache/commons/lang3/StringUtils.java: org.apache.commons.lang3.StringUtils.strip: computing test cases
src/main/java/org/apache/commons/lang3/StringUtils.java: org.apache.commons.lang3.StringUtils.strip: computed 0 unit tests
src/main/java/org/apache/commons/lang3/StringUtils.java: org.apache.commons.lang3.StringUtils.strip: found 0 problems
src/main/java/org/apache/commons/lang3/StringUtils.java: org.apache.commons.lang3.StringUtils.center: computing test cases
src/main/java/org/apache/commons/lang3/StringUtils.java: org.apache.commons.lang3.StringUtils.center: computed 0 unit tests
src/main/java/org/apache/commons/lang3/StringUtils.java: org.apache.commons.lang3.StringUtils.center: found 0 problems
src/main/java/org/apache/commons/lang3/StringUtils.java: org.apache.commons.lang3.StringUtils.endsWith: computing test cases
src/main/java/org/apache/commons/lang3/StringUtils.java: org.apache.commons.lang3.StringUtils.endsWith: computed 0 unit tests
src/main/java/org/apache/commons/lang3/StringUtils.java: org.apache.commons.lang3.StringUtils.endsWith: found 0 problems
src/main/java/org/apache/commons/lang3/StringUtils.java: org.apache.commons.lang3.StringUtils.indexOfAny: computing test cases
src/main/java/org/apache/commons/lang3/StringUtils.java: org.apache.commons.lang3.StringUtils.indexOfAny: computed 0 unit tests
src/main/java/org/apache/commons/lang3/StringUtils.java: org.apache.commons.lang3.StringUtils.indexOfAny: found 0 problems
src/main/java/org/apache/commons/lang3/StringUtils.java: org.apache.commons.lang3.StringUtils.isAllUpperCase: computing test cases
src/main/java/org/apache/commons/lang3/StringUtils.java: org.apache.commons.lang3.StringUtils.isAllUpperCase: computed 0 unit tests
src/main/java/org/apache/commons/lang3/StringUtils.java: org.apache.commons.lang3.StringUtils.isAllUpperCase: found 0 problems
src/main/java/org/apache/commons/lang3/StringUtils.java: org.apache.commons.lang3.StringUtils.isBlank: computing test cases
src/main/java/org/apache/commons/lang3/StringUtils.java: org.apache.commons.lang3.StringUtils.isBlank: computed 0 unit tests
src/main/java/org/apache/commons/lang3/StringUtils.java: org.apache.commons.lang3.StringUtils.isBlank: found 0 problems
src/main/java/org/apache/commons/lang3/StringUtils.java: org.apache.commons.lang3.StringUtils.stripStart: computing test cases
src/main/java/org/apache/commons/lang3/StringUtils.java: org.apache.commons.lang3.StringUtils.stripStart: computed 0 unit tests
src/main/java/org/apache/commons/lang3/StringUtils.java: org.apache.commons.lang3.StringUtils.stripStart: found 0 problems
src/main/java/org/apache/commons/lang3/StringUtils.java: org.apache.commons.lang3.StringUtils.stripEnd: computing test cases
src/main/java/org/apache/commons/lang3/StringUtils.java: org.apache.commons.lang3.StringUtils.stripEnd: computed 0 unit tests
src/main/java/org/apache/commons/lang3/StringUtils.java: org.apache.commons.lang3.StringUtils.stripEnd: found 0 problems
src/main/java/org/apache/commons/lang3/StringUtils.java: org.apache.commons.lang3.StringUtils.stripToEmpty: computing test cases
src/main/java/org/apache/commons/lang3/StringUtils.java: org.apache.commons.lang3.StringUtils.stripToEmpty: computed 0 unit tests
src/main/java/org/apache/commons/lang3/StringUtils.java: org.apache.commons.lang3.StringUtils.stripToEmpty: found 0 problems
src/main/java/org/apache/commons/lang3/StringUtils.java: org.apache.commons.lang3.StringUtils.containsAny: computing test cases
src/main/java/org/apache/commons/lang3/StringUtils.java: org.apache.commons.lang3.StringUtils.containsAny: computed 0 unit tests
src/main/java/org/apache/commons/lang3/StringUtils.java: org.apache.commons.lang3.StringUtils.containsAny: found 0 problems
src/main/java/org/apache/commons/lang3/StringUtils.java: org.apache.commons.lang3.StringUtils.join: computing test cases
src/main/java/org/apache/commons/lang3/StringUtils.java: org.apache.commons.lang3.StringUtils.join: computed 0 unit tests
src/main/java/org/apache/commons/lang3/StringUtils.java: org.apache.commons.lang3.StringUtils.join: found 1 problems
src/main/java/org/apache/commons/lang3/StringUtils.java: unsupported: org.apache.commons.lang3.StringUtils.join: unsupported type
	data: wildcard(, pointer(reference(java/lang/Object)))
src/main/java/org/apache/commons/lang3/StringUtils.java: org.apache.commons.lang3.StringUtils.lastIndexOf: computing test cases
src/main/java/org/apache/commons/lang3/StringUtils.java: org.apache.commons.lang3.StringUtils.lastIndexOf: computed 0 unit tests
src/main/java/org/apache/commons/lang3/StringUtils.java: org.apache.commons.lang3.StringUtils.lastIndexOf: found 0 problems
src/main/java/org/apache/commons/lang3/StringUtils.java: org.apache.commons.lang3.StringUtils.removeEndIgnoreCase: computing test cases
src/main/java/org/apache/commons/lang3/StringUtils.java: org.apache.commons.lang3.StringUtils.removeEndIgnoreCase: computed 0 unit tests
src/main/java/org/apache/commons/lang3/StringUtils.java: org.apache.commons.lang3.StringUtils.removeEndIgnoreCase: found 0 problems
src/main/java/org/apache/commons/lang3/StringUtils.java: org.apache.commons.lang3.StringUtils.removeStartIgnoreCase: computing test cases
src/main/java/org/apache/commons/lang3/StringUtils.java: org.apache.commons.lang3.StringUtils.removeStartIgnoreCase: computed 0 unit tests
src/main/java/org/apache/commons/lang3/StringUtils.java: org.apache.commons.lang3.StringUtils.removeStartIgnoreCase: found 0 problems
src/main/java/org/apache/commons/lang3/StringUtils.java: org.apache.commons.lang3.StringUtils.center: computing test cases
src/main/java/org/apache/commons/lang3/StringUtils.java: org.apache.commons.lang3.StringUtils.center: computed 0 unit tests
src/main/java/org/apache/commons/lang3/StringUtils.java: org.apache.commons.lang3.StringUtils.center: found 0 problems
src/main/java/org/apache/commons/lang3/StringUtils.java: org.apache.commons.lang3.StringUtils.leftPad: computing test cases
src/main/java/org/apache/commons/lang3/StringUtils.java: org.apache.commons.lang3.StringUtils.leftPad: computed 0 unit tests
src/main/java/org/apache/commons/lang3/StringUtils.java: org.apache.commons.lang3.StringUtils.leftPad: found 0 problems
src/main/java/org/apache/commons/lang3/StringUtils.java: org.apache.commons.lang3.StringUtils.replaceChars: computing test cases
src/main/java/org/apache/commons/lang3/StringUtils.java: org.apache.commons.lang3.StringUtils.replaceChars: computed 0 unit tests
src/main/java/org/apache/commons/lang3/StringUtils.java: org.apache.commons.lang3.StringUtils.replaceChars: found 0 problems
src/main/java/org/apache/commons/lang3/StringUtils.java: org.apache.commons.lang3.StringUtils.defaultString: computing test cases
src/main/java/org/apache/commons/lang3/StringUtils.java: org.apache.commons.lang3.StringUtils.defaultString: computed 0 unit tests
src/main/java/org/apache/commons/lang3/StringUtils.java: org.apache.commons.lang3.StringUtils.defaultString: found 0 problems
src/main/java/org/apache/commons/lang3/StringUtils.java: org.apache.commons.lang3.StringUtils.replaceOnce: computing test cases
src/main/java/org/apache/commons/lang3/StringUtils.java: org.apache.commons.lang3.StringUtils.replaceOnce: computed 0 unit tests
src/main/java/org/apache/commons/lang3/StringUtils.java: org.apache.commons.lang3.StringUtils.replaceOnce: found 0 problems
src/main/java/org/apache/commons/lang3/StringUtils.java: org.apache.commons.lang3.StringUtils.stripToNull: computing test cases
src/main/java/org/apache/commons/lang3/StringUtils.java: org.apache.commons.lang3.StringUtils.stripToNull: computed 0 unit tests
src/main/java/org/apache/commons/lang3/StringUtils.java: org.apache.commons.lang3.StringUtils.stripToNull: found 0 problems
src/main/java/org/apache/commons/lang3/StringUtils.java: org.apache.commons.lang3.StringUtils.splitPreserveAllTokens: computing test cases
src/main/java/org/apache/commons/lang3/StringUtils.java: org.apache.commons.lang3.StringUtils.splitPreserveAllTokens: computed 0 unit tests
src/main/java/org/apache/commons/lang3/StringUtils.java: org.apache.commons.lang3.StringUtils.splitPreserveAllTokens: found 0 problems
src/main/java/org/apache/commons/lang3/StringUtils.java: org.apache.commons.lang3.StringUtils.lastIndexOf: computing test cases
src/main/java/org/apache/commons/lang3/StringUtils.java: org.apache.commons.lang3.StringUtils.lastIndexOf: computed 0 unit tests
src/main/java/org/apache/commons/lang3/StringUtils.java: org.apache.commons.lang3.StringUtils.lastIndexOf: found 0 problems
src/main/java/org/apache/commons/lang3/StringUtils.java: org.apache.commons.lang3.StringUtils.capitalize: computing test cases
src/main/java/org/apache/commons/lang3/StringUtils.java: org.apache.commons.lang3.StringUtils.capitalize: computed 0 unit tests
src/main/java/org/apache/commons/lang3/StringUtils.java: org.apache.commons.lang3.StringUtils.capitalize: found 0 problems
src/main/java/org/apache/commons/lang3/StringUtils.java: org.apache.commons.lang3.StringUtils.endsWithAny: computing test cases
src/main/java/org/apache/commons/lang3/StringUtils.java: org.apache.commons.lang3.StringUtils.endsWithAny: computed 0 unit tests
src/main/java/org/apache/commons/lang3/StringUtils.java: org.apache.commons.lang3.StringUtils.stripAll: computing test cases
src/main/java/org/apache/commons/lang3/StringUtils.java: org.apache.commons.lang3.StringUtils.stripAll: computed 0 unit tests
src/main/java/org/apache/commons/lang3/StringUtils.java: org.apache.commons.lang3.StringUtils.stripAll: found 0 problems
src/main/java/org/apache/commons/lang3/StringUtils.java: org.apache.commons.lang3.StringUtils.startsWithAny: computing test cases
src/main/java/org/apache/commons/lang3/StringUtils.java: org.apache.commons.lang3.StringUtils.startsWithAny: computed 0 unit tests
src/main/java/org/apache/commons/lang3/StringUtils.java: org.apache.commons.lang3.StringUtils.rightPad: computing test cases
src/main/java/org/apache/commons/lang3/StringUtils.java: org.apache.commons.lang3.StringUtils.rightPad: computed 0 unit tests
src/main/java/org/apache/commons/lang3/StringUtils.java: org.apache.commons.lang3.StringUtils.rightPad: found 0 problems
src/main/java/org/apache/commons/lang3/StringUtils.java: org.apache.commons.lang3.StringUtils.upperCase: computing test cases
src/main/java/org/apache/commons/lang3/StringUtils.java: org.apache.commons.lang3.StringUtils.upperCase: computed 0 unit tests
src/main/java/org/apache/commons/lang3/StringUtils.java: org.apache.commons.lang3.StringUtils.upperCase: found 0 problems
src/main/java/org/apache/commons/lang3/StringUtils.java: org.apache.commons.lang3.StringUtils.upperCase: computing test cases
src/main/java/org/apache/commons/lang3/StringUtils.java: org.apache.commons.lang3.StringUtils.upperCase: computed 0 unit tests
src/main/java/org/apache/commons/lang3/StringUtils.java: org.apache.commons.lang3.StringUtils.upperCase: found 1 problems
src/main/java/org/apache/commons/lang3/StringUtils.java: unsupported: org.apache.commons.lang3.StringUtils.upperCase: encountered an unsupported type
	data: unsupported(java/util/Locale)
src/main/java/org/apache/commons/lang3/StringUtils.java: org.apache.commons.lang3.StringUtils.indexOf: computing test cases
src/main/java/org/apache/commons/lang3/StringUtils.java: org.apache.commons.lang3.StringUtils.indexOf: computed 0 unit tests
src/main/java/org/apache/commons/lang3/StringUtils.java: org.apache.commons.lang3.StringUtils.indexOf: found 0 problems
src/main/java/org/apache/commons/lang3/StringUtils.java: org.apache.commons.lang3.StringUtils.join: computing test cases
src/main/java/org/apache/commons/lang3/StringUtils.java: org.apache.commons.lang3.StringUtils.join: computed 0 unit tests
src/main/java/org/apache/commons/lang3/StringUtils.java: org.apache.commons.lang3.StringUtils.join: found 0 problems
src/main/java/org/apache/commons/lang3/StringUtils.java: org.apache.commons.lang3.StringUtils.splitPreserveAllTokens: computing test cases
src/main/java/org/apache/commons/lang3/StringUtils.java: org.apache.commons.lang3.StringUtils.splitPreserveAllTokens: computed 0 unit tests
src/main/java/org/apache/commons/lang3/StringUtils.java: org.apache.commons.lang3.StringUtils.splitPreserveAllTokens: found 0 problems
src/main/java/org/apache/commons/lang3/StringUtils.java: org.apache.commons.lang3.StringUtils.remove: computing test cases
src/main/java/org/apache/commons/lang3/StringUtils.java: org.apache.commons.lang3.StringUtils.remove: computed 0 unit tests
src/main/java/org/apache/commons/lang3/StringUtils.java: org.apache.commons.lang3.StringUtils.remove: found 0 problems
src/main/java/org/apache/commons/lang3/StringUtils.java: org.apache.commons.lang3.StringUtils.repeat: computing test cases
src/main/java/org/apache/commons/lang3/StringUtils.java: org.apache.commons.lang3.StringUtils.repeat: computed 0 unit tests
src/main/java/org/apache/commons/lang3/StringUtils.java: org.apache.commons.lang3.StringUtils.repeat: found 0 problems
src/main/java/org/apache/commons/lang3/StringUtils.java: org.apache.commons.lang3.StringUtils.mid: computing test cases
src/main/java/org/apache/commons/lang3/StringUtils.java: org.apache.commons.lang3.StringUtils.mid: computed 0 unit tests
src/main/java/org/apache/commons/lang3/StringUtils.java: org.apache.commons.lang3.StringUtils.mid: found 0 problems
src/main/java/org/apache/commons/lang3/StringUtils.java: org.apache.commons.lang3.StringUtils.isAlphanumericSpace: computing test cases
src/main/java/org/apache/commons/lang3/StringUtils.java: org.apache.commons.lang3.StringUtils.isAlphanumericSpace: computed 0 unit tests
src/main/java/org/apache/commons/lang3/StringUtils.java: org.apache.commons.lang3.StringUtils.isAlphanumericSpace: found 0 problems
src/main/java/org/apache/commons/lang3/StringUtils.java: org.apache.commons.lang3.StringUtils.join: computing test cases
src/main/java/org/apache/commons/lang3/StringUtils.java: org.apache.commons.lang3.StringUtils.join: computed 0 unit tests
src/main/java/org/apache/commons/lang3/StringUtils.java: org.apache.commons.lang3.StringUtils.join: found 0 problems
src/main/java/org/apache/commons/lang3/StringUtils.java: org.apache.commons.lang3.StringUtils.substringBeforeLast: computing test cases
src/main/java/org/apache/commons/lang3/StringUtils.java: org.apache.commons.lang3.StringUtils.substringBeforeLast: computed 0 unit tests
src/main/java/org/apache/commons/lang3/StringUtils.java: org.apache.commons.lang3.StringUtils.substringBeforeLast: found 0 problems
src/main/java/org/apache/commons/lang3/StringUtils.java: org.apache.commons.lang3.StringUtils.repeat: computing test cases
src/main/java/org/apache/commons/lang3/StringUtils.java: org.apache.commons.lang3.StringUtils.repeat: computed 0 unit tests
src/main/java/org/apache/commons/lang3/StringUtils.java: org.apache.commons.lang3.StringUtils.repeat: found 0 problems
src/main/java/org/apache/commons/lang3/StringUtils.java: org.apache.commons.lang3.StringUtils.substringBetween: computing test cases
src/main/java/org/apache/commons/lang3/StringUtils.java: org.apache.commons.lang3.StringUtils.substringBetween: computed 0 unit tests
src/main/java/org/apache/commons/lang3/StringUtils.java: org.apache.commons.lang3.StringUtils.substringBetween: found 0 problems
src/main/java/org/apache/commons/lang3/StringUtils.java: org.apache.commons.lang3.StringUtils.replace: computing test cases
src/main/java/org/apache/commons/lang3/StringUtils.java: org.apache.commons.lang3.StringUtils.replace: computed 0 unit tests
src/main/java/org/apache/commons/lang3/StringUtils.java: org.apache.commons.lang3.StringUtils.replace: found 0 problems
src/main/java/org/apache/commons/lang3/StringUtils.java: org.apache.commons.lang3.StringUtils.lowerCase: computing test cases
src/main/java/org/apache/commons/lang3/StringUtils.java: org.apache.commons.lang3.StringUtils.lowerCase: computed 0 unit tests
src/main/java/org/apache/commons/lang3/StringUtils.java: org.apache.commons.lang3.StringUtils.lowerCase: found 1 problems
src/main/java/org/apache/commons/lang3/StringUtils.java: unsupported: org.apache.commons.lang3.StringUtils.lowerCase: encountered an unsupported type
	data: unsupported(java/util/Locale)
src/main/java/org/apache/commons/lang3/StringUtils.java: org.apache.commons.lang3.StringUtils.countMatches: computing test cases
src/main/java/org/apache/commons/lang3/StringUtils.java: org.apache.commons.lang3.StringUtils.countMatches: computed 0 unit tests
src/main/java/org/apache/commons/lang3/StringUtils.java: org.apache.commons.lang3.StringUtils.countMatches: found 0 problems
src/main/java/org/apache/commons/lang3/StringUtils.java: org.apache.commons.lang3.StringUtils.length: computing test cases
src/main/java/org/apache/commons/lang3/StringUtils.java: org.apache.commons.lang3.StringUtils.length: computed 0 unit tests
src/main/java/org/apache/commons/lang3/StringUtils.java: org.apache.commons.lang3.StringUtils.length: found 0 problems
src/main/java/org/apache/commons/lang3/StringUtils.java: org.apache.commons.lang3.StringUtils.trimToEmpty: computing test cases
src/main/java/org/apache/commons/lang3/StringUtils.java: org.apache.commons.lang3.StringUtils.trimToEmpty: computed 0 unit tests
src/main/java/org/apache/commons/lang3/StringUtils.java: org.apache.commons.lang3.StringUtils.trimToEmpty: found 0 problems
src/main/java/org/apache/commons/lang3/StringUtils.java: org.apache.commons.lang3.StringUtils.stripAccents: computing test cases
src/main/java/org/apache/commons/lang3/StringUtils.java: org.apache.commons.lang3.StringUtils.stripAccents: computed 0 unit tests
src/main/java/org/apache/commons/lang3/StringUtils.java: org.apache.commons.lang3.StringUtils.stripAccents: found 0 problems
src/main/java/org/apache/commons/lang3/StringUtils.java: org.apache.commons.lang3.StringUtils.substring: computing test cases
src/main/java/org/apache/commons/lang3/StringUtils.java: org.apache.commons.lang3.StringUtils.substring: computed 0 unit tests
src/main/java/org/apache/commons/lang3/StringUtils.java: org.apache.commons.lang3.StringUtils.substring: found 0 problems
src/main/java/org/apache/commons/lang3/StringUtils.java: org.apache.commons.lang3.StringUtils.substringBefore: computing test cases
src/main/java/org/apache/commons/lang3/StringUtils.java: org.apache.commons.lang3.StringUtils.substringBefore: computed 0 unit tests
src/main/java/org/apache/commons/lang3/StringUtils.java: org.apache.commons.lang3.StringUtils.substringBefore: found 0 problems
src/main/java/org/apache/commons/lang3/StringUtils.java: org.apache.commons.lang3.StringUtils.join: computing test cases
src/main/java/org/apache/commons/lang3/StringUtils.java: org.apache.commons.lang3.StringUtils.join: computed 0 unit tests
src/main/java/org/apache/commons/lang3/StringUtils.java: org.apache.commons.lang3.StringUtils.join: found 0 problems
src/main/java/org/apache/commons/lang3/StringUtils.java: org.apache.commons.lang3.StringUtils.getCommonPrefix: computing test cases
src/main/java/org/apache/commons/lang3/StringUtils.java: org.apache.commons.lang3.StringUtils.getCommonPrefix: computed 0 unit tests
src/main/java/org/apache/commons/lang3/StringUtils.java: org.apache.commons.lang3.StringUtils.equalsIgnoreCase: computing test cases
src/main/java/org/apache/commons/lang3/StringUtils.java: org.apache.commons.lang3.StringUtils.equalsIgnoreCase: computed 0 unit tests
src/main/java/org/apache/commons/lang3/StringUtils.java: org.apache.commons.lang3.StringUtils.equalsIgnoreCase: found 0 problems
src/main/java/org/apache/commons/lang3/StringUtils.java: org.apache.commons.lang3.StringUtils.stripAll: computing test cases
src/main/java/org/apache/commons/lang3/StringUtils.java: org.apache.commons.lang3.StringUtils.stripAll: computed 0 unit tests
src/main/java/org/apache/commons/lang3/StringUtils.java: org.apache.commons.lang3.StringUtils.stripAll: found 0 problems
src/main/java/org/apache/commons/lang3/StringUtils.java: org.apache.commons.lang3.StringUtils.lastIndexOf: computing test cases
src/main/java/org/apache/commons/lang3/StringUtils.java: org.apache.commons.lang3.StringUtils.lastIndexOf: computed 0 unit tests
src/main/java/org/apache/commons/lang3/StringUtils.java: org.apache.commons.lang3.StringUtils.lastIndexOf: found 0 problems
src/main/java/org/apache/commons/lang3/StringUtils.java: org.apache.commons.lang3.StringUtils.splitByWholeSeparator: computing test cases
src/main/java/org/apache/commons/lang3/StringUtils.java: org.apache.commons.lang3.StringUtils.splitByWholeSeparator: computed 0 unit tests
src/main/java/org/apache/commons/lang3/StringUtils.java: org.apache.commons.lang3.StringUtils.splitByWholeSeparator: found 0 problems
src/main/java/org/apache/commons/lang3/StringUtils.java: org.apache.commons.lang3.StringUtils.abbreviate: computing test cases
src/main/java/org/apache/commons/lang3/StringUtils.java: org.apache.commons.lang3.StringUtils.abbreviate: computed 0 unit tests
src/main/java/org/apache/commons/lang3/StringUtils.java: org.apache.commons.lang3.StringUtils.abbreviate: found 0 problems
src/main/java/org/apache/commons/lang3/StringUtils.java: org.apache.commons.lang3.StringUtils.isNotEmpty: computing test cases
src/main/java/org/apache/commons/lang3/StringUtils.java: org.apache.commons.lang3.StringUtils.isNotEmpty: computed 0 unit tests
src/main/java/org/apache/commons/lang3/StringUtils.java: org.apache.commons.lang3.StringUtils.isNotEmpty: found 0 problems
src/main/java/org/apache/commons/lang3/StringUtils.java: org.apache.commons.lang3.StringUtils.trimToNull: computing test cases
src/main/java/org/apache/commons/lang3/StringUtils.java: org.apache.commons.lang3.StringUtils.trimToNull: computed 0 unit tests
src/main/java/org/apache/commons/lang3/StringUtils.java: org.apache.commons.lang3.StringUtils.trimToNull: found 0 problems
src/main/java/org/apache/commons/lang3/StringUtils.java: org.apache.commons.lang3.StringUtils.ordinalIndexOf: computing test cases
src/main/java/org/apache/commons/lang3/StringUtils.java: org.apache.commons.lang3.StringUtils.ordinalIndexOf: computed 0 unit tests
src/main/java/org/apache/commons/lang3/StringUtils.java: org.apache.commons.lang3.StringUtils.ordinalIndexOf: found 0 problems
src/main/java/org/apache/commons/lang3/StringUtils.java: org.apache.commons.lang3.StringUtils.indexOfAny: computing test cases
src/main/java/org/apache/commons/lang3/StringUtils.java: org.apache.commons.lang3.StringUtils.indexOfAny: computed 0 unit tests
src/main/java/org/apache/commons/lang3/StringUtils.java: org.apache.commons.lang3.StringUtils.indexOfAny: found 0 problems
src/main/java/org/apache/commons/lang3/StringUtils.java: org.apache.commons.lang3.StringUtils.chomp: computing test cases
src/main/java/org/apache/commons/lang3/StringUtils.java: org.apache.commons.lang3.StringUtils.chomp: computed 0 unit tests
src/main/java/org/apache/commons/lang3/StringUtils.java: org.apache.commons.lang3.StringUtils.chomp: found 0 problems
src/main/java/org/apache/commons/lang3/StringUtils.java: org.apache.commons.lang3.StringUtils.isNumeric: computing test cases
src/main/java/org/apache/commons/lang3/StringUtils.java: org.apache.commons.lang3.StringUtils.isNumeric: computed 0 unit tests
src/main/java/org/apache/commons/lang3/StringUtils.java: org.apache.commons.lang3.StringUtils.isNumeric: found 0 problems
src/main/java/org/apache/commons/lang3/StringUtils.java: org.apache.commons.lang3.StringUtils.getLevenshteinDistance: computing test cases
src/main/java/org/apache/commons/lang3/StringUtils.java: org.apache.commons.lang3.StringUtils.getLevenshteinDistance: computed 0 unit tests
src/main/java/org/apache/commons/lang3/StringUtils.java: org.apache.commons.lang3.StringUtils.getLevenshteinDistance: found 0 problems
src/main/java/org/apache/commons/lang3/StringUtils.java: org.apache.commons.lang3.StringUtils.substringAfterLast: computing test cases
src/main/java/org/apache/commons/lang3/StringUtils.java: org.apache.commons.lang3.StringUtils.substringAfterLast: computed 0 unit tests
src/main/java/org/apache/commons/lang3/StringUtils.java: org.apache.commons.lang3.StringUtils.substringAfterLast: found 0 problems
src/main/java/org/apache/commons/lang3/StringUtils.java: org.apache.commons.lang3.StringUtils.indexOfIgnoreCase: computing test cases
src/main/java/org/apache/commons/lang3/StringUtils.java: org.apache.commons.lang3.StringUtils.indexOfIgnoreCase: computed 0 unit tests
src/main/java/org/apache/commons/lang3/StringUtils.java: org.apache.commons.lang3.StringUtils.indexOfIgnoreCase: found 0 problems
src/main/java/org/apache/commons/lang3/StringUtils.java: org.apache.commons.lang3.StringUtils.indexOfAnyBut: computing test cases
src/main/java/org/apache/commons/lang3/StringUtils.java: org.apache.commons.lang3.StringUtils.indexOfAnyBut: computed 0 unit tests
src/main/java/org/apache/commons/lang3/StringUtils.java: org.apache.commons.lang3.StringUtils.indexOfAnyBut: found 0 problems
src/main/java/org/apache/commons/lang3/StringUtils.java: org.apache.commons.lang3.StringUtils.indexOfDifference: computing test cases
src/main/java/org/apache/commons/lang3/StringUtils.java: org.apache.commons.lang3.StringUtils.indexOfDifference: computed 0 unit tests
src/main/java/org/apache/commons/lang3/StringUtils.java: org.apache.commons.lang3.StringUtils.indexOfDifference: found 0 problems
src/main/java/org/apache/commons/lang3/StringUtils.java: org.apache.commons.lang3.StringUtils.trim: computing test cases
src/main/java/org/apache/commons/lang3/StringUtils.java: org.apache.commons.lang3.StringUtils.trim: computed 0 unit tests
src/main/java/org/apache/commons/lang3/StringUtils.java: org.apache.commons.lang3.StringUtils.trim: found 0 problems
src/main/java/org/apache/commons/lang3/StringUtils.java: org.apache.commons.lang3.StringUtils.splitByWholeSeparator: computing test cases
src/main/java/org/apache/commons/lang3/StringUtils.java: org.apache.commons.lang3.StringUtils.splitByWholeSeparator: computed 0 unit tests
src/main/java/org/apache/commons/lang3/StringUtils.java: org.apache.commons.lang3.StringUtils.splitByWholeSeparator: found 0 problems
src/main/java/org/apache/commons/lang3/StringUtils.java: org.apache.commons.lang3.StringUtils.lastIndexOfIgnoreCase: computing test cases
src/main/java/org/apache/commons/lang3/StringUtils.java: org.apache.commons.lang3.StringUtils.lastIndexOfIgnoreCase: computed 0 unit tests
src/main/java/org/apache/commons/lang3/StringUtils.java: org.apache.commons.lang3.StringUtils.lastIndexOfIgnoreCase: found 0 problems
src/main/java/org/apache/commons/lang3/StringUtils.java: org.apache.commons.lang3.StringUtils.substringsBetween: computing test cases
src/main/java/org/apache/commons/lang3/StringUtils.java: org.apache.commons.lang3.StringUtils.substringsBetween: computed 0 unit tests
src/main/java/org/apache/commons/lang3/StringUtils.java: org.apache.commons.lang3.StringUtils.substringsBetween: found 0 problems
src/main/java/org/apache/commons/lang3/StringUtils.java: org.apache.commons.lang3.StringUtils.isEmpty: computing test cases
src/main/java/org/apache/commons/lang3/StringUtils.java: org.apache.commons.lang3.StringUtils.isEmpty: computed 0 unit tests
src/main/java/org/apache/commons/lang3/StringUtils.java: org.apache.commons.lang3.StringUtils.isEmpty: found 0 problems
src/main/java/org/apache/commons/lang3/StringUtils.java: org.apache.commons.lang3.StringUtils.rightPad: computing test cases
src/main/java/org/apache/commons/lang3/StringUtils.java: org.apache.commons.lang3.StringUtils.rightPad: computed 0 unit tests
src/main/java/org/apache/commons/lang3/StringUtils.java: org.apache.commons.lang3.StringUtils.rightPad: found 0 problems
src/main/java/org/apache/commons/lang3/StringUtils.java: org.apache.commons.lang3.StringUtils.lastIndexOfIgnoreCase: computing test cases
src/main/java/org/apache/commons/lang3/StringUtils.java: org.apache.commons.lang3.StringUtils.lastIndexOfIgnoreCase: computed 0 unit tests
src/main/java/org/apache/commons/lang3/StringUtils.java: org.apache.commons.lang3.StringUtils.lastIndexOfIgnoreCase: found 0 problems
src/main/java/org/apache/commons/lang3/StringUtils.java: org.apache.commons.lang3.StringUtils.substring: computing test cases
src/main/java/org/apache/commons/lang3/StringUtils.java: org.apache.commons.lang3.StringUtils.substring: computed 0 unit tests
src/main/java/org/apache/commons/lang3/StringUtils.java: org.apache.commons.lang3.StringUtils.substring: found 0 problems
src/main/java/org/apache/commons/lang3/StringUtils.java: org.apache.commons.lang3.StringUtils.contains: computing test cases
src/main/java/org/apache/commons/lang3/StringUtils.java: org.apache.commons.lang3.StringUtils.contains: computed 0 unit tests
src/main/java/org/apache/commons/lang3/StringUtils.java: org.apache.commons.lang3.StringUtils.contains: found 0 problems
src/main/java/org/apache/commons/lang3/StringUtils.java: org.apache.commons.lang3.StringUtils.containsIgnoreCase: computing test cases
src/main/java/org/apache/commons/lang3/StringUtils.java: org.apache.commons.lang3.StringUtils.containsIgnoreCase: computed 0 unit tests
src/main/java/org/apache/commons/lang3/StringUtils.java: org.apache.commons.lang3.StringUtils.containsIgnoreCase: found 0 problems
src/main/java/org/apache/commons/lang3/StringUtils.java: org.apache.commons.lang3.StringUtils.isAlphaSpace: computing test cases
src/main/java/org/apache/commons/lang3/StringUtils.java: org.apache.commons.lang3.StringUtils.isAlphaSpace: computed 0 unit tests
src/main/java/org/apache/commons/lang3/StringUtils.java: org.apache.commons.lang3.StringUtils.isAlphaSpace: found 0 problems
src/main/java/org/apache/commons/lang3/StringUtils.java: org.apache.commons.lang3.StringUtils.defaultIfEmpty: computing test cases
src/main/java/org/apache/commons/lang3/StringUtils.java: org.apache.commons.lang3.StringUtils.defaultIfEmpty: computed 0 unit tests
src/main/java/org/apache/commons/lang3/StringUtils.java: org.apache.commons.lang3.StringUtils.defaultIfEmpty: found 0 problems
src/main/java/org/apache/commons/lang3/StringUtils.java: org.apache.commons.lang3.StringUtils.equals: computing test cases
src/main/java/org/apache/commons/lang3/StringUtils.java: org.apache.commons.lang3.StringUtils.equals: computed 0 unit tests
src/main/java/org/apache/commons/lang3/StringUtils.java: org.apache.commons.lang3.StringUtils.equals: found 0 problems
src/main/java/org/apache/commons/lang3/StringUtils.java: org.apache.commons.lang3.StringUtils.indexOfIgnoreCase: computing test cases
src/main/java/org/apache/commons/lang3/StringUtils.java: org.apache.commons.lang3.StringUtils.indexOfIgnoreCase: computed 0 unit tests
src/main/java/org/apache/commons/lang3/StringUtils.java: org.apache.commons.lang3.StringUtils.indexOfIgnoreCase: found 0 problems
src/main/java/org/apache/commons/lang3/StringUtils.java: org.apache.commons.lang3.StringUtils.containsAny: computing test cases
src/main/java/org/apache/commons/lang3/StringUtils.java: org.apache.commons.lang3.StringUtils.containsAny: computed 0 unit tests
src/main/java/org/apache/commons/lang3/StringUtils.java: org.apache.commons.lang3.StringUtils.containsAny: found 0 problems
src/main/java/org/apache/commons/lang3/StringUtils.java: org.apache.commons.lang3.StringUtils.join: computing test cases
src/main/java/org/apache/commons/lang3/StringUtils.java: org.apache.commons.lang3.StringUtils.join: computed 0 unit tests
src/main/java/org/apache/commons/lang3/StringUtils.java: org.apache.commons.lang3.StringUtils.join: found 1 problems
src/main/java/org/apache/commons/lang3/StringUtils.java: unsupported: org.apache.commons.lang3.StringUtils.join: unsupported type
	data: wildcard(, pointer(reference(java/lang/Object)))
src/main/java/org/apache/commons/lang3/StringUtils.java: org.apache.commons.lang3.StringUtils.join: computing test cases
src/main/java/org/apache/commons/lang3/StringUtils.java: org.apache.commons.lang3.StringUtils.join: computed 0 unit tests
src/main/java/org/apache/commons/lang3/StringUtils.java: org.apache.commons.lang3.StringUtils.join: found 1 problems
src/main/java/org/apache/commons/lang3/StringUtils.java: unsupported: org.apache.commons.lang3.StringUtils.join: unsupported type
	data: wildcard(, pointer(reference(java/lang/Object)))
src/main/java/org/apache/commons/lang3/StringUtils.java: org.apache.commons.lang3.StringUtils.replaceEachRepeatedly: computing test cases
src/main/java/org/apache/commons/lang3/StringUtils.java: org.apache.commons.lang3.StringUtils.replaceEachRepeatedly: computed 0 unit tests
src/main/java/org/apache/commons/lang3/StringUtils.java: org.apache.commons.lang3.StringUtils.replaceEachRepeatedly: found 0 problems
src/main/java/org/apache/commons/lang3/StringUtils.java: org.apache.commons.lang3.StringUtils.lowerCase: computing test cases
src/main/java/org/apache/commons/lang3/StringUtils.java: org.apache.commons.lang3.StringUtils.lowerCase: computed 0 unit tests
src/main/java/org/apache/commons/lang3/StringUtils.java: org.apache.commons.lang3.StringUtils.lowerCase: found 0 problems
src/main/java/org/apache/commons/lang3/StringUtils.java: org.apache.commons.lang3.StringUtils.contains: computing test cases
src/main/java/org/apache/commons/lang3/StringUtils.java: org.apache.commons.lang3.StringUtils.contains: computed 0 unit tests
src/main/java/org/apache/commons/lang3/StringUtils.java: org.apache.commons.lang3.StringUtils.contains: found 0 problems
src/main/java/org/apache/commons/lang3/StringUtils.java: org.apache.commons.lang3.StringUtils.indexOfAnyBut: computing test cases
src/main/java/org/apache/commons/lang3/StringUtils.java: org.apache.commons.lang3.StringUtils.indexOfAnyBut: computed 0 unit tests
src/main/java/org/apache/commons/lang3/StringUtils.java: org.apache.commons.lang3.StringUtils.indexOfAnyBut: found 0 problems
src/main/java/org/apache/commons/lang3/StringUtils.java: org.apache.commons.lang3.StringUtils.split: computing test cases
src/main/java/org/apache/commons/lang3/StringUtils.java: org.apache.commons.lang3.StringUtils.split: computed 0 unit tests
src/main/java/org/apache/commons/lang3/StringUtils.java: org.apache.commons.lang3.StringUtils.split: found 0 problems
src/main/java/org/apache/commons/lang3/StringUtils.java: org.apache.commons.lang3.StringUtils.abbreviateMiddle: computing test cases
src/main/java/org/apache/commons/lang3/StringUtils.java: org.apache.commons.lang3.StringUtils.abbreviateMiddle: computed 0 unit tests
src/main/java/org/apache/commons/lang3/StringUtils.java: org.apache.commons.lang3.StringUtils.abbreviateMiddle: found 0 problems
src/main/java/org/apache/commons/lang3/StringUtils.java: org.apache.commons.lang3.StringUtils.repeat: computing test cases
src/main/java/org/apache/commons/lang3/StringUtils.java: org.apache.commons.lang3.StringUtils.repeat: computed 0 unit tests
src/main/java/org/apache/commons/lang3/StringUtils.java: org.apache.commons.lang3.StringUtils.repeat: found 0 problems
src/main/java/org/apache/commons/lang3/StringUtils.java: org.apache.commons.lang3.StringUtils.indexOf: computing test cases
src/main/java/org/apache/commons/lang3/StringUtils.java: org.apache.commons.lang3.StringUtils.indexOf: computed 0 unit tests
src/main/java/org/apache/commons/lang3/StringUtils.java: org.apache.commons.lang3.StringUtils.indexOf: found 0 problems
src/main/java/org/apache/commons/lang3/StringUtils.java: org.apache.commons.lang3.StringUtils.splitPreserveAllTokens: computing test cases
src/main/java/org/apache/commons/lang3/StringUtils.java: org.apache.commons.lang3.StringUtils.splitPreserveAllTokens: computed 0 unit tests
src/main/java/org/apache/commons/lang3/StringUtils.java: org.apache.commons.lang3.StringUtils.splitPreserveAllTokens: found 0 problems
src/main/java/org/apache/commons/lang3/StringUtils.java: org.apache.commons.lang3.StringUtils.endsWithIgnoreCase: computing test cases
src/main/java/org/apache/commons/lang3/StringUtils.java: org.apache.commons.lang3.StringUtils.endsWithIgnoreCase: computed 0 unit tests
src/main/java/org/apache/commons/lang3/StringUtils.java: org.apache.commons.lang3.StringUtils.endsWithIgnoreCase: found 0 problems
src/main/java/org/apache/commons/lang3/StringUtils.java: org.apache.commons.lang3.StringUtils.indexOf: computing test cases
src/main/java/org/apache/commons/lang3/StringUtils.java: org.apache.commons.lang3.StringUtils.indexOf: computed 0 unit tests
src/main/java/org/apache/commons/lang3/StringUtils.java: org.apache.commons.lang3.StringUtils.indexOf: found 0 problems
src/main/java/org/apache/commons/lang3/StringUtils.java: org.apache.commons.lang3.StringUtils.splitByWholeSeparatorPreserveAllTokens: computing test cases
src/main/java/org/apache/commons/lang3/StringUtils.java: org.apache.commons.lang3.StringUtils.splitByWholeSeparatorPreserveAllTokens: computed 0 unit tests
src/main/java/org/apache/commons/lang3/StringUtils.java: org.apache.commons.lang3.StringUtils.splitByWholeSeparatorPreserveAllTokens: found 0 problems
src/main/java/org/apache/commons/lang3/StringUtils.java: org.apache.commons.lang3.StringUtils.removeEnd: computing test cases
src/main/java/org/apache/commons/lang3/StringUtils.java: org.apache.commons.lang3.StringUtils.removeEnd: computed 0 unit tests
src/main/java/org/apache/commons/lang3/StringUtils.java: org.apache.commons.lang3.StringUtils.removeEnd: found 0 problems
src/main/java/org/apache/commons/lang3/StringUtils.java: org.apache.commons.lang3.StringUtils.containsWhitespace: computing test cases
src/main/java/org/apache/commons/lang3/StringUtils.java: org.apache.commons.lang3.StringUtils.containsWhitespace: computed 0 unit tests
src/main/java/org/apache/commons/lang3/StringUtils.java: org.apache.commons.lang3.StringUtils.containsWhitespace: found 0 problems
src/main/java/org/apache/commons/lang3/StringUtils.java: org.apache.commons.lang3.StringUtils.substringBetween: computing test cases
src/main/java/org/apache/commons/lang3/StringUtils.java: org.apache.commons.lang3.StringUtils.substringBetween: computed 0 unit tests
src/main/java/org/apache/commons/lang3/StringUtils.java: org.apache.commons.lang3.StringUtils.substringBetween: found 0 problems
src/main/java/org/apache/commons/lang3/StringUtils.java: org.apache.commons.lang3.StringUtils.normalizeSpace: computing test cases
src/main/java/org/apache/commons/lang3/StringUtils.java: org.apache.commons.lang3.StringUtils.normalizeSpace: computed 0 unit tests
src/main/java/org/apache/commons/lang3/StringUtils.java: org.apache.commons.lang3.StringUtils.normalizeSpace: found 0 problems
src/main/java/org/apache/commons/lang3/StringUtils.java: org.apache.commons.lang3.StringUtils.lastIndexOfAny: computing test cases
src/main/java/org/apache/commons/lang3/StringUtils.java: org.apache.commons.lang3.StringUtils.lastIndexOfAny: computed 0 unit tests
src/main/java/org/apache/commons/lang3/StringUtils.java: org.apache.commons.lang3.StringUtils.lastIndexOfAny: found 0 problems
src/main/java/org/apache/commons/lang3/StringUtils.java: org.apache.commons.lang3.StringUtils.indexOfDifference: computing test cases
src/main/java/org/apache/commons/lang3/StringUtils.java: org.apache.commons.lang3.StringUtils.indexOfDifference: computed 0 unit tests
src/main/java/org/apache/commons/lang3/StringUtils.java: org.apache.commons.lang3.StringUtils.indexOfDifference: found 0 problems
src/main/java/org/apache/commons/lang3/StringUtils.java: org.apache.commons.lang3.StringUtils.startsWithIgnoreCase: computing test cases
src/main/java/org/apache/commons/lang3/StringUtils.java: org.apache.commons.lang3.StringUtils.startsWithIgnoreCase: computed 0 unit tests
src/main/java/org/apache/commons/lang3/StringUtils.java: org.apache.commons.lang3.StringUtils.startsWithIgnoreCase: found 0 problems
src/main/java/org/apache/commons/lang3/StringUtils.java: org.apache.commons.lang3.StringUtils.remove: computing test cases
src/main/java/org/apache/commons/lang3/StringUtils.java: org.apache.commons.lang3.StringUtils.remove: computed 0 unit tests
src/main/java/org/apache/commons/lang3/StringUtils.java: org.apache.commons.lang3.StringUtils.remove: found 0 problems
src/main/java/org/apache/commons/lang3/StringUtils.java: org.apache.commons.lang3.StringUtils.chop: computing test cases
src/main/java/org/apache/commons/lang3/StringUtils.java: org.apache.commons.lang3.StringUtils.chop: computed 0 unit tests
src/main/java/org/apache/commons/lang3/StringUtils.java: org.apache.commons.lang3.StringUtils.chop: found 0 problems
Analyzed 1 out of 19 source files
Had 98 errors that block a full analysis
Generated 0 tests
Found 0 potential problems
The following issues prevent a full analysis:

* 162 cases of "unknown function"
	Description: Functions could not be resolved. This occurs due to missing dependencies,
  or if a called function is removed due to some other problem.

* 56 cases of "unknown import"
	Description: Imports could not be resolved. This is likely due to missing dependencies.

* 7 cases of "unsupported type"
	Description: Types required for analysis are not supported. This can include raw generics,
  or reflection types like "java.lang.Class".

* 3 cases of "unknown type"
	Description: Types could not be resolved. This could be because of missing dependencies
  or a consequence of some other problem.

* 13 cases of "other issues"
	Description: Uncategorized problems.

