CMD: /usr/lib/jvm/java-8-openjdk-amd64/bin/java -Dtools_jar_location=/usr/lib/jvm/java-8-openjdk-amd64/lib/tools.jar -jar /home/user/evosuite/evosuite-1.2.0.jar -generateSuite -class org.jsoup.parser.TreeBuilder -projectCP /home/user/evosuite/Test/Jsoup-44b/target/classes -base_dir /home/user/evosuite/results/project-Jsoup/Jsoup-44/round02/evosuite-work -seed 11 -Dalgorithm=NSGAII -Dsearch_budget=150 -Dtest_format=JUNIT4 -Dassertions=true

* EvoSuite 1.2.0
* Going to generate test cases for class: org.jsoup.parser.TreeBuilder
* Starting Client-0
* Connecting to master process on port 8224
* Analyzing classpath: 
  - /home/user/evosuite/Test/Jsoup-44b/target/classes
* Finished analyzing classpath
* Generating tests for class org.jsoup.parser.TreeBuilder
* Test criteria:
  - Line Coverage
  - Branch Coverage
  - Exception
  - Mutation testing (weak)
  - Method-Output Coverage
  - Top-Level Method Coverage
  - No-Exception Top-Level Method Coverage
  - Context Branch Coverage
* Setting up search algorithm for whole suite generation
* Total number of test goals: 
  - Line 30
  - Branch 11
  - Exception 0
  - MutationFactory 45
  - Output 37
  - Method 8
  - MethodNoException 8
  - CBranchFitnessFactory 11

[Progress:>                             0%] [Cov:>                                  0%]* Using seed 11
* Starting evolution

[Progress:>                             0%] [Cov:>                                  0%]
[Progress:>                             0%] [Cov:===>                               10%]
[Progress:>                             0%] [Cov:======>                            19%]
[Progress:>                             0%] [Cov:===========>                       32%]
[Progress:>                             0%] [Cov:===============>                   45%]
[Progress:>                             0%] [Cov:================>                  46%]
[Progress:>                             0%] [Cov:=================>                 49%]
[Progress:>                             0%] [Cov:=================>                 51%]
[Progress:>                             0%] [Cov:====================>              58%]
[Progress:>                             1%] [Cov:====>                              12%]
[Progress:>                             1%] [Cov:=======>                           22%]
[Progress:>                             1%] [Cov:===========>                       34%]
[Progress:>                             1%] [Cov:================>                  48%]
[Progress:>                             1%] [Cov:=================>                 51%]
[Progress:>                             1%] [Cov:==================>                52%]
[Progress:>                             1%] [Cov:==================>                53%]
[Progress:>                             1%] [Cov:=====================>             60%]
[Progress:>                             1%] [Cov:=====================>             61%]
[Progress:>                             1%] [Cov:======================>            64%][MASTER] 01:08:29.867 [logback-1] WARN  TestCluster - Failed to check cache for java.util.Comparator<T> : Type points to itself

[Progress:>                             1%] [Cov:=====================>             62%]
[Progress:>                             1%] [Cov:======================>            63%]
[Progress:>                             1%] [Cov:======================>            65%]
[Progress:>                             2%] [Cov:=====>                             15%]
[Progress:>                             2%] [Cov:======>                            19%]
[Progress:>                             2%] [Cov:=======>                           21%]
[Progress:>                             2%] [Cov:==========>                        30%]
[Progress:>                             2%] [Cov:==========>                        31%]
[Progress:>                             2%] [Cov:===========>                       32%]
[Progress:>                             2%] [Cov:===========>                       33%]
[Progress:>                             2%] [Cov:================>                  47%]
[Progress:>                             2%] [Cov:======================>            64%]
[Progress:>                             2%] [Cov:======================>            65%]
[Progress:>                             2%] [Cov:=====================>             62%]
[Progress:>                             2%] [Cov:======================>            64%]
[Progress:>                             2%] [Cov:======================>            65%]
[Progress:>                             2%] [Cov:=======================>           66%]
[Progress:>                             2%] [Cov:=======================>           67%]
[Progress:>                             2%] [Cov:=======================>           68%]
[Progress:>                             2%] [Cov:========================>          69%]
[Progress:>                             2%] [Cov:=======================>           68%]
[Progress:>                             2%] [Cov:========================>          69%]
[Progress:>                             2%] [Cov:=======================>           67%]
[Progress:>                             2%] [Cov:========================>          69%]
[Progress:>                             2%] [Cov:========================>          70%]
[Progress:>                             2%] [Cov:========================>          71%]
[Progress:>                             2%] [Cov:=========================>         72%]
[Progress:>                             2%] [Cov:=========================>         72%]
[Progress:>                             2%] [Cov:=========================>         73%]
[Progress:>                             2%] [Cov:=========================>         74%]
[Progress:>                             2%] [Cov:========================>          70%]
[Progress:>                             2%] [Cov:========================>          71%]
[Progress:>                             2%] [Cov:=========================>         74%]
[Progress:>                             2%] [Cov:========================>          69%]
[Progress:>                             2%] [Cov:========================>          70%]
[Progress:>                             2%] [Cov:========================>          71%]
[Progress:>                             3%] [Cov:========================>          69%]
[Progress:>                             3%] [Cov:========================>          70%]
[Progress:>                             3%] [Cov:=========================>         73%]
[Progress:>                             3%] [Cov:=========================>         74%]
[Progress:>                             3%] [Cov:=========================>         73%]
[Progress:>                             3%] [Cov:=========================>         74%]
[Progress:>                             3%] [Cov:=========================>         73%]
[Progress:>                             3%] [Cov:=========================>         74%]
[Progress:>                             3%] [Cov:==========================>        76%]
[Progress:>                             3%] [Cov:==========================>        76%]
[Progress:=>                            4%] [Cov:==========================>        76%]
[Progress:=>                            4%] [Cov:==========================>        77%]
[Progress:=>                            4%] [Cov:==========================>        77%]
[Progress:=>                            4%] [Cov:===========================>       78%]
[Progress:=>                            4%] [Cov:===========================>       78%]
[Progress:=>                            4%] [Cov:===========================>       78%]
[Progress:=>                            4%] [Cov:===========================>       78%]
[Progress:=>                            4%] [Cov:===========================>       78%]
[Progress:=>                            4%] [Cov:===========================>       79%]
[Progress:=>                            4%] [Cov:============================>      81%]
[Progress:=>                            4%] [Cov:============================>      81%]
[Progress:=>                            5%] [Cov:==========================>        77%]
[Progress:=>                            5%] [Cov:===========================>       78%]
[Progress:=>                            5%] [Cov:===========================>       79%]
[Progress:=>                            5%] [Cov:============================>      81%]
[Progress:=>                            5%] [Cov:============================>      81%]
[Progress:=>                            5%] [Cov:============================>      82%]
[Progress:=>                            5%] [Cov:============================>      82%]
[Progress:=>                            5%] [Cov:============================>      81%]
[Progress:=>                            5%] [Cov:============================>      82%]
[Progress:=>                            5%] [Cov:============================>      81%]
[Progress:=>                            6%] [Cov:============================>      82%]
[Progress:=>                            6%] [Cov:============================>      81%]
[Progress:=>                            6%] [Cov:============================>      82%]
[Progress:=>                            6%] [Cov:============================>      81%]
[Progress:=>                            6%] [Cov:============================>      82%]
[Progress:=>                            6%] [Cov:=============================>     84%]
[Progress:=>                            6%] [Cov:=============================>     84%]
[Progress:=>                            6%] [Cov:=============================>     84%]
[Progress:=>                            6%] [Cov:=============================>     84%]
[Progress:=>                            6%] [Cov:=============================>     85%]
[Progress:=>                            6%] [Cov:=============================>     84%]
[Progress:=>                            6%] [Cov:=============================>     85%]
[Progress:==>                           7%] [Cov:=============================>     84%]
[Progress:==>                           7%] [Cov:=============================>     84%]
[Progress:==>                           7%] [Cov:=============================>     85%]
[Progress:==>                           7%] [Cov:=============================>     85%]
[Progress:==>                           7%] [Cov:==============================>    86%]
[Progress:==>                           7%] [Cov:==============================>    86%]
[Progress:==>                           8%] [Cov:=============================>     84%]
[Progress:==>                           8%] [Cov:=============================>     85%]
[Progress:==>                           8%] [Cov:==============================>    86%]
[Progress:==>                           8%] [Cov:==============================>    86%]
[Progress:==>                           8%] [Cov:==============================>    86%]
[Progress:==>                           8%] [Cov:==============================>    86%]
[Progress:==>                           8%] [Cov:==============================>    87%]
[Progress:==>                           8%] [Cov:==============================>    87%]
[Progress:==>                           8%] [Cov:==============================>    87%]
[Progress:==>                           9%] [Cov:==============================>    86%]
[Progress:==>                           9%] [Cov:==============================>    87%]
[Progress:==>                           9%] [Cov:==============================>    87%]
[Progress:==>                           9%] [Cov:==============================>    87%]
[Progress:==>                           9%] [Cov:==============================>    87%]
[Progress:===>                          10%] [Cov:==============================>    86%]
[Progress:===>                          10%] [Cov:==============================>    87%]
[Progress:===>                          10%] [Cov:==============================>    87%]
[Progress:===>                          10%] [Cov:==============================>    87%]
[Progress:===>                          10%] [Cov:===============================>   89%]
[Progress:===>                          10%] [Cov:===============================>   89%]
[Progress:===>                          10%] [Cov:===============================>   89%]
[Progress:===>                          10%] [Cov:===============================>   89%]
[Progress:===>                          10%] [Cov:===============================>   89%]
[Progress:===>                          10%] [Cov:===============================>   89%]
[Progress:===>                          11%] [Cov:===============================>   89%]
[Progress:===>                          11%] [Cov:===============================>   89%]
[Progress:===>                          11%] [Cov:==============================>    88%]
[Progress:===>                          11%] [Cov:===============================>   89%]
[Progress:===>                          11%] [Cov:===============================>   89%]
[Progress:===>                          11%] [Cov:===============================>   89%]
[Progress:===>                          12%] [Cov:===============================>   89%]
[Progress:===>                          12%] [Cov:===============================>   89%]
[Progress:===>                          12%] [Cov:===============================>   89%]
[Progress:===>                          12%] [Cov:===============================>   89%]
[Progress:===>                          12%] [Cov:===============================>   89%]
[Progress:===>                          12%] [Cov:===============================>   89%]
[Progress:===>                          12%] [Cov:===============================>   89%]
[Progress:===>                          12%] [Cov:===============================>   89%]
[Progress:===>                          12%] [Cov:===============================>   89%]
[Progress:===>                          13%] [Cov:===============================>   89%]
[Progress:===>                          13%] [Cov:===============================>   89%]
[Progress:===>                          13%] [Cov:===============================>   89%]
[Progress:===>                          13%] [Cov:===============================>   89%]
[Progress:====>                         14%] [Cov:===============================>   89%]
[Progress:====>                         14%] [Cov:===============================>   89%]
[Progress:====>                         14%] [Cov:===============================>   90%]
[Progress:====>                         14%] [Cov:===============================>   90%]
[Progress:====>                         14%] [Cov:===============================>   90%]
[Progress:====>                         14%] [Cov:===============================>   90%]
[Progress:====>                         14%] [Cov:===============================>   90%]
[Progress:====>                         14%] [Cov:===============================>   90%]
[Progress:====>                         14%] [Cov:===============================>   89%]
[Progress:====>                         14%] [Cov:===============================>   90%]
[Progress:====>                         15%] [Cov:==========================>        77%]
[Progress:====>                         15%] [Cov:===============================>   90%]
[Progress:====>                         15%] [Cov:===============================>   90%]
[Progress:====>                         15%] [Cov:===============================>   90%]
[Progress:====>                         15%] [Cov:===============================>   89%]
[Progress:====>                         15%] [Cov:===============================>   90%]
[Progress:====>                         16%] [Cov:===============================>   90%]
[Progress:====>                         16%] [Cov:===============================>   89%]
[Progress:====>                         16%] [Cov:===============================>   90%]
[Progress:====>                         16%] [Cov:===============================>   89%]
[Progress:====>                         16%] [Cov:===============================>   90%]
[Progress:====>                         16%] [Cov:===============================>   89%]
[Progress:====>                         16%] [Cov:===============================>   90%]
[Progress:====>                         16%] [Cov:===============================>   89%]
[Progress:====>                         16%] [Cov:===============================>   90%]
[Progress:====>                         16%] [Cov:===============================>   89%]
[Progress:====>                         16%] [Cov:===============================>   90%]
[Progress:====>                         16%] [Cov:===============================>   89%]
[Progress:====>                         16%] [Cov:===============================>   90%]
[Progress:====>                         16%] [Cov:===============================>   89%]
[Progress:====>                         16%] [Cov:===============================>   90%]
[Progress:=====>                        17%] [Cov:===============================>   90%]
[Progress:=====>                        17%] [Cov:===============================>   90%]
[Progress:=====>                        17%] [Cov:===============================>   90%]
[Progress:=====>                        17%] [Cov:===============================>   90%]
[Progress:=====>                        17%] [Cov:===============================>   89%]
[Progress:=====>                        17%] [Cov:===============================>   90%]
[Progress:=====>                        18%] [Cov:===============================>   90%]
[Progress:=====>                        18%] [Cov:===============================>   89%]
[Progress:=====>                        18%] [Cov:===============================>   90%]
[Progress:=====>                        18%] [Cov:===============================>   89%]
[Progress:=====>                        18%] [Cov:===============================>   90%]
[Progress:=====>                        18%] [Cov:===============================>   89%]
[Progress:=====>                        18%] [Cov:===============================>   90%]
[Progress:=====>                        18%] [Cov:===============================>   89%]
[Progress:=====>                        18%] [Cov:===============================>   90%]
[Progress:=====>                        18%] [Cov:===============================>   89%]
[Progress:=====>                        18%] [Cov:===============================>   90%]
[Progress:=====>                        18%] [Cov:===============================>   89%]
[Progress:=====>                        18%] [Cov:===============================>   90%]
[Progress:=====>                        18%] [Cov:===============================>   89%]
[Progress:=====>                        18%] [Cov:===============================>   90%]
[Progress:=====>                        19%] [Cov:===============================>   90%]
[Progress:=====>                        19%] [Cov:===============================>   89%]
[Progress:=====>                        19%] [Cov:===============================>   90%]
[Progress:=====>                        19%] [Cov:===============================>   89%]
[Progress:=====>                        19%] [Cov:===============================>   90%]
[Progress:=====>                        19%] [Cov:===============================>   89%]
[Progress:=====>                        19%] [Cov:===============================>   90%]
[Progress:=====>                        19%] [Cov:===============================>   89%]
[Progress:=====>                        19%] [Cov:===============================>   90%]
[Progress:======>                       20%] [Cov:===============================>   90%]
[Progress:======>                       20%] [Cov:===============================>   89%]
[Progress:======>                       20%] [Cov:===============================>   90%]
[Progress:======>                       20%] [Cov:===============================>   89%]
[Progress:======>                       20%] [Cov:===============================>   90%]
[Progress:======>                       20%] [Cov:===============================>   89%]
[Progress:======>                       20%] [Cov:===============================>   90%]
[Progress:======>                       20%] [Cov:===============================>   89%]
[Progress:======>                       20%] [Cov:===============================>   90%]
[Progress:======>                       20%] [Cov:===============================>   89%]
[Progress:======>                       20%] [Cov:===============================>   90%]
[Progress:======>                       20%] [Cov:===============================>   89%]
[Progress:======>                       20%] [Cov:===============================>   90%]
[Progress:======>                       20%] [Cov:===============================>   89%]
[Progress:======>                       20%] [Cov:===============================>   90%]
[Progress:======>                       21%] [Cov:===============================>   90%]
[Progress:======>                       21%] [Cov:===============================>   89%]
[Progress:======>                       21%] [Cov:===============================>   90%]
[Progress:======>                       21%] [Cov:===============================>   89%]
[Progress:======>                       21%] [Cov:===============================>   90%]
[Progress:======>                       21%] [Cov:===============================>   89%]
[Progress:======>                       21%] [Cov:===============================>   90%]
[Progress:======>                       21%] [Cov:===============================>   89%]
[Progress:======>                       22%] [Cov:===============================>   90%]
[Progress:======>                       22%] [Cov:===============================>   89%]
[Progress:======>                       22%] [Cov:===============================>   90%]
[Progress:======>                       22%] [Cov:===============================>   89%]
[Progress:======>                       22%] [Cov:===============================>   90%]
[Progress:======>                       22%] [Cov:===============================>   89%]
[Progress:======>                       22%] [Cov:===============================>   90%]
[Progress:======>                       22%] [Cov:===============================>   91%]
[Progress:======>                       22%] [Cov:================================>  92%]
[Progress:======>                       22%] [Cov:================================>  93%]
[Progress:======>                       22%] [Cov:================================>  93%]
[Progress:======>                       22%] [Cov:================================>  93%]
[Progress:======>                       22%] [Cov:================================>  93%]
[Progress:======>                       22%] [Cov:================================>  93%]
[Progress:======>                       23%] [Cov:================================>  92%]
[Progress:======>                       23%] [Cov:================================>  93%]
[Progress:======>                       23%] [Cov:================================>  93%]
[Progress:======>                       23%] [Cov:================================>  93%]
[Progress:======>                       23%] [Cov:===============================>   91%]
[Progress:======>                       23%] [Cov:================================>  93%]
[Progress:======>                       23%] [Cov:===============================>   91%]
[Progress:=======>                      24%] [Cov:================================>  93%]
[Progress:=======>                      24%] [Cov:===============================>   91%]
[Progress:=======>                      24%] [Cov:================================>  93%]
[Progress:=======>                      24%] [Cov:================================>  94%]
[Progress:=======>                      24%] [Cov:================================>  94%]
[Progress:=======>                      24%] [Cov:================================>  94%]
[Progress:=======>                      24%] [Cov:================================>  94%]
[Progress:=======>                      24%] [Cov:================================>  94%]
[Progress:=======>                      24%] [Cov:===============================>   90%]
[Progress:=======>                      24%] [Cov:================================>  94%]
[Progress:=======>                      24%] [Cov:===============================>   90%]
[Progress:=======>                      24%] [Cov:================================>  94%]
[Progress:=======>                      25%] [Cov:================================>  94%]
[Progress:=======>                      25%] [Cov:===============================>   90%]
[Progress:=======>                      25%] [Cov:================================>  94%]
[Progress:=======>                      25%] [Cov:===============================>   90%]
[Progress:=======>                      25%] [Cov:================================>  94%]
[Progress:=======>                      25%] [Cov:===============================>   90%]
[Progress:=======>                      25%] [Cov:================================>  94%]
[Progress:=======>                      25%] [Cov:===============================>   90%]
[Progress:=======>                      25%] [Cov:================================>  94%]
[Progress:=======>                      26%] [Cov:================================>  94%]
[Progress:=======>                      26%] [Cov:===============================>   90%]
[Progress:=======>                      26%] [Cov:================================>  94%]
[Progress:=======>                      26%] [Cov:==============================>    88%]
[Progress:=======>                      26%] [Cov:================================>  94%]
[Progress:=======>                      26%] [Cov:==============================>    88%]
[Progress:=======>                      26%] [Cov:================================>  94%]
[Progress:=======>                      26%] [Cov:==============================>    88%]
[Progress:=======>                      26%] [Cov:================================>  94%]
[Progress:=======>                      26%] [Cov:==============================>    88%]
[Progress:=======>                      26%] [Cov:================================>  94%]
[Progress:=======>                      26%] [Cov:==============================>    88%]
[Progress:=======>                      26%] [Cov:================================>  94%]
[Progress:=======>                      26%] [Cov:==============================>    88%]
[Progress:=======>                      26%] [Cov:================================>  94%]
[Progress:=======>                      26%] [Cov:==============================>    88%]
[Progress:=======>                      26%] [Cov:================================>  94%]
[Progress:=======>                      26%] [Cov:==============================>    88%]
[Progress:=======>                      26%] [Cov:================================>  94%]
[Progress:========>                     27%] [Cov:================================>  94%]
[Progress:========>                     27%] [Cov:==============================>    88%]
[Progress:========>                     27%] [Cov:================================>  94%]
[Progress:========>                     27%] [Cov:==============================>    88%]
[Progress:========>                     27%] [Cov:================================>  94%]
[Progress:========>                     27%] [Cov:==============================>    88%]
[Progress:========>                     27%] [Cov:================================>  94%]
[Progress:========>                     28%] [Cov:===============================>   90%]
[Progress:========>                     28%] [Cov:================================>  92%]
[Progress:========>                     28%] [Cov:================================>  94%]
[Progress:========>                     28%] [Cov:==============================>    88%]
[Progress:========>                     28%] [Cov:================================>  94%]
[Progress:========>                     28%] [Cov:==============================>    88%]
[Progress:========>                     28%] [Cov:================================>  94%]
[Progress:========>                     28%] [Cov:==============================>    88%]
[Progress:========>                     28%] [Cov:================================>  94%]
[Progress:========>                     28%] [Cov:==============================>    88%]
[Progress:========>                     28%] [Cov:================================>  94%]
[Progress:========>                     28%] [Cov:==============================>    88%]
[Progress:========>                     28%] [Cov:================================>  94%]
[Progress:========>                     28%] [Cov:==============================>    88%]
[Progress:========>                     28%] [Cov:================================>  94%]
[Progress:========>                     28%] [Cov:==============================>    88%]
[Progress:========>                     28%] [Cov:================================>  94%]
[Progress:========>                     28%] [Cov:==============================>    88%]
[Progress:========>                     28%] [Cov:================================>  94%]
[Progress:========>                     29%] [Cov:================================>  94%]
[Progress:========>                     29%] [Cov:==============================>    88%]
[Progress:========>                     29%] [Cov:================================>  94%]
[Progress:========>                     29%] [Cov:==============================>    88%]
[Progress:========>                     29%] [Cov:================================>  94%]
[Progress:========>                     29%] [Cov:==============================>    88%]
[Progress:========>                     29%] [Cov:================================>  94%]
[Progress:========>                     29%] [Cov:==============================>    88%]
[Progress:========>                     29%] [Cov:================================>  94%]
[Progress:=========>                    30%] [Cov:================================>  94%]
[Progress:=========>                    30%] [Cov:==============================>    88%]
[Progress:=========>                    30%] [Cov:================================>  94%]
[Progress:=========>                    30%] [Cov:==============================>    88%]
[Progress:=========>                    30%] [Cov:================================>  94%]
[Progress:=========>                    30%] [Cov:==============================>    88%]
[Progress:=========>                    30%] [Cov:================================>  94%]
[Progress:=========>                    30%] [Cov:==============================>    88%]
[Progress:=========>                    30%] [Cov:================================>  94%]
[Progress:=========>                    30%] [Cov:==============================>    88%]
[Progress:=========>                    30%] [Cov:================================>  94%]
[Progress:=========>                    30%] [Cov:==============================>    88%]
[Progress:=========>                    30%] [Cov:================================>  94%]
[Progress:=========>                    30%] [Cov:==============================>    88%]
[Progress:=========>                    30%] [Cov:================================>  94%]
[Progress:=========>                    30%] [Cov:==============================>    88%]
[Progress:=========>                    30%] [Cov:================================>  94%]
[Progress:=========>                    30%] [Cov:================================>  94%]
[Progress:=========>                    31%] [Cov:================================>  94%]
[Progress:=========>                    31%] [Cov:================================>  94%]
[Progress:=========>                    31%] [Cov:================================>  94%]
[Progress:=========>                    31%] [Cov:==============================>    88%]
[Progress:=========>                    31%] [Cov:================================>  94%]
[Progress:=========>                    32%] [Cov:================================>  94%]
[Progress:=========>                    32%] [Cov:==============================>    88%]
[Progress:=========>                    32%] [Cov:================================>  94%]
[Progress:=========>                    32%] [Cov:==============================>    88%]
[Progress:=========>                    32%] [Cov:================================>  94%]
[Progress:=========>                    32%] [Cov:==============================>    88%]
[Progress:=========>                    32%] [Cov:================================>  94%]
[Progress:=========>                    32%] [Cov:==============================>    88%]
[Progress:=========>                    32%] [Cov:================================>  94%]
[Progress:=========>                    32%] [Cov:==============================>    88%]
[Progress:=========>                    32%] [Cov:================================>  94%]
[Progress:=========>                    32%] [Cov:==============================>    88%]
[Progress:=========>                    32%] [Cov:================================>  94%]
[Progress:=========>                    32%] [Cov:==============================>    88%]
[Progress:=========>                    32%] [Cov:================================>  94%]
[Progress:=========>                    32%] [Cov:==============================>    88%]
[Progress:=========>                    32%] [Cov:================================>  94%]
[Progress:=========>                    32%] [Cov:==============================>    88%]
[Progress:=========>                    32%] [Cov:================================>  94%]
[Progress:=========>                    33%] [Cov:================================>  94%]
[Progress:=========>                    33%] [Cov:==============================>    88%]
[Progress:=========>                    33%] [Cov:================================>  94%]
[Progress:=========>                    33%] [Cov:==============================>    88%]
[Progress:=========>                    33%] [Cov:================================>  94%]
[Progress:=========>                    33%] [Cov:==============================>    88%]
[Progress:=========>                    33%] [Cov:================================>  94%]
[Progress:=========>                    33%] [Cov:==============================>    88%]
[Progress:=========>                    33%] [Cov:================================>  94%]
[Progress:==========>                   34%] [Cov:==============================>    88%]
[Progress:==========>                   34%] [Cov:================================>  94%]
[Progress:==========>                   34%] [Cov:==============================>    88%]
[Progress:==========>                   34%] [Cov:================================>  94%]
[Progress:==========>                   34%] [Cov:==============================>    88%]
[Progress:==========>                   34%] [Cov:================================>  94%]
[Progress:==========>                   34%] [Cov:==============================>    88%]
[Progress:==========>                   34%] [Cov:================================>  94%]
[Progress:==========>                   34%] [Cov:==============================>    88%]
[Progress:==========>                   34%] [Cov:================================>  94%]
[Progress:==========>                   34%] [Cov:==============================>    88%]
[Progress:==========>                   34%] [Cov:================================>  94%]
[Progress:==========>                   34%] [Cov:==============================>    88%]
[Progress:==========>                   34%] [Cov:================================>  94%]
[Progress:==========>                   34%] [Cov:==============================>    88%]
[Progress:==========>                   34%] [Cov:================================>  94%]
[Progress:==========>                   35%] [Cov:================================>  94%]
[Progress:==========>                   35%] [Cov:==============================>    88%]
[Progress:==========>                   35%] [Cov:================================>  94%]
[Progress:==========>                   35%] [Cov:==============================>    88%]
[Progress:==========>                   35%] [Cov:================================>  94%]
[Progress:==========>                   35%] [Cov:==============================>    88%]
[Progress:==========>                   35%] [Cov:================================>  94%]
[Progress:==========>                   36%] [Cov:================================>  94%]
[Progress:==========>                   36%] [Cov:==============================>    88%]
[Progress:==========>                   36%] [Cov:================================>  94%]
[Progress:==========>                   36%] [Cov:==============================>    88%]
[Progress:==========>                   36%] [Cov:================================>  94%]
[Progress:==========>                   36%] [Cov:==============================>    88%]
[Progress:==========>                   36%] [Cov:================================>  94%]
[Progress:==========>                   36%] [Cov:==============================>    88%]
[Progress:==========>                   36%] [Cov:================================>  94%]
[Progress:==========>                   36%] [Cov:==============================>    88%]
[Progress:==========>                   36%] [Cov:================================>  94%]
[Progress:==========>                   36%] [Cov:==============================>    88%]
[Progress:==========>                   36%] [Cov:================================>  94%]
[Progress:===========>                  37%] [Cov:================================>  94%]
[Progress:===========>                  37%] [Cov:==============================>    88%]
[Progress:===========>                  37%] [Cov:================================>  94%]
[Progress:===========>                  37%] [Cov:==============================>    88%]
[Progress:===========>                  37%] [Cov:================================>  94%]
[Progress:===========>                  37%] [Cov:==============================>    88%]
[Progress:===========>                  37%] [Cov:================================>  94%]
[Progress:===========>                  37%] [Cov:==============================>    88%]
[Progress:===========>                  37%] [Cov:================================>  94%]
[Progress:===========>                  38%] [Cov:================================>  94%]
[Progress:===========>                  38%] [Cov:==============================>    88%]
[Progress:===========>                  38%] [Cov:================================>  94%]
[Progress:===========>                  38%] [Cov:==============================>    88%]
[Progress:===========>                  38%] [Cov:================================>  94%]
[Progress:===========>                  38%] [Cov:==============================>    88%]
[Progress:===========>                  38%] [Cov:================================>  94%]
[Progress:===========>                  38%] [Cov:==============================>    88%]
[Progress:===========>                  38%] [Cov:================================>  94%]
[Progress:===========>                  38%] [Cov:==============================>    88%]
[Progress:===========>                  38%] [Cov:================================>  94%]
[Progress:===========>                  38%] [Cov:==============================>    88%]
[Progress:===========>                  38%] [Cov:================================>  94%]
[Progress:===========>                  38%] [Cov:==============================>    88%]
[Progress:===========>                  38%] [Cov:================================>  94%]
[Progress:===========>                  39%] [Cov:=============================>     84%]
[Progress:===========>                  39%] [Cov:=============================>     85%]
[Progress:===========>                  39%] [Cov:================================>  94%]
[Progress:===========>                  39%] [Cov:==============================>    88%]
[Progress:===========>                  39%] [Cov:================================>  94%]
[Progress:===========>                  39%] [Cov:==============================>    88%]
[Progress:===========>                  39%] [Cov:================================>  94%]
[Progress:===========>                  39%] [Cov:==============================>    88%]
[Progress:===========>                  39%] [Cov:================================>  94%]
[Progress:===========>                  39%] [Cov:==============================>    88%]
[Progress:===========>                  39%] [Cov:================================>  94%]
[Progress:===========>                  39%] [Cov:==============================>    88%]
[Progress:===========>                  39%] [Cov:================================>  94%]
[Progress:============>                 40%] [Cov:================================>  94%]
[Progress:============>                 40%] [Cov:==============================>    88%]
[Progress:============>                 40%] [Cov:================================>  94%]
[Progress:============>                 40%] [Cov:==============================>    88%]
[Progress:============>                 40%] [Cov:================================>  94%]
[Progress:============>                 40%] [Cov:==============================>    88%]
[Progress:============>                 40%] [Cov:================================>  94%]
[Progress:============>                 40%] [Cov:==============================>    88%]
[Progress:============>                 40%] [Cov:================================>  94%]
[Progress:============>                 40%] [Cov:==============================>    88%]
[Progress:============>                 40%] [Cov:================================>  94%]
[Progress:============>                 40%] [Cov:==============================>    88%]
[Progress:============>                 40%] [Cov:================================>  94%]
[Progress:============>                 40%] [Cov:==============================>    88%]
[Progress:============>                 40%] [Cov:================================>  94%]
[Progress:============>                 41%] [Cov:================================>  94%]
[Progress:============>                 41%] [Cov:==============================>    88%]
[Progress:============>                 41%] [Cov:================================>  94%]
[Progress:============>                 41%] [Cov:==============================>    88%]
[Progress:============>                 41%] [Cov:================================>  94%]
[Progress:============>                 41%] [Cov:==============================>    88%]
[Progress:============>                 41%] [Cov:================================>  94%]
[Progress:============>                 41%] [Cov:==============================>    88%]
[Progress:============>                 41%] [Cov:================================>  94%]
[Progress:============>                 41%] [Cov:==============================>    88%]
[Progress:============>                 41%] [Cov:================================>  94%]
[Progress:============>                 42%] [Cov:================================>  94%]
[Progress:============>                 42%] [Cov:==============================>    88%]
[Progress:============>                 42%] [Cov:================================>  94%]
[Progress:============>                 42%] [Cov:==============================>    88%]
[Progress:============>                 42%] [Cov:================================>  94%]
[Progress:============>                 42%] [Cov:==============================>    88%]
[Progress:============>                 42%] [Cov:================================>  94%]
[Progress:============>                 42%] [Cov:==============================>    88%]
[Progress:============>                 42%] [Cov:================================>  94%]
[Progress:============>                 42%] [Cov:==============================>    88%]
[Progress:============>                 42%] [Cov:================================>  94%]
[Progress:============>                 42%] [Cov:==============================>    88%]
[Progress:============>                 42%] [Cov:================================>  94%]
[Progress:============>                 42%] [Cov:==============================>    88%]
[Progress:============>                 42%] [Cov:================================>  94%]
[Progress:============>                 43%] [Cov:================================>  94%]
[Progress:============>                 43%] [Cov:==============================>    88%]
[Progress:============>                 43%] [Cov:================================>  94%]
[Progress:============>                 43%] [Cov:==============================>    88%]
[Progress:============>                 43%] [Cov:================================>  94%]
[Progress:============>                 43%] [Cov:==============================>    88%]
[Progress:============>                 43%] [Cov:================================>  94%]
[Progress:============>                 43%] [Cov:================================>  94%]
[Progress:=============>                44%] [Cov:================================>  94%]
[Progress:=============>                44%] [Cov:================================>  94%]
[Progress:=============>                44%] [Cov:================================>  94%]
[Progress:=============>                44%] [Cov:================================>  94%]
[Progress:=============>                44%] [Cov:================================>  94%]
[Progress:=============>                44%] [Cov:================================>  94%]
[Progress:=============>                44%] [Cov:================================>  94%]
[Progress:=============>                44%] [Cov:================================>  94%]
[Progress:=============>                44%] [Cov:===============================>   89%]
[Progress:=============>                44%] [Cov:================================>  94%]
[Progress:=============>                44%] [Cov:===============================>   89%]
[Progress:=============>                44%] [Cov:===============================>   91%]
[Progress:=============>                44%] [Cov:================================>  94%]
[Progress:=============>                44%] [Cov:===============================>   89%]
[Progress:=============>                44%] [Cov:================================>  94%]
[Progress:=============>                45%] [Cov:================================>  94%]
[Progress:=============>                45%] [Cov:===============================>   89%]
[Progress:=============>                45%] [Cov:================================>  94%]
[Progress:=============>                45%] [Cov:===============================>   89%]
[Progress:=============>                45%] [Cov:================================>  94%]
[Progress:=============>                45%] [Cov:===============================>   89%]
[Progress:=============>                45%] [Cov:================================>  94%]
[Progress:=============>                45%] [Cov:===============================>   89%]
[Progress:=============>                45%] [Cov:================================>  94%]
[Progress:=============>                46%] [Cov:================================>  94%]
[Progress:=============>                46%] [Cov:==============================>    88%]
[Progress:=============>                46%] [Cov:================================>  94%]
[Progress:=============>                46%] [Cov:==============================>    88%]
[Progress:=============>                46%] [Cov:================================>  94%]
[Progress:=============>                46%] [Cov:==============================>    88%]
[Progress:=============>                46%] [Cov:================================>  94%]
[Progress:=============>                46%] [Cov:==============================>    88%]
[Progress:=============>                46%] [Cov:================================>  94%]
[Progress:=============>                46%] [Cov:==============================>    88%]
[Progress:=============>                46%] [Cov:================================>  94%]
[Progress:=============>                46%] [Cov:===============================>   89%]
[Progress:=============>                46%] [Cov:================================>  94%]
[Progress:=============>                46%] [Cov:===============================>   89%]
[Progress:=============>                46%] [Cov:================================>  94%]
[Progress:=============>                46%] [Cov:===============================>   89%]
[Progress:=============>                46%] [Cov:================================>  94%]
[Progress:=============>                46%] [Cov:===============================>   89%]
[Progress:=============>                46%] [Cov:================================>  94%]
[Progress:==============>               47%] [Cov:================================>  94%]
[Progress:==============>               47%] [Cov:===============================>   89%]
[Progress:==============>               47%] [Cov:================================>  94%]
[Progress:==============>               47%] [Cov:===============================>   89%]
[Progress:==============>               47%] [Cov:================================>  94%]
[Progress:==============>               47%] [Cov:===============================>   89%]
[Progress:==============>               47%] [Cov:================================>  94%]
[Progress:==============>               47%] [Cov:===============================>   89%]
[Progress:==============>               47%] [Cov:================================>  94%]
[Progress:==============>               48%] [Cov:=============================>     83%]
[Progress:==============>               48%] [Cov:================================>  94%]
[Progress:==============>               48%] [Cov:===============================>   89%]
[Progress:==============>               48%] [Cov:================================>  94%]
[Progress:==============>               48%] [Cov:===============================>   89%]
[Progress:==============>               48%] [Cov:================================>  94%]
[Progress:==============>               48%] [Cov:===============================>   89%]
[Progress:==============>               48%] [Cov:================================>  94%]
[Progress:==============>               48%] [Cov:===============================>   89%]
[Progress:==============>               48%] [Cov:================================>  94%]
[Progress:==============>               48%] [Cov:===============================>   89%]
[Progress:==============>               48%] [Cov:================================>  94%]
[Progress:==============>               48%] [Cov:===============================>   89%]
[Progress:==============>               48%] [Cov:================================>  94%]
[Progress:==============>               48%] [Cov:===============================>   89%]
[Progress:==============>               48%] [Cov:================================>  94%]
[Progress:==============>               49%] [Cov:===============================>   90%]
[Progress:==============>               49%] [Cov:================================>  94%]
[Progress:==============>               49%] [Cov:===============================>   89%]
[Progress:==============>               49%] [Cov:================================>  94%]
[Progress:==============>               49%] [Cov:===============================>   89%]
[Progress:==============>               49%] [Cov:================================>  94%]
[Progress:==============>               49%] [Cov:===============================>   89%]
[Progress:==============>               49%] [Cov:================================>  94%]
[Progress:==============>               49%] [Cov:===============================>   89%]
[Progress:==============>               49%] [Cov:================================>  94%]
[Progress:==============>               49%] [Cov:===============================>   89%]
[Progress:==============>               49%] [Cov:================================>  94%]
[Progress:===============>              50%] [Cov:================================>  94%]
[Progress:===============>              50%] [Cov:===============================>   89%]
[Progress:===============>              50%] [Cov:================================>  94%]
[Progress:===============>              50%] [Cov:===============================>   89%]
[Progress:===============>              50%] [Cov:================================>  94%]
[Progress:===============>              50%] [Cov:===============================>   89%]
[Progress:===============>              50%] [Cov:================================>  94%]
[Progress:===============>              50%] [Cov:===============================>   89%]
[Progress:===============>              50%] [Cov:================================>  94%]
[Progress:===============>              50%] [Cov:===============================>   89%]
[Progress:===============>              50%] [Cov:================================>  94%]
[Progress:===============>              50%] [Cov:===============================>   89%]
[Progress:===============>              50%] [Cov:================================>  94%]
[Progress:===============>              50%] [Cov:===============================>   89%]
[Progress:===============>              50%] [Cov:================================>  94%]
[Progress:===============>              50%] [Cov:===============================>   89%]
[Progress:===============>              50%] [Cov:================================>  94%]
[Progress:===============>              50%] [Cov:===============================>   89%]
[Progress:===============>              50%] [Cov:================================>  94%]
[Progress:===============>              50%] [Cov:===============================>   89%]
[Progress:===============>              50%] [Cov:================================>  94%]
[Progress:===============>              51%] [Cov:================================>  94%]
[Progress:===============>              51%] [Cov:===============================>   89%]
[Progress:===============>              51%] [Cov:================================>  94%]
[Progress:===============>              51%] [Cov:===============================>   89%]
[Progress:===============>              51%] [Cov:================================>  94%]
[Progress:===============>              51%] [Cov:===============================>   89%]
[Progress:===============>              51%] [Cov:================================>  94%]
[Progress:===============>              51%] [Cov:===============================>   89%]
[Progress:===============>              51%] [Cov:================================>  94%]
[Progress:===============>              51%] [Cov:===============================>   89%]
[Progress:===============>              51%] [Cov:================================>  94%]
[Progress:===============>              52%] [Cov:================================>  94%]
[Progress:===============>              52%] [Cov:===============================>   89%]
[Progress:===============>              52%] [Cov:================================>  94%]
[Progress:===============>              52%] [Cov:===============================>   89%]
[Progress:===============>              52%] [Cov:================================>  94%]
[Progress:===============>              52%] [Cov:===============================>   89%]
[Progress:===============>              52%] [Cov:================================>  94%]
[Progress:===============>              52%] [Cov:===============================>   89%]
[Progress:===============>              52%] [Cov:================================>  94%]
[Progress:===============>              52%] [Cov:===============================>   89%]
[Progress:===============>              52%] [Cov:================================>  94%]
[Progress:===============>              52%] [Cov:===============================>   89%]
[Progress:===============>              52%] [Cov:================================>  94%]
[Progress:===============>              52%] [Cov:===============================>   89%]
[Progress:===============>              52%] [Cov:================================>  94%]
[Progress:===============>              52%] [Cov:===============================>   89%]
[Progress:===============>              52%] [Cov:================================>  94%]
[Progress:===============>              53%] [Cov:================================>  94%]
[Progress:===============>              53%] [Cov:===============================>   89%]
[Progress:===============>              53%] [Cov:================================>  94%]
[Progress:===============>              53%] [Cov:===============================>   89%]
[Progress:===============>              53%] [Cov:================================>  94%]
[Progress:===============>              53%] [Cov:===============================>   89%]
[Progress:===============>              53%] [Cov:================================>  94%]
[Progress:===============>              53%] [Cov:===============================>   89%]
[Progress:===============>              53%] [Cov:================================>  94%]
[Progress:================>             54%] [Cov:================================>  94%]
[Progress:================>             54%] [Cov:===============================>   89%]
[Progress:================>             54%] [Cov:================================>  94%]
[Progress:================>             54%] [Cov:===============================>   89%]
[Progress:================>             54%] [Cov:================================>  94%]
[Progress:================>             54%] [Cov:===============================>   89%]
[Progress:================>             54%] [Cov:================================>  94%]
[Progress:================>             54%] [Cov:===============================>   89%]
[Progress:================>             54%] [Cov:===============================>   90%]
[Progress:================>             54%] [Cov:================================>  94%]
[Progress:================>             54%] [Cov:===============================>   89%]
[Progress:================>             54%] [Cov:================================>  94%]
[Progress:================>             54%] [Cov:===============================>   89%]
[Progress:================>             54%] [Cov:================================>  94%]
[Progress:================>             54%] [Cov:===============================>   89%]
[Progress:================>             54%] [Cov:================================>  94%][MASTER] 01:09:50.074 [logback-1] WARN  TestCluster - Failed to check cache for java.util.function.Function<T, R> : Type points to itself

[Progress:================>             54%] [Cov:===============================>   89%]
[Progress:================>             54%] [Cov:================================>  94%]
[Progress:================>             55%] [Cov:================================>  94%]
[Progress:================>             55%] [Cov:===============================>   89%]
[Progress:================>             55%] [Cov:================================>  94%]
[Progress:================>             55%] [Cov:===============================>   89%]
[Progress:================>             55%] [Cov:================================>  94%]
[Progress:================>             55%] [Cov:===============================>   89%]
[Progress:================>             55%] [Cov:================================>  94%]
[Progress:================>             56%] [Cov:================================>  93%]
[Progress:================>             56%] [Cov:================================>  94%]
[Progress:================>             56%] [Cov:===============================>   89%]
[Progress:================>             56%] [Cov:================================>  94%]
[Progress:================>             56%] [Cov:===============================>   89%]
[Progress:================>             56%] [Cov:================================>  94%]
[Progress:================>             56%] [Cov:===============================>   89%]
[Progress:================>             56%] [Cov:================================>  94%]
[Progress:================>             56%] [Cov:===============================>   89%]
[Progress:================>             56%] [Cov:================================>  94%]
[Progress:================>             56%] [Cov:===============================>   89%]
[Progress:================>             56%] [Cov:================================>  94%]
[Progress:================>             56%] [Cov:===============================>   89%]
[Progress:================>             56%] [Cov:================================>  94%]
[Progress:================>             56%] [Cov:===============================>   89%]
[Progress:================>             56%] [Cov:================================>  94%]
[Progress:================>             56%] [Cov:===============================>   89%]
[Progress:================>             56%] [Cov:================================>  94%]
[Progress:=================>            57%] [Cov:================================>  94%]
[Progress:=================>            57%] [Cov:===============================>   89%]
[Progress:=================>            57%] [Cov:================================>  94%]
[Progress:=================>            57%] [Cov:===============================>   89%]
[Progress:=================>            57%] [Cov:================================>  94%]
[Progress:=================>            57%] [Cov:===============================>   89%]
[Progress:=================>            57%] [Cov:================================>  94%]
[Progress:=================>            57%] [Cov:===============================>   89%]
[Progress:=================>            57%] [Cov:================================>  94%]
[Progress:=================>            57%] [Cov:===============================>   89%]
[Progress:=================>            57%] [Cov:================================>  94%]
[Progress:=================>            58%] [Cov:================================>  94%]
[Progress:=================>            58%] [Cov:===============================>   89%]
[Progress:=================>            58%] [Cov:================================>  94%]
[Progress:=================>            58%] [Cov:===============================>   89%]
[Progress:=================>            58%] [Cov:================================>  94%]
[Progress:=================>            58%] [Cov:===============================>   89%]
[Progress:=================>            58%] [Cov:================================>  94%]
[Progress:=================>            58%] [Cov:===============================>   89%]
[Progress:=================>            58%] [Cov:================================>  94%]
[Progress:=================>            58%] [Cov:===============================>   89%]
[Progress:=================>            58%] [Cov:================================>  94%]
[Progress:=================>            58%] [Cov:===============================>   89%]
[Progress:=================>            58%] [Cov:================================>  94%]
[Progress:=================>            58%] [Cov:===============================>   89%]
[Progress:=================>            58%] [Cov:================================>  94%]
[Progress:=================>            58%] [Cov:===============================>   89%]
[Progress:=================>            58%] [Cov:================================>  94%]
[Progress:=================>            59%] [Cov:================================>  94%]
[Progress:=================>            59%] [Cov:===============================>   89%]
[Progress:=================>            59%] [Cov:================================>  94%]
[Progress:=================>            59%] [Cov:===============================>   89%]
[Progress:=================>            59%] [Cov:================================>  94%]
[Progress:=================>            59%] [Cov:===============================>   89%]
[Progress:==================>           60%] [Cov:================================>  94%]
[Progress:==================>           60%] [Cov:===============================>   89%]
[Progress:==================>           60%] [Cov:================================>  94%]
[Progress:==================>           60%] [Cov:===============================>   89%]
[Progress:==================>           60%] [Cov:================================>  94%]
[Progress:==================>           60%] [Cov:===============================>   89%]
[Progress:==================>           60%] [Cov:================================>  94%]
[Progress:==================>           60%] [Cov:===============================>   89%]
[Progress:==================>           60%] [Cov:================================>  94%]
[Progress:==================>           60%] [Cov:===============================>   89%]
[Progress:==================>           60%] [Cov:================================>  94%]
[Progress:==================>           60%] [Cov:===============================>   89%]
[Progress:==================>           60%] [Cov:================================>  94%]
[Progress:==================>           61%] [Cov:================================>  94%]
[Progress:==================>           61%] [Cov:===============================>   89%]
[Progress:==================>           61%] [Cov:================================>  94%]
[Progress:==================>           61%] [Cov:===============================>   89%]
[Progress:==================>           61%] [Cov:================================>  94%]
[Progress:==================>           62%] [Cov:================================>  94%]
[Progress:==================>           62%] [Cov:===============================>   89%]
[Progress:==================>           62%] [Cov:================================>  94%]
[Progress:==================>           62%] [Cov:===============================>   89%]
[Progress:==================>           62%] [Cov:================================>  94%]
[Progress:==================>           62%] [Cov:===============================>   89%]
[Progress:==================>           62%] [Cov:================================>  94%]
[Progress:==================>           62%] [Cov:===============================>   89%]
[Progress:==================>           62%] [Cov:================================>  94%]
[Progress:==================>           62%] [Cov:===============================>   89%]
[Progress:==================>           62%] [Cov:================================>  94%]
[Progress:==================>           62%] [Cov:===============================>   89%]
[Progress:==================>           62%] [Cov:================================>  94%]
[Progress:==================>           62%] [Cov:===============================>   89%]
[Progress:==================>           63%] [Cov:============================>      81%]
[Progress:==================>           63%] [Cov:================================>  94%]
[Progress:==================>           63%] [Cov:===============================>   89%]
[Progress:==================>           63%] [Cov:================================>  94%]
[Progress:==================>           63%] [Cov:===============================>   89%]
[Progress:==================>           63%] [Cov:================================>  94%]
[Progress:==================>           63%] [Cov:===============================>   89%]
[Progress:==================>           63%] [Cov:================================>  94%]
[Progress:===================>          64%] [Cov:================================>  94%]
[Progress:===================>          64%] [Cov:===============================>   89%]
[Progress:===================>          64%] [Cov:================================>  94%]
[Progress:===================>          64%] [Cov:===============================>   89%]
[Progress:===================>          64%] [Cov:================================>  94%]
[Progress:===================>          64%] [Cov:===============================>   89%]
[Progress:===================>          64%] [Cov:================================>  94%]
[Progress:===================>          64%] [Cov:===============================>   89%]
[Progress:===================>          64%] [Cov:================================>  94%]
[Progress:===================>          64%] [Cov:===============================>   89%]
[Progress:===================>          64%] [Cov:================================>  94%]
[Progress:===================>          64%] [Cov:===============================>   89%]
[Progress:===================>          64%] [Cov:================================>  94%]
[Progress:===================>          64%] [Cov:===============================>   89%]
[Progress:===================>          64%] [Cov:================================>  94%]
[Progress:===================>          64%] [Cov:===============================>   89%]
[Progress:===================>          65%] [Cov:================================>  94%]
[Progress:===================>          65%] [Cov:===============================>   89%]
[Progress:===================>          65%] [Cov:================================>  94%]
[Progress:===================>          65%] [Cov:===============================>   89%]
[Progress:===================>          65%] [Cov:================================>  94%]
[Progress:===================>          65%] [Cov:===============================>   89%]
[Progress:===================>          65%] [Cov:================================>  94%]
[Progress:===================>          66%] [Cov:================================>  94%]
[Progress:===================>          66%] [Cov:===============================>   89%]
[Progress:===================>          66%] [Cov:================================>  94%]
[Progress:===================>          66%] [Cov:===============================>   89%]
[Progress:===================>          66%] [Cov:================================>  94%]
[Progress:===================>          66%] [Cov:===============================>   89%]
[Progress:===================>          66%] [Cov:================================>  94%]
[Progress:===================>          66%] [Cov:===============================>   89%]
[Progress:===================>          66%] [Cov:================================>  94%]
[Progress:===================>          66%] [Cov:===============================>   89%]
[Progress:===================>          66%] [Cov:================================>  94%]
[Progress:===================>          66%] [Cov:===============================>   89%]
[Progress:===================>          66%] [Cov:================================>  94%]
[Progress:===================>          66%] [Cov:===============================>   89%]
[Progress:===================>          66%] [Cov:================================>  94%]
[Progress:===================>          66%] [Cov:===============================>   89%]
[Progress:===================>          66%] [Cov:================================>  94%]
[Progress:===================>          66%] [Cov:===============================>   89%]
[Progress:===================>          66%] [Cov:================================>  94%]
[Progress:====================>         67%] [Cov:================================>  94%]
[Progress:====================>         67%] [Cov:===============================>   89%]
[Progress:====================>         67%] [Cov:================================>  94%]
[Progress:====================>         67%] [Cov:===============================>   89%]
[Progress:====================>         67%] [Cov:================================>  94%]
[Progress:====================>         67%] [Cov:===============================>   89%]
[Progress:====================>         67%] [Cov:================================>  94%]
[Progress:====================>         67%] [Cov:===============================>   89%]
[Progress:====================>         67%] [Cov:================================>  93%]
[Progress:====================>         67%] [Cov:================================>  94%]
[Progress:====================>         67%] [Cov:===============================>   89%]
[Progress:====================>         67%] [Cov:================================>  94%]
[Progress:====================>         68%] [Cov:================================>  94%]
[Progress:====================>         68%] [Cov:===============================>   89%]
[Progress:====================>         68%] [Cov:================================>  94%]
[Progress:====================>         68%] [Cov:===============================>   89%]
[Progress:====================>         68%] [Cov:================================>  94%]
[Progress:====================>         68%] [Cov:===============================>   89%]
[Progress:====================>         68%] [Cov:================================>  94%]
[Progress:====================>         68%] [Cov:===============================>   89%]
[Progress:====================>         68%] [Cov:================================>  94%]
[Progress:====================>         68%] [Cov:===============================>   89%]
[Progress:====================>         68%] [Cov:================================>  94%]
[Progress:====================>         68%] [Cov:===============================>   89%]
[Progress:====================>         68%] [Cov:================================>  94%]
[Progress:====================>         68%] [Cov:===============================>   89%]
[Progress:====================>         68%] [Cov:================================>  94%]
[Progress:====================>         68%] [Cov:===============================>   89%]
[Progress:====================>         68%] [Cov:================================>  94%]
[Progress:====================>         69%] [Cov:================================>  94%]
[Progress:====================>         69%] [Cov:===============================>   89%]
[Progress:====================>         69%] [Cov:================================>  94%]
[Progress:====================>         69%] [Cov:===============================>   89%]
[Progress:====================>         69%] [Cov:================================>  94%]
[Progress:====================>         69%] [Cov:===============================>   89%]
[Progress:====================>         69%] [Cov:================================>  94%]
[Progress:====================>         69%] [Cov:===============================>   89%]
[Progress:====================>         69%] [Cov:================================>  94%]
[Progress:====================>         69%] [Cov:===============================>   89%]
[Progress:====================>         69%] [Cov:================================>  94%]
[Progress:=====================>        70%] [Cov:================================>  94%]
[Progress:=====================>        70%] [Cov:===============================>   89%]
[Progress:=====================>        70%] [Cov:================================>  94%]
[Progress:=====================>        70%] [Cov:===============================>   89%]
[Progress:=====================>        70%] [Cov:================================>  94%]
[Progress:=====================>        70%] [Cov:===============================>   89%]
[Progress:=====================>        70%] [Cov:================================>  94%]
[Progress:=====================>        70%] [Cov:===============================>   89%]
[Progress:=====================>        70%] [Cov:================================>  94%]
[Progress:=====================>        70%] [Cov:===============================>   89%]
[Progress:=====================>        70%] [Cov:================================>  94%]
[Progress:=====================>        70%] [Cov:===============================>   89%]
[Progress:=====================>        70%] [Cov:================================>  94%]
[Progress:=====================>        70%] [Cov:===============================>   89%]
[Progress:=====================>        70%] [Cov:================================>  94%]
[Progress:=====================>        70%] [Cov:===============================>   89%]
[Progress:=====================>        70%] [Cov:================================>  94%]
[Progress:=====================>        70%] [Cov:===============================>   89%]
[Progress:=====================>        70%] [Cov:================================>  94%]
[Progress:=====================>        71%] [Cov:=========================>         73%]
[Progress:=====================>        71%] [Cov:================================>  93%]
[Progress:=====================>        71%] [Cov:================================>  94%]
[Progress:=====================>        71%] [Cov:===============================>   89%]
[Progress:=====================>        71%] [Cov:================================>  94%]
[Progress:=====================>        71%] [Cov:===============================>   89%]
[Progress:=====================>        71%] [Cov:================================>  94%]
[Progress:=====================>        71%] [Cov:===============================>   89%]
[Progress:=====================>        71%] [Cov:================================>  94%]
[Progress:=====================>        71%] [Cov:===============================>   89%]
[Progress:=====================>        71%] [Cov:================================>  94%]
[Progress:=====================>        71%] [Cov:===============================>   89%]
[Progress:=====================>        71%] [Cov:================================>  94%]
[Progress:=====================>        72%] [Cov:================================>  94%]
[Progress:=====================>        72%] [Cov:===============================>   89%]
[Progress:=====================>        72%] [Cov:================================>  94%]
[Progress:=====================>        72%] [Cov:===============================>   89%]
[Progress:=====================>        72%] [Cov:================================>  94%]
[Progress:=====================>        72%] [Cov:===============================>   89%]
[Progress:=====================>        72%] [Cov:================================>  94%]
[Progress:=====================>        72%] [Cov:===============================>   89%]
[Progress:=====================>        72%] [Cov:================================>  94%]
[Progress:=====================>        72%] [Cov:===============================>   89%]
[Progress:=====================>        72%] [Cov:================================>  94%]
[Progress:=====================>        72%] [Cov:===============================>   89%]
[Progress:=====================>        72%] [Cov:================================>  94%]
[Progress:=====================>        72%] [Cov:===============================>   89%]
[Progress:=====================>        72%] [Cov:================================>  94%]
[Progress:=====================>        72%] [Cov:===============================>   89%]
[Progress:=====================>        72%] [Cov:================================>  94%]
[Progress:=====================>        72%] [Cov:===============================>   89%]
[Progress:=====================>        72%] [Cov:================================>  94%]
[Progress:=====================>        72%] [Cov:===============================>   89%]
[Progress:=====================>        72%] [Cov:================================>  94%]
[Progress:=====================>        73%] [Cov:================================>  94%]
[Progress:=====================>        73%] [Cov:===============================>   89%]
[Progress:=====================>        73%] [Cov:================================>  94%]
[Progress:=====================>        73%] [Cov:===============================>   89%]
[Progress:=====================>        73%] [Cov:================================>  94%]
[Progress:=====================>        73%] [Cov:===============================>   89%]
[Progress:=====================>        73%] [Cov:================================>  94%]
[Progress:=====================>        73%] [Cov:===============================>   89%]
[Progress:=====================>        73%] [Cov:================================>  94%]
[Progress:======================>       74%] [Cov:================================>  94%]
[Progress:======================>       74%] [Cov:===============================>   89%]
[Progress:======================>       74%] [Cov:================================>  94%]
[Progress:======================>       74%] [Cov:===============================>   89%]
[Progress:======================>       74%] [Cov:================================>  94%]
[Progress:======================>       74%] [Cov:===============================>   89%]
[Progress:======================>       74%] [Cov:================================>  94%]
[Progress:======================>       74%] [Cov:===============================>   89%]
[Progress:======================>       74%] [Cov:================================>  94%]
[Progress:======================>       74%] [Cov:===============================>   89%]
[Progress:======================>       74%] [Cov:================================>  94%]
[Progress:======================>       74%] [Cov:===============================>   89%]
[Progress:======================>       74%] [Cov:================================>  94%]
[Progress:======================>       74%] [Cov:===============================>   89%]
[Progress:======================>       74%] [Cov:===============================>   90%]
[Progress:======================>       74%] [Cov:================================>  94%]
[Progress:======================>       74%] [Cov:===============================>   89%]
[Progress:======================>       74%] [Cov:================================>  94%]
[Progress:======================>       74%] [Cov:===============================>   89%]
[Progress:======================>       75%] [Cov:================================>  94%]
[Progress:======================>       75%] [Cov:===============================>   89%]
[Progress:======================>       75%] [Cov:================================>  94%]
[Progress:======================>       75%] [Cov:===============================>   89%]
[Progress:======================>       75%] [Cov:================================>  94%]
[Progress:======================>       75%] [Cov:===============================>   89%]
[Progress:======================>       75%] [Cov:================================>  94%]
[Progress:======================>       75%] [Cov:===============================>   89%]
[Progress:======================>       75%] [Cov:================================>  94%]
[Progress:======================>       76%] [Cov:==============================>    88%]
[Progress:======================>       76%] [Cov:================================>  94%]
[Progress:======================>       76%] [Cov:===============================>   89%]
[Progress:======================>       76%] [Cov:================================>  94%]
[Progress:======================>       76%] [Cov:===============================>   89%]
[Progress:======================>       76%] [Cov:================================>  94%]
[Progress:======================>       76%] [Cov:===============================>   89%]
[Progress:======================>       76%] [Cov:================================>  94%]
[Progress:======================>       76%] [Cov:===============================>   89%]
[Progress:======================>       76%] [Cov:================================>  94%]
[Progress:======================>       76%] [Cov:===============================>   89%]
[Progress:======================>       76%] [Cov:================================>  94%]
[Progress:======================>       76%] [Cov:===============================>   89%]
[Progress:======================>       76%] [Cov:================================>  94%]
[Progress:======================>       76%] [Cov:===============================>   89%]
[Progress:======================>       76%] [Cov:================================>  94%]
[Progress:======================>       76%] [Cov:===============================>   89%]
[Progress:======================>       76%] [Cov:================================>  94%]
[Progress:======================>       76%] [Cov:===============================>   89%]
[Progress:======================>       76%] [Cov:================================>  94%]
[Progress:=======================>      77%] [Cov:================================>  94%]
[Progress:=======================>      77%] [Cov:===============================>   89%]
[Progress:=======================>      77%] [Cov:================================>  94%]
[Progress:=======================>      77%] [Cov:===============================>   89%]
[Progress:=======================>      77%] [Cov:================================>  94%]
[Progress:=======================>      77%] [Cov:===============================>   89%]
[Progress:=======================>      77%] [Cov:================================>  94%]
[Progress:=======================>      77%] [Cov:===============================>   89%]
[Progress:=======================>      77%] [Cov:================================>  94%]
[Progress:=======================>      77%] [Cov:===============================>   89%]
[Progress:=======================>      77%] [Cov:================================>  94%]
[Progress:=======================>      78%] [Cov:=========================>         73%]
[Progress:=======================>      78%] [Cov:================================>  94%]
[Progress:=======================>      78%] [Cov:===============================>   89%]
[Progress:=======================>      78%] [Cov:================================>  94%]
[Progress:=======================>      78%] [Cov:===============================>   89%]
[Progress:=======================>      78%] [Cov:================================>  94%]
[Progress:=======================>      78%] [Cov:===============================>   89%]
[Progress:=======================>      78%] [Cov:================================>  94%]
[Progress:=======================>      78%] [Cov:===============================>   89%]
[Progress:=======================>      78%] [Cov:================================>  94%]
[Progress:=======================>      78%] [Cov:===============================>   89%]
[Progress:=======================>      78%] [Cov:================================>  94%]
[Progress:=======================>      78%] [Cov:===============================>   89%]
[Progress:=======================>      78%] [Cov:===============================>   91%]
[Progress:=======================>      78%] [Cov:================================>  94%]
[Progress:=======================>      78%] [Cov:===============================>   89%]
[Progress:=======================>      78%] [Cov:================================>  94%]
[Progress:=======================>      78%] [Cov:===============================>   89%]
[Progress:=======================>      78%] [Cov:================================>  94%]
[Progress:=======================>      79%] [Cov:================================>  94%]
[Progress:=======================>      79%] [Cov:===============================>   89%]
[Progress:=======================>      79%] [Cov:================================>  94%]
[Progress:=======================>      79%] [Cov:===============================>   89%]
[Progress:=======================>      79%] [Cov:================================>  94%]
[Progress:=======================>      79%] [Cov:===============================>   89%]
[Progress:=======================>      79%] [Cov:================================>  94%]
[Progress:=======================>      79%] [Cov:===============================>   89%]
[Progress:=======================>      79%] [Cov:================================>  94%]
[Progress:=======================>      79%] [Cov:===============================>   89%]
[Progress:=======================>      79%] [Cov:================================>  94%]
[Progress:========================>     80%] [Cov:================================>  94%]
[Progress:========================>     80%] [Cov:===============================>   89%]
[Progress:========================>     80%] [Cov:================================>  94%]
[Progress:========================>     80%] [Cov:===============================>   89%]
[Progress:========================>     80%] [Cov:================================>  94%]
[Progress:========================>     80%] [Cov:===============================>   89%]
[Progress:========================>     80%] [Cov:================================>  94%]
[Progress:========================>     80%] [Cov:===============================>   89%]
[Progress:========================>     80%] [Cov:================================>  94%]
[Progress:========================>     80%] [Cov:===============================>   89%]
[Progress:========================>     80%] [Cov:================================>  94%]
[Progress:========================>     80%] [Cov:===============================>   89%]
[Progress:========================>     80%] [Cov:================================>  94%]
[Progress:========================>     80%] [Cov:===============================>   89%]
[Progress:========================>     80%] [Cov:================================>  94%]
[Progress:========================>     80%] [Cov:===============================>   89%]
[Progress:========================>     80%] [Cov:================================>  94%]
[Progress:========================>     81%] [Cov:================================>  94%]
[Progress:========================>     81%] [Cov:===============================>   89%]
[Progress:========================>     81%] [Cov:================================>  94%]
[Progress:========================>     81%] [Cov:===============================>   89%]
[Progress:========================>     81%] [Cov:================================>  94%]
[Progress:========================>     81%] [Cov:===============================>   89%]
[Progress:========================>     81%] [Cov:================================>  94%]
[Progress:========================>     81%] [Cov:===============================>   89%]
[Progress:========================>     82%] [Cov:================================>  94%]
[Progress:========================>     82%] [Cov:===============================>   89%]
[Progress:========================>     82%] [Cov:===============================>   90%]
[Progress:========================>     82%] [Cov:================================>  94%]
[Progress:========================>     82%] [Cov:===============================>   89%]
[Progress:========================>     82%] [Cov:================================>  94%]
[Progress:========================>     82%] [Cov:===============================>   89%]
[Progress:========================>     82%] [Cov:================================>  94%]
[Progress:========================>     82%] [Cov:===============================>   89%]
[Progress:========================>     82%] [Cov:================================>  94%]
[Progress:========================>     82%] [Cov:===============================>   89%]
[Progress:========================>     82%] [Cov:================================>  94%]
[Progress:========================>     82%] [Cov:===============================>   89%]
[Progress:========================>     82%] [Cov:================================>  94%]
[Progress:========================>     83%] [Cov:================================>  94%]
[Progress:========================>     83%] [Cov:===============================>   89%]
[Progress:========================>     83%] [Cov:================================>  94%]
[Progress:========================>     83%] [Cov:===============================>   89%]
[Progress:========================>     83%] [Cov:================================>  94%]
[Progress:========================>     83%] [Cov:===============================>   89%]
[Progress:========================>     83%] [Cov:================================>  94%]
[Progress:========================>     83%] [Cov:===============================>   89%]
[Progress:========================>     83%] [Cov:================================>  94%]
[Progress:=========================>    84%] [Cov:================================>  94%]
[Progress:=========================>    84%] [Cov:===============================>   89%]
[Progress:=========================>    84%] [Cov:================================>  94%]
[Progress:=========================>    84%] [Cov:===============================>   89%]
[Progress:=========================>    84%] [Cov:================================>  94%]
[Progress:=========================>    84%] [Cov:===============================>   89%]
[Progress:=========================>    84%] [Cov:================================>  94%]
[Progress:=========================>    84%] [Cov:===============================>   89%]
[Progress:=========================>    84%] [Cov:================================>  94%]
[Progress:=========================>    84%] [Cov:===============================>   89%]
[Progress:=========================>    84%] [Cov:================================>  94%]
[Progress:=========================>    84%] [Cov:===============================>   89%]
[Progress:=========================>    84%] [Cov:================================>  94%]
[Progress:=========================>    84%] [Cov:===============================>   89%]
[Progress:=========================>    84%] [Cov:================================>  94%]
[Progress:=========================>    84%] [Cov:===============================>   89%]
[Progress:=========================>    84%] [Cov:================================>  94%]
[Progress:=========================>    85%] [Cov:================================>  94%]
[Progress:=========================>    85%] [Cov:===============================>   89%]
[Progress:=========================>    85%] [Cov:================================>  94%]
[Progress:=========================>    85%] [Cov:===============================>   89%]
[Progress:=========================>    85%] [Cov:================================>  94%]
[Progress:=========================>    85%] [Cov:===============================>   89%]
[Progress:=========================>    85%] [Cov:================================>  94%]
[Progress:=========================>    85%] [Cov:===============================>   89%]
[Progress:=========================>    85%] [Cov:================================>  94%]
[Progress:=========================>    85%] [Cov:===============================>   89%]
[Progress:=========================>    85%] [Cov:================================>  94%]
[Progress:=========================>    86%] [Cov:==============================>    88%]
[Progress:=========================>    86%] [Cov:================================>  94%]
[Progress:=========================>    86%] [Cov:===============================>   89%]
[Progress:=========================>    86%] [Cov:================================>  94%]
[Progress:=========================>    86%] [Cov:===============================>   89%]
[Progress:=========================>    86%] [Cov:================================>  94%]
[Progress:=========================>    86%] [Cov:===============================>   89%]
[Progress:=========================>    86%] [Cov:================================>  94%]
[Progress:=========================>    86%] [Cov:===============================>   89%]
[Progress:=========================>    86%] [Cov:================================>  94%]
[Progress:=========================>    86%] [Cov:===============================>   89%]
[Progress:=========================>    86%] [Cov:================================>  94%]
[Progress:=========================>    86%] [Cov:===============================>   89%]
[Progress:=========================>    86%] [Cov:================================>  94%]
[Progress:=========================>    86%] [Cov:===============================>   89%]
[Progress:=========================>    86%] [Cov:================================>  94%]
[Progress:=========================>    86%] [Cov:===============================>   89%]
[Progress:=========================>    86%] [Cov:================================>  94%]
[Progress:==========================>   87%] [Cov:================================>  94%]
[Progress:==========================>   87%] [Cov:===============================>   89%]
[Progress:==========================>   87%] [Cov:================================>  94%]
[Progress:==========================>   87%] [Cov:===============================>   89%]
[Progress:==========================>   87%] [Cov:================================>  94%]
[Progress:==========================>   87%] [Cov:===============================>   89%]
[Progress:==========================>   87%] [Cov:================================>  94%]
[Progress:==========================>   87%] [Cov:===============================>   89%]
[Progress:==========================>   87%] [Cov:================================>  94%]
[Progress:==========================>   88%] [Cov:=========================>         73%]
[Progress:==========================>   88%] [Cov:================================>  94%]
[Progress:==========================>   88%] [Cov:===============================>   89%]
[Progress:==========================>   88%] [Cov:================================>  94%]
[Progress:==========================>   88%] [Cov:===============================>   89%]
[Progress:==========================>   88%] [Cov:================================>  94%]
[Progress:==========================>   88%] [Cov:===============================>   89%]
[Progress:==========================>   88%] [Cov:================================>  94%]
[Progress:==========================>   88%] [Cov:===============================>   89%]
[Progress:==========================>   88%] [Cov:================================>  94%]
[Progress:==========================>   88%] [Cov:===============================>   89%]
[Progress:==========================>   88%] [Cov:================================>  94%]
[Progress:==========================>   88%] [Cov:===============================>   89%]
[Progress:==========================>   88%] [Cov:================================>  94%]
[Progress:==========================>   88%] [Cov:===============================>   89%]
[Progress:==========================>   88%] [Cov:================================>  93%]
[Progress:==========================>   88%] [Cov:================================>  94%]
[Progress:==========================>   88%] [Cov:===============================>   89%]
[Progress:==========================>   88%] [Cov:================================>  94%]
[Progress:==========================>   88%] [Cov:===============================>   89%]
[Progress:==========================>   88%] [Cov:================================>  94%]
[Progress:==========================>   88%] [Cov:===============================>   89%]
[Progress:==========================>   88%] [Cov:================================>  94%]
[Progress:==========================>   89%] [Cov:================================>  94%]
[Progress:==========================>   89%] [Cov:===============================>   89%]
[Progress:==========================>   89%] [Cov:================================>  94%]
[Progress:==========================>   89%] [Cov:===============================>   89%]
[Progress:==========================>   89%] [Cov:================================>  94%]
[Progress:==========================>   89%] [Cov:===============================>   89%]
[Progress:==========================>   89%] [Cov:================================>  94%]
[Progress:==========================>   89%] [Cov:===============================>   89%]
[Progress:==========================>   89%] [Cov:================================>  94%]
[Progress:==========================>   89%] [Cov:===============================>   89%]
[Progress:==========================>   89%] [Cov:================================>  94%]
[Progress:===========================>  90%] [Cov:================================>  94%]
[Progress:===========================>  90%] [Cov:===============================>   89%]
[Progress:===========================>  90%] [Cov:================================>  94%]
[Progress:===========================>  90%] [Cov:===============================>   89%]
[Progress:===========================>  90%] [Cov:================================>  94%]
[Progress:===========================>  90%] [Cov:===============================>   89%]
[Progress:===========================>  90%] [Cov:================================>  94%]
[Progress:===========================>  90%] [Cov:===============================>   89%]
[Progress:===========================>  90%] [Cov:================================>  94%]
[Progress:===========================>  90%] [Cov:===============================>   89%]
[Progress:===========================>  90%] [Cov:================================>  94%]
[Progress:===========================>  90%] [Cov:===============================>   89%]
[Progress:===========================>  90%] [Cov:================================>  94%]
[Progress:===========================>  90%] [Cov:===============================>   89%]
[Progress:===========================>  90%] [Cov:================================>  94%]
[Progress:===========================>  90%] [Cov:===============================>   89%]
[Progress:===========================>  90%] [Cov:================================>  94%]
[Progress:===========================>  91%] [Cov:================================>  94%]
[Progress:===========================>  91%] [Cov:===============================>   89%]
[Progress:===========================>  91%] [Cov:===============================>   90%]
[Progress:===========================>  91%] [Cov:================================>  94%]
[Progress:===========================>  91%] [Cov:===============================>   89%]
[Progress:===========================>  91%] [Cov:================================>  94%]
[Progress:===========================>  91%] [Cov:===============================>   89%]
[Progress:===========================>  91%] [Cov:================================>  94%]
[Progress:===========================>  91%] [Cov:===============================>   89%]
[Progress:===========================>  91%] [Cov:================================>  94%]
[Progress:===========================>  91%] [Cov:==============================>    88%]
[Progress:===========================>  91%] [Cov:================================>  94%]
[Progress:===========================>  92%] [Cov:================================>  94%]
[Progress:===========================>  92%] [Cov:==============================>    88%]
[Progress:===========================>  92%] [Cov:================================>  94%]
[Progress:===========================>  92%] [Cov:==============================>    88%]
[Progress:===========================>  92%] [Cov:================================>  94%]
[Progress:===========================>  92%] [Cov:==============================>    88%]
[Progress:===========================>  92%] [Cov:================================>  94%]
[Progress:===========================>  92%] [Cov:==============================>    88%]
[Progress:===========================>  92%] [Cov:================================>  94%]
[Progress:===========================>  92%] [Cov:==============================>    88%]
[Progress:===========================>  92%] [Cov:================================>  94%]
[Progress:===========================>  92%] [Cov:==============================>    88%]
[Progress:===========================>  92%] [Cov:================================>  94%]
[Progress:===========================>  92%] [Cov:==============================>    88%]
[Progress:===========================>  92%] [Cov:================================>  94%]
[Progress:===========================>  92%] [Cov:==============================>    88%]
[Progress:===========================>  92%] [Cov:================================>  94%]
[Progress:===========================>  93%] [Cov:================================>  94%]
[Progress:===========================>  93%] [Cov:==============================>    88%]
[Progress:===========================>  93%] [Cov:================================>  94%]
[Progress:===========================>  93%] [Cov:==============================>    88%]
[Progress:===========================>  93%] [Cov:================================>  94%]
[Progress:===========================>  93%] [Cov:==============================>    88%]
[Progress:===========================>  93%] [Cov:================================>  94%]
[Progress:===========================>  93%] [Cov:==============================>    88%]
[Progress:===========================>  93%] [Cov:================================>  94%]
[Progress:===========================>  93%] [Cov:==============================>    88%]
[Progress:===========================>  93%] [Cov:================================>  94%]
[Progress:============================> 94%] [Cov:================================>  94%]
[Progress:============================> 94%] [Cov:==============================>    88%]
[Progress:============================> 94%] [Cov:================================>  94%]
[Progress:============================> 94%] [Cov:==============================>    88%]
[Progress:============================> 94%] [Cov:================================>  94%]
[Progress:============================> 94%] [Cov:==============================>    88%]
[Progress:============================> 94%] [Cov:================================>  94%]
[Progress:============================> 94%] [Cov:==============================>    88%]
[Progress:============================> 94%] [Cov:================================>  94%]
[Progress:============================> 94%] [Cov:==============================>    88%]
[Progress:============================> 94%] [Cov:================================>  94%]
[Progress:============================> 94%] [Cov:==============================>    88%]
[Progress:============================> 94%] [Cov:================================>  94%]
[Progress:============================> 94%] [Cov:==============================>    88%]
[Progress:============================> 94%] [Cov:================================>  94%]
[Progress:============================> 94%] [Cov:==============================>    88%]
[Progress:============================> 94%] [Cov:================================>  94%]
[Progress:============================> 94%] [Cov:==============================>    88%]
[Progress:============================> 94%] [Cov:================================>  94%]
[Progress:============================> 94%] [Cov:==============================>    88%]
[Progress:============================> 94%] [Cov:================================>  94%]
[Progress:============================> 94%] [Cov:==============================>    88%]
[Progress:============================> 94%] [Cov:================================>  94%]
[Progress:============================> 95%] [Cov:================================>  94%]
[Progress:============================> 95%] [Cov:==============================>    88%]
[Progress:============================> 95%] [Cov:================================>  94%]
[Progress:============================> 95%] [Cov:==============================>    88%]
[Progress:============================> 95%] [Cov:================================>  94%]
[Progress:============================> 95%] [Cov:==============================>    88%]
[Progress:============================> 95%] [Cov:================================>  94%]
[Progress:============================> 95%] [Cov:==============================>    88%]
[Progress:============================> 95%] [Cov:================================>  94%]
[Progress:============================> 95%] [Cov:==============================>    88%]
[Progress:============================> 95%] [Cov:================================>  94%]
[Progress:============================> 96%] [Cov:================================>  94%]
[Progress:============================> 96%] [Cov:==============================>    88%]
[Progress:============================> 96%] [Cov:================================>  94%]
[Progress:============================> 96%] [Cov:==============================>    88%]
[Progress:============================> 96%] [Cov:================================>  94%]
[Progress:============================> 96%] [Cov:==============================>    88%]
[Progress:============================> 96%] [Cov:================================>  94%]
[Progress:============================> 96%] [Cov:==============================>    88%]
[Progress:============================> 96%] [Cov:================================>  94%]
[Progress:============================> 96%] [Cov:==============================>    88%]
[Progress:============================> 96%] [Cov:================================>  94%]
[Progress:============================> 96%] [Cov:==============================>    88%]
[Progress:============================> 96%] [Cov:================================>  94%]
[Progress:============================> 96%] [Cov:==============================>    88%]
[Progress:============================> 96%] [Cov:================================>  94%]
[Progress:=============================>97%] [Cov:================================>  94%]
[Progress:=============================>97%] [Cov:==============================>    88%]
[Progress:=============================>97%] [Cov:================================>  94%]
[Progress:=============================>97%] [Cov:==============================>    88%]
[Progress:=============================>97%] [Cov:================================>  94%]
[Progress:=============================>97%] [Cov:==============================>    88%]
[Progress:=============================>97%] [Cov:================================>  94%]
[Progress:=============================>97%] [Cov:==============================>    88%]
[Progress:=============================>97%] [Cov:================================>  94%]
[Progress:=============================>98%] [Cov:================================>  94%]
[Progress:=============================>98%] [Cov:==============================>    88%]
[Progress:=============================>98%] [Cov:================================>  94%]
[Progress:=============================>98%] [Cov:==============================>    88%]
[Progress:=============================>98%] [Cov:================================>  94%]
[Progress:=============================>98%] [Cov:==============================>    88%]
[Progress:=============================>98%] [Cov:================================>  94%]
[Progress:=============================>98%] [Cov:==============================>    88%]
[Progress:=============================>98%] [Cov:================================>  94%]
[Progress:=============================>98%] [Cov:==============================>    88%]
[Progress:=============================>98%] [Cov:================================>  94%]
[Progress:=============================>98%] [Cov:==============================>    88%]
[Progress:=============================>98%] [Cov:================================>  94%]
[Progress:=============================>98%] [Cov:==============================>    88%]
[Progress:=============================>98%] [Cov:================================>  94%]
[Progress:=============================>99%] [Cov:================================>  94%]
[Progress:=============================>99%] [Cov:==============================>    88%]
[Progress:=============================>99%] [Cov:================================>  94%]
[Progress:=============================>99%] [Cov:==============================>    88%]
[Progress:=============================>99%] [Cov:================================>  94%]
[Progress:=============================>99%] [Cov:==============================>    88%]
[Progress:=============================>99%] [Cov:================================>  94%]
[Progress:=============================>99%] [Cov:==============================>    88%]
[Progress:=============================>99%] [Cov:================================>  94%]
[Progress:=============================>99%] [Cov:==============================>    88%]
[Progress:=============================>99%] [Cov:================================>  94%]
[Progress:==============================100%] [Cov:================================>  94%]
[Progress:==============================100%] [Cov:==============================>    88%]
[Progress:==============================100%] [Cov:================================>  94%]
[Progress:==============================100%] [Cov:==============================>    88%]
[Progress:==============================100%] [Cov:================================>  94%]
[Progress:==============================100%] [Cov:==============================>    88%]
[Progress:==============================100%] [Cov:================================>  94%]
[Progress:==============================100%] [Cov:==============================>    88%]
[Progress:==============================100%] [Cov:================================>  94%]
[Progress:==============================100%] [Cov:==============================>    88%]
* Search finished after 151s and 588 generations, 146783 statements, best individual has fitness: 21.5
* Minimizing test suite
* Going to analyze the coverage criteria
* Coverage analysis for criterion LINE
* Coverage of criterion LINE: 100%
* Total number of goals: 30
* Number of covered goals: 30
* Coverage analysis for criterion BRANCH
* Coverage of criterion BRANCH: 100%
* Total number of goals: 11
* Number of covered goals: 11
* Coverage analysis for criterion EXCEPTION
* Coverage of criterion EXCEPTION: 8%
* Total number of goals: 12
* Number of covered goals: 1
* Coverage analysis for criterion WEAKMUTATION
* Coverage of criterion WEAKMUTATION: 96%
* Total number of goals: 45
* Number of covered goals: 43
* Coverage analysis for criterion OUTPUT
* Coverage of criterion OUTPUT: 43%
* Total number of goals: 37
* Number of covered goals: 16
* Coverage analysis for criterion METHOD
* Coverage of criterion METHOD: 62%
* Total number of goals: 8
* Number of covered goals: 5
* Coverage analysis for criterion METHODNOEXCEPTION
* Coverage of criterion METHODNOEXCEPTION: 62%
* Total number of goals: 8
* Number of covered goals: 5
* Coverage analysis for criterion CBRANCH
* Coverage of criterion CBRANCH: 82%
* Total number of goals: 11
* Number of covered goals: 9
* Generated 8 tests with total length 28
* Resulting test suite's coverage: 89% (average coverage for all fitness functions)
* Generating assertions
* Resulting test suite's mutation score: 76%
* Compiling and checking tests
* Writing tests to file
* Writing JUnit test case 'TreeBuilder_ESTest' to evosuite-tests
* Done!

* Computation finished

